bodyId,size
10001,1.0000
10010,1.0000
10026,1.0000
10030,1.0000
10033,1.0000
10038,1.0000
10045,1.0000
10048,1.0000
10054,1.0000
10056,1.0000
10059,1.0000
10063,1.0000
10065,1.0000
10068,1.0000
10069,1.0000
10071,1.0000
10087,1.0000
10090,1.0000
10091,1.0000
10104,1.0000
10106,1.0000
10117,1.0000
10118,1.0000
10123,1.0000
10124,1.0000
10131,1.0000
10135,1.0000
10141,1.0000
10143,1.0000
10150,1.0000
10151,1.0000
10160,1.0000
10162,1.0000
10163,1.0000
10165,1.0000
10177,1.0000
10180,1.0000
10192,1.0000
10195,1.0000
10197,1.0000
10199,1.0000
10213,1.0000
10216,1.0000
10218,1.0000
10221,1.0000
10223,1.0000
10228,1.0000
10234,1.0000
10236,1.0000
10237,1.0000
10244,1.0000
10245,1.0000
10247,1.0000
10249,1.0000
10253,1.0000
10259,1.0000
10264,1.0000
10274,1.0000
10280,1.0000
10281,1.0000
10283,1.0000
10286,1.0000
10291,1.0000
10295,1.0000
10296,1.0000
10301,1.0000
10304,1.0000
10313,1.0000
10336,1.0000
10341,1.0000
10342,1.0000
10354,1.0000
10360,1.0000
10361,1.0000
10366,1.0000
10377,1.0000
10379,1.0000
10384,1.0000
10388,1.0000
10394,1.0000
10411,1.0000
10416,1.0000
10417,1.0000
10425,1.0000
10433,1.0000
10434,1.0000
10440,1.0000
10442,1.0000
10444,1.0000
10446,1.0000
10447,1.0000
10449,1.0000
10458,1.0000
10460,1.0000
10464,1.0000
10469,1.0000
10482,1.0000
10499,1.0000
10504,1.0000
10506,1.0000
10512,1.0000
10520,1.0000
10527,1.0000
10535,1.0000
10536,1.0000
10543,1.0000
10544,1.0000
10545,1.0000
10548,1.0000
10550,1.0000
10552,1.0000
10558,1.0000
10562,1.0000
10575,1.0000
10576,1.0000
10577,1.0000
10578,1.0000
10580,1.0000
10581,1.0000
10582,1.0000
10584,1.0000
10587,1.0000
10589,1.0000
10590,1.0000
10592,1.0000
10601,1.0000
10620,1.0000
10643,1.0000
10649,1.0000
10654,1.0000
10662,1.0000
10664,1.0000
10668,1.0000
10671,1.0000
10672,1.0000
10674,1.0000
10676,1.0000
10680,1.0000
10686,1.0000
10689,1.0000
10692,1.0000
10700,1.0000
10703,1.0000
10705,1.0000
10706,1.0000
10710,1.0000
10711,1.0000
10712,1.0000
10713,1.0000
10717,1.0000
10724,1.0000
10727,1.0000
10732,1.0000
10734,1.0000
10739,1.0000
10740,1.0000
10752,1.0000
10759,1.0000
10760,1.0000
10763,1.0000
10765,1.0000
10770,1.0000
10775,1.0000
10783,1.0000
10797,1.0000
10800,1.0000
10805,1.0000
10810,1.0000
10813,1.0000
10822,1.0000
10823,1.0000
10833,1.0000
10834,1.0000
10837,1.0000
10838,1.0000
10840,1.0000
10841,1.0000
10842,1.0000
10844,1.0000
10846,1.0000
10853,1.0000
10856,1.0000
10873,1.0000
10884,1.0000
10885,1.0000
10888,1.0000
10895,1.0000
10922,1.0000
10923,1.0000
10924,1.0000
10930,1.0000
10931,1.0000
10952,1.0000
10957,1.0000
10959,1.0000
10967,1.0000
10968,1.0000
10971,1.0000
10975,1.0000
10976,1.0000
10979,1.0000
10985,1.0000
10989,1.0000
10997,1.0000
11002,1.0000
11006,1.0000
11011,1.0000
11014,1.0000
11020,1.0000
11028,1.0000
11036,1.0000
11048,1.0000
11057,1.0000
11063,1.0000
11064,1.0000
11065,1.0000
11066,1.0000
11067,1.0000
11072,1.0000
11074,1.0000
11075,1.0000
11078,1.0000
11088,1.0000
11097,1.0000
11098,1.0000
11103,1.0000
11111,1.0000
11116,1.0000
11121,1.0000
11127,1.0000
11131,1.0000
11133,1.0000
11137,1.0000
11158,1.0000
11159,1.0000
11160,1.0000
11172,1.0000
11173,1.0000
11177,1.0000
11179,1.0000
11182,1.0000
11198,1.0000
11201,1.0000
11204,1.0000
11215,1.0000
11222,1.0000
11223,1.0000
11232,1.0000
11233,1.0000
11239,1.0000
11241,1.0000
11246,1.0000
11251,1.0000
11256,1.0000
11257,1.0000
11258,1.0000
11259,1.0000
11261,1.0000
11270,1.0000
11288,1.0000
11290,1.0000
11297,1.0000
11298,1.0000
11302,1.0000
11304,1.0000
11310,1.0000
11314,1.0000
11332,1.0000
11334,1.0000
11352,1.0000
11365,1.0000
11369,1.0000
11373,1.0000
11374,1.0000
11380,1.0000
11392,1.0000
11410,1.0000
11411,1.0000
11420,1.0000
11421,1.0000
11422,1.0000
11424,1.0000
11425,1.0000
11427,1.0000
11431,1.0000
11438,1.0000
11442,1.0000
11443,1.0000
11458,1.0000
11459,1.0000
11466,1.0000
11475,1.0000
11479,1.0000
11482,1.0000
11486,1.0000
11491,1.0000
11500,1.0000
11502,1.0000
11505,1.0000
11508,1.0000
11513,1.0000
11527,1.0000
11540,1.0000
11554,1.0000
11563,1.0000
11568,1.0000
11573,1.0000
11575,1.0000
11596,1.0000
11598,1.0000
11600,1.0000
11604,1.0000
11610,1.0000
11613,1.0000
11614,1.0000
11616,1.0000
11625,1.0000
11632,1.0000
11647,1.0000
11653,1.0000
11657,1.0000
11662,1.0000
11674,1.0000
11676,1.0000
11687,1.0000
11693,1.0000
11704,1.0000
11706,1.0000
11713,1.0000
11724,1.0000
11733,1.0000
11737,1.0000
11739,1.0000
11742,1.0000
11756,1.0000
11765,1.0000
11770,1.0000
11796,1.0000
11797,1.0000
11814,1.0000
11820,1.0000
11821,1.0000
11822,1.0000
11830,1.0000
11846,1.0000
11859,1.0000
11867,1.0000
11869,1.0000
11872,1.0000
11876,1.0000
11881,1.0000
11889,1.0000
11916,1.0000
11931,1.0000
11944,1.0000
11948,1.0000
11951,1.0000
11955,1.0000
11961,1.0000
11965,1.0000
11970,1.0000
11976,1.0000
11986,1.0000
11998,1.0000
12000,1.0000
12027,1.0000
12030,1.0000
12035,1.0000
12038,1.0000
12039,1.0000
12043,1.0000
12044,1.0000
12069,1.0000
12075,1.0000
12085,1.0000
12089,1.0000
12092,1.0000
12102,1.0000
12133,1.0000
12134,1.0000
12136,1.0000
12143,1.0000
12151,1.0000
12154,1.0000
12169,1.0000
12170,1.0000
12175,1.0000
12177,1.0000
12179,1.0000
12188,1.0000
12189,1.0000
12198,1.0000
12210,1.0000
12214,1.0000
12218,1.0000
12219,1.0000
12222,1.0000
12223,1.0000
12224,1.0000
12238,1.0000
12239,1.0000
12249,1.0000
12256,1.0000
12266,1.0000
12286,1.0000
12299,1.0000
12306,1.0000
12307,1.0000
12325,1.0000
12335,1.0000
12348,1.0000
12362,1.0000
12364,1.0000
12374,1.0000
12378,1.0000
12386,1.0000
12389,1.0000
12393,1.0000
12394,1.0000
12398,1.0000
12405,1.0000
12407,1.0000
12421,1.0000
12422,1.0000
12435,1.0000
12443,1.0000
12447,1.0000
12451,1.0000
12453,1.0000
12457,1.0000
12465,1.0000
12469,1.0000
12470,1.0000
12480,1.0000
12484,1.0000
12485,1.0000
12490,1.0000
12492,1.0000
12493,1.0000
12512,1.0000
12516,1.0000
12520,1.0000
12536,1.0000
12539,1.0000
12548,1.0000
12550,1.0000
12559,1.0000
12581,1.0000
12583,1.0000
12587,1.0000
12590,1.0000
12597,1.0000
12601,1.0000
12610,1.0000
12619,1.0000
12620,1.0000
12621,1.0000
12622,1.0000
12628,1.0000
12635,1.0000
12647,1.0000
12665,1.0000
12670,1.0000
12673,1.0000
12675,1.0000
12687,1.0000
12700,1.0000
12705,1.0000
12707,1.0000
12714,1.0000
12743,1.0000
12750,1.0000
12752,1.0000
12753,1.0000
12762,1.0000
12767,1.0000
12770,1.0000
12771,1.0000
12772,1.0000
12775,1.0000
12781,1.0000
12787,1.0000
12788,1.0000
12794,1.0000
12801,1.0000
12818,1.0000
12821,1.0000
12831,1.0000
12843,1.0000
12850,1.0000
12860,1.0000
12868,1.0000
12869,1.0000
12874,1.0000
12885,1.0000
12886,1.0000
12894,1.0000
12897,1.0000
12914,1.0000
12933,1.0000
12941,1.0000
12944,1.0000
12976,1.0000
12982,1.0000
12995,1.0000
12996,1.0000
13006,1.0000
13008,1.0000
13022,1.0000
13026,1.0000
13030,1.0000
13034,1.0000
13041,1.0000
13045,1.0000
13047,1.0000
13061,1.0000
13065,1.0000
13092,1.0000
13096,1.0000
13104,1.0000
13130,1.0000
13133,1.0000
13135,1.0000
13137,1.0000
13166,1.0000
13176,1.0000
13178,1.0000
13181,1.0000
13186,1.0000
13188,1.0000
13189,1.0000
13212,1.0000
13218,1.0000
13229,1.0000
13245,1.0000
13249,1.0000
13254,1.0000
13257,1.0000
13268,1.0000
13277,1.0000
13278,1.0000
13295,1.0000
13317,1.0000
13337,1.0000
13341,1.0000
13348,1.0000
13364,1.0000
13366,1.0000
13377,1.0000
13378,1.0000
13381,1.0000
13399,1.0000
13403,1.0000
13410,1.0000
13432,1.0000
13442,1.0000
13443,1.0000
13444,1.0000
13445,1.0000
13465,1.0000
13471,1.0000
13489,1.0000
13492,1.0000
13499,1.0000
13503,1.0000
13507,1.0000
13508,1.0000
13509,1.0000
13514,1.0000
13525,1.0000
13527,1.0000
13538,1.0000
13541,1.0000
13552,1.0000
13568,1.0000
13570,1.0000
13578,1.0000
13580,1.0000
13585,1.0000
13586,1.0000
13615,1.0000
13622,1.0000
13624,1.0000
13625,1.0000
13627,1.0000
13633,1.0000
13638,1.0000
13649,1.0000
13652,1.0000
13656,1.0000
13657,1.0000
13685,1.0000
13693,1.0000
13700,1.0000
13714,1.0000
13734,1.0000
13743,1.0000
13745,1.0000
13758,1.0000
13759,1.0000
13771,1.0000
13780,1.0000
13785,1.0000
13792,1.0000
13795,1.0000
13803,1.0000
13805,1.0000
13815,1.0000
13826,1.0000
13827,1.0000
13833,1.0000
13845,1.0000
13852,1.0000
13854,1.0000
13857,1.0000
13873,1.0000
13878,1.0000
13883,1.0000
13888,1.0000
13891,1.0000
13901,1.0000
13922,1.0000
13929,1.0000
13952,1.0000
13978,1.0000
13994,1.0000
13996,1.0000
14010,1.0000
14014,1.0000
14016,1.0000
14024,1.0000
14026,1.0000
14029,1.0000
14034,1.0000
14046,1.0000
14048,1.0000
14063,1.0000
14067,1.0000
14081,1.0000
14085,1.0000
14095,1.0000
14096,1.0000
14098,1.0000
14113,1.0000
14114,1.0000
14115,1.0000
14119,1.0000
14121,1.0000
14141,1.0000
14151,1.0000
14152,1.0000
14154,1.0000
14157,1.0000
14193,1.0000
14196,1.0000
14213,1.0000
14214,1.0000
14234,1.0000
14239,1.0000
14246,1.0000
14247,1.0000
14249,1.0000
14264,1.0000
14265,1.0000
14271,1.0000
14278,1.0000
14306,1.0000
14320,1.0000
14328,1.0000
14332,1.0000
14357,1.0000
14364,1.0000
14375,1.0000
14379,1.0000
14387,1.0000
14399,1.0000
14421,1.0000
14432,1.0000
14446,1.0000
14469,1.0000
14484,1.0000
14498,1.0000
14501,1.0000
14502,1.0000
14521,1.0000
14527,1.0000
14534,1.0000
14537,1.0000
14554,1.0000
14561,1.0000
14567,1.0000
14569,1.0000
14576,1.0000
14579,1.0000
14587,1.0000
14600,1.0000
14628,1.0000
14642,1.0000
14656,1.0000
14686,1.0000
14700,1.0000
14707,1.0000
14716,1.0000
14758,1.0000
14793,1.0000
14794,1.0000
14801,1.0000
14804,1.0000
14826,1.0000
14832,1.0000
14842,1.0000
14846,1.0000
14854,1.0000
14863,1.0000
14885,1.0000
14887,1.0000
14899,1.0000
14936,1.0000
14950,1.0000
14952,1.0000
14964,1.0000
14968,1.0000
14970,1.0000
14973,1.0000
14976,1.0000
14989,1.0000
14994,1.0000
15014,1.0000
15024,1.0000
15028,1.0000
15047,1.0000
15063,1.0000
15064,1.0000
15065,1.0000
15070,1.0000
15072,1.0000
15087,1.0000
15100,1.0000
15105,1.0000
15144,1.0000
15148,1.0000
15156,1.0000
15171,1.0000
15188,1.0000
15190,1.0000
15192,1.0000
15201,1.0000
15207,1.0000
15254,1.0000
15286,1.0000
15291,1.0000
15303,1.0000
15306,1.0000
15326,1.0000
15344,1.0000
15347,1.0000
15354,1.0000
15394,1.0000
15430,1.0000
15442,1.0000
15443,1.0000
15448,1.0000
15450,1.0000
15454,1.0000
15457,1.0000
15483,1.0000
15485,1.0000
15491,1.0000
15492,1.0000
15502,1.0000
15503,1.0000
15509,1.0000
15514,1.0000
15533,1.0000
15537,1.0000
15550,1.0000
15559,1.0000
15568,1.0000
15569,1.0000
15575,1.0000
15590,1.0000
15639,1.0000
15643,1.0000
15645,1.0000
15650,1.0000
15653,1.0000
15667,1.0000
15672,1.0000
15673,1.0000
15681,1.0000
15705,1.0000
15720,1.0000
15740,1.0000
15749,1.0000
15751,1.0000
15758,1.0000
15760,1.0000
15796,1.0000
15800,1.0000
15811,1.0000
15821,1.0000
15825,1.0000
15833,1.0000
15835,1.0000
15847,1.0000
15857,1.0000
15884,1.0000
15906,1.0000
15931,1.0000
15939,1.0000
15941,1.0000
15945,1.0000
15981,1.0000
15988,1.0000
15995,1.0000
16063,1.0000
16078,1.0000
16079,1.0000
16086,1.0000
16098,1.0000
16118,1.0000
16119,1.0000
16130,1.0000
16173,1.0000
16174,1.0000
16176,1.0000
16189,1.0000
16191,1.0000
16200,1.0000
16202,1.0000
16221,1.0000
16230,1.0000
16245,1.0000
16257,1.0000
16297,1.0000
16302,1.0000
16307,1.0000
16326,1.0000
16336,1.0000
16338,1.0000
16369,1.0000
16384,1.0000
16399,1.0000
16458,1.0000
16462,1.0000
16466,1.0000
16471,1.0000
16500,1.0000
16505,1.0000
16506,1.0000
16510,1.0000
16535,1.0000
16536,1.0000
16542,1.0000
16544,1.0000
16563,1.0000
16569,1.0000
16593,1.0000
16616,1.0000
16623,1.0000
16672,1.0000
16675,1.0000
16687,1.0000
16697,1.0000
16701,1.0000
16703,1.0000
16712,1.0000
16730,1.0000
16731,1.0000
16741,1.0000
16746,1.0000
16747,1.0000
16749,1.0000
16750,1.0000
16829,1.0000
16830,1.0000
16833,1.0000
16850,1.0000
16856,1.0000
16864,1.0000
16868,1.0000
16878,1.0000
16885,1.0000
16893,1.0000
16897,1.0000
16918,1.0000
16923,1.0000
16935,1.0000
16942,1.0000
16957,1.0000
16966,1.0000
16977,1.0000
16983,1.0000
16994,1.0000
17019,1.0000
17093,1.0000
17094,1.0000
17097,1.0000
17101,1.0000
17103,1.0000
17120,1.0000
17124,1.0000
17158,1.0000
17179,1.0000
17198,1.0000
17199,1.0000
17206,1.0000
17210,1.0000
17211,1.0000
17231,1.0000
17253,1.0000
17322,1.0000
17331,1.0000
17333,1.0000
17335,1.0000
17344,1.0000
17361,1.0000
17367,1.0000
17373,1.0000
17378,1.0000
17382,1.0000
17386,1.0000
17416,1.0000
17446,1.0000
17448,1.0000
17452,1.0000
17456,1.0000
17471,1.0000
17490,1.0000
17492,1.0000
17494,1.0000
17503,1.0000
17510,1.0000
17513,1.0000
17519,1.0000
17522,1.0000
17524,1.0000
17549,1.0000
17554,1.0000
17555,1.0000
17585,1.0000
17628,1.0000
17637,1.0000
17674,1.0000
17684,1.0000
17695,1.0000
17713,1.0000
17724,1.0000
17727,1.0000
17739,1.0000
17757,1.0000
17788,1.0000
17792,1.0000
17832,1.0000
17873,1.0000
17887,1.0000
17955,1.0000
17967,1.0000
18050,1.0000
18054,1.0000
18072,1.0000
18110,1.0000
18122,1.0000
18134,1.0000
18153,1.0000
18159,1.0000
18164,1.0000
18183,1.0000
18229,1.0000
18232,1.0000
18265,1.0000
18278,1.0000
18279,1.0000
18281,1.0000
18324,1.0000
18325,1.0000
18338,1.0000
18366,1.0000
18373,1.0000
18430,1.0000
18436,1.0000
18445,1.0000
18455,1.0000
18490,1.0000
18513,1.0000
18532,1.0000
18556,1.0000
18562,1.0000
18568,1.0000
18572,1.0000
18589,1.0000
18607,1.0000
18616,1.0000
18626,1.0000
18627,1.0000
18641,1.0000
18643,1.0000
18679,1.0000
18696,1.0000
18714,1.0000
18804,1.0000
18811,1.0000
18940,1.0000
18957,1.0000
19030,1.0000
19038,1.0000
19043,1.0000
19063,1.0000
19084,1.0000
19090,1.0000
19124,1.0000
19175,1.0000
19197,1.0000
19206,1.0000
19214,1.0000
19217,1.0000
19227,1.0000
19247,1.0000
19268,1.0000
19280,1.0000
19408,1.0000
19411,1.0000
19419,1.0000
19428,1.0000
19433,1.0000
19440,1.0000
19441,1.0000
19450,1.0000
19455,1.0000
19457,1.0000
19480,1.0000
19489,1.0000
19570,1.0000
19573,1.0000
19581,1.0000
19607,1.0000
19612,1.0000
19631,1.0000
19633,1.0000
19651,1.0000
19664,1.0000
19691,1.0000
19709,1.0000
19733,1.0000
19749,1.0000
19753,1.0000
19773,1.0000
19871,1.0000
19886,1.0000
19946,1.0000
19960,1.0000
19962,1.0000
19981,1.0000
19982,1.0000
19994,1.0000
20010,1.0000
20014,1.0000
20022,1.0000
20051,1.0000
20054,1.0000
20065,1.0000
20102,1.0000
20106,1.0000
20108,1.0000
20129,1.0000
20131,1.0000
20170,1.0000
20185,1.0000
20216,1.0000
20217,1.0000
20227,1.0000
20234,1.0000
20260,1.0000
20288,1.0000
20289,1.0000
20328,1.0000
20344,1.0000
20354,1.0000
20371,1.0000
20398,1.0000
20408,1.0000
20414,1.0000
20418,1.0000
20456,1.0000
20473,1.0000
20489,1.0000
20515,1.0000
20525,1.0000
20530,1.0000
20531,1.0000
20539,1.0000
20636,1.0000
20643,1.0000
20644,1.0000
20691,1.0000
20734,1.0000
20743,1.0000
20745,1.0000
20753,1.0000
20769,1.0000
20774,1.0000
20788,1.0000
20821,1.0000
20831,1.0000
20842,1.0000
20849,1.0000
20886,1.0000
20891,1.0000
20898,1.0000
20923,1.0000
20962,1.0000
20977,1.0000
20983,1.0000
21020,1.0000
21027,1.0000
21031,1.0000
21035,1.0000
21050,1.0000
21061,1.0000
21122,1.0000
21128,1.0000
21140,1.0000
21146,1.0000
21149,1.0000
21155,1.0000
21182,1.0000
21195,1.0000
21239,1.0000
21254,1.0000
21278,1.0000
21296,1.0000
21309,1.0000
21354,1.0000
21360,1.0000
21403,1.0000
21428,1.0000
21484,1.0000
21512,1.0000
21527,1.0000
21533,1.0000
21549,1.0000
21578,1.0000
21581,1.0000
21589,1.0000
21624,1.0000
21662,1.0000
21668,1.0000
21712,1.0000
21730,1.0000
21743,1.0000
21763,1.0000
21764,1.0000
21770,1.0000
21783,1.0000
21803,1.0000
21863,1.0000
21870,1.0000
21929,1.0000
22012,1.0000
22024,1.0000
22033,1.0000
22047,1.0000
22058,1.0000
22080,1.0000
22087,1.0000
22090,1.0000
22115,1.0000
22128,1.0000
22158,1.0000
22190,1.0000
22210,1.0000
22247,1.0000
22319,1.0000
22356,1.0000
22390,1.0000
22393,1.0000
22404,1.0000
22432,1.0000
22462,1.0000
22469,1.0000
22474,1.0000
22480,1.0000
22499,1.0000
22518,1.0000
22564,1.0000
22572,1.0000
22596,1.0000
22597,1.0000
22617,1.0000
22627,1.0000
22645,1.0000
22692,1.0000
22709,1.0000
22728,1.0000
22757,1.0000
22758,1.0000
22840,1.0000
22880,1.0000
22916,1.0000
22931,1.0000
22961,1.0000
22979,1.0000
23067,1.0000
23140,1.0000
23168,1.0000
23178,1.0000
23188,1.0000
23220,1.0000
23301,1.0000
23323,1.0000
23341,1.0000
23361,1.0000
23382,1.0000
23411,1.0000
23412,1.0000
23425,1.0000
23498,1.0000
23513,1.0000
23566,1.0000
23628,1.0000
23667,1.0000
23685,1.0000
23715,1.0000
23747,1.0000
23755,1.0000
23784,1.0000
23797,1.0000
23819,1.0000
23826,1.0000
23882,1.0000
23891,1.0000
23892,1.0000
23953,1.0000
23960,1.0000
23975,1.0000
24022,1.0000
24038,1.0000
24043,1.0000
24050,1.0000
24058,1.0000
24115,1.0000
24133,1.0000
24155,1.0000
24184,1.0000
24229,1.0000
24232,1.0000
24246,1.0000
24350,1.0000
24354,1.0000
24357,1.0000
24374,1.0000
24412,1.0000
24427,1.0000
24435,1.0000
24451,1.0000
24466,1.0000
24517,1.0000
24522,1.0000
24534,1.0000
24540,1.0000
24544,1.0000
24593,1.0000
24619,1.0000
24657,1.0000
24666,1.0000
24700,1.0000
24752,1.0000
24831,1.0000
24880,1.0000
24888,1.0000
24913,1.0000
24924,1.0000
24961,1.0000
24966,1.0000
24974,1.0000
24975,1.0000
24987,1.0000
24997,1.0000
25046,1.0000
25047,1.0000
25076,1.0000
25092,1.0000
25114,1.0000
25153,1.0000
25179,1.0000
25180,1.0000
25185,1.0000
25188,1.0000
25205,1.0000
25230,1.0000
25249,1.0000
25283,1.0000
25335,1.0000
25357,1.0000
25411,1.0000
25455,1.0000
25461,1.0000
25465,1.0000
25474,1.0000
25504,1.0000
25535,1.0000
25589,1.0000
25634,1.0000
25687,1.0000
25693,1.0000
25802,1.0000
25819,1.0000
25844,1.0000
25848,1.0000
25852,1.0000
25861,1.0000
25876,1.0000
25974,1.0000
25983,1.0000
25985,1.0000
26012,1.0000
26049,1.0000
26066,1.0000
26079,1.0000
26088,1.0000
26090,1.0000
26146,1.0000
26182,1.0000
26232,1.0000
26241,1.0000
26269,1.0000
26278,1.0000
26284,1.0000
26385,1.0000
26413,1.0000
26441,1.0000
26452,1.0000
26464,1.0000
26471,1.0000
26512,1.0000
26564,1.0000
26566,1.0000
26587,1.0000
26591,1.0000
26636,1.0000
26644,1.0000
26652,1.0000
26661,1.0000
26671,1.0000
26672,1.0000
26680,1.0000
26687,1.0000
26743,1.0000
26824,1.0000
26842,1.0000
26916,1.0000
26984,1.0000
27001,1.0000
27041,1.0000
27079,1.0000
27113,1.0000
27118,1.0000
27135,1.0000
27143,1.0000
27144,1.0000
27170,1.0000
27180,1.0000
27254,1.0000
27346,1.0000
27373,1.0000
27437,1.0000
27475,1.0000
27478,1.0000
27490,1.0000
27525,1.0000
27578,1.0000
27598,1.0000
27607,1.0000
27615,1.0000
27626,1.0000
27702,1.0000
27714,1.0000
27715,1.0000
27735,1.0000
27792,1.0000
27797,1.0000
27800,1.0000
27816,1.0000
27859,1.0000
27952,1.0000
27964,1.0000
28000,1.0000
28001,1.0000
28084,1.0000
28105,1.0000
28131,1.0000
28152,1.0000
28165,1.0000
28192,1.0000
28255,1.0000
28288,1.0000
28414,1.0000
28450,1.0000
28455,1.0000
28508,1.0000
28519,1.0000
28522,1.0000
28579,1.0000
28580,1.0000
28584,1.0000
28602,1.0000
28653,1.0000
28663,1.0000
28678,1.0000
28683,1.0000
28687,1.0000
28756,1.0000
28826,1.0000
28852,1.0000
28856,1.0000
28875,1.0000
28901,1.0000
28905,1.0000
28929,1.0000
28940,1.0000
28949,1.0000
28961,1.0000
28967,1.0000
29059,1.0000
29086,1.0000
29158,1.0000
29188,1.0000
29234,1.0000
29242,1.0000
29300,1.0000
29304,1.0000
29310,1.0000
29334,1.0000
29509,1.0000
29510,1.0000
29594,1.0000
29609,1.0000
29639,1.0000
29643,1.0000
29665,1.0000
29685,1.0000
29770,1.0000
29830,1.0000
29854,1.0000
29867,1.0000
29908,1.0000
29923,1.0000
29930,1.0000
29934,1.0000
30016,1.0000
30022,1.0000
30051,1.0000
30088,1.0000
30095,1.0000
30119,1.0000
30161,1.0000
30212,1.0000
30228,1.0000
30231,1.0000
30346,1.0000
30379,1.0000
30465,1.0000
30492,1.0000
30497,1.0000
30503,1.0000
30574,1.0000
30577,1.0000
30581,1.0000
30624,1.0000
30660,1.0000
30664,1.0000
30688,1.0000
30705,1.0000
30777,1.0000
30789,1.0000
30827,1.0000
30837,1.0000
30862,1.0000
30889,1.0000
30904,1.0000
30921,1.0000
30929,1.0000
30957,1.0000
31054,1.0000
31059,1.0000
31103,1.0000
31180,1.0000
31227,1.0000
31229,1.0000
31264,1.0000
31276,1.0000
31298,1.0000
31327,1.0000
31334,1.0000
31338,1.0000
31362,1.0000
31381,1.0000
31387,1.0000
31407,1.0000
31421,1.0000
31474,1.0000
31567,1.0000
31609,1.0000
31641,1.0000
31667,1.0000
31712,1.0000
31760,1.0000
31769,1.0000
31790,1.0000
31825,1.0000
31896,1.0000
31932,1.0000
31952,1.0000
31966,1.0000
31987,1.0000
32016,1.0000
32040,1.0000
32085,1.0000
32094,1.0000
32127,1.0000
32166,1.0000
32193,1.0000
32255,1.0000
32263,1.0000
32288,1.0000
32324,1.0000
32413,1.0000
32414,1.0000
32464,1.0000
32502,1.0000
32556,1.0000
32592,1.0000
32608,1.0000
32630,1.0000
32645,1.0000
32651,1.0000
32680,1.0000
32832,1.0000
32881,1.0000
32886,1.0000
32930,1.0000
32949,1.0000
32961,1.0000
33007,1.0000
33037,1.0000
33116,1.0000
33220,1.0000
33238,1.0000
33283,1.0000
33333,1.0000
33335,1.0000
33358,1.0000
33400,1.0000
33424,1.0000
33487,1.0000
33596,1.0000
33683,1.0000
33710,1.0000
33729,1.0000
33788,1.0000
33799,1.0000
33829,1.0000
33851,1.0000
33876,1.0000
33892,1.0000
33905,1.0000
34023,1.0000
34031,1.0000
34162,1.0000
34231,1.0000
34292,1.0000
34332,1.0000
34432,1.0000
34462,1.0000
34468,1.0000
34474,1.0000
34539,1.0000
34569,1.0000
34590,1.0000
34649,1.0000
34664,1.0000
34667,1.0000
34683,1.0000
34719,1.0000
34735,1.0000
34758,1.0000
34797,1.0000
34830,1.0000
34887,1.0000
35136,1.0000
35153,1.0000
35232,1.0000
35233,1.0000
35345,1.0000
35371,1.0000
35394,1.0000
35398,1.0000
35409,1.0000
35440,1.0000
35441,1.0000
35469,1.0000
35505,1.0000
35517,1.0000
35519,1.0000
35621,1.0000
35630,1.0000
35714,1.0000
35899,1.0000
35920,1.0000
35921,1.0000
35966,1.0000
35988,1.0000
36095,1.0000
36102,1.0000
36172,1.0000
36260,1.0000
36263,1.0000
36371,1.0000
36379,1.0000
36475,1.0000
36477,1.0000
36541,1.0000
36593,1.0000
36623,1.0000
36631,1.0000
36667,1.0000
36671,1.0000
36691,1.0000
36718,1.0000
36721,1.0000
36812,1.0000
36849,1.0000
36930,1.0000
37025,1.0000
37066,1.0000
37071,1.0000
37098,1.0000
37135,1.0000
37163,1.0000
37199,1.0000
37212,1.0000
37217,1.0000
37229,1.0000
37310,1.0000
37363,1.0000
37406,1.0000
37417,1.0000
37422,1.0000
37530,1.0000
37683,1.0000
37686,1.0000
37743,1.0000
37779,1.0000
37876,1.0000
37942,1.0000
37979,1.0000
38005,1.0000
38007,1.0000
38035,1.0000
38064,1.0000
38071,1.0000
38191,1.0000
38322,1.0000
38327,1.0000
38368,1.0000
38415,1.0000
38416,1.0000
38465,1.0000
38483,1.0000
38616,1.0000
38685,1.0000
38712,1.0000
38731,1.0000
38757,1.0000
38781,1.0000
38796,1.0000
38833,1.0000
38848,1.0000
38850,1.0000
38926,1.0000
39014,1.0000
39026,1.0000
39071,1.0000
39082,1.0000
39115,1.0000
39130,1.0000
39143,1.0000
39248,1.0000
39283,1.0000
39291,1.0000
39376,1.0000
39537,1.0000
39558,1.0000
39565,1.0000
39580,1.0000
39640,1.0000
39695,1.0000
39735,1.0000
39736,1.0000
39774,1.0000
39794,1.0000
39852,1.0000
39864,1.0000
39880,1.0000
39887,1.0000
39941,1.0000
40001,1.0000
40114,1.0000
40157,1.0000
40218,1.0000
40248,1.0000
40302,1.0000
40361,1.0000
40428,1.0000
40447,1.0000
40549,1.0000
40588,1.0000
40623,1.0000
40683,1.0000
40700,1.0000
40701,1.0000
40732,1.0000
40743,1.0000
40773,1.0000
40782,1.0000
40792,1.0000
40877,1.0000
40893,1.0000
40917,1.0000
40934,1.0000
40959,1.0000
41007,1.0000
41039,1.0000
41101,1.0000
41107,1.0000
41114,1.0000
41184,1.0000
41311,1.0000
41319,1.0000
41337,1.0000
41346,1.0000
41414,1.0000
41594,1.0000
41598,1.0000
41670,1.0000
41681,1.0000
41705,1.0000
41746,1.0000
41779,1.0000
41824,1.0000
41951,1.0000
41969,1.0000
42002,1.0000
42051,1.0000
42088,1.0000
42102,1.0000
42125,1.0000
42148,1.0000
42178,1.0000
42199,1.0000
42206,1.0000
42226,1.0000
42345,1.0000
42428,1.0000
42465,1.0000
42467,1.0000
42529,1.0000
42580,1.0000
42681,1.0000
42685,1.0000
42692,1.0000
42696,1.0000
42780,1.0000
42792,1.0000
42837,1.0000
42875,1.0000
43003,1.0000
43041,1.0000
43153,1.0000
43210,1.0000
43340,1.0000
43365,1.0000
43436,1.0000
43473,1.0000
43559,1.0000
43627,1.0000
43649,1.0000
43682,1.0000
43697,1.0000
43716,1.0000
43730,1.0000
43782,1.0000
43839,1.0000
43940,1.0000
44315,1.0000
44319,1.0000
44393,1.0000
44409,1.0000
44445,1.0000
44495,1.0000
44502,1.0000
44529,1.0000
44650,1.0000
44659,1.0000
44665,1.0000
44667,1.0000
44826,1.0000
44836,1.0000
44847,1.0000
44887,1.0000
44917,1.0000
44952,1.0000
44960,1.0000
44980,1.0000
44992,1.0000
45062,1.0000
45097,1.0000
45139,1.0000
45311,1.0000
45366,1.0000
45501,1.0000
45591,1.0000
45757,1.0000
45836,1.0000
45843,1.0000
45906,1.0000
45915,1.0000
46011,1.0000
46164,1.0000
46228,1.0000
46240,1.0000
46322,1.0000
46348,1.0000
46359,1.0000
46376,1.0000
46380,1.0000
46466,1.0000
46515,1.0000
46542,1.0000
46578,1.0000
46750,1.0000
46808,1.0000
46875,1.0000
46961,1.0000
47050,1.0000
47073,1.0000
47102,1.0000
47170,1.0000
47264,1.0000
47277,1.0000
47285,1.0000
47286,1.0000
47311,1.0000
47383,1.0000
47402,1.0000
47409,1.0000
47449,1.0000
47468,1.0000
47521,1.0000
47572,1.0000
47608,1.0000
47659,1.0000
47680,1.0000
47693,1.0000
47744,1.0000
48163,1.0000
48408,1.0000
48417,1.0000
48437,1.0000
48512,1.0000
48535,1.0000
48555,1.0000
48565,1.0000
48575,1.0000
48618,1.0000
48633,1.0000
48696,1.0000
48777,1.0000
48824,1.0000
48877,1.0000
48924,1.0000
48949,1.0000
49136,1.0000
49164,1.0000
49210,1.0000
49243,1.0000
49246,1.0000
49310,1.0000
49624,1.0000
49690,1.0000
49721,1.0000
49724,1.0000
49928,1.0000
50028,1.0000
50107,1.0000
50191,1.0000
50240,1.0000
50269,1.0000
50285,1.0000
50292,1.0000
50494,1.0000
50570,1.0000
50595,1.0000
50664,1.0000
50881,1.0000
50921,1.0000
50992,1.0000
51024,1.0000
51057,1.0000
51068,1.0000
51188,1.0000
51200,1.0000
51273,1.0000
51290,1.0000
51393,1.0000
51454,1.0000
51494,1.0000
51570,1.0000
51597,1.0000
51752,1.0000
52104,1.0000
52112,1.0000
52122,1.0000
52221,1.0000
52244,1.0000
52279,1.0000
52419,1.0000
52437,1.0000
52450,1.0000
52543,1.0000
52595,1.0000
52665,1.0000
52770,1.0000
53005,1.0000
53056,1.0000
53059,1.0000
53097,1.0000
53514,1.0000
53581,1.0000
53582,1.0000
53588,1.0000
53696,1.0000
53762,1.0000
53799,1.0000
53821,1.0000
53902,1.0000
53920,1.0000
54001,1.0000
54011,1.0000
54021,1.0000
54088,1.0000
54115,1.0000
54230,1.0000
54278,1.0000
54324,1.0000
54436,1.0000
54542,1.0000
54604,1.0000
54772,1.0000
54774,1.0000
54923,1.0000
55021,1.0000
55185,1.0000
55370,1.0000
55375,1.0000
55428,1.0000
55451,1.0000
55453,1.0000
55546,1.0000
55576,1.0000
55591,1.0000
55712,1.0000
55763,1.0000
55795,1.0000
55899,1.0000
55905,1.0000
55985,1.0000
56057,1.0000
56138,1.0000
56143,1.0000
56214,1.0000
56217,1.0000
56218,1.0000
56233,1.0000
56385,1.0000
56511,1.0000
56587,1.0000
56630,1.0000
56660,1.0000
56679,1.0000
56694,1.0000
56710,1.0000
56906,1.0000
56930,1.0000
57190,1.0000
57245,1.0000
57335,1.0000
57382,1.0000
57589,1.0000
57644,1.0000
57655,1.0000
57720,1.0000
57732,1.0000
57774,1.0000
57776,1.0000
58084,1.0000
58156,1.0000
58229,1.0000
58298,1.0000
58394,1.0000
58424,1.0000
58532,1.0000
58581,1.0000
58594,1.0000
58609,1.0000
58667,1.0000
58725,1.0000
58756,1.0000
58772,1.0000
58803,1.0000
59042,1.0000
59144,1.0000
59198,1.0000
59262,1.0000
59387,1.0000
59404,1.0000
59592,1.0000
59703,1.0000
60041,1.0000
60056,1.0000
60372,1.0000
60511,1.0000
60774,1.0000
61011,1.0000
61311,1.0000
61625,1.0000
61672,1.0000
61865,1.0000
62005,1.0000
62106,1.0000
62196,1.0000
62405,1.0000
62677,1.0000
62760,1.0000
62810,1.0000
62884,1.0000
62985,1.0000
63109,1.0000
63141,1.0000
63154,1.0000
63287,1.0000
63441,1.0000
63539,1.0000
63701,1.0000
63704,1.0000
63718,1.0000
63911,1.0000
63939,1.0000
63963,1.0000
64108,1.0000
64257,1.0000
64272,1.0000
64315,1.0000
64399,1.0000
64444,1.0000
64528,1.0000
64607,1.0000
64710,1.0000
64873,1.0000
64916,1.0000
65170,1.0000
65252,1.0000
65465,1.0000
65577,1.0000
65912,1.0000
66084,1.0000
66264,1.0000
66284,1.0000
66446,1.0000
66518,1.0000
66800,1.0000
67038,1.0000
67107,1.0000
67219,1.0000
67239,1.0000
67526,1.0000
67529,1.0000
67824,1.0000
67946,1.0000
67951,1.0000
67972,1.0000
67982,1.0000
68005,1.0000
68642,1.0000
68651,1.0000
68881,1.0000
69173,1.0000
69211,1.0000
69409,1.0000
69544,1.0000
69759,1.0000
70004,1.0000
70198,1.0000
70454,1.0000
70598,1.0000
70636,1.0000
70651,1.0000
70869,1.0000
71162,1.0000
71245,1.0000
71282,1.0000
71393,1.0000
71443,1.0000
71633,1.0000
71722,1.0000
71760,1.0000
71940,1.0000
71953,1.0000
72013,1.0000
72021,1.0000
72215,1.0000
72401,1.0000
72661,1.0000
72797,1.0000
72959,1.0000
73179,1.0000
73541,1.0000
73606,1.0000
73615,1.0000
73646,1.0000
73753,1.0000
73864,1.0000
74105,1.0000
74133,1.0000
74183,1.0000
74389,1.0000
74561,1.0000
74629,1.0000
74742,1.0000
75140,1.0000
75194,1.0000
75379,1.0000
75573,1.0000
75729,1.0000
75754,1.0000
75833,1.0000
75920,1.0000
75938,1.0000
75948,1.0000
76294,1.0000
76330,1.0000
76363,1.0000
76367,1.0000
76512,1.0000
76553,1.0000
76611,1.0000
76789,1.0000
76875,1.0000
76985,1.0000
77107,1.0000
77245,1.0000
77349,1.0000
77693,1.0000
77796,1.0000
78114,1.0000
78117,1.0000
78157,1.0000
78164,1.0000
78326,1.0000
78341,1.0000
78445,1.0000
78620,1.0000
78630,1.0000
78641,1.0000
78845,1.0000
79044,1.0000
79158,1.0000
79187,1.0000
79289,1.0000
79403,1.0000
79510,1.0000
79556,1.0000
79634,1.0000
79892,1.0000
79897,1.0000
79943,1.0000
80046,1.0000
80212,1.0000
80279,1.0000
80346,1.0000
80418,1.0000
80419,1.0000
80724,1.0000
80727,1.0000
80766,1.0000
81109,1.0000
81230,1.0000
81283,1.0000
81442,1.0000
81566,1.0000
81588,1.0000
81707,1.0000
82131,1.0000
82353,1.0000
82411,1.0000
82508,1.0000
82663,1.0000
82770,1.0000
82781,1.0000
82791,1.0000
82880,1.0000
82900,1.0000
82912,1.0000
82990,1.0000
83137,1.0000
83255,1.0000
83621,1.0000
83661,1.0000
83880,1.0000
84268,1.0000
84378,1.0000
84503,1.0000
84556,1.0000
84623,1.0000
84693,1.0000
84817,1.0000
85089,1.0000
85165,1.0000
85220,1.0000
85298,1.0000
85496,1.0000
85508,1.0000
85530,1.0000
85538,1.0000
85566,1.0000
85602,1.0000
85686,1.0000
85758,1.0000
85781,1.0000
86060,1.0000
86299,1.0000
86646,1.0000
86887,1.0000
86945,1.0000
87028,1.0000
87309,1.0000
87419,1.0000
87481,1.0000
87499,1.0000
87645,1.0000
87710,1.0000
88070,1.0000
88089,1.0000
88111,1.0000
88392,1.0000
88408,1.0000
88461,1.0000
88607,1.0000
89046,1.0000
89217,1.0000
89347,1.0000
89412,1.0000
89420,1.0000
90051,1.0000
90118,1.0000
90235,1.0000
90390,1.0000
90534,1.0000
90669,1.0000
90679,1.0000
90683,1.0000
90710,1.0000
90711,1.0000
90756,1.0000
90840,1.0000
90850,1.0000
90949,1.0000
91157,1.0000
91194,1.0000
91201,1.0000
91221,1.0000
91302,1.0000
91413,1.0000
91500,1.0000
91538,1.0000
91673,1.0000
91740,1.0000
92001,1.0000
92052,1.0000
92534,1.0000
92774,1.0000
92777,1.0000
92806,1.0000
92929,1.0000
92936,1.0000
93001,1.0000
93068,1.0000
93105,1.0000
93227,1.0000
93294,1.0000
93388,1.0000
93756,1.0000
93812,1.0000
93833,1.0000
93838,1.0000
93955,1.0000
93982,1.0000
94243,1.0000
94281,1.0000
94367,1.0000
94382,1.0000
94425,1.0000
94603,1.0000
94612,1.0000
94719,1.0000
94732,1.0000
94838,1.0000
94941,1.0000
94995,1.0000
95011,1.0000
95022,1.0000
95057,1.0000
95106,1.0000
95401,1.0000
95403,1.0000
95462,1.0000
95652,1.0000
95862,1.0000
95900,1.0000
95918,1.0000
96002,1.0000
96040,1.0000
96068,1.0000
96106,1.0000
96166,1.0000
96482,1.0000
96994,1.0000
97180,1.0000
97309,1.0000
97432,1.0000
97567,1.0000
97614,1.0000
97980,1.0000
97985,1.0000
98013,1.0000
98227,1.0000
98280,1.0000
98400,1.0000
98764,1.0000
98796,1.0000
98875,1.0000
98952,1.0000
99217,1.0000
99240,1.0000
99260,1.0000
99309,1.0000
99327,1.0000
99350,1.0000
99407,1.0000
99545,1.0000
99551,1.0000
99569,1.0000
99955,1.0000
100012,1.0000
100059,1.0000
100113,1.0000
100234,1.0000
100359,1.0000
100532,1.0000
100755,1.0000
100816,1.0000
101032,1.0000
101048,1.0000
101146,1.0000
101169,1.0000
101522,1.0000
101558,1.0000
101681,1.0000
101889,1.0000
101919,1.0000
102006,1.0000
102277,1.0000
102868,1.0000
102964,1.0000
102965,1.0000
103156,1.0000
103189,1.0000
103235,1.0000
103311,1.0000
103807,1.0000
104118,1.0000
104481,1.0000
104547,1.0000
104602,1.0000
104605,1.0000
104610,1.0000
104738,1.0000
104910,1.0000
105057,1.0000
105240,1.0000
105291,1.0000
105298,1.0000
105726,1.0000
105789,1.0000
105806,1.0000
105831,1.0000
105893,1.0000
105964,1.0000
105967,1.0000
106045,1.0000
106104,1.0000
106125,1.0000
106132,1.0000
106199,1.0000
106214,1.0000
106293,1.0000
106310,1.0000
106355,1.0000
106544,1.0000
106648,1.0000
107137,1.0000
107282,1.0000
107413,1.0000
107573,1.0000
107589,1.0000
107860,1.0000
108171,1.0000
108202,1.0000
108261,1.0000
108296,1.0000
108339,1.0000
108395,1.0000
108436,1.0000
108865,1.0000
108941,1.0000
109150,1.0000
109214,1.0000
109328,1.0000
109486,1.0000
109521,1.0000
109547,1.0000
109626,1.0000
109707,1.0000
109763,1.0000
109776,1.0000
110140,1.0000
110202,1.0000
110249,1.0000
110253,1.0000
110353,1.0000
110429,1.0000
110525,1.0000
110697,1.0000
110937,1.0000
111052,1.0000
111207,1.0000
111348,1.0000
111432,1.0000
111439,1.0000
111523,1.0000
111577,1.0000
111859,1.0000
111872,1.0000
111877,1.0000
112210,1.0000
112284,1.0000
112349,1.0000
112469,1.0000
112589,1.0000
112677,1.0000
112841,1.0000
112864,1.0000
113166,1.0000
113192,1.0000
113323,1.0000
113457,1.0000
113651,1.0000
113655,1.0000
114184,1.0000
114550,1.0000
114612,1.0000
114757,1.0000
114795,1.0000
114858,1.0000
114880,1.0000
114917,1.0000
115809,1.0000
116066,1.0000
116576,1.0000
116672,1.0000
116739,1.0000
117027,1.0000
117092,1.0000
117433,1.0000
117465,1.0000
117577,1.0000
117692,1.0000
117712,1.0000
117729,1.0000
117741,1.0000
117817,1.0000
118151,1.0000
118190,1.0000
118236,1.0000
118257,1.0000
118303,1.0000
118641,1.0000
118766,1.0000
118772,1.0000
118792,1.0000
119214,1.0000
119228,1.0000
119284,1.0000
119815,1.0000
119877,1.0000
119884,1.0000
119914,1.0000
119972,1.0000
119995,1.0000
120169,1.0000
120187,1.0000
120242,1.0000
120262,1.0000
120318,1.0000
120476,1.0000
120568,1.0000
120857,1.0000
120960,1.0000
120984,1.0000
121271,1.0000
121294,1.0000
121691,1.0000
121748,1.0000
121911,1.0000
122012,1.0000
122112,1.0000
122141,1.0000
122261,1.0000
122413,1.0000
122460,1.0000
122489,1.0000
122597,1.0000
122753,1.0000
122754,1.0000
122992,1.0000
123191,1.0000
123315,1.0000
123524,1.0000
123566,1.0000
123771,1.0000
123827,1.0000
124001,1.0000
124174,1.0000
124189,1.0000
124222,1.0000
124465,1.0000
124505,1.0000
124567,1.0000
124570,1.0000
124578,1.0000
124689,1.0000
125223,1.0000
125469,1.0000
125557,1.0000
125825,1.0000
125885,1.0000
125886,1.0000
125890,1.0000
125942,1.0000
125949,1.0000
126209,1.0000
126215,1.0000
126597,1.0000
126615,1.0000
126727,1.0000
126986,1.0000
127217,1.0000
127742,1.0000
127914,1.0000
128061,1.0000
128197,1.0000
128531,1.0000
128832,1.0000
128834,1.0000
129014,1.0000
129205,1.0000
129361,1.0000
129431,1.0000
129436,1.0000
129503,1.0000
130140,1.0000
130228,1.0000
130333,1.0000
130347,1.0000
130639,1.0000
131108,1.0000
131125,1.0000
131199,1.0000
131295,1.0000
131384,1.0000
131475,1.0000
131604,1.0000
131792,1.0000
132009,1.0000
132257,1.0000
132393,1.0000
132581,1.0000
132618,1.0000
132923,1.0000
133115,1.0000
133389,1.0000
133408,1.0000
133485,1.0000
133908,1.0000
134030,1.0000
134187,1.0000
134221,1.0000
134546,1.0000
134828,1.0000
135049,1.0000
135305,1.0000
135347,1.0000
135600,1.0000
135694,1.0000
135809,1.0000
136203,1.0000
136369,1.0000
136454,1.0000
136663,1.0000
136883,1.0000
137572,1.0000
137815,1.0000
137825,1.0000
137839,1.0000
137843,1.0000
138205,1.0000
138315,1.0000
138437,1.0000
138523,1.0000
138625,1.0000
138981,1.0000
139028,1.0000
139217,1.0000
139218,1.0000
139436,1.0000
139538,1.0000
139623,1.0000
139941,1.0000
140146,1.0000
140179,1.0000
140194,1.0000
140213,1.0000
140432,1.0000
140650,1.0000
140748,1.0000
140790,1.0000
140838,1.0000
140895,1.0000
141234,1.0000
141369,1.0000
141508,1.0000
141639,1.0000
141892,1.0000
142316,1.0000
142571,1.0000
142880,1.0000
142953,1.0000
143017,1.0000
143082,1.0000
143196,1.0000
143244,1.0000
143861,1.0000
144434,1.0000
144505,1.0000
144519,1.0000
144662,1.0000
144990,1.0000
145101,1.0000
145433,1.0000
145544,1.0000
145554,1.0000
145804,1.0000
145821,1.0000
145823,1.0000
146059,1.0000
146224,1.0000
146426,1.0000
146485,1.0000
146502,1.0000
146824,1.0000
146936,1.0000
147170,1.0000
147266,1.0000
147452,1.0000
147493,1.0000
147617,1.0000
147822,1.0000
147908,1.0000
148063,1.0000
148129,1.0000
148303,1.0000
148634,1.0000
148730,1.0000
148769,1.0000
148994,1.0000
149075,1.0000
149207,1.0000
149433,1.0000
149456,1.0000
149458,1.0000
149486,1.0000
149586,1.0000
149631,1.0000
149788,1.0000
149920,1.0000
150027,1.0000
150232,1.0000
150265,1.0000
150277,1.0000
150303,1.0000
150355,1.0000
150442,1.0000
150463,1.0000
150489,1.0000
150724,1.0000
151156,1.0000
151406,1.0000
151469,1.0000
151517,1.0000
151556,1.0000
151896,1.0000
152076,1.0000
152243,1.0000
152496,1.0000
152565,1.0000
152604,1.0000
152698,1.0000
152914,1.0000
153028,1.0000
153120,1.0000
153256,1.0000
153337,1.0000
153427,1.0000
153564,1.0000
153572,1.0000
153644,1.0000
154234,1.0000
154274,1.0000
154348,1.0000
154435,1.0000
154567,1.0000
154666,1.0000
154726,1.0000
154829,1.0000
154893,1.0000
155035,1.0000
155172,1.0000
155279,1.0000
155298,1.0000
155935,1.0000
156076,1.0000
156120,1.0000
156308,1.0000
156614,1.0000
157196,1.0000
157371,1.0000
157603,1.0000
158217,1.0000
158228,1.0000
158419,1.0000
158437,1.0000
158477,1.0000
158563,1.0000
158610,1.0000
159121,1.0000
159329,1.0000
159437,1.0000
159470,1.0000
160004,1.0000
160012,1.0000
160013,1.0000
160440,1.0000
160651,1.0000
160875,1.0000
161212,1.0000
161298,1.0000
161406,1.0000
161422,1.0000
161542,1.0000
161649,1.0000
161704,1.0000
161900,1.0000
162371,1.0000
162384,1.0000
162471,1.0000
162487,1.0000
162650,1.0000
162704,1.0000
163274,1.0000
163382,1.0000
163530,1.0000
163569,1.0000
163571,1.0000
164157,1.0000
164190,1.0000
165031,1.0000
165035,1.0000
165331,1.0000
165664,1.0000
165790,1.0000
165905,1.0000
166044,1.0000
166158,1.0000
166323,1.0000
166366,1.0000
166368,1.0000
166468,1.0000
166563,1.0000
166807,1.0000
166882,1.0000
167019,1.0000
168208,1.0000
168334,1.0000
168451,1.0000
168542,1.0000
168586,1.0000
168613,1.0000
168845,1.0000
168970,1.0000
168997,1.0000
169117,1.0000
169650,1.0000
169746,1.0000
169825,1.0000
169836,1.0000
169850,1.0000
170107,1.0000
170189,1.0000
170347,1.0000
170523,1.0000
170689,1.0000
170698,1.0000
170770,1.0000
171303,1.0000
171388,1.0000
171693,1.0000
171800,1.0000
171851,1.0000
171997,1.0000
172063,1.0000
172264,1.0000
172332,1.0000
172868,1.0000
173256,1.0000
173420,1.0000
173593,1.0000
174202,1.0000
174277,1.0000
174420,1.0000
174691,1.0000
176396,1.0000
176451,1.0000
177157,1.0000
177187,1.0000
177410,1.0000
177685,1.0000
178260,1.0000
178495,1.0000
178516,1.0000
179345,1.0000
179459,1.0000
179513,1.0000
179610,1.0000
180085,1.0000
180214,1.0000
181823,1.0000
182107,1.0000
182110,1.0000
182152,1.0000
182601,1.0000
182945,1.0000
183307,1.0000
183387,1.0000
183524,1.0000
183575,1.0000
183722,1.0000
183736,1.0000
183777,1.0000
183815,1.0000
183820,1.0000
184114,1.0000
184141,1.0000
184173,1.0000
184205,1.0000
184704,1.0000
184894,1.0000
185564,1.0000
185977,1.0000
186220,1.0000
186380,1.0000
186674,1.0000
186858,1.0000
187182,1.0000
187243,1.0000
188027,1.0000
188043,1.0000
188093,1.0000
188368,1.0000
188632,1.0000
188688,1.0000
188811,1.0000
188933,1.0000
188947,1.0000
189543,1.0000
190319,1.0000
191517,1.0000
191906,1.0000
192123,1.0000
192150,1.0000
192465,1.0000
193940,1.0000
194659,1.0000
194743,1.0000
194974,1.0000
195007,1.0000
195227,1.0000
195264,1.0000
195309,1.0000
195620,1.0000
196242,1.0000
196847,1.0000
197252,1.0000
197418,1.0000
199331,1.0000
199352,1.0000
199469,1.0000
199504,1.0000
199565,1.0000
199644,1.0000
199796,1.0000
199918,1.0000
200165,1.0000
200336,1.0000
200512,1.0000
200867,1.0000
201119,1.0000
202300,1.0000
202710,1.0000
203133,1.0000
203146,1.0000
203325,1.0000
204045,1.0000
204318,1.0000
204366,1.0000
204507,1.0000
204984,1.0000
205202,1.0000
205423,1.0000
205440,1.0000
205491,1.0000
205625,1.0000
206151,1.0000
206176,1.0000
206485,1.0000
207525,1.0000
207692,1.0000
208308,1.0000
209300,1.0000
209655,1.0000
210037,1.0000
210215,1.0000
210615,1.0000
210655,1.0000
211648,1.0000
212347,1.0000
212840,1.0000
213643,1.0000
214629,1.0000
214843,1.0000
215118,1.0000
215209,1.0000
215290,1.0000
215306,1.0000
215424,1.0000
215515,1.0000
215622,1.0000
215925,1.0000
216011,1.0000
216291,1.0000
217221,1.0000
217233,1.0000
217430,1.0000
217516,1.0000
217594,1.0000
218015,1.0000
218325,1.0000
218722,1.0000
218845,1.0000
218878,1.0000
219573,1.0000
219685,1.0000
220203,1.0000
220627,1.0000
221015,1.0000
221125,1.0000
221619,1.0000
222154,1.0000
222611,1.0000
222690,1.0000
222777,1.0000
222954,1.0000
223170,1.0000
223783,1.0000
223870,1.0000
223886,1.0000
224051,1.0000
224116,1.0000
224753,1.0000
225466,1.0000
225781,1.0000
225823,1.0000
225843,1.0000
225850,1.0000
226016,1.0000
226164,1.0000
226581,1.0000
226775,1.0000
227102,1.0000
227788,1.0000
228085,1.0000
228310,1.0000
228354,1.0000
228438,1.0000
228714,1.0000
229702,1.0000
229839,1.0000
230604,1.0000
230783,1.0000
232250,1.0000
232796,1.0000
233071,1.0000
234225,1.0000
235061,1.0000
235648,1.0000
236146,1.0000
236642,1.0000
236699,1.0000
237744,1.0000
237936,1.0000
238250,1.0000
238699,1.0000
238896,1.0000
240034,1.0000
240137,1.0000
241203,1.0000
241849,1.0000
242405,1.0000
242617,1.0000
242782,1.0000
243928,1.0000
244400,1.0000
244965,1.0000
245794,1.0000
247786,1.0000
248176,1.0000
248280,1.0000
248583,1.0000
249310,1.0000
249650,1.0000
250223,1.0000
250291,1.0000
250927,1.0000
251962,1.0000
253152,1.0000
253454,1.0000
253904,1.0000
254178,1.0000
254322,1.0000
254884,1.0000
255915,1.0000
256420,1.0000
257825,1.0000
258513,1.0000
258572,1.0000
258676,1.0000
258686,1.0000
259442,1.0000
260457,1.0000
261128,1.0000
261364,1.0000
261604,1.0000
262161,1.0000
262979,1.0000
263403,1.0000
263534,1.0000
265275,1.0000
266941,1.0000
267327,1.0000
268258,1.0000
268363,1.0000
271536,1.0000
273577,1.0000
274021,1.0000
275924,1.0000
278337,1.0000
280007,1.0000
280052,1.0000
280938,1.0000
281933,1.0000
282479,1.0000
282502,1.0000
282750,1.0000
282841,1.0000
284115,1.0000
284997,1.0000
285158,1.0000
285201,1.0000
285743,1.0000
285848,1.0000
287217,1.0000
287529,1.0000
289020,1.0000
293304,1.0000
293452,1.0000
293667,1.0000
295340,1.0000
296168,1.0000
296698,1.0000
296779,1.0000
297676,1.0000
300102,1.0000
300401,1.0000
302599,1.0000
304430,1.0000
306404,1.0000
306725,1.0000
308684,1.0000
309831,1.0000
312400,1.0000
312712,1.0000
314801,1.0000
321015,1.0000
321904,1.0000
322714,1.0000
323454,1.0000
326964,1.0000
331721,1.0000
338479,1.0000
338575,1.0000
341116,1.0000
342042,1.0000
342502,1.0000
343341,1.0000
344038,1.0000
351504,1.0000
351792,1.0000
353164,1.0000
356694,1.0000
358750,1.0000
363021,1.0000
363069,1.0000
366006,1.0000
366232,1.0000
378525,1.0000
382580,1.0000
383627,1.0000
396040,1.0000
402239,1.0000
403537,1.0000
411306,1.0000
411507,1.0000
414262,1.0000
419224,1.0000
420551,1.0000
422646,1.0000
427343,1.0000
428860,1.0000
431420,1.0000
435098,1.0000
437575,1.0000
447301,1.0000
452754,1.0000
457929,1.0000
467191,1.0000
469267,1.0000
482128,1.0000
495250,1.0000
506334,1.0000
511810,1.0000
511823,1.0000
511828,1.0000
511867,1.0000
511881,1.0000
511926,1.0000
511997,1.0000
512002,1.0000
512006,1.0000
512037,1.0000
512048,1.0000
512059,1.0000
512071,1.0000
512119,1.0000
512245,1.0000
512260,1.0000
512307,1.0000
512461,1.0000
512468,1.0000
512498,1.0000
512510,1.0000
512519,1.0000
512530,1.0000
512555,1.0000
512614,1.0000
512720,1.0000
512751,1.0000
512782,1.0000
512825,1.0000
512879,1.0000
512880,1.0000
512916,1.0000
512929,1.0000
512938,1.0000
512947,1.0000
513052,1.0000
513055,1.0000
513056,1.0000
513057,1.0000
513079,1.0000
513114,1.0000
513134,1.0000
513169,1.0000
513235,1.0000
513296,1.0000
513403,1.0000
513405,1.0000
513531,1.0000
513585,1.0000
513643,1.0000
513644,1.0000
513660,1.0000
513698,1.0000
513711,1.0000
513783,1.0000
513811,1.0000
513875,1.0000
513906,1.0000
513933,1.0000
513968,1.0000
514020,1.0000
514021,1.0000
514025,1.0000
514197,1.0000
514333,1.0000
514384,1.0000
514395,1.0000
514413,1.0000
514441,1.0000
514446,1.0000
514483,1.0000
514484,1.0000
514485,1.0000
514489,1.0000
514525,1.0000
514548,1.0000
514625,1.0000
514660,1.0000
514863,1.0000
514952,1.0000
515029,1.0000
515061,1.0000
515072,1.0000
515131,1.0000
515249,1.0000
515307,1.0000
515447,1.0000
515545,1.0000
515547,1.0000
515575,1.0000
515679,1.0000
515758,1.0000
515767,1.0000
515775,1.0000
515785,1.0000
515804,1.0000
515950,1.0000
515978,1.0000
516109,1.0000
516170,1.0000
516204,1.0000
516215,1.0000
516239,1.0000
516294,1.0000
516367,1.0000
516431,1.0000
516514,1.0000
516607,1.0000
516615,1.0000
516654,1.0000
516662,1.0000
516667,1.0000
516680,1.0000
516819,1.0000
516821,1.0000
516848,1.0000
516904,1.0000
516930,1.0000
516956,1.0000
517005,1.0000
517104,1.0000
517601,1.0000
517654,1.0000
517748,1.0000
517755,1.0000
517830,1.0000
517881,1.0000
517915,1.0000
518123,1.0000
518177,1.0000
518309,1.0000
518330,1.0000
518426,1.0000
518543,1.0000
518563,1.0000
518625,1.0000
518733,1.0000
518862,1.0000
519206,1.0000
519228,1.0000
519268,1.0000
519337,1.0000
519385,1.0000
519400,1.0000
519410,1.0000
519460,1.0000
519516,1.0000
519538,1.0000
519570,1.0000
519624,1.0000
519626,1.0000
519654,1.0000
519660,1.0000
519715,1.0000
519751,1.0000
519771,1.0000
519773,1.0000
519839,1.0000
519872,1.0000
519896,1.0000
519981,1.0000
519983,1.0000
520068,1.0000
520116,1.0000
520118,1.0000
520135,1.0000
520143,1.0000
520177,1.0000
520195,1.0000
520300,1.0000
520333,1.0000
520386,1.0000
520485,1.0000
520622,1.0000
520634,1.0000
520643,1.0000
520709,1.0000
520754,1.0000
520863,1.0000
520883,1.0000
520898,1.0000
521101,1.0000
521152,1.0000
521190,1.0000
521197,1.0000
521262,1.0000
521273,1.0000
521274,1.0000
521298,1.0000
521317,1.0000
521359,1.0000
521373,1.0000
521377,1.0000
521383,1.0000
521445,1.0000
521550,1.0000
521624,1.0000
521656,1.0000
521675,1.0000
521770,1.0000
521776,1.0000
522300,1.0000
522310,1.0000
522345,1.0000
522355,1.0000
522432,1.0000
522822,1.0000
522918,1.0000
522961,1.0000
522969,1.0000
522975,1.0000
523039,1.0000
523329,1.0000
523373,1.0000
523378,1.0000
523435,1.0000
523509,1.0000
523515,1.0000
523539,1.0000
523547,1.0000
523602,1.0000
523675,1.0000
523679,1.0000
523712,1.0000
523769,1.0000
523771,1.0000
523773,1.0000
523839,1.0000
523843,1.0000
523998,1.0000
524001,1.0000
524083,1.0000
524141,1.0000
524146,1.0000
524156,1.0000
524190,1.0000
524225,1.0000
524245,1.0000
524298,1.0000
524412,1.0000
524429,1.0000
524470,1.0000
524518,1.0000
524761,1.0000
524860,1.0000
524898,1.0000
524968,1.0000
525003,1.0000
525126,1.0000
525407,1.0000
525441,1.0000
525454,1.0000
525595,1.0000
525812,1.0000
525960,1.0000
526151,1.0000
526288,1.0000
526505,1.0000
526576,1.0000
526592,1.0000
526698,1.0000
526948,1.0000
526998,1.0000
527114,1.0000
528984,1.0000
529488,1.0000
529568,1.0000
529707,1.0000
530343,1.0000
530435,1.0000
530448,1.0000
530686,1.0000
530835,1.0000
531132,1.0000
531434,1.0000
531584,1.0000
531644,1.0000
531739,1.0000
531859,1.0000
531898,1.0000
532050,1.0000
532643,1.0000
532787,1.0000
533368,1.0000
533746,1.0000
534063,1.0000
534177,1.0000
534480,1.0000
535011,1.0000
535513,1.0000
535963,1.0000
536048,1.0000
536207,1.0000
536275,1.0000
537470,1.0000
537947,1.0000
539202,1.0000
539234,1.0000
540462,1.0000
541503,1.0000
542076,1.0000
542578,1.0000
542621,1.0000
543849,1.0000
544361,1.0000
545085,1.0000
547197,1.0000
549229,1.0000
550221,1.0000
552858,1.0000
555261,1.0000
555293,1.0000
555457,1.0000
555472,1.0000
555500,1.0000
555501,1.0000
555713,1.0000
555725,1.0000
555726,1.0000
555795,1.0000
555850,1.0000
555871,1.0000
555991,1.0000
556077,1.0000
556286,1.0000
556329,1.0000
556450,1.0000
556539,1.0000
556570,1.0000
556586,1.0000
556667,1.0000
556760,1.0000
556793,1.0000
556836,1.0000
556847,1.0000
557308,1.0000
557817,1.0000
558778,1.0000
558850,1.0000
558926,1.0000
559107,1.0000
563656,1.0000
564864,1.0000
564865,1.0000
565022,1.0000
572998,1.0000
574147,1.0000
574186,1.0000
574287,1.0000
574357,1.0000
574821,1.0000
575082,1.0000
575398,1.0000
575669,1.0000
800001,1.0000
800002,1.0000
800003,1.0000
800004,1.0000
800008,1.0000
800009,1.0000
800011,1.0000
800012,1.0000
800014,1.0000
800018,1.0000
800020,1.0000
800021,1.0000
800022,1.0000
800024,1.0000
800026,1.0000
800027,1.0000
800029,1.0000
800030,1.0000
800032,1.0000
800033,1.0000
800035,1.0000
800036,1.0000
800037,1.0000
800040,1.0000
800041,1.0000
800042,1.0000
800046,1.0000
800048,1.0000
800049,1.0000
800051,1.0000
800052,1.0000
800053,1.0000
800054,1.0000
800056,1.0000
800059,1.0000
800061,1.0000
800062,1.0000
800063,1.0000
800064,1.0000
800069,1.0000
800070,1.0000
800071,1.0000
800072,1.0000
800073,1.0000
800075,1.0000
800076,1.0000
800077,1.0000
800079,1.0000
800081,1.0000
800082,1.0000
800084,1.0000
800085,1.0000
800086,1.0000
800087,1.0000
800088,1.0000
800089,1.0000
800090,1.0000
800091,1.0000
800092,1.0000
800093,1.0000
800095,1.0000
800097,1.0000
800098,1.0000
800099,1.0000
800100,1.0000
800101,1.0000
800102,1.0000
800103,1.0000
800106,1.0000
800111,1.0000
800112,1.0000
800113,1.0000
800114,1.0000
800115,1.0000
800116,1.0000
800117,1.0000
800118,1.0000
800119,1.0000
800120,1.0000
800121,1.0000
800123,1.0000
800124,1.0000
800125,1.0000
800126,1.0000
800127,1.0000
800130,1.0000
800131,1.0000
800132,1.0000
800133,1.0000
800134,1.0000
800135,1.0000
800136,1.0000
800139,1.0000
800140,1.0000
800141,1.0000
800142,1.0000
800143,1.0000
800144,1.0000
800145,1.0000
800146,1.0000
800147,1.0000
800148,1.0000
800149,1.0000
800150,1.0000
800151,1.0000
800153,1.0000
800154,1.0000
800155,1.0000
800156,1.0000
800157,1.0000
800158,1.0000
800159,1.0000
800160,1.0000
800162,1.0000
800163,1.0000
800166,1.0000
800167,1.0000
800170,1.0000
800171,1.0000
800173,1.0000
800174,1.0000
800175,1.0000
800178,1.0000
800179,1.0000
800180,1.0000
800181,1.0000
800182,1.0000
800183,1.0000
800184,1.0000
800188,1.0000
800189,1.0000
800190,1.0000
800192,1.0000
800193,1.0000
800194,1.0000
800201,1.0000
800202,1.0000
800203,1.0000
800206,1.0000
800207,1.0000
800208,1.0000
800211,1.0000
800212,1.0000
800213,1.0000
800214,1.0000
800215,1.0000
800216,1.0000
800217,1.0000
800218,1.0000
800220,1.0000
800221,1.0000
800224,1.0000
800225,1.0000
800226,1.0000
800228,1.0000
800230,1.0000
800232,1.0000
800233,1.0000
800234,1.0000
800235,1.0000
800236,1.0000
800239,1.0000
800240,1.0000
800241,1.0000
800243,1.0000
800244,1.0000
800245,1.0000
800246,1.0000
800247,1.0000
800248,1.0000
800249,1.0000
800250,1.0000
800252,1.0000
800254,1.0000
800256,1.0000
800257,1.0000
800258,1.0000
800259,1.0000
800262,1.0000
800263,1.0000
800264,1.0000
800265,1.0000
800267,1.0000
800268,1.0000
800269,1.0000
800270,1.0000
800271,1.0000
800272,1.0000
800273,1.0000
800276,1.0000
800277,1.0000
800278,1.0000
800279,1.0000
800281,1.0000
800283,1.0000
800286,1.0000
800287,1.0000
800288,1.0000
800290,1.0000
800291,1.0000
800294,1.0000
800295,1.0000
800296,1.0000
800297,1.0000
800298,1.0000
800299,1.0000
800300,1.0000
800301,1.0000
800303,1.0000
800304,1.0000
800305,1.0000
800306,1.0000
800307,1.0000
800308,1.0000
800311,1.0000
800312,1.0000
800313,1.0000
800314,1.0000
800315,1.0000
800316,1.0000
800317,1.0000
800318,1.0000
800319,1.0000
800320,1.0000
800321,1.0000
800323,1.0000
800325,1.0000
800326,1.0000
800329,1.0000
800330,1.0000
800332,1.0000
800333,1.0000
800334,1.0000
800335,1.0000
800337,1.0000
800338,1.0000
800340,1.0000
800341,1.0000
800342,1.0000
800343,1.0000
800344,1.0000
800345,1.0000
800347,1.0000
800348,1.0000
800350,1.0000
800353,1.0000
800354,1.0000
800356,1.0000
800358,1.0000
800359,1.0000
800361,1.0000
800363,1.0000
800364,1.0000
800369,1.0000
800371,1.0000
800372,1.0000
800373,1.0000
800374,1.0000
800375,1.0000
800376,1.0000
800377,1.0000
800378,1.0000
800380,1.0000
800381,1.0000
800382,1.0000
800383,1.0000
800385,1.0000
800386,1.0000
800387,1.0000
800389,1.0000
800390,1.0000
800391,1.0000
800392,1.0000
800393,1.0000
800394,1.0000
800396,1.0000
800397,1.0000
800398,1.0000
800399,1.0000
800401,1.0000
800402,1.0000
800403,1.0000
800405,1.0000
800406,1.0000
800407,1.0000
800409,1.0000
800411,1.0000
800412,1.0000
800413,1.0000
800414,1.0000
800415,1.0000
800416,1.0000
800417,1.0000
800419,1.0000
800420,1.0000
800422,1.0000
800423,1.0000
800424,1.0000
800426,1.0000
800427,1.0000
800428,1.0000
800430,1.0000
800432,1.0000
800433,1.0000
800434,1.0000
800436,1.0000
800437,1.0000
800438,1.0000
800439,1.0000
800440,1.0000
800441,1.0000
800442,1.0000
800443,1.0000
800444,1.0000
800446,1.0000
800447,1.0000
800448,1.0000
800449,1.0000
800451,1.0000
800452,1.0000
800453,1.0000
800455,1.0000
800456,1.0000
800457,1.0000
800458,1.0000
800459,1.0000
800461,1.0000
800464,1.0000
800465,1.0000
800466,1.0000
800468,1.0000
800470,1.0000
800471,1.0000
800472,1.0000
800473,1.0000
800474,1.0000
800476,1.0000
800477,1.0000
800478,1.0000
800479,1.0000
800480,1.0000
800482,1.0000
800483,1.0000
800484,1.0000
800485,1.0000
800487,1.0000
800488,1.0000
800489,1.0000
800490,1.0000
800492,1.0000
800493,1.0000
800494,1.0000
800495,1.0000
800496,1.0000
800497,1.0000
800500,1.0000
800501,1.0000
800502,1.0000
800503,1.0000
800504,1.0000
800505,1.0000
800506,1.0000
800508,1.0000
800509,1.0000
800510,1.0000
800511,1.0000
800513,1.0000
800514,1.0000
800515,1.0000
800516,1.0000
800517,1.0000
800518,1.0000
800520,1.0000
800524,1.0000
800525,1.0000
800526,1.0000
800527,1.0000
800528,1.0000
800529,1.0000
800530,1.0000
800531,1.0000
800532,1.0000
800534,1.0000
800535,1.0000
800536,1.0000
800537,1.0000
800538,1.0000
800539,1.0000
800541,1.0000
800542,1.0000
800543,1.0000
800544,1.0000
800545,1.0000
800546,1.0000
800547,1.0000
800549,1.0000
800550,1.0000
800551,1.0000
800552,1.0000
800553,1.0000
800554,1.0000
800555,1.0000
800556,1.0000
800557,1.0000
800559,1.0000
800560,1.0000
800561,1.0000
800562,1.0000
800564,1.0000
800565,1.0000
800566,1.0000
800567,1.0000
800569,1.0000
800570,1.0000
800571,1.0000
800572,1.0000
800573,1.0000
800574,1.0000
800575,1.0000
800576,1.0000
800577,1.0000
800578,1.0000
800579,1.0000
800580,1.0000
800582,1.0000
800583,1.0000
800585,1.0000
800586,1.0000
800587,1.0000
800588,1.0000
800589,1.0000
800590,1.0000
800592,1.0000
800593,1.0000
800594,1.0000
800595,1.0000
800596,1.0000
800597,1.0000
800599,1.0000
800602,1.0000
800604,1.0000
800605,1.0000
800606,1.0000
800608,1.0000
800611,1.0000
800612,1.0000
800613,1.0000
800614,1.0000
800615,1.0000
800616,1.0000
800618,1.0000
800621,1.0000
800622,1.0000
800624,1.0000
800628,1.0000
800629,1.0000
800631,1.0000
800632,1.0000
800636,1.0000
800637,1.0000
800638,1.0000
800640,1.0000
800641,1.0000
800642,1.0000
800643,1.0000
800644,1.0000
800645,1.0000
800646,1.0000
800649,1.0000
800650,1.0000
800651,1.0000
800654,1.0000
800655,1.0000
800656,1.0000
800657,1.0000
800658,1.0000
800659,1.0000
800660,1.0000
800662,1.0000
800663,1.0000
800664,1.0000
800666,1.0000
800668,1.0000
800669,1.0000
800670,1.0000
800671,1.0000
800672,1.0000
800675,1.0000
800676,1.0000
800677,1.0000
800678,1.0000
800679,1.0000
800681,1.0000
800684,1.0000
800685,1.0000
800687,1.0000
800688,1.0000
800690,1.0000
800691,1.0000
800692,1.0000
800693,1.0000
800694,1.0000
800695,1.0000
800696,1.0000
800697,1.0000
800698,1.0000
800699,1.0000
800700,1.0000
800701,1.0000
800702,1.0000
800703,1.0000
800704,1.0000
800705,1.0000
800706,1.0000
800707,1.0000
800708,1.0000
800712,1.0000
800713,1.0000
800714,1.0000
800716,1.0000
800717,1.0000
800718,1.0000
800719,1.0000
800720,1.0000
800721,1.0000
800722,1.0000
800723,1.0000
800724,1.0000
800725,1.0000
800726,1.0000
800727,1.0000
800730,1.0000
800731,1.0000
800733,1.0000
800735,1.0000
800736,1.0000
800737,1.0000
800739,1.0000
800741,1.0000
800742,1.0000
800743,1.0000
800745,1.0000
800747,1.0000
800749,1.0000
800750,1.0000
800751,1.0000
800752,1.0000
800754,1.0000
800756,1.0000
800757,1.0000
800759,1.0000
800760,1.0000
800762,1.0000
800763,1.0000
800766,1.0000
800769,1.0000
800771,1.0000
800772,1.0000
800773,1.0000
800774,1.0000
800775,1.0000
800776,1.0000
800778,1.0000
800780,1.0000
800782,1.0000
800783,1.0000
800784,1.0000
800785,1.0000
800786,1.0000
800787,1.0000
800788,1.0000
800789,1.0000
800790,1.0000
800791,1.0000
800792,1.0000
800793,1.0000
800794,1.0000
800795,1.0000
800796,1.0000
800797,1.0000
800798,1.0000
800799,1.0000
800800,1.0000
800801,1.0000
800802,1.0000
800804,1.0000
800805,1.0000
800806,1.0000
800807,1.0000
800809,1.0000
800810,1.0000
800811,1.0000
800812,1.0000
800813,1.0000
800814,1.0000
800815,1.0000
800816,1.0000
800817,1.0000
800818,1.0000
800820,1.0000
800822,1.0000
800824,1.0000
800826,1.0000
800827,1.0000
800829,1.0000
800830,1.0000
800832,1.0000
800833,1.0000
800835,1.0000
800836,1.0000
800837,1.0000
800838,1.0000
800839,1.0000
800842,1.0000
800844,1.0000
800845,1.0000
800846,1.0000
800847,1.0000
800848,1.0000
800849,1.0000
800851,1.0000
800852,1.0000
800855,1.0000
800856,1.0000
800857,1.0000
800858,1.0000
800859,1.0000
800860,1.0000
800863,1.0000
800864,1.0000
800865,1.0000
800868,1.0000
800869,1.0000
800870,1.0000
800874,1.0000
800875,1.0000
800876,1.0000
800878,1.0000
800879,1.0000
800880,1.0000
800883,1.0000
800884,1.0000
800885,1.0000
800888,1.0000
800890,1.0000
800891,1.0000
800892,1.0000
800893,1.0000
800894,1.0000
800895,1.0000
800896,1.0000
800897,1.0000
800898,1.0000
800899,1.0000
800900,1.0000
800902,1.0000
800903,1.0000
800904,1.0000
800905,1.0000
800906,1.0000
800907,1.0000
800908,1.0000
800910,1.0000
800911,1.0000
800912,1.0000
800916,1.0000
800917,1.0000
800918,1.0000
800919,1.0000
800920,1.0000
800921,1.0000
800922,1.0000
800923,1.0000
800924,1.0000
800925,1.0000
800926,1.0000
800927,1.0000
800928,1.0000
800931,1.0000
800932,1.0000
800938,1.0000
800941,1.0000
800943,1.0000
800945,1.0000
800946,1.0000
800947,1.0000
800948,1.0000
800949,1.0000
800951,1.0000
800952,1.0000
800953,1.0000
800954,1.0000
800955,1.0000
800956,1.0000
800959,1.0000
800961,1.0000
800962,1.0000
800963,1.0000
800964,1.0000
800965,1.0000
800966,1.0000
800967,1.0000
800968,1.0000
800969,1.0000
800970,1.0000
800972,1.0000
800973,1.0000
800975,1.0000
800976,1.0000
800977,1.0000
800978,1.0000
800982,1.0000
800984,1.0000
800985,1.0000
800986,1.0000
800987,1.0000
800990,1.0000
800991,1.0000
800992,1.0000
800993,1.0000
800995,1.0000
800996,1.0000
800997,1.0000
800998,1.0000
800999,1.0000
801002,1.0000
801004,1.0000
801006,1.0000
801007,1.0000
801010,1.0000
801013,1.0000
801014,1.0000
801015,1.0000
801016,1.0000
801017,1.0000
801018,1.0000
801019,1.0000
801020,1.0000
801021,1.0000
801022,1.0000
801023,1.0000
801024,1.0000
801026,1.0000
801027,1.0000
801028,1.0000
801029,1.0000
801030,1.0000
801032,1.0000
801035,1.0000
801036,1.0000
801037,1.0000
801040,1.0000
801043,1.0000
801045,1.0000
801047,1.0000
801048,1.0000
801049,1.0000
801050,1.0000
801051,1.0000
801052,1.0000
801053,1.0000
801054,1.0000
801055,1.0000
801056,1.0000
801057,1.0000
801058,1.0000
801059,1.0000
801060,1.0000
801061,1.0000
801064,1.0000
801065,1.0000
801067,1.0000
801068,1.0000
801069,1.0000
801071,1.0000
801072,1.0000
801074,1.0000
801075,1.0000
801077,1.0000
801079,1.0000
801082,1.0000
801083,1.0000
801084,1.0000
801085,1.0000
801087,1.0000
801088,1.0000
801089,1.0000
801090,1.0000
801091,1.0000
801093,1.0000
801094,1.0000
801096,1.0000
801097,1.0000
801098,1.0000
801100,1.0000
801101,1.0000
801102,1.0000
801103,1.0000
801104,1.0000
801105,1.0000
801106,1.0000
801107,1.0000
801108,1.0000
801109,1.0000
801110,1.0000
801111,1.0000
801113,1.0000
801114,1.0000
801115,1.0000
801116,1.0000
801117,1.0000
801118,1.0000
801120,1.0000
801122,1.0000
801124,1.0000
801125,1.0000
801126,1.0000
801127,1.0000
801128,1.0000
801129,1.0000
801133,1.0000
801134,1.0000
801135,1.0000
801136,1.0000
801137,1.0000
801138,1.0000
801140,1.0000
801141,1.0000
801142,1.0000
801143,1.0000
801144,1.0000
801146,1.0000
801147,1.0000
801148,1.0000
801149,1.0000
801150,1.0000
801151,1.0000
801152,1.0000
801153,1.0000
801154,1.0000
801156,1.0000
801158,1.0000
801159,1.0000
801160,1.0000
801162,1.0000
801163,1.0000
801164,1.0000
801166,1.0000
801167,1.0000
801168,1.0000
801169,1.0000
801171,1.0000
801173,1.0000
801174,1.0000
801175,1.0000
801176,1.0000
801178,1.0000
801179,1.0000
801180,1.0000
801181,1.0000
801183,1.0000
801184,1.0000
801185,1.0000
801186,1.0000
801187,1.0000
801188,1.0000
801189,1.0000
801190,1.0000
801192,1.0000
801193,1.0000
801194,1.0000
801195,1.0000
801196,1.0000
801199,1.0000
801200,1.0000
801202,1.0000
801204,1.0000
801205,1.0000
801206,1.0000
801207,1.0000
801208,1.0000
801209,1.0000
801210,1.0000
801212,1.0000
801213,1.0000
801214,1.0000
801218,1.0000
801219,1.0000
801220,1.0000
801221,1.0000
801222,1.0000
801224,1.0000
801227,1.0000
801228,1.0000
801229,1.0000
801230,1.0000
801231,1.0000
801233,1.0000
801234,1.0000
801235,1.0000
801237,1.0000
801239,1.0000
801242,1.0000
801243,1.0000
801244,1.0000
801245,1.0000
801246,1.0000
801247,1.0000
801248,1.0000
801249,1.0000
801250,1.0000
801251,1.0000
801252,1.0000
801253,1.0000
801254,1.0000
801255,1.0000
801256,1.0000
801257,1.0000
801258,1.0000
801260,1.0000
801261,1.0000
801262,1.0000
801263,1.0000
801264,1.0000
801265,1.0000
801266,1.0000
801267,1.0000
801268,1.0000
801269,1.0000
801270,1.0000
801271,1.0000
801272,1.0000
801273,1.0000
801274,1.0000
801275,1.0000
801276,1.0000
801277,1.0000
801278,1.0000
801279,1.0000
801280,1.0000
801281,1.0000
801282,1.0000
801283,1.0000
801284,1.0000
801285,1.0000
801286,1.0000
801287,1.0000
801289,1.0000
801290,1.0000
801292,1.0000
801293,1.0000
801294,1.0000
801295,1.0000
801296,1.0000
801297,1.0000
801299,1.0000
801302,1.0000
801303,1.0000
801304,1.0000
801305,1.0000
801306,1.0000
801307,1.0000
801308,1.0000
801309,1.0000
801310,1.0000
801311,1.0000
801312,1.0000
801313,1.0000
801316,1.0000
801317,1.0000
801318,1.0000
801319,1.0000
801320,1.0000
801321,1.0000
801323,1.0000
801324,1.0000
801325,1.0000
801326,1.0000
801327,1.0000
801328,1.0000
801331,1.0000
801332,1.0000
801333,1.0000
801334,1.0000
801335,1.0000
801336,1.0000
801337,1.0000
801340,1.0000
801341,1.0000
801342,1.0000
801345,1.0000
801346,1.0000
801347,1.0000
801349,1.0000
801350,1.0000
801351,1.0000
801355,1.0000
801356,1.0000
801357,1.0000
801358,1.0000
801359,1.0000
801360,1.0000
801362,1.0000
801363,1.0000
801364,1.0000
801365,1.0000
801366,1.0000
801367,1.0000
801368,1.0000
801369,1.0000
801371,1.0000
801373,1.0000
801374,1.0000
801375,1.0000
801377,1.0000
801378,1.0000
801379,1.0000
801380,1.0000
801382,1.0000
801383,1.0000
801384,1.0000
801385,1.0000
801386,1.0000
801387,1.0000
801389,1.0000
801390,1.0000
801391,1.0000
801392,1.0000
801394,1.0000
801395,1.0000
801396,1.0000
801397,1.0000
801400,1.0000
801401,1.0000
801402,1.0000
801404,1.0000
801405,1.0000
801406,1.0000
801409,1.0000
801411,1.0000
801412,1.0000
801413,1.0000
801414,1.0000
801415,1.0000
801417,1.0000
801420,1.0000
801421,1.0000
801422,1.0000
801423,1.0000
801424,1.0000
801425,1.0000
801426,1.0000
801427,1.0000
801429,1.0000
801430,1.0000
801431,1.0000
801432,1.0000
801433,1.0000
801434,1.0000
801435,1.0000
801437,1.0000
801441,1.0000
801442,1.0000
801443,1.0000
801446,1.0000
801447,1.0000
801449,1.0000
801450,1.0000
801451,1.0000
801452,1.0000
801453,1.0000
801454,1.0000
801455,1.0000
801456,1.0000
801457,1.0000
801458,1.0000
801459,1.0000
801460,1.0000
801462,1.0000
801464,1.0000
801466,1.0000
801467,1.0000
801469,1.0000
801470,1.0000
801471,1.0000
801472,1.0000
801473,1.0000
801474,1.0000
801477,1.0000
801478,1.0000
801479,1.0000
801482,1.0000
801483,1.0000
801485,1.0000
801486,1.0000
801487,1.0000
801489,1.0000
801490,1.0000
801491,1.0000
801492,1.0000
801493,1.0000
801494,1.0000
801495,1.0000
801496,1.0000
801497,1.0000
801498,1.0000
801499,1.0000
801500,1.0000
801502,1.0000
801503,1.0000
801504,1.0000
801506,1.0000
801507,1.0000
801508,1.0000
801509,1.0000
801510,1.0000
801511,1.0000
801512,1.0000
801513,1.0000
801514,1.0000
801515,1.0000
801516,1.0000
801517,1.0000
801518,1.0000
801519,1.0000
801520,1.0000
801521,1.0000
801523,1.0000
801524,1.0000
801525,1.0000
801526,1.0000
801527,1.0000
801528,1.0000
801529,1.0000
801530,1.0000
801532,1.0000
801533,1.0000
801534,1.0000
801535,1.0000
801537,1.0000
801538,1.0000
801539,1.0000
801540,1.0000
801541,1.0000
801542,1.0000
801544,1.0000
801547,1.0000
801548,1.0000
801549,1.0000
801550,1.0000
801552,1.0000
801553,1.0000
801554,1.0000
801557,1.0000
801560,1.0000
801561,1.0000
801562,1.0000
801564,1.0000
801565,1.0000
801566,1.0000
801567,1.0000
801568,1.0000
801569,1.0000
801570,1.0000
801571,1.0000
801572,1.0000
801574,1.0000
801575,1.0000
801576,1.0000
801577,1.0000
801578,1.0000
801579,1.0000
801580,1.0000
801581,1.0000
801582,1.0000
801583,1.0000
801584,1.0000
801586,1.0000
801588,1.0000
801590,1.0000
801592,1.0000
801593,1.0000
801596,1.0000
801598,1.0000
801601,1.0000
801602,1.0000
801603,1.0000
801604,1.0000
801605,1.0000
801608,1.0000
801609,1.0000
801610,1.0000
801611,1.0000
801613,1.0000
801614,1.0000
801616,1.0000
801617,1.0000
801618,1.0000
801620,1.0000
801621,1.0000
801623,1.0000
801625,1.0000
801626,1.0000
801628,1.0000
801629,1.0000
801630,1.0000
801631,1.0000
801632,1.0000
801633,1.0000
801634,1.0000
801635,1.0000
801636,1.0000
801637,1.0000
801638,1.0000
801639,1.0000
801640,1.0000
801643,1.0000
801645,1.0000
801646,1.0000
801650,1.0000
801652,1.0000
801653,1.0000
801656,1.0000
801657,1.0000
801658,1.0000
801659,1.0000
801660,1.0000
801662,1.0000
801663,1.0000
801665,1.0000
801666,1.0000
801667,1.0000
801668,1.0000
801669,1.0000
801670,1.0000
801671,1.0000
801673,1.0000
801674,1.0000
801675,1.0000
801676,1.0000
801677,1.0000
801678,1.0000
801679,1.0000
801680,1.0000
801681,1.0000
801682,1.0000
801684,1.0000
801685,1.0000
801686,1.0000
801687,1.0000
801688,1.0000
801689,1.0000
801690,1.0000
801691,1.0000
801693,1.0000
801695,1.0000
801696,1.0000
801697,1.0000
801698,1.0000
801699,1.0000
801700,1.0000
801702,1.0000
801705,1.0000
801706,1.0000
801707,1.0000
801709,1.0000
801710,1.0000
801711,1.0000
801713,1.0000
801715,1.0000
801716,1.0000
801718,1.0000
801719,1.0000
801720,1.0000
801721,1.0000
801722,1.0000
801723,1.0000
801725,1.0000
801727,1.0000
801728,1.0000
801729,1.0000
801730,1.0000
801732,1.0000
801733,1.0000
801736,1.0000
801737,1.0000
801739,1.0000
801740,1.0000
801741,1.0000
801743,1.0000
801744,1.0000
801745,1.0000
801746,1.0000
801747,1.0000
801748,1.0000
801749,1.0000
801752,1.0000
801753,1.0000
801754,1.0000
801755,1.0000
801756,1.0000
801757,1.0000
801758,1.0000
801759,1.0000
801760,1.0000
801761,1.0000
801762,1.0000
801763,1.0000
801765,1.0000
801768,1.0000
801769,1.0000
801770,1.0000
801771,1.0000
801772,1.0000
801773,1.0000
801774,1.0000
801775,1.0000
801778,1.0000
801779,1.0000
801780,1.0000
801781,1.0000
801782,1.0000
801783,1.0000
801784,1.0000
801785,1.0000
801786,1.0000
801787,1.0000
801789,1.0000
801790,1.0000
801791,1.0000
801792,1.0000
801793,1.0000
801794,1.0000
801795,1.0000
801797,1.0000
801798,1.0000
801799,1.0000
801801,1.0000
801802,1.0000
801803,1.0000
801804,1.0000
801805,1.0000
801807,1.0000
801808,1.0000
801809,1.0000
801810,1.0000
801811,1.0000
801813,1.0000
801814,1.0000
801815,1.0000
801816,1.0000
801818,1.0000
801819,1.0000
801820,1.0000
801822,1.0000
801823,1.0000
801824,1.0000
801826,1.0000
801827,1.0000
801828,1.0000
801829,1.0000
801833,1.0000
801834,1.0000
801835,1.0000
801836,1.0000
801838,1.0000
801840,1.0000
801841,1.0000
801843,1.0000
801844,1.0000
801845,1.0000
801848,1.0000
801849,1.0000
801851,1.0000
801852,1.0000
801853,1.0000
801854,1.0000
801855,1.0000
801856,1.0000
801857,1.0000
801858,1.0000
801859,1.0000
801860,1.0000
801861,1.0000
801863,1.0000
801865,1.0000
801867,1.0000
801869,1.0000
801870,1.0000
801871,1.0000
801872,1.0000
801873,1.0000
801875,1.0000
801876,1.0000
801879,1.0000
801880,1.0000
801882,1.0000
801883,1.0000
801884,1.0000
801885,1.0000
801886,1.0000
801888,1.0000
801889,1.0000
801890,1.0000
801892,1.0000
801893,1.0000
801894,1.0000
801895,1.0000
801896,1.0000
801899,1.0000
801901,1.0000
801902,1.0000
801904,1.0000
801906,1.0000
801907,1.0000
801909,1.0000
801910,1.0000
801911,1.0000
801912,1.0000
801913,1.0000
801915,1.0000
801916,1.0000
801917,1.0000
801918,1.0000
801919,1.0000
801920,1.0000
801921,1.0000
801922,1.0000
801924,1.0000
801927,1.0000
801930,1.0000
801933,1.0000
801935,1.0000
801936,1.0000
801937,1.0000
801938,1.0000
801939,1.0000
801940,1.0000
801941,1.0000
801942,1.0000
801943,1.0000
801944,1.0000
801945,1.0000
801946,1.0000
801947,1.0000
801949,1.0000
801950,1.0000
801951,1.0000
801952,1.0000
801953,1.0000
801954,1.0000
801956,1.0000
801957,1.0000
801958,1.0000
801959,1.0000
801960,1.0000
801961,1.0000
801962,1.0000
801964,1.0000
801965,1.0000
801966,1.0000
801969,1.0000
801970,1.0000
801973,1.0000
801974,1.0000
801975,1.0000
801976,1.0000
801977,1.0000
801979,1.0000
801981,1.0000
801982,1.0000
801984,1.0000
801985,1.0000
801987,1.0000
801988,1.0000
801989,1.0000
801990,1.0000
801992,1.0000
801993,1.0000
801994,1.0000
801995,1.0000
801996,1.0000
801998,1.0000
801999,1.0000
802000,1.0000
802001,1.0000
802002,1.0000
802003,1.0000
802004,1.0000
802005,1.0000
802006,1.0000
802007,1.0000
802008,1.0000
802009,1.0000
802010,1.0000
802011,1.0000
802012,1.0000
802013,1.0000
802015,1.0000
802016,1.0000
802017,1.0000
802018,1.0000
802019,1.0000
802020,1.0000
802021,1.0000
802022,1.0000
802024,1.0000
802025,1.0000
802026,1.0000
802028,1.0000
802029,1.0000
802030,1.0000
802035,1.0000
802036,1.0000
802037,1.0000
802038,1.0000
802039,1.0000
802041,1.0000
802043,1.0000
802044,1.0000
802046,1.0000
802047,1.0000
802049,1.0000
802051,1.0000
802053,1.0000
802055,1.0000
802056,1.0000
802060,1.0000
802062,1.0000
802063,1.0000
802065,1.0000
802067,1.0000
802068,1.0000
802069,1.0000
802071,1.0000
802072,1.0000
802074,1.0000
802075,1.0000
802079,1.0000
802080,1.0000
802081,1.0000
802082,1.0000
802083,1.0000
802085,1.0000
802086,1.0000
802087,1.0000
802089,1.0000
802090,1.0000
802092,1.0000
802093,1.0000
802096,1.0000
802097,1.0000
802099,1.0000
802100,1.0000
802101,1.0000
802102,1.0000
802104,1.0000
802106,1.0000
802107,1.0000
802108,1.0000
802110,1.0000
802112,1.0000
802114,1.0000
802115,1.0000
802116,1.0000
802117,1.0000
802118,1.0000
802120,1.0000
802124,1.0000
802125,1.0000
802126,1.0000
802127,1.0000
802128,1.0000
802129,1.0000
802130,1.0000
802132,1.0000
802134,1.0000
802135,1.0000
802136,1.0000
802137,1.0000
802138,1.0000
802139,1.0000
802140,1.0000
802142,1.0000
802143,1.0000
802145,1.0000
802147,1.0000
802148,1.0000
802151,1.0000
802152,1.0000
802153,1.0000
802154,1.0000
802155,1.0000
802156,1.0000
802160,1.0000
802162,1.0000
802163,1.0000
802164,1.0000
802166,1.0000
802167,1.0000
802168,1.0000
802169,1.0000
802172,1.0000
802173,1.0000
802174,1.0000
802175,1.0000
802177,1.0000
802178,1.0000
802180,1.0000
802181,1.0000
802182,1.0000
802183,1.0000
802184,1.0000
802185,1.0000
802187,1.0000
802188,1.0000
802189,1.0000
802190,1.0000
802191,1.0000
802192,1.0000
802193,1.0000
802194,1.0000
802196,1.0000
802197,1.0000
802199,1.0000
802200,1.0000
802201,1.0000
802204,1.0000
802205,1.0000
802206,1.0000
802207,1.0000
802209,1.0000
802210,1.0000
802212,1.0000
802213,1.0000
802214,1.0000
802215,1.0000
802217,1.0000
802219,1.0000
802220,1.0000
802221,1.0000
802222,1.0000
802223,1.0000
802224,1.0000
802226,1.0000
802230,1.0000
802231,1.0000
802232,1.0000
802233,1.0000
802235,1.0000
802236,1.0000
802237,1.0000
802238,1.0000
802239,1.0000
802240,1.0000
802241,1.0000
802242,1.0000
802244,1.0000
802245,1.0000
802246,1.0000
802248,1.0000
802249,1.0000
802251,1.0000
802252,1.0000
802253,1.0000
802254,1.0000
802257,1.0000
802258,1.0000
802259,1.0000
802260,1.0000
802261,1.0000
802263,1.0000
802269,1.0000
802270,1.0000
802272,1.0000
802273,1.0000
802274,1.0000
802276,1.0000
802277,1.0000
802279,1.0000
802282,1.0000
802283,1.0000
802284,1.0000
802286,1.0000
802287,1.0000
802288,1.0000
802289,1.0000
802290,1.0000
802291,1.0000
802292,1.0000
802294,1.0000
802295,3.2857
802296,1.0000
802297,1.0000
802300,1.0000
802303,1.0000
802304,1.0000
802306,1.0000
802307,1.0000
802308,1.0000
802309,1.0000
802310,1.0000
802311,1.0000
802312,1.0000
802314,1.0000
802315,1.0000
802316,1.0000
802317,1.0000
802319,1.0000
802322,1.0000
802323,1.0000
802324,1.0000
802325,1.0000
802327,1.0000
802328,1.0000
802329,1.0000
802330,1.0000
802331,1.0000
802334,1.0000
802335,1.0000
802336,1.0000
802337,1.0000
802338,1.0000
802341,1.0000
802344,1.0000
802346,1.0000
802348,1.0000
802350,1.0000
802352,1.0000
802354,1.0000
802355,1.0000
802356,1.0000
802358,1.0000
802359,1.0000
802360,1.0000
802361,1.0000
802362,1.0000
802363,1.0000
802364,1.0000
802365,1.0000
802366,1.0000
802367,1.0000
802368,1.0000
802370,1.0000
802371,1.0000
802372,1.0000
802373,1.0000
802374,1.0000
802375,1.0000
802376,1.0000
802377,1.0000
802378,1.0000
802380,1.0000
802381,1.0000
802382,1.0000
802383,1.0000
802384,1.0000
802385,1.0000
802386,1.0000
802387,1.0000
802390,1.0000
802391,1.0000
802392,1.0000
802393,1.0000
802395,1.0000
802396,1.0000
802398,1.0000
802399,1.0000
802400,1.0000
802401,1.0000
802402,1.0000
802403,1.0000
802404,1.0000
802405,1.0000
802406,1.0000
802407,1.0000
802408,1.0000
802409,1.0000
802410,1.0000
802411,1.0000
802413,1.0000
802415,1.0000
802416,1.0000
802417,1.0000
802418,1.0000
802419,1.0000
802420,1.0000
802421,1.0000
802422,1.0000
802423,1.0000
802424,1.0000
802425,1.0000
802426,1.0000
802428,1.0000
802429,1.0000
802430,1.0000
802431,1.0000
802432,1.0000
802433,1.0000
802434,1.0000
802438,1.0000
802440,1.0000
802442,1.0000
802443,1.0000
802444,1.0000
802445,1.0000
802446,1.0000
802447,1.0000
802448,1.0000
802450,1.0000
802452,1.0000
802453,1.0000
802455,1.0000
802458,1.0000
802460,1.0000
802461,1.0000
802462,1.0000
802463,1.0000
802464,1.0000
802465,1.0000
802467,1.0000
802468,1.0000
802469,1.0000
802470,1.0000
802471,1.0000
802472,1.0000
802473,1.0000
802476,1.0000
802477,1.0000
802478,1.0000
802480,1.0000
802481,1.0000
802482,1.0000
802483,1.0000
802485,1.0000
802486,1.0000
802487,1.0000
802488,1.0000
802489,1.0000
802490,1.0000
802491,1.0000
802492,1.0000
802493,1.0000
802494,1.0000
802495,1.0000
802497,1.0000
802498,1.0000
802499,1.0000
802500,1.0000
802505,1.0000
802506,1.0000
802507,1.0000
802508,1.0000
802509,1.0000
802510,1.0000
802514,1.0000
802516,1.0000
802517,1.0000
802518,1.0000
802520,1.0000
802521,1.0000
802523,1.0000
802524,1.0000
802525,1.0000
802526,1.0000
802527,1.0000
802528,1.0000
802529,1.0000
802531,1.0000
802533,1.0000
802534,1.0000
802535,1.0000
802536,1.0000
802538,1.0000
802540,1.0000
802541,1.0000
802542,1.0000
802543,1.0000
802544,1.0000
802546,1.0000
802548,1.0000
802549,1.0000
802551,1.0000
802552,1.0000
802553,1.0000
802554,1.0000
802555,1.0000
802556,1.0000
802557,1.0000
802558,1.0000
802559,1.0000
802561,1.0000
802562,1.0000
802563,1.0000
802564,1.0000
802565,1.0000
802566,1.0000
802567,1.0000
802568,1.0000
802569,1.0000
802571,1.0000
802573,1.0000
802574,1.0000
802575,1.0000
802578,1.0000
802579,1.0000
802580,1.0000
802582,1.0000
802583,1.0000
802584,1.0000
802586,1.0000
802587,1.0000
802588,1.0000
802590,1.0000
802593,1.0000
802594,1.0000
802595,1.0000
802596,1.0000
802597,1.0000
802598,1.0000
802599,1.0000
802600,1.0000
802601,1.0000
802603,1.0000
802604,1.0000
802605,1.0000
802606,1.0000
802609,1.0000
802610,1.0000
802611,1.0000
802612,1.0000
802613,1.0000
802614,1.0000
802615,1.0000
802616,1.0000
802619,1.0000
802621,1.0000
802622,1.0000
802623,1.0000
802624,1.0000
802625,1.0000
802627,1.0000
802629,1.0000
802630,1.0000
802632,1.0000
802633,1.0000
802634,1.0000
802636,1.0000
802637,1.0000
802638,1.0000
802639,1.0000
802640,1.0000
802643,1.0000
802644,1.0000
802645,1.0000
802647,1.0000
802648,1.0000
802650,1.0000
802651,1.0000
802652,1.0000
802654,1.0000
802655,1.0000
802656,1.0000
802658,1.0000
802659,1.0000
802660,1.0000
802661,1.0000
802662,1.0000
802663,1.0000
802664,1.0000
802667,1.0000
802668,1.0000
802669,1.0000
802670,1.0000
802672,1.0000
802673,1.0000
802674,1.0000
802675,1.0000
802676,1.0000
802677,1.0000
802678,1.0000
802680,1.0000
802681,1.0000
802683,1.0000
802684,1.0000
802689,1.0000
802690,1.0000
802691,1.0000
802693,1.0000
802694,1.0000
802695,1.0000
802696,1.0000
802697,1.0000
802700,1.0000
802701,1.0000
802702,1.0000
802704,1.0000
802705,1.0000
802706,1.0000
802708,1.0000
802709,1.0000
802711,1.0000
802712,1.0000
802714,1.0000
802715,1.0000
802716,1.0000
802717,1.0000
802718,1.0000
802719,1.0000
802720,1.0000
802722,1.0000
802723,1.0000
802724,1.0000
802725,1.0000
802727,1.0000
802729,1.0000
802730,1.0000
802731,1.0000
802732,1.0000
802733,1.0000
802734,1.0000
802735,1.0000
802736,1.0000
802738,1.0000
802739,1.0000
802740,1.0000
802741,1.0000
802742,1.0000
802743,1.0000
802744,1.0000
802745,1.0000
802747,1.0000
802748,1.0000
802749,1.0000
802750,1.0000
802751,1.0000
802753,1.0000
802755,1.0000
802756,1.0000
802757,1.0000
802758,1.0000
802759,1.0000
802760,1.0000
802761,1.0000
802762,1.0000
802764,1.0000
802765,1.0000
802766,1.0000
802768,1.0000
802769,1.0000
802775,1.0000
802776,1.0000
802777,1.0000
802778,1.0000
802779,1.0000
802780,1.0000
802781,1.0000
802782,1.0000
802783,1.0000
802784,1.0000
802786,1.0000
802789,1.0000
802790,1.0000
802792,1.0000
802793,1.0000
802795,1.0000
802798,1.0000
802799,1.0000
802800,1.0000
802801,1.0000
802802,1.0000
802803,1.0000
802804,1.0000
802805,1.0000
802806,1.0000
802809,1.0000
802810,1.0000
802811,1.0000
802812,1.0000
802813,1.0000
802814,1.0000
802817,1.0000
802818,1.0000
802820,1.0000
802821,1.0000
802825,1.0000
802827,1.0000
802828,1.0000
802829,1.0000
802830,1.0000
802831,1.0000
802833,1.0000
802834,1.0000
802835,1.0000
802836,1.0000
802837,1.0000
802838,1.0000
802841,1.0000
802842,1.0000
802843,1.0000
802844,1.0000
802845,1.0000
802846,1.0000
802848,1.0000
802849,1.0000
802850,1.0000
802852,1.0000
802853,1.0000
802854,1.0000
802855,1.0000
802858,1.0000
802859,1.0000
802860,1.0000
802863,1.0000
802864,1.0000
802866,1.0000
802868,1.0000
802869,1.0000
802871,1.0000
802872,1.0000
802873,1.0000
802876,1.0000
802877,1.0000
802878,1.0000
802879,1.0000
802880,1.0000
802882,1.0000
802883,1.0000
802884,1.0000
802886,1.0000
802887,1.0000
802888,1.0000
802889,1.0000
802891,1.0000
802892,1.0000
802893,1.0000
802894,1.0000
802895,1.0000
802896,1.0000
802897,1.0000
802898,1.0000
802899,1.0000
802901,1.0000
802902,1.0000
802903,1.0000
802904,1.0000
802905,1.0000
802906,1.0000
802907,1.0000
802908,1.0000
802909,1.0000
802910,1.0000
802911,1.0000
802912,1.0000
802913,1.0000
802914,1.0000
802915,1.0000
802916,1.0000
802917,1.0000
802918,1.0000
802923,1.0000
802924,1.0000
802925,1.0000
802927,1.0000
802929,1.0000
802930,1.0000
802931,1.0000
802932,1.0000
802933,1.0000
802935,1.0000
802937,1.0000
802938,1.0000
802939,1.0000
802941,1.0000
802942,1.0000
802944,1.0000
802945,1.0000
802948,1.0000
802949,1.0000
802950,1.0000
802951,1.0000
802952,1.0000
802953,1.0000
802954,1.0000
802955,1.0000
802956,1.0000
802957,1.0000
802958,1.0000
802959,1.0000
802960,1.0000
802961,1.0000
802963,1.0000
802964,1.0000
802968,1.0000
802971,1.0000
802972,1.0000
802973,1.0000
802975,1.0000
802976,1.0000
802977,1.0000
802979,1.0000
802980,1.0000
802983,1.0000
802984,1.0000
802985,1.0000
802986,1.0000
802987,1.0000
802988,1.0000
802989,1.0000
802990,1.0000
802991,1.0000
802993,1.0000
802994,1.0000
802995,1.0000
802996,1.0000
802998,1.0000
802999,1.0000
803000,1.0000
803001,1.0000
803004,1.0000
803005,1.0000
803006,1.0000
803007,1.0000
803008,1.0000
803009,1.0000
803010,1.0000
803011,1.0000
803012,1.0000
803013,1.0000
803014,1.0000
803015,1.0000
803016,1.0000
803017,1.0000
803018,1.0000
803020,1.0000
803021,1.0000
803022,1.0000
803023,1.0000
803024,1.0000
803025,1.0000
803027,1.0000
803029,1.0000
803030,1.0000
803031,1.0000
803032,1.0000
803033,1.0000
803034,1.0000
803035,1.0000
803036,1.0000
803037,1.0000
803038,1.0000
803039,1.0000
803040,1.0000
803041,1.0000
803042,1.0000
803043,1.0000
803046,1.0000
803047,1.0000
803048,1.0000
803049,1.0000
803050,1.0000
803052,1.0000
803053,1.0000
803054,1.0000
803055,1.0000
803058,1.0000
803059,1.0000
803060,1.0000
803061,1.0000
803062,1.0000
803063,1.0000
803064,1.0000
803066,1.0000
803068,1.0000
803069,1.0000
803070,1.0000
803071,1.0000
803072,3.2857
803073,1.0000
803074,1.0000
803075,1.0000
803076,1.0000
803077,1.0000
803079,1.0000
803082,1.0000
803083,1.0000
803084,1.0000
803085,1.0000
803086,1.0000
803087,1.0000
803088,1.0000
803089,1.0000
803092,1.0000
803093,1.0000
803094,1.0000
803095,1.0000
803098,1.0000
803100,1.0000
803101,1.0000
803102,1.0000
803104,1.0000
803105,1.0000
803106,1.0000
803107,1.0000
803108,1.0000
803109,1.0000
803110,1.0000
803111,1.0000
803113,1.0000
803114,1.0000
803115,1.0000
803118,1.0000
803119,1.0000
803120,1.0000
803121,1.0000
803122,1.0000
803123,1.0000
803124,1.0000
803126,1.0000
803127,1.0000
803128,1.0000
803129,1.0000
803130,1.0000
803132,1.0000
803133,1.0000
803135,1.0000
803136,1.0000
803137,1.0000
803138,1.0000
803139,1.0000
803140,1.0000
803141,1.0000
803142,1.0000
803143,1.0000
803144,1.0000
803146,1.0000
803147,3.2857
803149,1.0000
803150,1.0000
803153,1.0000
803154,1.0000
803156,1.0000
803157,1.0000
803158,1.0000
803160,1.0000
803163,1.0000
803164,1.0000
803165,1.0000
803166,1.0000
803167,1.0000
803168,1.0000
803169,1.0000
803172,1.0000
803173,1.0000
803174,1.0000
803175,1.0000
803176,1.0000
803177,1.0000
803178,1.0000
803179,1.0000
803180,1.0000
803181,1.0000
803182,1.0000
803183,1.0000
803184,1.0000
803185,1.0000
803186,1.0000
803187,1.0000
803188,1.0000
803189,1.0000
803190,1.0000
803192,1.0000
803193,1.0000
803195,1.0000
803196,1.0000
803197,1.0000
803198,1.0000
803200,1.0000
803201,1.0000
803202,1.0000
803203,1.0000
803204,1.0000
803205,1.0000
803206,1.0000
803207,1.0000
803208,1.0000
803209,1.0000
803210,1.0000
803211,1.0000
803212,1.0000
803213,1.0000
803215,1.0000
803216,1.0000
803217,1.0000
803218,1.0000
803219,1.0000
803221,1.0000
803222,1.0000
803223,1.0000
803224,1.0000
803226,1.0000
803227,1.0000
803228,1.0000
803229,1.0000
803230,1.0000
803231,1.0000
803232,1.0000
803233,1.0000
803234,1.0000
803235,1.0000
803237,1.0000
803238,1.0000
803239,1.0000
803240,1.0000
803241,1.0000
803242,1.0000
803243,1.0000
803244,1.0000
803245,1.0000
803246,1.0000
803247,1.0000
803248,1.0000
803249,1.0000
803251,1.0000
803252,1.0000
803253,1.0000
803255,1.0000
803256,1.0000
803257,1.0000
803258,1.0000
803259,1.0000
803261,1.0000
803262,1.0000
803263,1.0000
803264,1.0000
803265,1.0000
803266,1.0000
803267,1.0000
803268,1.0000
803269,1.0000
803270,1.0000
803273,1.0000
803274,1.0000
803276,1.0000
803277,1.0000
803278,1.0000
803280,1.0000
803283,1.0000
803286,1.0000
803287,1.0000
803288,1.0000
803289,1.0000
803290,1.0000
803291,1.0000
803292,1.0000
803293,1.0000
803294,1.0000
803299,1.0000
803300,1.0000
803301,1.0000
803302,1.0000
803303,1.0000
803304,1.0000
803305,1.0000
803306,1.0000
803308,1.0000
803309,1.0000
803310,1.0000
803311,1.0000
803312,1.0000
803313,1.0000
803314,1.0000
803315,1.0000
803316,1.0000
803317,1.0000
803318,1.0000
803319,1.0000
803320,1.0000
803321,1.0000
803322,1.0000
803323,1.0000
803324,1.0000
803325,1.0000
803326,1.0000
803327,1.0000
803328,1.0000
803329,1.0000
803330,1.0000
803332,1.0000
803333,1.0000
803335,1.0000
803337,1.0000
803338,1.0000
803339,1.0000
803340,1.0000
803341,1.0000
803342,1.0000
803344,1.0000
803345,1.0000
803346,1.0000
803347,1.0000
803348,1.0000
803352,1.0000
803353,1.0000
803354,1.0000
803355,1.0000
803356,1.0000
803360,1.0000
803363,1.0000
803364,1.0000
803365,1.0000
803366,1.0000
803367,1.0000
803370,1.0000
803371,1.0000
803372,1.0000
803374,1.0000
803375,1.0000
803376,1.0000
803377,1.0000
803378,1.0000
803380,1.0000
803381,1.0000
803382,1.0000
803384,1.0000
803385,1.0000
803387,1.0000
803388,1.0000
803389,1.0000
803390,1.0000
803391,1.0000
803393,1.0000
803394,1.0000
803395,1.0000
803396,1.0000
803397,1.0000
803399,1.0000
803401,1.0000
803404,1.0000
803405,1.0000
803406,1.0000
803407,1.0000
803410,1.0000
803411,1.0000
803412,1.0000
803415,1.0000
803417,1.0000
803418,1.0000
803420,1.0000
803421,1.0000
803422,1.0000
803423,1.0000
803424,1.0000
803425,1.0000
803426,1.0000
803427,1.0000
803428,1.0000
803429,1.0000
803430,1.0000
803431,1.0000
803432,1.0000
803433,1.0000
803435,1.0000
803438,1.0000
803439,1.0000
803440,1.0000
803441,1.0000
803442,1.0000
803444,1.0000
803445,1.0000
803446,1.0000
803447,1.0000
803448,1.0000
803449,1.0000
803450,1.0000
803451,1.0000
803452,1.0000
803453,1.0000
803454,1.0000
803455,1.0000
803456,1.0000
803457,1.0000
803458,1.0000
803460,1.0000
803461,1.0000
803463,1.0000
803465,1.0000
803466,1.0000
803467,1.0000
803468,1.0000
803469,1.0000
803470,1.0000
803471,1.0000
803473,1.0000
803475,1.0000
803476,1.0000
803477,1.0000
803478,1.0000
803480,1.0000
803483,1.0000
803484,1.0000
803485,1.0000
803488,1.0000
803489,1.0000
803490,1.0000
803492,1.0000
803493,1.0000
803496,1.0000
803497,1.0000
803499,1.0000
803500,1.0000
803501,1.0000
803502,1.0000
803503,1.0000
803504,1.0000
803505,1.0000
803507,1.0000
803509,1.0000
803511,1.0000
803512,1.0000
803513,1.0000
803514,1.0000
803515,1.0000
803516,1.0000
803517,1.0000
803518,1.0000
803519,1.0000
803520,1.0000
803521,1.0000
803522,1.0000
803523,1.0000
803524,1.0000
803525,1.0000
803526,1.0000
803527,1.0000
803528,1.0000
803529,1.0000
803531,1.0000
803533,1.0000
803534,1.0000
803535,1.0000
803537,1.0000
803538,1.0000
803540,1.0000
803541,1.0000
803544,1.0000
803549,1.0000
803552,1.0000
803553,1.0000
803554,1.0000
803555,1.0000
803558,1.0000
803560,1.0000
803561,1.0000
803562,1.0000
803563,1.0000
803564,1.0000
803566,1.0000
803567,1.0000
803568,1.0000
803570,1.0000
803572,1.0000
803574,1.0000
803575,1.0000
803576,1.0000
803577,1.0000
803579,1.0000
803580,1.0000
803581,1.0000
803582,1.0000
803583,1.0000
803584,1.0000
803585,1.0000
803586,1.0000
803587,1.0000
803588,1.0000
803589,1.0000
803590,1.0000
803591,1.0000
803592,1.0000
803593,1.0000
803594,1.0000
803595,1.0000
803597,1.0000
803598,1.0000
803599,1.0000
803600,1.0000
803601,1.0000
803603,1.0000
803605,1.0000
803606,1.0000
803607,1.0000
803608,1.0000
803609,1.0000
803610,1.0000
803611,1.0000
803612,1.0000
803613,1.0000
803614,1.0000
803615,1.0000
803618,1.0000
803619,1.0000
803620,1.0000
803621,1.0000
803623,1.0000
803624,1.0000
803625,1.0000
803626,1.0000
803627,1.0000
803628,1.0000
803629,1.0000
803630,1.0000
803631,1.0000
803632,1.0000
803633,1.0000
803634,1.0000
803635,1.0000
803636,1.0000
803637,1.0000
803641,1.0000
803642,1.0000
803643,1.0000
803644,1.0000
803645,1.0000
803646,1.0000
803647,1.0000
803648,1.0000
803650,1.0000
803652,1.0000
803653,1.0000
803654,1.0000
803655,1.0000
803657,1.0000
803658,1.0000
803659,1.0000
803660,1.0000
803661,1.0000
803664,1.0000
803666,1.0000
803668,1.0000
803670,1.0000
803671,1.0000
803673,1.0000
803674,1.0000
803675,1.0000
803676,1.0000
803678,1.0000
803679,1.0000
803680,1.0000
803681,1.0000
803682,1.0000
803683,1.0000
803684,1.0000
803685,1.0000
803687,1.0000
803688,1.0000
803689,1.0000
803690,1.0000
803691,1.0000
803694,1.0000
803696,1.0000
803698,1.0000
803699,1.0000
803700,1.0000
803702,1.0000
803703,1.0000
803704,1.0000
803705,1.0000
803706,1.0000
803709,1.0000
803710,1.0000
803712,1.0000
803713,1.0000
803714,1.0000
803717,1.0000
803718,1.0000
803719,1.0000
803720,1.0000
803721,1.0000
803722,1.0000
803724,1.0000
803726,1.0000
803727,1.0000
803729,1.0000
803731,1.0000
803732,1.0000
803733,1.0000
803734,1.0000
803735,1.0000
803736,1.0000
803737,1.0000
803738,1.0000
803739,1.0000
803740,1.0000
803741,1.0000
803742,1.0000
803743,1.0000
803744,1.0000
803745,1.0000
803746,1.0000
803747,1.0000
803748,1.0000
803749,1.0000
803750,1.0000
803754,1.0000
803756,1.0000
803757,1.0000
803758,1.0000
803759,1.0000
803760,1.0000
803761,1.0000
803762,1.0000
803763,1.0000
803764,1.0000
803765,1.0000
803766,1.0000
803767,1.0000
803768,1.0000
803769,1.0000
803770,1.0000
803771,1.0000
803772,1.0000
803773,1.0000
803774,1.0000
803775,1.0000
803776,1.0000
803777,1.0000
803779,1.0000
803780,1.0000
803781,1.0000
803782,1.0000
803785,1.0000
803788,1.0000
803790,1.0000
803791,1.0000
803792,1.0000
803793,1.0000
803794,1.0000
803795,1.0000
803797,1.0000
803798,1.0000
803799,1.0000
803800,1.0000
803802,1.0000
803803,1.0000
803804,1.0000
803805,1.0000
803806,1.0000
803807,1.0000
803808,1.0000
803811,1.0000
803812,1.0000
803813,1.0000
803814,1.0000
803815,1.0000
803817,1.0000
803818,1.0000
803821,1.0000
803822,1.0000
803823,1.0000
803824,1.0000
803825,1.0000
803826,1.0000
803828,1.0000
803829,1.0000
803830,1.0000
803831,1.0000
803833,1.0000
803834,1.0000
803836,1.0000
803838,1.0000
803839,1.0000
803840,1.0000
803841,1.0000
803842,1.0000
803843,1.0000
803846,1.0000
803847,1.0000
803848,1.0000
803849,1.0000
803850,1.0000
803851,1.0000
803852,1.0000
803854,1.0000
803855,1.0000
803856,1.0000
803857,1.0000
803859,1.0000
803860,1.0000
803861,1.0000
803863,1.0000
803864,1.0000
803865,1.0000
803866,1.0000
803868,1.0000
803869,1.0000
803870,1.0000
803871,1.0000
803873,1.0000
803874,1.0000
803875,1.0000
803876,1.0000
803880,1.0000
803881,1.0000
803882,1.0000
803883,1.0000
803884,1.0000
803885,1.0000
803886,1.0000
803887,1.0000
803888,1.0000
803889,1.0000
803890,1.0000
803891,1.0000
803893,1.0000
803894,1.0000
803895,1.0000
803896,1.0000
803897,1.0000
803899,1.0000
803900,1.0000
803901,1.0000
803902,1.0000
803903,1.0000
803904,1.0000
803905,1.0000
803906,1.0000
803907,1.0000
803910,1.0000
803911,1.0000
803912,1.0000
803913,1.0000
803914,1.0000
803917,1.0000
803918,1.0000
803919,1.0000
803920,1.0000
803921,1.0000
803922,1.0000
803924,1.0000
803925,1.0000
803926,1.0000
803928,1.0000
803929,1.0000
803930,1.0000
803931,1.0000
803932,1.0000
803933,1.0000
803934,1.0000
803935,1.0000
803937,1.0000
803938,1.0000
803939,1.0000
803940,1.0000
803941,1.0000
803943,1.0000
803944,1.0000
803945,1.0000
803946,1.0000
803947,1.0000
803948,1.0000
803950,1.0000
803951,1.0000
803952,1.0000
803953,1.0000
803954,1.0000
803955,1.0000
803956,1.0000
803957,1.0000
803958,1.0000
803959,1.0000
803961,1.0000
803963,1.0000
803964,1.0000
803966,1.0000
803967,1.0000
803968,1.0000
803970,1.0000
803971,1.0000
803972,1.0000
803974,1.0000
803975,1.0000
803976,1.0000
803977,1.0000
803978,1.0000
803979,1.0000
803980,1.0000
803981,1.0000
803982,1.0000
803983,1.0000
803984,1.0000
803986,1.0000
803987,1.0000
803988,1.0000
803989,1.0000
803990,1.0000
803991,1.0000
803992,1.0000
803994,1.0000
803995,1.0000
803996,1.0000
803997,1.0000
803998,1.0000
803999,1.0000
804000,1.0000
804001,1.0000
804002,1.0000
804003,1.0000
804004,1.0000
804005,1.0000
804006,1.0000
804007,1.0000
804009,1.0000
804010,1.0000
804011,1.0000
804012,1.0000
804014,1.0000
804015,1.0000
804016,1.0000
804017,1.0000
804018,1.0000
804019,1.0000
804020,1.0000
804022,1.0000
804023,1.0000
804024,1.0000
804025,1.0000
804026,1.0000
804027,1.0000
804028,1.0000
804031,1.0000
804032,1.0000
804033,1.0000
804034,1.0000
804035,1.0000
804036,1.0000
804037,1.0000
804038,1.0000
804040,1.0000
804041,1.0000
804042,1.0000
804043,1.0000
804044,1.0000
804045,1.0000
804046,1.0000
804047,1.0000
804050,1.0000
804051,1.0000
804052,1.0000
804053,1.0000
804054,1.0000
804055,1.0000
804056,1.0000
804057,1.0000
804058,1.0000
804060,1.0000
804062,1.0000
804063,1.0000
804064,1.0000
804065,1.0000
804067,1.0000
804068,1.0000
804069,1.0000
804070,1.0000
804071,1.0000
804072,1.0000
804073,1.0000
804074,1.0000
804076,1.0000
804077,1.0000
804078,1.0000
804079,1.0000
804080,1.0000
804081,1.0000
804082,1.0000
804084,1.0000
804085,1.0000
804086,1.0000
804088,1.0000
804089,1.0000
804090,1.0000
804091,1.0000
804092,1.0000
804093,1.0000
804094,1.0000
804097,1.0000
804098,1.0000
804100,1.0000
804103,1.0000
804104,1.0000
804106,1.0000
804107,1.0000
804109,1.0000
804110,1.0000
804111,1.0000
804112,1.0000
804113,1.0000
804114,1.0000
804115,1.0000
804116,1.0000
804117,1.0000
804118,1.0000
804119,1.0000
804120,1.0000
804122,1.0000
804124,1.0000
804127,1.0000
804128,1.0000
804129,1.0000
804131,1.0000
804132,1.0000
804133,1.0000
804134,1.0000
804135,1.0000
804136,1.0000
804137,1.0000
804138,1.0000
804140,1.0000
804141,1.0000
804142,1.0000
804144,1.0000
804145,1.0000
804146,1.0000
804147,1.0000
804148,1.0000
804149,1.0000
804150,1.0000
804151,1.0000
804152,1.0000
804154,1.0000
804156,1.0000
804158,1.0000
804159,1.0000
804160,1.0000
804161,1.0000
804162,1.0000
804163,1.0000
804164,1.0000
804165,1.0000
804167,1.0000
804168,1.0000
804169,1.0000
804170,1.0000
804171,1.0000
804173,1.0000
804174,1.0000
804175,1.0000
804176,1.0000
804177,1.0000
804178,1.0000
804179,1.0000
804180,1.0000
804181,1.0000
804182,1.0000
804183,1.0000
804184,1.0000
804185,1.0000
804186,1.0000
804187,1.0000
804188,1.0000
804189,1.0000
804190,1.0000
804191,1.0000
804192,1.0000
804193,1.0000
804194,1.0000
804195,1.0000
804197,1.0000
804198,1.0000
804200,1.0000
804201,1.0000
804202,1.0000
804204,1.0000
804205,1.0000
804208,1.0000
804209,1.0000
804210,1.0000
804211,1.0000
804212,1.0000
804214,1.0000
804215,1.0000
804216,1.0000
804217,1.0000
804218,1.0000
804219,1.0000
804220,1.0000
804221,1.0000
804222,1.0000
804223,1.0000
804224,1.0000
804227,1.0000
804228,1.0000
804230,1.0000
804231,1.0000
804232,1.0000
804233,1.0000
804234,1.0000
804235,1.0000
804236,1.0000
804238,1.0000
804241,1.0000
804242,1.0000
804243,1.0000
804244,1.0000
804245,1.0000
804246,1.0000
804249,1.0000
804250,1.0000
804251,1.0000
804252,1.0000
804253,1.0000
804254,1.0000
804255,1.0000
804256,1.0000
804257,1.0000
804258,1.0000
804259,1.0000
804260,1.0000
804261,1.0000
804263,1.0000
804264,1.0000
804266,1.0000
804267,1.0000
804268,1.0000
804269,1.0000
804271,1.0000
804272,1.0000
804274,1.0000
804275,1.0000
804279,1.0000
804282,1.0000
804283,1.0000
804284,1.0000
804285,1.0000
804287,1.0000
804288,1.0000
804289,1.0000
804290,1.0000
804292,1.0000
804293,1.0000
804294,1.0000
804295,1.0000
804296,1.0000
804297,1.0000
804298,1.0000
804299,1.0000
804301,1.0000
804303,1.0000
804304,1.0000
804306,1.0000
804307,1.0000
804309,1.0000
804311,1.0000
804312,1.0000
804313,1.0000
804316,1.0000
804317,1.0000
804320,1.0000
804321,1.0000
804322,1.0000
804323,1.0000
804325,1.0000
804326,1.0000
804327,1.0000
804328,1.0000
804329,1.0000
804330,1.0000
804331,1.0000
804333,1.0000
804334,1.0000
804335,1.0000
804336,1.0000
804337,1.0000
804338,1.0000
804340,1.0000
804343,1.0000
804344,1.0000
804345,1.0000
804347,1.0000
804348,1.0000
804350,1.0000
804351,1.0000
804352,1.0000
804353,1.0000
804355,1.0000
804356,1.0000
804357,1.0000
804358,1.0000
804359,1.0000
804360,1.0000
804361,1.0000
804363,1.0000
804364,1.0000
804368,1.0000
804370,1.0000
804371,1.0000
804372,1.0000
804373,1.0000
804374,1.0000
804376,1.0000
804377,1.0000
804378,1.0000
804379,1.0000
804380,1.0000
804382,1.0000
804383,1.0000
804384,1.0000
804385,1.0000
804386,1.0000
804387,1.0000
804388,1.0000
804389,1.0000
804391,1.0000
804392,1.0000
804394,1.0000
804395,1.0000
804396,1.0000
804398,1.0000
804399,1.0000
804400,1.0000
804401,1.0000
804402,1.0000
804403,1.0000
804404,1.0000
804405,3.2857
804406,1.0000
804407,1.0000
804409,1.0000
804410,1.0000
804411,1.0000
804412,1.0000
804413,1.0000
804414,1.0000
804415,1.0000
804416,1.0000
804418,1.0000
804419,1.0000
804420,1.0000
804421,1.0000
804422,1.0000
804424,1.0000
804425,1.0000
804426,1.0000
804427,1.0000
804428,1.0000
804429,1.0000
804430,1.0000
804431,1.0000
804432,1.0000
804433,1.0000
804434,1.0000
804435,1.0000
804436,1.0000
804438,1.0000
804439,1.0000
804440,1.0000
804441,1.0000
804442,1.0000
804443,1.0000
804444,1.0000
804445,1.0000
804446,1.0000
804447,1.0000
804448,1.0000
804449,1.0000
804451,1.0000
804452,1.0000
804453,1.0000
804454,1.0000
804455,1.0000
804456,1.0000
804457,1.0000
804458,1.0000
804460,1.0000
804462,1.0000
804463,1.0000
804464,1.0000
804465,1.0000
804466,1.0000
804467,1.0000
804468,1.0000
804469,1.0000
804470,1.0000
804471,1.0000
804472,1.0000
804473,1.0000
804474,1.0000
804475,1.0000
804476,1.0000
804478,1.0000
804479,1.0000
804480,1.0000
804481,1.0000
804482,1.0000
804483,1.0000
804485,1.0000
804486,1.0000
804489,1.0000
804490,1.0000
804491,1.0000
804492,1.0000
804494,1.0000
804495,1.0000
804496,1.0000
804497,1.0000
804498,1.0000
804499,1.0000
804500,1.0000
804501,1.0000
804502,1.0000
804503,1.0000
804504,1.0000
804505,1.0000
804506,1.0000
804507,1.0000
804508,1.0000
804510,1.0000
804511,1.0000
804512,1.0000
804513,1.0000
804514,1.0000
804516,1.0000
804518,1.0000
804519,1.0000
804520,1.0000
804521,1.0000
804523,1.0000
804524,1.0000
804525,1.0000
804527,1.0000
804528,1.0000
804529,1.0000
804530,1.0000
804532,1.0000
804533,1.0000
804535,1.0000
804536,1.0000
804538,1.0000
804539,1.0000
804540,1.0000
804541,1.0000
804542,1.0000
804545,1.0000
804546,1.0000
804547,1.0000
804550,1.0000
804551,1.0000
804552,1.0000
804553,1.0000
804555,1.0000
804556,1.0000
804557,1.0000
804558,1.0000
804559,1.0000
804561,1.0000
804562,1.0000
804563,1.0000
804564,1.0000
804566,1.0000
804567,1.0000
804569,1.0000
804570,1.0000
804572,1.0000
804573,1.0000
804574,1.0000
804575,1.0000
804577,1.0000
804578,1.0000
804579,1.0000
804581,1.0000
804582,1.0000
804583,1.0000
804584,1.0000
804585,1.0000
804586,1.0000
804587,1.0000
804588,1.0000
804589,1.0000
804591,1.0000
804592,1.0000
804593,1.0000
804594,1.0000
804596,1.0000
804597,1.0000
804599,1.0000
804600,1.0000
804601,1.0000
804603,1.0000
804604,1.0000
804605,1.0000
804606,1.0000
804607,1.0000
804608,1.0000
804609,1.0000
804610,1.0000
804612,1.0000
804613,1.0000
804614,1.0000
804617,1.0000
804619,1.0000
804622,1.0000
804623,1.0000
804624,1.0000
804625,1.0000
804626,1.0000
804627,1.0000
804628,1.0000
804629,1.0000
804630,1.0000
804631,1.0000
804632,1.0000
804633,1.0000
804634,1.0000
804636,1.0000
804637,1.0000
804638,1.0000
804639,1.0000
804640,1.0000
804642,1.0000
804643,1.0000
804644,1.0000
804645,1.0000
804646,1.0000
804647,1.0000
804649,1.0000
804650,1.0000
804653,1.0000
804654,1.0000
804655,1.0000
804656,1.0000
804657,1.0000
804659,1.0000
804660,1.0000
804662,1.0000
804663,1.0000
804664,1.0000
804665,1.0000
804666,1.0000
804667,1.0000
804668,1.0000
804671,1.0000
804672,1.0000
804673,1.0000
804674,1.0000
804675,1.0000
804676,1.0000
804677,1.0000
804678,1.0000
804679,1.0000
804680,1.0000
804681,1.0000
804682,1.0000
804684,1.0000
804685,1.0000
804686,1.0000
804687,1.0000
804688,1.0000
804689,1.0000
804691,1.0000
804694,1.0000
804695,1.0000
804696,1.0000
804697,1.0000
804698,1.0000
804700,1.0000
804701,1.0000
804704,1.0000
804706,1.0000
804707,1.0000
804708,1.0000
804709,1.0000
804710,1.0000
804711,1.0000
804712,1.0000
804715,1.0000
804716,1.0000
804717,1.0000
804718,1.0000
804719,1.0000
804720,1.0000
804721,1.0000
804722,1.0000
804723,1.0000
804724,1.0000
804725,1.0000
804727,1.0000
804728,1.0000
804729,1.0000
804731,1.0000
804732,1.0000
804733,1.0000
804734,1.0000
804735,1.0000
804736,1.0000
804737,1.0000
804738,1.0000
804739,1.0000
804741,1.0000
804743,1.0000
804744,1.0000
804745,1.0000
804746,1.0000
804747,1.0000
804748,1.0000
804749,1.0000
804750,1.0000
804751,1.0000
804752,1.0000
804753,1.0000
804754,1.0000
804755,1.0000
804756,1.0000
804757,1.0000
804759,1.0000
804760,1.0000
804761,1.0000
804762,1.0000
804764,1.0000
804765,1.0000
804767,1.0000
804768,1.0000
804769,1.0000
804770,1.0000
804771,1.0000
804773,1.0000
804774,1.0000
804775,1.0000
804777,1.0000
804778,1.0000
804779,1.0000
804780,1.0000
804781,1.0000
804783,1.0000
804784,1.0000
804787,1.0000
804788,1.0000
804789,1.0000
804790,1.0000
804792,1.0000
804793,1.0000
804794,1.0000
804795,1.0000
804796,1.0000
804797,1.0000
804798,1.0000
804799,1.0000
804800,1.0000
804803,1.0000
804805,1.0000
804806,1.0000
804808,1.0000
804809,1.0000
804810,1.0000
804811,1.0000
804812,1.0000
804813,1.0000
804816,1.0000
804817,1.0000
804818,1.0000
804823,1.0000
804824,1.0000
804825,1.0000
804826,1.0000
804827,1.0000
804829,1.0000
804830,1.0000
804831,1.0000
804832,1.0000
804834,1.0000
804835,1.0000
804836,1.0000
804837,1.0000
804838,1.0000
804840,1.0000
804842,1.0000
804845,1.0000
804847,1.0000
804848,1.0000
804849,1.0000
804850,1.0000
804851,1.0000
804852,1.0000
804853,1.0000
804854,1.0000
804855,1.0000
804856,1.0000
804857,1.0000
804858,1.0000
804859,1.0000
804860,1.0000
804861,1.0000
804863,1.0000
804864,1.0000
804866,1.0000
804867,1.0000
804868,1.0000
804870,1.0000
804871,1.0000
804872,1.0000
804873,1.0000
804874,1.0000
804875,1.0000
804876,1.0000
804877,1.0000
804878,1.0000
804879,1.0000
804880,1.0000
804881,1.0000
804882,1.0000
804883,1.0000
804884,1.0000
804885,1.0000
804886,1.0000
804887,1.0000
804889,1.0000
804890,1.0000
804891,1.0000
804894,1.0000
804895,1.0000
804896,1.0000
804897,1.0000
804898,1.0000
804899,1.0000
804901,1.0000
804902,1.0000
804903,1.0000
804904,1.0000
804905,1.0000
804906,1.0000
804907,1.0000
804908,1.0000
804911,1.0000
804912,1.0000
804914,1.0000
804915,1.0000
804916,1.0000
804917,1.0000
804919,3.2857
804920,1.0000
804921,1.0000
804922,1.0000
804923,1.0000
804926,1.0000
804927,1.0000
804931,1.0000
804933,1.0000
804935,1.0000
804936,1.0000
804937,1.0000
804938,1.0000
804939,1.0000
804940,1.0000
804941,1.0000
804942,1.0000
804943,1.0000
804945,1.0000
804946,1.0000
804947,1.0000
804949,1.0000
804950,1.0000
804951,1.0000
804953,1.0000
804954,1.0000
804956,1.0000
804957,1.0000
804958,1.0000
804960,1.0000
804961,1.0000
804962,1.0000
804964,1.0000
804965,1.0000
804966,1.0000
804967,1.0000
804968,1.0000
804969,1.0000
804970,1.0000
804971,1.0000
804972,1.0000
804973,1.0000
804975,1.0000
804976,1.0000
804977,1.0000
804978,1.0000
804979,1.0000
804980,1.0000
804982,1.0000
804983,1.0000
804984,1.0000
804985,1.0000
804988,1.0000
804989,1.0000
804990,1.0000
804992,1.0000
804993,1.0000
804994,1.0000
804995,1.0000
804996,1.0000
804997,1.0000
804998,1.0000
804999,1.0000
805000,1.0000
805001,1.0000
805002,1.0000
805004,1.0000
805005,1.0000
805006,1.0000
805007,1.0000
805008,1.0000
805010,3.2857
805012,1.0000
805013,1.0000
805014,1.0000
805015,1.0000
805016,1.0000
805018,1.0000
805019,1.0000
805020,1.0000
805021,1.0000
805022,1.0000
805023,1.0000
805025,1.0000
805026,1.0000
805030,1.0000
805031,1.0000
805033,1.0000
805034,1.0000
805039,1.0000
805040,1.0000
805041,1.0000
805042,1.0000
805045,1.0000
805046,1.0000
805047,1.0000
805048,1.0000
805049,1.0000
805050,1.0000
805051,1.0000
805052,1.0000
805054,1.0000
805056,1.0000
805057,1.0000
805058,1.0000
805059,1.0000
805060,1.0000
805061,1.0000
805062,1.0000
805063,1.0000
805064,1.0000
805066,1.0000
805067,1.0000
805068,1.0000
805069,1.0000
805070,1.0000
805071,1.0000
805072,1.0000
805073,1.0000
805074,1.0000
805075,1.0000
805076,1.0000
805077,1.0000
805078,1.0000
805079,1.0000
805080,1.0000
805082,1.0000
805083,1.0000
805084,1.0000
805086,1.0000
805087,1.0000
805091,1.0000
805092,1.0000
805094,1.0000
805095,1.0000
805096,1.0000
805097,1.0000
805098,1.0000
805099,1.0000
805101,1.0000
805102,1.0000
805103,1.0000
805104,1.0000
805105,1.0000
805106,1.0000
805107,1.0000
805108,1.0000
805109,1.0000
805111,1.0000
805112,1.0000
805114,1.0000
805115,1.0000
805116,1.0000
805117,1.0000
805118,1.0000
805120,1.0000
805123,1.0000
805124,1.0000
805125,1.0000
805126,1.0000
805127,1.0000
805128,1.0000
805129,1.0000
805130,1.0000
805131,1.0000
805132,1.0000
805133,1.0000
805134,1.0000
805135,1.0000
805137,1.0000
805138,1.0000
805139,1.0000
805141,1.0000
805142,1.0000
805143,1.0000
805144,1.0000
805145,1.0000
805146,1.0000
805148,1.0000
805151,1.0000
805152,1.0000
805153,1.0000
805154,1.0000
805155,1.0000
805156,1.0000
805157,1.0000
805158,1.0000
805159,1.0000
805161,1.0000
805162,1.0000
805165,1.0000
805167,1.0000
805168,1.0000
805169,1.0000
805170,1.0000
805172,1.0000
805173,1.0000
805174,1.0000
805175,1.0000
805176,1.0000
805180,1.0000
805181,1.0000
805182,1.0000
805183,1.0000
805184,1.0000
805185,1.0000
805186,1.0000
805187,1.0000
805188,1.0000
805190,1.0000
805191,1.0000
805193,1.0000
805194,1.0000
805195,1.0000
805196,1.0000
805198,1.0000
805199,1.0000
805200,1.0000
805201,1.0000
805202,1.0000
805203,1.0000
805205,1.0000
805206,1.0000
805207,1.0000
805208,1.0000
805209,1.0000
805210,1.0000
805211,1.0000
805212,1.0000
805213,1.0000
805214,1.0000
805215,1.0000
805216,1.0000
805218,1.0000
805219,1.0000
805220,1.0000
805221,1.0000
805222,1.0000
805223,1.0000
805224,1.0000
805225,1.0000
805226,1.0000
805227,1.0000
805228,1.0000
805229,1.0000
805230,1.0000
805231,1.0000
805232,1.0000
805233,1.0000
805234,1.0000
805235,1.0000
805238,1.0000
805239,1.0000
805241,1.0000
805242,1.0000
805243,1.0000
805244,1.0000
805245,1.0000
805246,1.0000
805248,1.0000
805251,1.0000
805252,1.0000
805253,1.0000
805255,1.0000
805257,1.0000
805258,1.0000
805259,1.0000
805260,1.0000
805263,1.0000
805264,1.0000
805265,1.0000
805266,1.0000
805267,1.0000
805268,1.0000
805269,1.0000
805270,1.0000
805271,1.0000
805272,1.0000
805273,1.0000
805274,1.0000
805275,1.0000
805276,1.0000
805277,1.0000
805278,1.0000
805279,1.0000
805280,1.0000
805281,1.0000
805282,1.0000
805283,1.0000
805286,1.0000
805287,1.0000
805288,1.0000
805289,1.0000
805291,1.0000
805293,1.0000
805294,1.0000
805295,1.0000
805297,1.0000
805298,1.0000
805299,1.0000
805300,1.0000
805301,1.0000
805302,1.0000
805303,1.0000
805305,1.0000
805307,1.0000
805309,1.0000
805310,1.0000
805311,1.0000
805312,1.0000
805313,1.0000
805314,1.0000
805315,1.0000
805316,1.0000
805318,1.0000
805319,1.0000
805320,1.0000
805321,1.0000
805322,1.0000
805323,1.0000
805324,1.0000
805326,1.0000
805327,1.0000
805328,1.0000
805329,1.0000
805330,1.0000
805332,1.0000
805333,1.0000
805334,1.0000
805335,1.0000
805336,1.0000
805338,1.0000
805339,1.0000
805341,1.0000
805342,1.0000
805343,1.0000
805344,1.0000
805345,1.0000
805346,1.0000
805347,1.0000
805349,1.0000
805350,1.0000
805351,1.0000
805352,1.0000
805353,1.0000
805354,1.0000
805355,1.0000
805356,1.0000
805357,1.0000
805358,1.0000
805359,1.0000
805360,1.0000
805361,1.0000
805362,1.0000
805363,1.0000
805364,1.0000
805365,1.0000
805366,1.0000
805367,1.0000
805368,1.0000
805369,1.0000
805370,1.0000
805371,1.0000
805372,1.0000
805373,1.0000
805374,1.0000
805375,1.0000
805376,1.0000
805377,1.0000
805378,1.0000
805380,1.0000
805382,1.0000
805383,1.0000
805384,1.0000
805385,1.0000
805386,1.0000
805388,1.0000
805389,1.0000
805390,1.0000
805391,1.0000
805392,1.0000
805393,1.0000
805394,1.0000
805395,1.0000
805396,1.0000
805397,1.0000
805399,1.0000
805400,1.0000
805401,1.0000
805404,1.0000
805405,1.0000
805406,1.0000
805409,1.0000
805410,1.0000
805411,1.0000
805412,1.0000
805413,1.0000
805414,1.0000
805416,1.0000
805417,1.0000
805418,1.0000
805419,1.0000
805422,1.0000
805423,1.0000
805424,1.0000
805425,1.0000
805426,1.0000
805427,1.0000
805428,1.0000
805429,1.0000
805431,1.0000
805432,1.0000
805433,1.0000
805434,1.0000
805435,1.0000
805436,1.0000
805437,1.0000
805438,1.0000
805439,1.0000
805441,1.0000
805442,1.0000
805444,1.0000
805446,1.0000
805447,1.0000
805450,1.0000
805451,1.0000
805452,1.0000
805453,1.0000
805454,1.0000
805455,1.0000
805456,1.0000
805458,1.0000
805459,1.0000
805460,1.0000
805461,1.0000
805462,1.0000
805463,1.0000
805464,1.0000
805465,1.0000
805466,1.0000
805467,1.0000
805468,1.0000
805469,1.0000
805470,1.0000
805471,1.0000
805472,1.0000
805474,1.0000
805475,1.0000
805477,1.0000
805478,1.0000
805479,1.0000
805480,1.0000
805481,1.0000
805482,1.0000
805483,1.0000
805484,1.0000
805485,1.0000
805486,1.0000
805487,1.0000
805488,1.0000
805489,1.0000
805490,1.0000
805491,1.0000
805492,1.0000
805493,1.0000
805494,1.0000
805496,1.0000
805497,1.0000
805499,1.0000
805500,1.0000
805501,1.0000
805502,1.0000
805503,1.0000
805504,1.0000
805506,1.0000
805508,1.0000
805509,1.0000
805510,1.0000
805511,1.0000
805512,1.0000
805513,1.0000
805514,1.0000
805515,1.0000
805516,1.0000
805517,1.0000
805518,1.0000
805519,1.0000
805520,1.0000
805521,1.0000
805522,1.0000
805524,1.0000
805525,1.0000
805526,1.0000
805527,1.0000
805528,1.0000
805529,1.0000
805530,1.0000
805531,1.0000
805532,1.0000
805533,1.0000
805534,1.0000
805535,1.0000
805536,1.0000
805539,1.0000
805540,1.0000
805541,1.0000
805542,1.0000
805543,1.0000
805544,1.0000
805545,1.0000
805546,1.0000
805547,1.0000
805548,1.0000
805550,1.0000
805551,1.0000
805552,1.0000
805553,1.0000
805554,1.0000
805555,1.0000
805556,1.0000
805557,1.0000
805558,1.0000
805560,1.0000
805561,1.0000
805563,1.0000
805565,1.0000
805566,1.0000
805567,1.0000
805568,1.0000
805570,1.0000
805571,1.0000
805572,1.0000
805574,1.0000
805575,1.0000
805576,1.0000
805577,1.0000
805578,1.0000
805579,1.0000
805581,1.0000
805582,1.0000
805584,1.0000
805585,1.0000
805587,1.0000
805588,1.0000
805590,1.0000
805591,1.0000
805592,1.0000
805594,1.0000
805595,1.0000
805596,1.0000
805597,1.0000
805598,1.0000
805599,1.0000
805600,1.0000
805601,1.0000
805602,1.0000
805603,1.0000
805604,1.0000
805605,1.0000
805606,1.0000
805607,1.0000
805608,1.0000
805609,1.0000
805610,1.0000
805611,1.0000
805613,1.0000
805614,1.0000
805615,1.0000
805616,1.0000
805617,1.0000
805618,1.0000
805619,1.0000
805620,1.0000
805622,1.0000
805623,1.0000
805626,1.0000
805627,1.0000
805628,1.0000
805629,1.0000
805630,1.0000
805631,1.0000
805632,1.0000
805634,1.0000
805635,1.0000
805637,1.0000
805638,1.0000
805639,1.0000
805641,1.0000
805642,1.0000
805644,1.0000
805645,1.0000
805646,1.0000
805647,1.0000
805648,1.0000
805650,1.0000
805651,1.0000
805652,1.0000
805653,1.0000
805654,1.0000
805656,1.0000
805657,1.0000
805658,1.0000
805659,1.0000
805662,1.0000
805663,1.0000
805667,1.0000
805668,1.0000
805670,1.0000
805672,1.0000
805673,1.0000
805674,1.0000
805675,1.0000
805676,1.0000
805677,1.0000
805678,1.0000
805680,1.0000
805682,1.0000
805683,1.0000
805684,1.0000
805686,1.0000
805687,1.0000
805688,1.0000
805689,1.0000
805690,1.0000
805693,1.0000
805694,1.0000
805695,1.0000
805696,1.0000
805697,1.0000
805698,1.0000
805699,1.0000
805700,1.0000
805701,1.0000
805702,1.0000
805703,1.0000
805704,1.0000
805705,1.0000
805706,1.0000
805708,1.0000
805709,1.0000
805710,1.0000
805711,1.0000
805712,1.0000
805714,1.0000
805716,1.0000
805717,1.0000
805718,1.0000
805719,1.0000
805721,1.0000
805722,1.0000
805723,1.0000
805724,1.0000
805725,1.0000
805726,1.0000
805727,1.0000
805728,1.0000
805730,1.0000
805732,1.0000
805733,1.0000
805734,1.0000
805735,1.0000
805736,1.0000
805737,1.0000
805738,1.0000
805739,1.0000
805740,1.0000
805741,1.0000
805743,1.0000
805744,1.0000
805745,1.0000
805746,1.0000
805748,1.0000
805749,1.0000
805750,1.0000
805752,1.0000
805753,1.0000
805754,1.0000
805755,1.0000
805756,1.0000
805757,1.0000
805758,1.0000
805759,1.0000
805761,1.0000
805762,1.0000
805765,1.0000
805766,1.0000
805767,1.0000
805770,1.0000
805772,1.0000
805773,1.0000
805774,1.0000
805775,1.0000
805776,1.0000
805777,1.0000
805778,1.0000
805779,1.0000
805780,1.0000
805781,1.0000
805783,1.0000
805785,1.0000
805786,1.0000
805787,1.0000
805788,1.0000
805789,1.0000
805790,1.0000
805791,1.0000
805793,1.0000
805794,1.0000
805795,1.0000
805797,1.0000
805798,1.0000
805800,1.0000
805803,1.0000
805804,1.0000
805805,1.0000
805806,1.0000
805807,1.0000
805808,1.0000
805809,1.0000
805810,1.0000
805811,1.0000
805812,1.0000
805813,1.0000
805814,1.0000
805815,1.0000
805816,1.0000
805817,1.0000
805819,1.0000
805820,1.0000
805822,1.0000
805823,1.0000
805824,1.0000
805825,1.0000
805826,1.0000
805827,1.0000
805829,1.0000
805830,1.0000
805831,1.0000
805832,1.0000
805833,1.0000
805834,1.0000
805836,1.0000
805837,1.0000
805838,1.0000
805839,1.0000
805840,1.0000
805841,1.0000
805842,1.0000
805843,1.0000
805844,1.0000
805846,1.0000
805847,1.0000
805848,1.0000
805849,1.0000
805850,1.0000
805852,1.0000
805853,1.0000
805854,1.0000
805855,1.0000
805856,1.0000
805857,1.0000
805859,1.0000
805860,1.0000
805861,1.0000
805862,1.0000
805863,1.0000
805864,1.0000
805866,1.0000
805867,1.0000
805868,1.0000
805869,1.0000
805870,1.0000
805872,1.0000
805873,1.0000
805874,1.0000
805876,1.0000
805879,1.0000
805880,1.0000
805881,1.0000
805882,1.0000
805883,1.0000
805884,1.0000
805886,1.0000
805888,1.0000
805889,1.0000
805891,1.0000
805893,1.0000
805895,1.0000
805896,1.0000
805897,1.0000
805898,1.0000
805899,1.0000
805900,1.0000
805901,1.0000
805902,1.0000
805903,1.0000
805904,1.0000
805905,1.0000
805906,1.0000
805908,1.0000
805910,1.0000
805911,1.0000
805914,1.0000
805915,1.0000
805917,1.0000
805918,1.0000
805920,1.0000
805921,1.0000
805923,1.0000
805925,1.0000
805926,1.0000
805927,1.0000
805928,1.0000
805929,1.0000
805930,1.0000
805931,1.0000
805932,1.0000
805933,1.0000
805934,1.0000
805935,1.0000
805936,1.0000
805937,1.0000
805938,1.0000
805939,1.0000
805940,1.0000
805941,1.0000
805942,1.0000
805943,1.0000
805944,1.0000
805945,1.0000
805946,1.0000
805948,1.0000
805949,1.0000
805950,1.0000
805951,1.0000
805952,1.0000
805953,1.0000
805954,1.0000
805956,1.0000
805957,1.0000
805958,1.0000
805959,1.0000
805961,1.0000
805962,1.0000
805963,1.0000
805964,1.0000
805965,1.0000
805966,1.0000
805968,1.0000
805969,1.0000
805971,1.0000
805972,1.0000
805973,1.0000
805974,1.0000
805975,1.0000
805977,1.0000
805978,1.0000
805979,1.0000
805980,1.0000
805981,1.0000
805982,1.0000
805983,1.0000
805984,1.0000
805985,1.0000
805986,1.0000
805988,1.0000
805989,1.0000
805991,1.0000
805992,1.0000
805994,1.0000
805996,1.0000
805997,1.0000
805998,1.0000
806000,1.0000
806001,1.0000
806003,1.0000
806004,1.0000
806005,1.0000
806006,1.0000
806008,1.0000
806009,1.0000
806010,1.0000
806012,1.0000
806013,1.0000
806014,1.0000
806015,1.0000
806016,1.0000
806017,1.0000
806018,1.0000
806019,1.0000
806020,1.0000
806021,1.0000
806023,1.0000
806025,1.0000
806026,1.0000
806027,1.0000
806028,1.0000
806029,1.0000
806030,1.0000
806031,1.0000
806032,1.0000
806033,1.0000
806034,1.0000
806035,1.0000
806036,1.0000
806037,1.0000
806038,1.0000
806039,1.0000
806040,1.0000
806042,1.0000
806044,1.0000
806045,1.0000
806046,1.0000
806047,1.0000
806048,1.0000
806049,1.0000
806050,1.0000
806051,1.0000
806052,1.0000
806053,1.0000
806054,1.0000
806055,1.0000
806056,1.0000
806057,1.0000
806058,1.0000
806059,1.0000
806060,1.0000
806061,1.0000
806062,1.0000
806064,1.0000
806066,1.0000
806067,1.0000
806068,1.0000
806070,1.0000
806071,1.0000
806072,1.0000
806073,1.0000
806074,1.0000
806077,1.0000
806078,1.0000
806079,1.0000
806080,1.0000
806081,1.0000
806082,1.0000
806083,1.0000
806084,1.0000
806085,1.0000
806087,1.0000
806088,1.0000
806089,1.0000
806090,1.0000
806091,1.0000
806092,1.0000
806093,1.0000
806094,1.0000
806095,1.0000
806096,1.0000
806098,1.0000
806100,1.0000
806101,1.0000
806102,1.0000
806103,1.0000
806104,1.0000
806105,1.0000
806106,1.0000
806107,1.0000
806108,1.0000
806109,1.0000
806110,1.0000
806111,1.0000
806112,1.0000
806113,1.0000
806114,1.0000
806116,1.0000
806118,1.0000
806119,1.0000
806121,1.0000
806122,1.0000
806124,1.0000
806125,1.0000
806126,1.0000
806127,1.0000
806128,1.0000
806129,1.0000
806130,1.0000
806132,1.0000
806134,1.0000
806135,1.0000
806136,1.0000
806137,1.0000
806138,1.0000
806139,1.0000
806141,1.0000
806142,1.0000
806144,1.0000
806145,1.0000
806148,1.0000
806149,1.0000
806152,1.0000
806153,1.0000
806154,1.0000
806157,1.0000
806158,1.0000
806159,1.0000
806161,1.0000
806162,1.0000
806164,1.0000
806165,1.0000
806166,1.0000
806167,1.0000
806169,1.0000
806170,1.0000
806171,1.0000
806172,1.0000
806173,1.0000
806174,1.0000
806175,1.0000
806176,1.0000
806177,1.0000
806178,1.0000
806179,1.0000
806180,1.0000
806181,1.0000
806182,1.0000
806183,1.0000
806184,1.0000
806186,1.0000
806187,1.0000
806188,1.0000
806190,1.0000
806191,1.0000
806192,1.0000
806193,1.0000
806194,1.0000
806195,1.0000
806196,1.0000
806197,1.0000
806198,1.0000
806201,1.0000
806202,1.0000
806203,1.0000
806204,1.0000
806205,1.0000
806206,1.0000
806207,1.0000
806208,1.0000
806209,1.0000
806210,1.0000
806211,1.0000
806213,1.0000
806217,1.0000
806218,1.0000
806219,1.0000
806220,1.0000
806221,1.0000
806222,1.0000
806223,1.0000
806224,1.0000
806225,1.0000
806226,1.0000
806227,1.0000
806230,1.0000
806231,1.0000
806232,1.0000
806233,1.0000
806234,1.0000
806235,1.0000
806236,1.0000
806237,1.0000
806238,1.0000
806240,1.0000
806241,1.0000
806242,1.0000
806243,1.0000
806245,1.0000
806246,1.0000
806248,1.0000
806250,1.0000
806251,1.0000
806252,1.0000
806253,1.0000
806254,1.0000
806255,1.0000
806256,1.0000
806257,1.0000
806258,1.0000
806261,1.0000
806262,1.0000
806263,1.0000
806264,1.0000
806265,1.0000
806266,1.0000
806267,1.0000
806268,1.0000
806269,1.0000
806270,1.0000
806271,1.0000
806272,1.0000
806273,1.0000
806274,1.0000
806275,1.0000
806276,1.0000
806277,1.0000
806278,1.0000
806279,1.0000
806281,1.0000
806282,1.0000
806283,1.0000
806284,1.0000
806286,1.0000
806287,1.0000
806288,1.0000
806289,1.0000
806290,1.0000
806291,1.0000
806292,1.0000
806294,1.0000
806295,1.0000
806297,1.0000
806298,1.0000
806299,1.0000
806300,1.0000
806301,1.0000
806302,1.0000
806303,1.0000
806304,1.0000
806307,1.0000
806310,1.0000
806311,1.0000
806312,1.0000
806313,1.0000
806314,1.0000
806315,1.0000
806316,1.0000
806317,1.0000
806318,1.0000
806319,1.0000
806320,1.0000
806322,1.0000
806323,1.0000
806324,1.0000
806325,1.0000
806326,1.0000
806328,1.0000
806329,1.0000
806331,1.0000
806332,1.0000
806333,1.0000
806334,1.0000
806335,1.0000
806336,1.0000
806337,1.0000
806338,1.0000
806340,1.0000
806341,1.0000
806343,1.0000
806344,1.0000
806345,1.0000
806348,1.0000
806349,1.0000
806350,1.0000
806351,1.0000
806353,1.0000
806355,1.0000
806356,1.0000
806358,1.0000
806359,1.0000
806360,1.0000
806361,1.0000
806362,1.0000
806365,1.0000
806367,1.0000
806368,1.0000
806369,1.0000
806370,1.0000
806371,1.0000
806372,1.0000
806373,1.0000
806375,1.0000
806376,1.0000
806377,1.0000
806379,1.0000
806380,1.0000
806381,1.0000
806382,1.0000
806384,1.0000
806385,1.0000
806386,1.0000
806387,1.0000
806388,1.0000
806389,1.0000
806390,1.0000
806391,1.0000
806392,1.0000
806393,1.0000
806394,1.0000
806395,1.0000
806396,1.0000
806397,1.0000
806398,1.0000
806399,1.0000
806400,1.0000
806401,1.0000
806402,1.0000
806403,1.0000
806404,1.0000
806405,1.0000
806406,1.0000
806407,1.0000
806408,1.0000
806410,1.0000
806411,1.0000
806412,1.0000
806413,1.0000
806414,1.0000
806415,1.0000
806416,1.0000
806417,1.0000
806418,1.0000
806419,1.0000
806420,1.0000
806421,1.0000
806422,1.0000
806423,1.0000
806424,1.0000
806425,1.0000
806426,1.0000
806427,1.0000
806428,1.0000
806430,1.0000
806431,1.0000
806432,1.0000
806433,1.0000
806434,1.0000
806435,1.0000
806436,1.0000
806437,1.0000
806440,1.0000
806441,1.0000
806442,1.0000
806444,1.0000
806445,1.0000
806446,1.0000
806448,1.0000
806449,1.0000
806450,1.0000
806452,1.0000
806453,1.0000
806454,1.0000
806455,1.0000
806460,1.0000
806461,1.0000
806462,1.0000
806463,1.0000
806464,1.0000
806465,1.0000
806467,1.0000
806468,1.0000
806469,1.0000
806471,1.0000
806472,1.0000
806474,1.0000
806475,1.0000
806477,1.0000
806478,1.0000
806479,1.0000
806480,1.0000
806481,1.0000
806482,1.0000
806483,1.0000
806484,1.0000
806485,1.0000
806486,1.0000
806487,1.0000
806488,1.0000
806489,1.0000
806490,1.0000
806491,1.0000
806492,1.0000
806493,1.0000
806494,1.0000
806495,1.0000
806496,1.0000
806497,1.0000
806498,1.0000
806499,1.0000
806500,1.0000
806501,1.0000
806502,1.0000
806503,1.0000
806504,1.0000
806505,1.0000
806507,1.0000
806508,1.0000
806509,1.0000
806510,1.0000
806511,1.0000
806512,1.0000
806513,1.0000
806514,1.0000
806515,1.0000
806516,1.0000
806517,1.0000
806519,1.0000
806521,1.0000
806522,1.0000
806523,1.0000
806524,1.0000
806525,1.0000
806526,1.0000
806527,1.0000
806528,1.0000
806529,1.0000
806530,1.0000
806531,1.0000
806532,1.0000
806533,1.0000
806535,1.0000
806536,1.0000
806537,1.0000
806541,1.0000
806542,1.0000
806543,1.0000
806544,1.0000
806547,1.0000
806548,1.0000
806549,1.0000
806550,1.0000
806552,1.0000
806553,1.0000
806554,1.0000
806555,1.0000
806557,1.0000
806558,1.0000
806559,1.0000
806560,1.0000
806561,1.0000
806562,1.0000
806563,1.0000
806564,1.0000
806566,1.0000
806567,1.0000
806568,1.0000
806570,1.0000
806571,1.0000
806572,1.0000
806573,1.0000
806574,1.0000
806575,1.0000
806578,1.0000
806579,1.0000
806580,1.0000
806581,1.0000
806582,1.0000
806583,1.0000
806584,1.0000
806585,1.0000
806586,1.0000
806587,1.0000
806588,1.0000
806589,1.0000
806590,1.0000
806591,1.0000
806592,1.0000
806594,1.0000
806595,1.0000
806596,1.0000
806597,1.0000
806598,1.0000
806599,1.0000
806600,1.0000
806601,1.0000
806602,1.0000
806603,1.0000
806604,1.0000
806605,1.0000
806606,1.0000
806607,1.0000
806608,1.0000
806610,1.0000
806611,1.0000
806612,1.0000
806613,1.0000
806614,1.0000
806615,1.0000
806616,1.0000
806618,1.0000
806619,1.0000
806620,1.0000
806623,1.0000
806624,1.0000
806625,1.0000
806626,1.0000
806627,1.0000
806628,1.0000
806629,1.0000
806631,1.0000
806632,1.0000
806633,1.0000
806634,1.0000
806635,1.0000
806636,1.0000
806637,1.0000
806638,1.0000
806639,1.0000
806640,1.0000
806641,1.0000
806642,1.0000
806643,1.0000
806644,1.0000
806645,1.0000
806646,1.0000
806647,1.0000
806648,1.0000
806649,1.0000
806650,1.0000
806652,1.0000
806653,1.0000
806654,1.0000
806655,1.0000
806657,1.0000
806658,1.0000
806659,1.0000
806660,1.0000
806661,1.0000
806662,1.0000
806663,1.0000
806664,1.0000
806667,1.0000
806668,1.0000
806669,1.0000
806670,1.0000
806671,1.0000
806672,1.0000
806673,1.0000
806674,1.0000
806675,1.0000
806676,1.0000
806677,1.0000
806678,1.0000
806679,1.0000
806680,1.0000
806681,1.0000
806682,1.0000
806684,1.0000
806685,1.0000
806686,1.0000
806687,1.0000
806689,1.0000
806690,1.0000
806691,1.0000
806692,1.0000
806693,1.0000
806694,1.0000
806695,1.0000
806696,1.0000
806697,1.0000
806698,1.0000
806699,1.0000
806700,1.0000
806701,1.0000
806702,1.0000
806704,1.0000
806705,1.0000
806706,1.0000
806708,1.0000
806709,1.0000
806710,1.0000
806711,1.0000
806712,1.0000
806714,1.0000
806715,1.0000
806716,1.0000
806717,1.0000
806718,1.0000
806719,1.0000
806720,1.0000
806721,1.0000
806722,1.0000
806723,1.0000
806726,1.0000
806727,1.0000
806728,1.0000
806730,1.0000
806732,1.0000
806733,1.0000
806734,1.0000
806735,1.0000
806736,1.0000
806737,1.0000
806738,1.0000
806739,1.0000
806740,1.0000
806741,1.0000
806742,1.0000
806743,1.0000
806745,1.0000
806746,1.0000
806747,1.0000
806748,1.0000
806749,1.0000
806750,1.0000
806751,1.0000
806752,1.0000
806753,1.0000
806754,1.0000
806755,1.0000
806757,1.0000
806758,1.0000
806759,1.0000
806760,1.0000
806761,1.0000
806762,1.0000
806763,1.0000
806765,1.0000
806766,1.0000
806767,1.0000
806768,1.0000
806769,1.0000
806770,1.0000
806772,1.0000
806774,1.0000
806775,1.0000
806776,1.0000
806777,1.0000
806778,1.0000
806779,1.0000
806780,1.0000
806781,1.0000
806782,1.0000
806783,1.0000
806784,1.0000
806785,1.0000
806786,1.0000
806787,1.0000
806788,1.0000
806791,1.0000
806792,1.0000
806794,1.0000
806795,1.0000
806796,1.0000
806797,1.0000
806798,1.0000
806799,1.0000
806800,1.0000
806804,1.0000
806805,1.0000
806806,1.0000
806808,1.0000
806809,1.0000
806810,1.0000
806812,1.0000
806813,1.0000
806815,1.0000
806816,1.0000
806817,1.0000
806818,1.0000
806819,1.0000
806820,1.0000
806821,1.0000
806822,1.0000
806823,1.0000
806824,1.0000
806825,1.0000
806826,1.0000
806827,1.0000
806828,1.0000
806829,1.0000
806830,1.0000
806831,1.0000
806832,1.0000
806834,1.0000
806835,1.0000
806837,1.0000
806838,1.0000
806839,1.0000
806840,1.0000
806841,1.0000
806842,1.0000
806843,1.0000
806844,1.0000
806845,1.0000
806846,1.0000
806847,1.0000
806848,1.0000
806849,1.0000
806852,1.0000
806853,1.0000
806854,1.0000
806855,1.0000
806856,1.0000
806857,1.0000
806858,1.0000
806859,1.0000
806861,1.0000
806862,1.0000
806863,1.0000
806864,1.0000
806865,1.0000
806867,1.0000
806868,1.0000
806869,1.0000
806870,1.0000
806871,1.0000
806872,1.0000
806873,1.0000
806874,1.0000
806876,1.0000
806877,1.0000
806878,1.0000
806879,1.0000
806880,1.0000
806881,1.0000
806883,1.0000
806884,1.0000
806885,1.0000
806886,1.0000
806887,1.0000
806889,1.0000
806890,1.0000
806891,1.0000
806893,1.0000
806894,1.0000
806895,1.0000
806896,1.0000
806897,1.0000
806898,1.0000
806899,1.0000
806900,1.0000
806901,1.0000
806902,1.0000
806903,1.0000
806904,1.0000
806905,1.0000
806906,1.0000
806907,1.0000
806908,1.0000
806909,1.0000
806911,1.0000
806915,1.0000
806916,1.0000
806917,1.0000
806918,1.0000
806919,1.0000
806920,1.0000
806921,1.0000
806922,1.0000
806923,1.0000
806924,1.0000
806925,1.0000
806927,1.0000
806928,1.0000
806929,1.0000
806930,1.0000
806931,1.0000
806932,1.0000
806933,1.0000
806934,1.0000
806935,1.0000
806936,1.0000
806937,1.0000
806938,1.0000
806939,1.0000
806940,1.0000
806941,1.0000
806942,1.0000
806943,1.0000
806944,1.0000
806945,1.0000
806946,1.0000
806948,1.0000
806949,1.0000
806950,1.0000
806951,1.0000
806952,1.0000
806953,1.0000
806954,1.0000
806955,1.0000
806957,1.0000
806958,1.0000
806959,1.0000
806961,1.0000
806962,1.0000
806963,1.0000
806964,1.0000
806965,1.0000
806966,1.0000
806967,1.0000
806968,1.0000
806969,1.0000
806970,1.0000
806971,1.0000
806973,1.0000
806974,1.0000
806975,1.0000
806976,1.0000
806977,1.0000
806980,1.0000
806981,1.0000
806982,1.0000
806983,1.0000
806984,1.0000
806985,1.0000
806986,1.0000
806987,1.0000
806988,1.0000
806989,1.0000
806990,1.0000
806991,1.0000
806992,1.0000
806994,1.0000
806995,1.0000
806997,1.0000
806998,1.0000
806999,1.0000
807000,1.0000
807002,1.0000
807004,1.0000
807005,1.0000
807007,1.0000
807008,1.0000
807009,1.0000
807010,1.0000
807011,1.0000
807013,1.0000
807015,1.0000
807016,1.0000
807017,1.0000
807018,1.0000
807019,1.0000
807020,1.0000
807021,1.0000
807022,1.0000
807023,1.0000
807026,1.0000
807027,1.0000
807029,1.0000
807030,1.0000
807031,1.0000
807032,1.0000
807033,1.0000
807034,1.0000
807035,1.0000
807036,1.0000
807037,1.0000
807038,1.0000
807039,1.0000
807040,1.0000
807041,1.0000
807043,1.0000
807045,1.0000
807046,1.0000
807047,1.0000
807048,1.0000
807050,1.0000
807051,1.0000
807052,1.0000
807053,1.0000
807054,1.0000
807055,1.0000
807056,1.0000
807057,1.0000
807058,1.0000
807059,1.0000
807060,1.0000
807063,1.0000
807064,1.0000
807065,1.0000
807066,1.0000
807067,1.0000
807068,1.0000
807069,1.0000
807071,1.0000
807072,1.0000
807073,1.0000
807074,1.0000
807075,1.0000
807078,1.0000
807079,1.0000
807080,1.0000
807081,1.0000
807082,1.0000
807083,1.0000
807084,1.0000
807088,1.0000
807090,1.0000
807092,1.0000
807093,1.0000
807094,1.0000
807095,1.0000
807097,1.0000
807098,1.0000
807100,1.0000
807101,1.0000
807103,1.0000
807104,1.0000
807106,1.0000
807109,1.0000
807110,1.0000
807111,1.0000
807112,1.0000
807114,1.0000
807115,1.0000
807116,1.0000
807117,1.0000
807118,1.0000
807119,1.0000
807120,1.0000
807121,1.0000
807124,1.0000
807126,1.0000
807128,1.0000
807129,1.0000
807130,1.0000
807131,1.0000
807132,1.0000
807133,1.0000
807135,1.0000
807136,1.0000
807137,1.0000
807139,1.0000
807140,1.0000
807142,1.0000
807144,1.0000
807145,1.0000
807146,1.0000
807147,1.0000
807148,1.0000
807150,1.0000
807154,1.0000
807155,1.0000
807156,1.0000
807157,1.0000
807158,1.0000
807160,1.0000
807161,1.0000
807162,1.0000
807164,1.0000
807165,3.2857
807166,1.0000
807167,1.0000
807168,1.0000
807169,1.0000
807170,1.0000
807171,1.0000
807173,1.0000
807174,1.0000
807175,1.0000
807176,1.0000
807177,1.0000
807178,1.0000
807180,1.0000
807181,1.0000
807182,1.0000
807183,1.0000
807184,1.0000
807186,1.0000
807187,1.0000
807189,1.0000
807190,1.0000
807191,1.0000
807192,1.0000
807194,1.0000
807195,1.0000
807196,1.0000
807197,1.0000
807198,1.0000
807199,1.0000
807202,1.0000
807204,1.0000
807205,1.0000
807206,1.0000
807207,1.0000
807208,1.0000
807209,1.0000
807210,1.0000
807211,1.0000
807212,1.0000
807213,1.0000
807214,1.0000
807215,1.0000
807216,1.0000
807217,1.0000
807218,1.0000
807220,1.0000
807221,1.0000
807222,1.0000
807224,1.0000
807225,1.0000
807226,1.0000
807227,1.0000
807228,1.0000
807229,1.0000
807230,1.0000
807231,1.0000
807232,1.0000
807233,1.0000
807234,1.0000
807235,1.0000
807236,1.0000
807238,1.0000
807241,1.0000
807242,1.0000
807244,1.0000
807245,1.0000
807246,1.0000
807247,1.0000
807250,1.0000
807251,1.0000
807252,1.0000
807254,1.0000
807255,1.0000
807256,1.0000
807257,1.0000
807258,1.0000
807259,1.0000
807260,1.0000
807261,1.0000
807262,1.0000
807263,1.0000
807264,1.0000
807265,1.0000
807266,1.0000
807267,1.0000
807268,1.0000
807269,1.0000
807270,1.0000
807271,1.0000
807272,1.0000
807273,1.0000
807274,1.0000
807275,1.0000
807276,1.0000
807277,1.0000
807278,1.0000
807279,1.0000
807280,1.0000
807281,1.0000
807283,1.0000
807285,1.0000
807287,1.0000
807288,1.0000
807289,1.0000
807290,1.0000
807291,1.0000
807292,1.0000
807295,1.0000
807296,1.0000
807297,1.0000
807298,1.0000
807299,1.0000
807300,1.0000
807301,1.0000
807302,1.0000
807303,1.0000
807305,1.0000
807306,1.0000
807308,1.0000
807309,1.0000
807310,1.0000
807311,1.0000
807312,1.0000
807313,1.0000
807314,1.0000
807316,1.0000
807317,1.0000
807318,1.0000
807319,1.0000
807320,1.0000
807321,1.0000
807322,1.0000
807323,1.0000
807324,1.0000
807325,1.0000
807326,1.0000
807327,1.0000
807328,1.0000
807329,1.0000
807330,1.0000
807331,1.0000
807333,1.0000
807334,1.0000
807335,1.0000
807336,1.0000
807337,1.0000
807338,1.0000
807339,1.0000
807340,1.0000
807341,1.0000
807342,1.0000
807344,1.0000
807345,1.0000
807346,1.0000
807347,1.0000
807348,1.0000
807349,1.0000
807350,1.0000
807351,1.0000
807352,1.0000
807353,1.0000
807354,1.0000
807355,1.0000
807356,1.0000
807357,1.0000
807358,1.0000
807359,1.0000
807361,1.0000
807362,1.0000
807363,1.0000
807364,1.0000
807365,1.0000
807366,1.0000
807367,1.0000
807368,1.0000
807369,1.0000
807370,1.0000
807372,1.0000
807373,1.0000
807375,1.0000
807376,1.0000
807377,1.0000
807378,1.0000
807379,1.0000
807380,1.0000
807382,1.0000
807385,1.0000
807386,1.0000
807387,1.0000
807388,1.0000
807390,1.0000
807391,1.0000
807392,1.0000
807393,1.0000
807395,1.0000
807396,1.0000
807397,1.0000
807398,1.0000
807399,1.0000
807400,1.0000
807401,1.0000
807402,1.0000
807403,1.0000
807404,1.0000
807405,1.0000
807406,1.0000
807407,1.0000
807408,1.0000
807409,1.0000
807411,1.0000
807412,1.0000
807413,1.0000
807416,1.0000
807417,1.0000
807418,1.0000
807419,1.0000
807423,1.0000
807424,1.0000
807425,1.0000
807427,1.0000
807428,1.0000
807429,1.0000
807430,1.0000
807431,1.0000
807432,1.0000
807433,1.0000
807434,1.0000
807435,1.0000
807436,1.0000
807437,1.0000
807438,1.0000
807439,1.0000
807441,1.0000
807443,1.0000
807444,1.0000
807445,1.0000
807446,1.0000
807447,1.0000
807448,1.0000
807449,1.0000
807450,1.0000
807451,1.0000
807452,1.0000
807453,1.0000
807454,1.0000
807455,1.0000
807456,1.0000
807457,1.0000
807458,1.0000
807459,1.0000
807462,1.0000
807464,1.0000
807465,1.0000
807467,1.0000
807468,1.0000
807470,1.0000
807471,1.0000
807472,1.0000
807473,1.0000
807474,1.0000
807475,1.0000
807476,1.0000
807477,1.0000
807479,1.0000
807480,1.0000
807481,1.0000
807482,1.0000
807484,1.0000
807485,1.0000
807486,1.0000
807487,1.0000
807488,1.0000
807489,1.0000
807490,1.0000
807491,1.0000
807492,1.0000
807493,1.0000
807494,1.0000
807495,1.0000
807496,1.0000
807497,1.0000
807498,1.0000
807499,1.0000
807500,1.0000
807502,1.0000
807503,1.0000
807505,1.0000
807506,1.0000
807508,1.0000
807510,1.0000
807511,1.0000
807512,1.0000
807514,1.0000
807515,1.0000
807517,1.0000
807518,1.0000
807519,1.0000
807520,1.0000
807521,1.0000
807522,1.0000
807523,1.0000
807525,1.0000
807527,1.0000
807528,1.0000
807529,1.0000
807530,1.0000
807531,1.0000
807532,1.0000
807533,1.0000
807534,1.0000
807535,1.0000
807536,1.0000
807537,1.0000
807538,1.0000
807539,1.0000
807541,1.0000
807542,1.0000
807543,1.0000
807544,1.0000
807545,1.0000
807546,1.0000
807547,1.0000
807548,1.0000
807549,1.0000
807550,1.0000
807551,1.0000
807552,1.0000
807554,1.0000
807556,1.0000
807557,1.0000
807558,1.0000
807559,1.0000
807560,1.0000
807561,1.0000
807562,1.0000
807563,1.0000
807564,1.0000
807565,1.0000
807567,1.0000
807568,1.0000
807569,1.0000
807572,1.0000
807573,1.0000
807574,1.0000
807575,1.0000
807576,1.0000
807577,1.0000
807578,1.0000
807580,1.0000
807581,1.0000
807583,1.0000
807585,1.0000
807588,1.0000
807589,1.0000
807591,1.0000
807592,1.0000
807593,1.0000
807594,1.0000
807595,1.0000
807596,1.0000
807597,1.0000
807598,1.0000
807599,1.0000
807600,1.0000
807601,1.0000
807602,1.0000
807603,1.0000
807604,1.0000
807605,1.0000
807606,1.0000
807610,1.0000
807611,1.0000
807612,1.0000
807613,1.0000
807614,1.0000
807615,1.0000
807616,1.0000
807618,1.0000
807619,1.0000
807620,1.0000
807621,1.0000
807622,1.0000
807623,1.0000
807624,1.0000
807627,1.0000
807628,1.0000
807629,1.0000
807630,1.0000
807631,1.0000
807632,1.0000
807634,1.0000
807637,1.0000
807638,1.0000
807639,1.0000
807640,1.0000
807642,1.0000
807643,1.0000
807644,1.0000
807645,1.0000
807647,1.0000
807649,1.0000
807650,1.0000
807651,1.0000
807652,1.0000
807653,1.0000
807654,1.0000
807655,1.0000
807656,1.0000
807657,1.0000
807658,1.0000
807659,1.0000
807660,1.0000
807661,1.0000
807662,1.0000
807664,1.0000
807665,1.0000
807667,1.0000
807668,1.0000
807669,1.0000
807670,1.0000
807671,1.0000
807672,1.0000
807674,1.0000
807675,1.0000
807676,1.0000
807678,1.0000
807679,1.0000
807680,1.0000
807681,1.0000
807683,1.0000
807685,1.0000
807686,1.0000
807687,1.0000
807688,1.0000
807689,1.0000
807690,1.0000
807691,1.0000
807692,1.0000
807693,1.0000
807694,1.0000
807695,1.0000
807696,1.0000
807697,1.0000
807698,1.0000
807699,1.0000
807700,1.0000
807702,1.0000
807704,1.0000
807705,1.0000
807706,1.0000
807707,1.0000
807708,1.0000
807709,1.0000
807710,1.0000
807711,1.0000
807713,1.0000
807714,1.0000
807717,1.0000
807718,1.0000
807720,1.0000
807722,1.0000
807723,1.0000
807724,1.0000
807725,1.0000
807726,1.0000
807727,1.0000
807728,1.0000
807729,1.0000
807730,1.0000
807731,1.0000
807732,1.0000
807735,1.0000
807736,1.0000
807737,1.0000
807738,1.0000
807739,1.0000
807740,1.0000
807741,1.0000
807743,1.0000
807744,1.0000
807745,1.0000
807746,1.0000
807747,1.0000
807748,1.0000
807750,1.0000
807751,1.0000
807752,1.0000
807753,1.0000
807754,1.0000
807757,1.0000
807758,1.0000
807759,1.0000
807760,1.0000
807761,1.0000
807762,1.0000
807763,1.0000
807764,1.0000
807765,1.0000
807767,1.0000
807768,1.0000
807769,1.0000
807770,1.0000
807771,1.0000
807772,1.0000
807773,1.0000
807774,1.0000
807775,1.0000
807777,1.0000
807778,1.0000
807779,1.0000
807780,1.0000
807782,1.0000
807784,1.0000
807785,1.0000
807786,1.0000
807787,1.0000
807788,1.0000
807789,1.0000
807790,1.0000
807791,1.0000
807792,1.0000
807793,1.0000
807794,1.0000
807796,1.0000
807797,1.0000
807798,1.0000
807799,1.0000
807800,1.0000
807801,1.0000
807803,1.0000
807804,1.0000
807805,1.0000
807806,1.0000
807807,1.0000
807808,1.0000
807809,1.0000
807812,1.0000
807813,1.0000
807815,1.0000
807816,1.0000
807817,1.0000
807819,1.0000
807820,1.0000
807821,1.0000
807822,1.0000
807824,1.0000
807825,1.0000
807826,1.0000
807827,1.0000
807828,1.0000
807829,1.0000
807830,1.0000
807832,1.0000
807833,1.0000
807834,1.0000
807835,1.0000
807836,1.0000
807837,1.0000
807838,1.0000
807839,1.0000
807841,1.0000
807844,1.0000
807845,1.0000
807846,1.0000
807847,1.0000
807848,1.0000
807849,1.0000
807850,1.0000
807851,1.0000
807852,1.0000
807854,1.0000
807855,1.0000
807856,1.0000
807857,1.0000
807858,1.0000
807860,1.0000
807861,1.0000
807862,1.0000
807864,1.0000
807865,1.0000
807866,1.0000
807867,1.0000
807869,1.0000
807870,1.0000
807872,1.0000
807873,1.0000
807874,1.0000
807875,1.0000
807877,1.0000
807878,1.0000
807879,1.0000
807880,1.0000
807881,1.0000
807882,1.0000
807883,1.0000
807884,1.0000
807885,1.0000
807886,1.0000
807887,1.0000
807888,1.0000
807890,1.0000
807892,1.0000
807893,1.0000
807894,1.0000
807895,1.0000
807897,1.0000
807898,1.0000
807899,1.0000
807900,1.0000
807901,1.0000
807904,1.0000
807905,1.0000
807906,1.0000
807907,1.0000
807909,1.0000
807911,1.0000
807912,1.0000
807913,1.0000
807914,1.0000
807915,1.0000
807916,1.0000
807918,1.0000
807919,1.0000
807920,1.0000
807921,1.0000
807922,1.0000
807923,1.0000
807924,1.0000
807925,1.0000
807926,1.0000
807928,1.0000
807929,1.0000
807930,1.0000
807931,1.0000
807932,1.0000
807933,1.0000
807934,1.0000
807935,1.0000
807936,1.0000
807937,1.0000
807938,1.0000
807939,1.0000
807940,1.0000
807941,1.0000
807943,1.0000
807944,1.0000
807945,1.0000
807946,1.0000
807947,1.0000
807948,1.0000
807949,1.0000
807950,1.0000
807952,1.0000
807953,1.0000
807954,1.0000
807955,1.0000
807956,1.0000
807957,1.0000
807958,1.0000
807959,1.0000
807960,1.0000
807961,1.0000
807962,1.0000
807963,1.0000
807964,1.0000
807965,1.0000
807966,1.0000
807967,1.0000
807968,1.0000
807969,1.0000
807970,1.0000
807971,1.0000
807972,1.0000
807973,1.0000
807974,1.0000
807975,1.0000
807976,1.0000
807977,1.0000
807978,1.0000
807979,1.0000
807980,1.0000
807981,1.0000
807982,1.0000
807983,1.0000
807986,1.0000
807988,1.0000
807989,1.0000
807990,1.0000
807993,1.0000
807994,1.0000
807995,1.0000
807996,1.0000
807998,1.0000
807999,1.0000
808001,1.0000
808003,1.0000
808004,1.0000
808005,1.0000
808006,1.0000
808007,1.0000
808008,1.0000
808009,1.0000
808011,1.0000
808013,1.0000
808014,1.0000
808015,1.0000
808016,1.0000
808017,1.0000
808019,1.0000
808020,1.0000
808021,1.0000
808022,1.0000
808023,1.0000
808024,1.0000
808025,1.0000
808026,1.0000
808027,1.0000
808028,1.0000
808029,1.0000
808031,1.0000
808032,1.0000
808033,1.0000
808034,1.0000
808035,1.0000
808036,1.0000
808038,1.0000
808039,1.0000
808040,1.0000
808042,1.0000
808044,1.0000
808045,1.0000
808046,1.0000
808047,1.0000
808048,1.0000
808049,1.0000
808050,1.0000
808051,1.0000
808053,1.0000
808055,1.0000
808056,1.0000
808057,1.0000
808059,1.0000
808060,1.0000
808061,1.0000
808062,1.0000
808063,1.0000
808064,1.0000
808065,1.0000
808067,1.0000
808069,1.0000
808070,1.0000
808071,1.0000
808073,1.0000
808074,1.0000
808075,1.0000
808076,1.0000
808077,1.0000
808078,1.0000
808079,1.0000
808080,1.0000
808081,1.0000
808082,1.0000
808083,1.0000
808084,1.0000
808085,1.0000
808086,1.0000
808087,1.0000
808088,1.0000
808091,1.0000
808092,1.0000
808094,1.0000
808095,1.0000
808096,1.0000
808097,1.0000
808100,1.0000
808101,1.0000
808103,1.0000
808104,1.0000
808105,1.0000
808106,1.0000
808107,1.0000
808109,1.0000
808110,1.0000
808112,1.0000
808114,1.0000
808115,1.0000
808117,1.0000
808118,1.0000
808120,1.0000
808121,1.0000
808122,1.0000
808123,1.0000
808124,1.0000
808125,1.0000
808126,1.0000
808127,1.0000
808130,1.0000
808132,1.0000
808134,1.0000
808135,1.0000
808136,1.0000
808137,1.0000
808138,1.0000
808139,1.0000
808140,1.0000
808143,1.0000
808144,1.0000
808145,1.0000
808146,1.0000
808147,1.0000
808149,1.0000
808150,1.0000
808151,1.0000
808152,1.0000
808153,1.0000
808154,1.0000
808156,1.0000
808157,1.0000
808158,1.0000
808159,1.0000
808160,1.0000
808161,1.0000
808162,1.0000
808163,1.0000
808165,1.0000
808168,1.0000
808170,1.0000
808171,1.0000
808172,1.0000
808174,1.0000
808175,1.0000
808176,1.0000
808177,1.0000
808178,1.0000
808179,1.0000
808180,1.0000
808182,1.0000
808183,1.0000
808184,1.0000
808185,1.0000
808186,1.0000
808187,1.0000
808189,1.0000
808190,1.0000
808191,1.0000
808192,1.0000
808193,1.0000
808194,1.0000
808195,1.0000
808196,1.0000
808197,1.0000
808198,1.0000
808200,1.0000
808201,1.0000
808202,1.0000
808203,1.0000
808204,1.0000
808205,1.0000
808206,1.0000
808207,1.0000
808208,1.0000
808210,1.0000
808211,1.0000
808213,1.0000
808214,1.0000
808215,1.0000
808217,1.0000
808218,1.0000
808219,1.0000
808220,1.0000
808221,1.0000
808222,1.0000
808224,1.0000
808225,1.0000
808229,1.0000
808230,1.0000
808232,1.0000
808234,1.0000
808235,1.0000
808237,1.0000
808238,1.0000
808240,1.0000
808241,1.0000
808243,1.0000
808244,1.0000
808245,1.0000
808246,1.0000
808247,1.0000
808249,1.0000
808250,1.0000
808251,1.0000
808252,1.0000
808255,1.0000
808256,1.0000
808257,1.0000
808258,1.0000
808259,1.0000
808261,1.0000
808262,1.0000
808264,1.0000
808267,1.0000
808270,1.0000
808271,1.0000
808272,1.0000
808273,1.0000
808274,1.0000
808275,1.0000
808276,1.0000
808277,1.0000
808278,1.0000
808279,1.0000
808280,1.0000
808281,1.0000
808282,1.0000
808283,1.0000
808284,1.0000
808285,1.0000
808286,1.0000
808288,1.0000
808289,1.0000
808290,1.0000
808292,1.0000
808293,1.0000
808294,1.0000
808295,1.0000
808296,1.0000
808298,1.0000
808299,1.0000
808300,1.0000
808301,1.0000
808302,1.0000
808304,1.0000
808305,1.0000
808306,1.0000
808307,1.0000
808308,1.0000
808310,1.0000
808311,1.0000
808312,1.0000
808314,1.0000
808315,1.0000
808318,1.0000
808319,1.0000
808320,1.0000
808321,1.0000
808322,1.0000
808323,1.0000
808325,1.0000
808327,1.0000
808328,1.0000
808330,1.0000
808331,1.0000
808333,1.0000
808334,1.0000
808335,1.0000
808336,1.0000
808338,1.0000
808339,1.0000
808340,1.0000
808341,1.0000
808342,1.0000
808343,1.0000
808344,1.0000
808345,1.0000
808346,1.0000
808347,1.0000
808348,1.0000
808349,1.0000
808350,1.0000
808352,1.0000
808353,1.0000
808354,1.0000
808355,1.0000
808358,1.0000
808359,1.0000
808361,1.0000
808362,1.0000
808364,1.0000
808365,1.0000
808366,1.0000
808367,1.0000
808369,1.0000
808370,1.0000
808373,1.0000
808374,1.0000
808376,1.0000
808378,1.0000
808379,1.0000
808380,1.0000
808381,1.0000
808382,1.0000
808383,1.0000
808384,1.0000
808385,1.0000
808386,1.0000
808387,1.0000
808388,1.0000
808389,1.0000
808390,1.0000
808391,1.0000
808392,1.0000
808393,1.0000
808394,1.0000
808395,1.0000
808396,1.0000
808397,1.0000
808398,1.0000
808400,1.0000
808403,1.0000
808405,1.0000
808407,1.0000
808408,1.0000
808409,1.0000
808410,1.0000
808411,1.0000
808412,1.0000
808413,1.0000
808414,1.0000
808415,1.0000
808416,1.0000
808417,1.0000
808418,1.0000
808419,1.0000
808420,1.0000
808421,1.0000
808423,1.0000
808424,1.0000
808425,1.0000
808427,1.0000
808430,1.0000
808432,1.0000
808433,1.0000
808434,1.0000
808436,1.0000
808438,1.0000
808440,1.0000
808441,1.0000
808442,1.0000
808443,1.0000
808446,1.0000
808448,1.0000
808449,1.0000
808450,1.0000
808451,1.0000
808452,1.0000
808453,1.0000
808460,1.0000
808461,1.0000
808463,1.0000
808464,1.0000
808465,1.0000
808466,1.0000
808467,1.0000
808468,1.0000
808469,1.0000
808470,1.0000
808471,1.0000
808472,1.0000
808478,1.0000
808479,1.0000
808480,1.0000
808481,1.0000
808482,1.0000
808483,1.0000
808484,1.0000
808485,1.0000
808486,1.0000
808487,1.0000
808488,1.0000
808489,1.0000
808490,1.0000
808491,1.0000
808492,1.0000
808493,1.0000
808494,1.0000
808495,1.0000
808496,1.0000
808497,1.0000
808498,1.0000
808499,1.0000
808500,1.0000
808502,1.0000
808503,1.0000
808504,1.0000
808505,1.0000
808506,1.0000
808507,1.0000
808508,1.0000
808511,1.0000
808512,1.0000
808513,1.0000
808514,1.0000
808515,1.0000
808516,1.0000
808517,1.0000
808518,1.0000
808519,1.0000
808520,1.0000
808521,1.0000
808522,1.0000
808523,1.0000
808524,1.0000
808525,1.0000
808526,1.0000
808529,1.0000
808530,1.0000
808531,1.0000
808532,1.0000
808533,1.0000
808534,1.0000
808535,1.0000
808536,1.0000
808537,1.0000
808539,1.0000
808540,1.0000
808541,1.0000
808542,1.0000
808543,1.0000
808544,1.0000
808545,1.0000
808546,1.0000
808547,1.0000
808549,1.0000
808550,1.0000
808551,1.0000
808554,1.0000
808555,1.0000
808556,1.0000
808557,1.0000
808559,1.0000
808560,1.0000
808561,1.0000
808562,1.0000
808563,1.0000
808564,1.0000
808565,1.0000
808566,1.0000
808567,1.0000
808568,1.0000
808570,1.0000
808571,1.0000
808572,1.0000
808573,1.0000
808574,1.0000
808575,1.0000
808576,1.0000
808577,1.0000
808578,1.0000
808579,1.0000
808580,1.0000
808581,1.0000
808582,1.0000
808583,1.0000
808584,1.0000
808586,1.0000
808588,1.0000
808589,1.0000
808590,1.0000
808591,1.0000
808592,1.0000
808593,1.0000
808594,1.0000
808595,1.0000
808596,1.0000
808598,1.0000
808600,1.0000
808601,1.0000
808602,1.0000
808603,1.0000
808604,1.0000
808605,1.0000
808607,1.0000
808608,1.0000
808609,1.0000
808610,1.0000
808611,1.0000
808612,1.0000
808613,1.0000
808614,1.0000
808615,1.0000
808616,1.0000
808617,1.0000
808618,1.0000
808619,1.0000
808620,1.0000
808621,1.0000
808623,1.0000
808624,1.0000
808625,1.0000
808627,1.0000
808628,1.0000
808629,1.0000
808631,1.0000
808632,1.0000
808633,1.0000
808634,1.0000
808635,1.0000
808637,1.0000
808638,1.0000
808640,1.0000
808641,1.0000
808642,1.0000
808644,1.0000
808645,1.0000
808646,1.0000
808647,1.0000
808648,1.0000
808649,1.0000
808650,1.0000
808651,1.0000
808652,1.0000
808655,1.0000
808656,1.0000
808658,1.0000
808659,1.0000
808660,1.0000
808661,1.0000
808662,1.0000
808663,1.0000
808664,1.0000
808666,1.0000
808667,1.0000
808668,1.0000
808669,1.0000
808670,1.0000
808672,1.0000
808674,1.0000
808675,1.0000
808676,1.0000
808677,1.0000
808678,1.0000
808679,1.0000
808680,1.0000
808682,1.0000
808683,1.0000
808684,1.0000
808685,3.2857
808687,1.0000
808688,1.0000
808689,1.0000
808690,1.0000
808691,1.0000
808692,1.0000
808694,1.0000
808695,1.0000
808696,1.0000
808697,1.0000
808698,1.0000
808699,1.0000
808700,1.0000
808701,1.0000
808702,1.0000
808703,1.0000
808704,1.0000
808705,1.0000
808706,1.0000
808707,1.0000
808708,1.0000
808709,1.0000
808710,1.0000
808711,1.0000
808712,1.0000
808715,1.0000
808716,1.0000
808717,1.0000
808718,1.0000
808719,1.0000
808720,1.0000
808721,1.0000
808722,1.0000
808723,1.0000
808724,1.0000
808726,1.0000
808727,1.0000
808728,1.0000
808729,1.0000
808731,1.0000
808732,1.0000
808734,1.0000
808735,1.0000
808736,1.0000
808740,1.0000
808741,1.0000
808742,1.0000
808743,1.0000
808744,1.0000
808745,1.0000
808746,1.0000
808747,1.0000
808748,1.0000
808749,1.0000
808750,1.0000
808752,1.0000
808753,1.0000
808754,1.0000
808755,1.0000
808756,1.0000
808757,1.0000
808759,1.0000
808760,1.0000
808761,1.0000
808762,1.0000
808765,1.0000
808767,1.0000
808768,1.0000
808769,1.0000
808770,1.0000
808771,1.0000
808772,1.0000
808773,1.0000
808774,1.0000
808775,1.0000
808776,1.0000
808777,1.0000
808778,1.0000
808779,1.0000
808781,1.0000
808782,1.0000
808784,1.0000
808786,1.0000
808787,1.0000
808788,1.0000
808789,1.0000
808790,1.0000
808791,1.0000
808792,1.0000
808794,1.0000
808795,1.0000
808796,1.0000
808797,1.0000
808798,1.0000
808799,1.0000
808800,1.0000
808801,1.0000
808803,1.0000
808804,1.0000
808805,1.0000
808806,1.0000
808807,1.0000
808808,1.0000
808809,1.0000
808810,1.0000
808812,1.0000
808813,1.0000
808814,1.0000
808815,1.0000
808816,1.0000
808817,1.0000
808818,1.0000
808819,1.0000
808820,1.0000
808821,1.0000
808822,1.0000
808824,1.0000
808825,1.0000
808826,1.0000
808828,1.0000
808829,1.0000
808830,1.0000
808831,1.0000
808832,1.0000
808833,1.0000
808834,1.0000
808835,1.0000
808836,1.0000
808838,1.0000
808839,1.0000
808840,1.0000
808841,1.0000
808843,1.0000
808844,1.0000
808845,1.0000
808847,1.0000
808851,1.0000
808853,1.0000
808854,1.0000
808855,1.0000
808856,1.0000
808857,1.0000
808858,1.0000
808859,1.0000
808860,1.0000
808861,1.0000
808864,1.0000
808866,1.0000
808867,1.0000
808868,1.0000
808871,1.0000
808872,1.0000
808873,1.0000
808874,1.0000
808875,1.0000
808876,1.0000
808877,1.0000
808878,1.0000
808879,1.0000
808880,1.0000
808881,1.0000
808882,1.0000
808883,1.0000
808884,1.0000
808885,1.0000
808886,1.0000
808887,1.0000
808888,1.0000
808890,1.0000
808891,1.0000
808894,1.0000
808896,1.0000
808897,1.0000
808898,1.0000
808899,1.0000
808900,1.0000
808901,1.0000
808902,1.0000
808903,1.0000
808904,1.0000
808905,1.0000
808907,1.0000
808908,1.0000
808909,1.0000
808911,1.0000
808913,1.0000
808914,1.0000
808915,1.0000
808916,1.0000
808917,1.0000
808918,1.0000
808919,1.0000
808920,1.0000
808921,1.0000
808922,1.0000
808923,1.0000
808924,1.0000
808925,1.0000
808926,1.0000
808927,1.0000
808929,1.0000
808930,1.0000
808931,1.0000
808932,1.0000
808933,1.0000
808934,1.0000
808935,1.0000
808936,1.0000
808938,1.0000
808939,1.0000
808940,1.0000
808941,1.0000
808943,1.0000
808944,1.0000
808946,1.0000
808947,1.0000
808949,1.0000
808950,1.0000
808952,1.0000
808953,1.0000
808954,1.0000
808955,1.0000
808957,1.0000
808958,1.0000
808959,1.0000
808960,1.0000
808961,1.0000
808962,1.0000
808963,1.0000
808964,1.0000
808965,1.0000
808966,1.0000
808968,1.0000
808969,1.0000
808970,1.0000
808973,1.0000
808974,1.0000
808975,1.0000
808976,1.0000
808977,1.0000
808979,1.0000
808982,1.0000
808983,1.0000
808985,1.0000
808986,1.0000
808987,1.0000
808988,1.0000
808989,1.0000
808991,1.0000
808992,1.0000
808995,1.0000
808996,1.0000
808997,1.0000
808998,1.0000
808999,1.0000
809000,1.0000
809001,1.0000
809003,1.0000
809004,1.0000
809005,1.0000
809007,1.0000
809008,1.0000
809009,1.0000
809010,1.0000
809011,1.0000
809012,1.0000
809013,1.0000
809014,1.0000
809015,1.0000
809016,1.0000
809017,1.0000
809018,1.0000
809019,1.0000
809020,1.0000
809021,1.0000
809022,1.0000
809023,1.0000
809024,1.0000
809026,1.0000
809027,1.0000
809029,1.0000
809032,1.0000
809033,1.0000
809034,1.0000
809035,1.0000
809036,1.0000
809037,1.0000
809039,1.0000
809040,1.0000
809043,1.0000
809044,1.0000
809046,1.0000
809047,1.0000
809048,1.0000
809049,1.0000
809050,1.0000
809051,1.0000
809054,1.0000
809055,1.0000
809056,1.0000
809057,1.0000
809059,1.0000
809061,1.0000
809062,1.0000
809063,1.0000
809064,1.0000
809065,1.0000
809066,1.0000
809067,1.0000
809069,1.0000
809071,1.0000
809073,1.0000
809074,1.0000
809075,1.0000
809077,1.0000
809078,1.0000
809079,1.0000
809080,1.0000
809081,1.0000
809082,1.0000
809083,1.0000
809085,1.0000
809086,1.0000
809088,1.0000
809089,1.0000
809090,1.0000
809091,1.0000
809092,1.0000
809094,1.0000
809095,1.0000
809096,1.0000
809097,1.0000
809098,1.0000
809099,1.0000
809101,1.0000
809102,1.0000
809103,1.0000
809104,1.0000
809105,1.0000
809106,1.0000
809107,1.0000
809108,1.0000
809109,1.0000
809110,1.0000
809111,1.0000
809112,1.0000
809113,1.0000
809115,1.0000
809116,1.0000
809118,1.0000
809119,1.0000
809120,1.0000
809121,1.0000
809122,1.0000
809123,1.0000
809125,1.0000
809126,1.0000
809128,1.0000
809129,1.0000
809130,1.0000
809132,1.0000
809133,1.0000
809134,1.0000
809135,1.0000
809136,1.0000
809137,1.0000
809138,1.0000
809139,1.0000
809140,1.0000
809141,1.0000
809143,1.0000
809144,1.0000
809145,1.0000
809146,1.0000
809147,1.0000
809148,1.0000
809149,1.0000
809150,1.0000
809151,1.0000
809152,1.0000
809153,1.0000
809154,1.0000
809155,1.0000
809156,1.0000
809157,1.0000
809158,1.0000
809159,1.0000
809160,1.0000
809161,1.0000
809162,1.0000
809163,1.0000
809164,1.0000
809165,1.0000
809166,1.0000
809167,1.0000
809169,1.0000
809170,1.0000
809171,1.0000
809172,1.0000
809173,1.0000
809174,1.0000
809175,1.0000
809176,1.0000
809178,1.0000
809180,1.0000
809181,1.0000
809183,1.0000
809184,1.0000
809185,1.0000
809186,1.0000
809187,1.0000
809188,1.0000
809189,1.0000
809190,1.0000
809191,1.0000
809193,1.0000
809195,1.0000
809196,1.0000
809197,1.0000
809198,1.0000
809199,1.0000
809200,1.0000
809201,1.0000
809202,1.0000
809203,1.0000
809204,1.0000
809205,1.0000
809206,1.0000
809208,1.0000
809209,1.0000
809210,1.0000
809211,1.0000
809212,1.0000
809213,1.0000
809218,1.0000
809219,1.0000
809220,1.0000
809221,1.0000
809222,1.0000
809223,1.0000
809224,1.0000
809225,1.0000
809226,1.0000
809227,1.0000
809228,1.0000
809229,1.0000
809230,1.0000
809232,1.0000
809233,1.0000
809234,1.0000
809235,1.0000
809236,1.0000
809237,1.0000
809238,1.0000
809240,1.0000
809241,1.0000
809242,1.0000
809243,1.0000
809244,1.0000
809245,1.0000
809247,1.0000
809248,1.0000
809249,1.0000
809250,1.0000
809252,1.0000
809254,1.0000
809255,1.0000
809257,1.0000
809258,1.0000
809259,1.0000
809260,1.0000
809261,1.0000
809263,1.0000
809264,1.0000
809266,1.0000
809267,1.0000
809268,1.0000
809269,1.0000
809271,1.0000
809272,1.0000
809273,1.0000
809275,1.0000
809276,1.0000
809277,1.0000
809278,1.0000
809281,1.0000
809282,1.0000
809283,1.0000
809284,1.0000
809287,1.0000
809288,1.0000
809289,1.0000
809291,1.0000
809292,1.0000
809293,1.0000
809294,1.0000
809296,1.0000
809297,1.0000
809298,1.0000
809299,1.0000
809300,1.0000
809301,1.0000
809303,1.0000
809304,1.0000
809305,1.0000
809309,1.0000
809310,1.0000
809312,1.0000
809314,1.0000
809316,1.0000
809317,1.0000
809319,1.0000
809320,1.0000
809321,1.0000
809322,1.0000
809323,1.0000
809324,1.0000
809325,1.0000
809328,1.0000
809329,1.0000
809330,1.0000
809331,1.0000
809332,1.0000
809333,1.0000
809334,1.0000
809338,1.0000
809340,1.0000
809341,1.0000
809342,1.0000
809343,1.0000
809344,1.0000
809346,1.0000
809347,1.0000
809349,1.0000
809350,1.0000
809351,1.0000
809352,1.0000
809353,1.0000
809354,1.0000
809355,1.0000
809356,1.0000
809357,1.0000
809358,1.0000
809360,1.0000
809363,1.0000
809364,1.0000
809365,1.0000
809366,1.0000
809369,1.0000
809371,1.0000
809372,1.0000
809373,1.0000
809374,1.0000
809375,1.0000
809377,1.0000
809378,1.0000
809379,1.0000
809380,1.0000
809381,1.0000
809382,1.0000
809383,1.0000
809384,1.0000
809385,1.0000
809386,1.0000
809388,1.0000
809389,1.0000
809390,1.0000
809391,1.0000
809392,1.0000
809393,1.0000
809394,1.0000
809395,1.0000
809396,1.0000
809397,1.0000
809398,1.0000
809399,1.0000
809400,1.0000
809401,1.0000
809402,1.0000
809403,1.0000
809405,1.0000
809406,1.0000
809407,1.0000
809408,1.0000
809409,1.0000
809410,1.0000
809411,1.0000
809413,1.0000
809414,1.0000
809415,1.0000
809416,1.0000
809417,1.0000
809418,1.0000
809419,1.0000
809421,1.0000
809422,1.0000
809423,1.0000
809424,1.0000
809426,1.0000
809427,1.0000
809428,1.0000
809430,1.0000
809431,1.0000
809432,1.0000
809433,1.0000
809434,1.0000
809436,1.0000
809437,1.0000
809438,1.0000
809439,1.0000
809440,1.0000
809441,1.0000
809442,1.0000
809443,1.0000
809444,1.0000
809445,1.0000
809446,1.0000
809448,1.0000
809449,1.0000
809450,1.0000
809451,1.0000
809452,1.0000
809453,1.0000
809454,1.0000
809455,1.0000
809457,1.0000
809458,1.0000
809460,1.0000
809461,1.0000
809462,1.0000
809463,1.0000
809464,1.0000
809465,1.0000
809466,1.0000
809467,1.0000
809468,1.0000
809469,1.0000
809471,1.0000
809473,1.0000
809474,1.0000
809475,1.0000
809476,1.0000
809478,1.0000
809479,1.0000
809480,1.0000
809481,1.0000
809482,1.0000
809483,1.0000
809484,1.0000
809485,1.0000
809486,1.0000
809488,1.0000
809490,1.0000
809491,1.0000
809492,1.0000
809493,1.0000
809495,1.0000
809496,1.0000
809497,1.0000
809498,1.0000
809499,1.0000
809501,1.0000
809502,1.0000
809503,1.0000
809505,1.0000
809506,1.0000
809507,1.0000
809508,1.0000
809509,1.0000
809510,1.0000
809511,1.0000
809512,1.0000
809513,1.0000
809514,1.0000
809516,1.0000
809517,1.0000
809518,1.0000
809519,1.0000
809520,1.0000
809521,1.0000
809524,1.0000
809525,1.0000
809526,1.0000
809527,1.0000
809529,1.0000
809530,1.0000
809531,1.0000
809532,1.0000
809533,1.0000
809534,1.0000
809535,1.0000
809536,1.0000
809537,1.0000
809538,1.0000
809539,1.0000
809540,1.0000
809541,1.0000
809542,1.0000
809543,1.0000
809545,1.0000
809546,1.0000
809547,1.0000
809548,1.0000
809549,1.0000
809550,1.0000
809551,1.0000
809552,1.0000
809553,1.0000
809555,1.0000
809556,1.0000
809557,1.0000
809558,1.0000
809560,1.0000
809561,1.0000
809562,1.0000
809563,1.0000
809564,1.0000
809565,1.0000
809566,1.0000
809567,1.0000
809569,1.0000
809570,1.0000
809571,1.0000
809573,1.0000
809574,1.0000
809575,1.0000
809576,1.0000
809577,1.0000
809578,1.0000
809579,1.0000
809580,1.0000
809582,1.0000
809583,1.0000
809584,1.0000
809585,1.0000
809586,1.0000
809587,1.0000
809588,1.0000
809589,1.0000
809590,1.0000
809591,1.0000
809592,1.0000
809593,1.0000
809594,1.0000
809595,1.0000
809596,1.0000
809597,1.0000
809598,1.0000
809599,1.0000
809600,1.0000
809602,1.0000
809603,1.0000
809604,1.0000
809605,1.0000
809606,1.0000
809607,1.0000
809608,1.0000
809609,1.0000
809610,1.0000
809611,1.0000
809612,1.0000
809614,1.0000
809615,1.0000
809617,1.0000
809618,1.0000
809620,1.0000
809621,1.0000
809622,1.0000
809623,1.0000
809624,1.0000
809625,1.0000
809627,1.0000
809628,1.0000
809629,1.0000
809630,1.0000
809631,1.0000
809632,1.0000
809633,1.0000
809634,1.0000
809635,1.0000
809636,1.0000
809638,1.0000
809639,1.0000
809640,1.0000
809643,1.0000
809645,1.0000
809646,1.0000
809647,1.0000
809648,1.0000
809649,1.0000
809650,1.0000
809651,1.0000
809652,1.0000
809653,1.0000
809654,1.0000
809659,1.0000
809660,1.0000
809662,1.0000
809663,1.0000
809664,1.0000
809665,1.0000
809666,1.0000
809667,1.0000
809668,1.0000
809669,1.0000
809670,1.0000
809671,1.0000
809672,1.0000
809673,1.0000
809674,1.0000
809675,1.0000
809676,1.0000
809677,1.0000
809678,1.0000
809679,1.0000
809680,1.0000
809681,1.0000
809682,1.0000
809683,1.0000
809685,1.0000
809686,1.0000
809687,1.0000
809688,1.0000
809689,1.0000
809690,1.0000
809692,1.0000
809693,1.0000
809694,1.0000
809695,1.0000
809696,1.0000
809697,1.0000
809698,1.0000
809699,1.0000
809700,1.0000
809701,1.0000
809703,1.0000
809704,1.0000
809705,1.0000
809707,1.0000
809708,1.0000
809709,1.0000
809710,1.0000
809711,1.0000
809712,1.0000
809713,1.0000
809714,1.0000
809715,1.0000
809716,1.0000
809718,1.0000
809719,1.0000
809721,1.0000
809722,1.0000
809723,1.0000
809724,1.0000
809725,1.0000
809726,1.0000
809727,1.0000
809728,1.0000
809729,1.0000
809730,1.0000
809733,1.0000
809734,1.0000
809735,1.0000
809736,1.0000
809737,1.0000
809738,1.0000
809739,1.0000
809741,1.0000
809743,1.0000
809744,1.0000
809745,1.0000
809746,1.0000
809747,1.0000
809748,1.0000
809750,1.0000
809751,1.0000
809754,1.0000
809755,1.0000
809756,1.0000
809757,1.0000
809758,1.0000
809759,1.0000
809761,1.0000
809762,1.0000
809763,1.0000
809764,1.0000
809765,1.0000
809766,1.0000
809767,1.0000
809768,1.0000
809769,1.0000
809770,1.0000
809771,1.0000
809773,1.0000
809775,1.0000
809777,1.0000
809779,1.0000
809781,1.0000
809782,1.0000
809783,1.0000
809784,1.0000
809786,1.0000
809787,1.0000
809788,1.0000
809789,1.0000
809790,1.0000
809791,1.0000
809792,1.0000
809794,1.0000
809795,1.0000
809796,1.0000
809797,1.0000
809798,1.0000
809799,1.0000
809800,1.0000
809801,1.0000
809802,1.0000
809803,1.0000
809804,1.0000
809805,1.0000
809806,1.0000
809807,1.0000
809809,1.0000
809811,1.0000
809813,1.0000
809814,1.0000
809815,1.0000
809816,1.0000
809817,1.0000
809818,1.0000
809819,1.0000
809821,1.0000
809823,1.0000
809825,1.0000
809826,1.0000
809827,1.0000
809828,1.0000
809830,1.0000
809831,1.0000
809833,1.0000
809834,1.0000
809835,1.0000
809837,1.0000
809838,1.0000
809839,1.0000
809840,1.0000
809842,1.0000
809843,1.0000
809845,1.0000
809846,1.0000
809847,1.0000
809849,1.0000
809850,1.0000
809851,1.0000
809852,1.0000
809853,1.0000
809854,1.0000
809856,1.0000
809857,1.0000
809858,1.0000
809859,1.0000
809860,1.0000
809861,1.0000
809862,1.0000
809863,1.0000
809864,1.0000
809865,1.0000
809866,1.0000
809867,1.0000
809868,1.0000
809869,1.0000
809870,1.0000
809871,1.0000
809872,1.0000
809874,1.0000
809875,1.0000
809876,1.0000
809877,1.0000
809878,1.0000
809879,1.0000
809880,1.0000
809881,1.0000
809883,1.0000
809884,1.0000
809886,1.0000
809887,1.0000
809888,1.0000
809889,1.0000
809891,1.0000
809892,1.0000
809894,1.0000
809895,1.0000
809896,1.0000
809897,1.0000
809898,1.0000
809899,1.0000
809900,1.0000
809901,1.0000
809902,1.0000
809903,1.0000
809904,1.0000
809905,1.0000
809906,1.0000
809907,1.0000
809908,1.0000
809910,1.0000
809911,1.0000
809912,3.2857
809913,1.0000
809916,1.0000
809917,1.0000
809918,1.0000
809920,1.0000
809922,1.0000
809923,1.0000
809924,1.0000
809925,1.0000
809928,1.0000
809929,1.0000
809930,1.0000
809931,1.0000
809932,1.0000
809933,1.0000
809934,1.0000
809935,1.0000
809936,1.0000
809937,1.0000
809939,1.0000
809941,1.0000
809942,1.0000
809946,1.0000
809947,1.0000
809949,1.0000
809950,1.0000
809951,1.0000
809952,1.0000
809953,1.0000
809954,1.0000
809955,1.0000
809956,1.0000
809958,1.0000
809960,1.0000
809961,1.0000
809963,1.0000
809965,1.0000
809966,1.0000
809967,1.0000
809968,1.0000
809969,1.0000
809970,1.0000
809971,1.0000
809972,1.0000
809973,1.0000
809974,1.0000
809975,1.0000
809976,1.0000
809977,1.0000
809978,1.0000
809979,1.0000
809980,1.0000
809981,1.0000
809982,1.0000
809983,1.0000
809984,1.0000
809985,1.0000
809986,1.0000
809987,1.0000
809988,1.0000
809989,1.0000
809990,1.0000
809991,1.0000
809992,1.0000
809993,1.0000
809994,1.0000
809995,1.0000
809996,1.0000
809997,1.0000
809998,1.0000
809999,1.0000
810000,1.0000
810001,1.0000
810002,1.0000
810004,1.0000
810005,1.0000
810007,1.0000
810008,1.0000
810009,1.0000
810010,1.0000
810012,1.0000
810013,1.0000
810014,1.0000
810015,1.0000
810016,1.0000
810017,1.0000
810020,1.0000
810021,1.0000
810022,1.0000
810024,1.0000
810025,1.0000
810026,1.0000
810027,1.0000
810029,1.0000
810030,1.0000
810031,1.0000
810032,1.0000
810033,1.0000
810034,1.0000
810035,1.0000
810036,1.0000
810037,1.0000
810038,1.0000
810039,1.0000
810041,1.0000
810042,1.0000
810043,1.0000
810044,1.0000
810045,1.0000
810046,1.0000
810048,1.0000
810049,1.0000
810050,1.0000
810052,1.0000
810053,1.0000
810056,1.0000
810058,1.0000
810059,1.0000
810062,1.0000
810063,1.0000
810064,1.0000
810065,1.0000
810066,1.0000
810067,1.0000
810068,1.0000
810069,1.0000
810070,1.0000
810072,1.0000
810073,1.0000
810074,1.0000
810076,1.0000
810077,1.0000
810078,1.0000
810079,1.0000
810080,1.0000
810081,1.0000
810082,1.0000
810084,1.0000
810085,1.0000
810086,1.0000
810087,1.0000
810088,1.0000
810089,1.0000
810090,1.0000
810091,1.0000
810094,1.0000
810095,1.0000
810097,1.0000
810098,3.2857
810099,1.0000
810100,1.0000
810101,1.0000
810102,1.0000
810103,1.0000
810104,1.0000
810108,1.0000
810109,1.0000
810110,1.0000
810111,1.0000
810112,1.0000
810113,1.0000
810116,1.0000
810117,1.0000
810119,1.0000
810120,1.0000
810123,1.0000
810124,1.0000
810126,1.0000
810127,1.0000
810128,1.0000
810129,1.0000
810131,1.0000
810132,1.0000
810133,1.0000
810134,1.0000
810135,1.0000
810136,1.0000
810137,1.0000
810139,1.0000
810140,1.0000
810142,1.0000
810143,1.0000
810145,1.0000
810146,1.0000
810147,1.0000
810148,1.0000
810149,1.0000
810150,1.0000
810151,1.0000
810152,1.0000
810153,1.0000
810154,1.0000
810155,1.0000
810156,1.0000
810157,1.0000
810158,1.0000
810159,1.0000
810161,1.0000
810162,1.0000
810163,1.0000
810164,1.0000
810165,1.0000
810166,1.0000
810167,1.0000
810168,1.0000
810169,1.0000
810170,1.0000
810171,1.0000
810172,1.0000
810173,1.0000
810175,1.0000
810177,1.0000
810178,1.0000
810179,1.0000
810180,1.0000
810182,1.0000
810184,1.0000
810185,1.0000
810187,1.0000
810188,1.0000
810189,1.0000
810190,1.0000
810191,1.0000
810192,1.0000
810194,1.0000
810196,1.0000
810197,1.0000
810198,1.0000
810201,1.0000
810202,1.0000
810203,1.0000
810204,1.0000
810205,1.0000
810206,1.0000
810207,1.0000
810209,1.0000
810210,1.0000
810211,1.0000
810212,1.0000
810213,1.0000
810215,1.0000
810216,1.0000
810217,1.0000
810219,1.0000
810221,1.0000
810222,1.0000
810223,1.0000
810225,1.0000
810226,1.0000
810227,1.0000
810228,1.0000
810229,1.0000
810230,1.0000
810232,1.0000
810234,1.0000
810235,1.0000
810236,1.0000
810237,1.0000
810238,1.0000
810239,1.0000
810240,1.0000
810241,1.0000
810242,1.0000
810243,1.0000
810244,1.0000
810245,1.0000
810246,1.0000
810247,1.0000
810248,1.0000
810250,1.0000
810251,1.0000
810252,1.0000
810253,1.0000
810254,1.0000
810257,1.0000
810258,1.0000
810260,1.0000
810261,1.0000
810267,1.0000
810268,1.0000
810269,1.0000
810270,1.0000
810271,1.0000
810272,1.0000
810274,1.0000
810276,1.0000
810277,1.0000
810278,1.0000
810279,1.0000
810281,1.0000
810282,1.0000
810283,1.0000
810284,1.0000
810286,1.0000
810287,1.0000
810288,1.0000
810289,1.0000
810290,1.0000
810291,1.0000
810293,1.0000
810295,1.0000
810296,1.0000
810298,1.0000
810299,1.0000
810301,1.0000
810303,1.0000
810304,1.0000
810306,1.0000
810307,1.0000
810308,1.0000
810310,1.0000
810311,1.0000
810312,1.0000
810313,1.0000
810314,1.0000
810315,1.0000
810316,1.0000
810318,1.0000
810321,1.0000
810322,1.0000
810323,1.0000
810325,1.0000
810326,1.0000
810327,1.0000
810328,1.0000
810329,1.0000
810330,1.0000
810331,1.0000
810333,1.0000
810334,1.0000
810335,1.0000
810336,1.0000
810337,1.0000
810338,1.0000
810340,1.0000
810341,1.0000
810342,1.0000
810343,1.0000
810344,1.0000
810345,1.0000
810346,1.0000
810349,1.0000
810350,1.0000
810351,1.0000
810353,1.0000
810355,1.0000
810357,1.0000
810359,1.0000
810360,1.0000
810361,1.0000
810362,1.0000
810363,1.0000
810364,1.0000
810365,1.0000
810366,1.0000
810367,1.0000
810368,1.0000
810369,1.0000
810371,1.0000
810372,1.0000
810373,1.0000
810374,1.0000
810375,1.0000
810376,1.0000
810377,1.0000
810378,1.0000
810379,1.0000
810380,1.0000
810381,1.0000
810382,1.0000
810383,1.0000
810384,1.0000
810386,1.0000
810387,1.0000
810388,1.0000
810389,1.0000
810390,1.0000
810391,1.0000
810393,1.0000
810394,1.0000
810395,1.0000
810396,1.0000
810397,1.0000
810398,1.0000
810399,1.0000
810400,1.0000
810401,1.0000
810402,1.0000
810404,1.0000
810405,1.0000
810406,1.0000
810407,1.0000
810408,1.0000
810410,1.0000
810411,1.0000
810412,1.0000
810414,1.0000
810415,1.0000
810416,1.0000
810417,1.0000
810418,1.0000
810419,1.0000
810422,1.0000
810423,1.0000
810424,1.0000
810425,1.0000
810426,1.0000
810427,1.0000
810428,1.0000
810431,1.0000
810432,1.0000
810433,1.0000
810434,1.0000
810435,1.0000
810437,1.0000
810439,1.0000
810440,1.0000
810441,1.0000
810442,1.0000
810443,1.0000
810444,1.0000
810445,1.0000
810446,1.0000
810448,1.0000
810450,1.0000
810451,1.0000
810452,1.0000
810453,1.0000
810454,1.0000
810455,1.0000
810456,1.0000
810458,1.0000
810459,1.0000
810460,1.0000
810461,1.0000
810462,1.0000
810463,1.0000
810465,1.0000
810466,1.0000
810467,1.0000
810469,1.0000
810470,1.0000
810472,1.0000
810473,1.0000
810474,1.0000
810476,1.0000
810477,1.0000
810478,1.0000
810479,1.0000
810480,1.0000
810481,1.0000
810482,1.0000
810483,1.0000
810484,1.0000
810485,1.0000
810486,1.0000
810487,1.0000
810488,1.0000
810489,1.0000
810490,1.0000
810491,1.0000
810492,1.0000
810493,1.0000
810494,1.0000
810495,1.0000
810496,1.0000
810498,1.0000
810500,1.0000
810501,1.0000
810503,1.0000
810504,1.0000
810505,1.0000
810506,1.0000
810507,1.0000
810509,1.0000
810510,1.0000
810511,1.0000
810514,1.0000
810516,1.0000
810517,1.0000
810518,1.0000
810519,1.0000
810520,1.0000
810521,1.0000
810522,1.0000
810524,1.0000
810526,1.0000
810527,1.0000
810528,1.0000
810529,1.0000
810530,1.0000
810533,1.0000
810534,1.0000
810535,1.0000
810536,1.0000
810539,1.0000
810540,1.0000
810541,1.0000
810542,1.0000
810543,1.0000
810544,1.0000
810547,1.0000
810548,1.0000
810549,1.0000
810550,1.0000
810551,1.0000
810552,1.0000
810553,1.0000
810554,1.0000
810555,1.0000
810556,1.0000
810558,1.0000
810559,1.0000
810560,1.0000
810561,1.0000
810562,1.0000
810563,1.0000
810564,1.0000
810566,1.0000
810567,1.0000
810570,1.0000
810571,1.0000
810572,1.0000
810573,1.0000
810575,1.0000
810576,1.0000
810577,1.0000
810578,1.0000
810579,1.0000
810580,1.0000
810581,1.0000
810582,1.0000
810583,1.0000
810585,1.0000
810586,1.0000
810589,1.0000
810590,1.0000
810591,1.0000
810592,1.0000
810594,1.0000
810595,1.0000
810596,1.0000
810597,1.0000
810598,1.0000
810599,1.0000
810600,1.0000
810602,1.0000
810603,1.0000
810604,1.0000
810606,1.0000
810607,1.0000
810608,1.0000
810609,1.0000
810610,1.0000
810613,1.0000
810614,1.0000
810616,1.0000
810618,1.0000
810619,1.0000
810620,1.0000
810621,1.0000
810622,1.0000
810623,1.0000
810625,1.0000
810626,1.0000
810627,1.0000
810628,1.0000
810629,1.0000
810632,1.0000
810633,1.0000
810634,1.0000
810635,1.0000
810638,1.0000
810639,1.0000
810640,1.0000
810641,1.0000
810642,1.0000
810643,1.0000
810644,1.0000
810645,1.0000
810646,1.0000
810647,1.0000
810648,1.0000
810650,1.0000
810651,1.0000
810652,1.0000
810653,1.0000
810654,1.0000
810655,1.0000
810656,1.0000
810657,1.0000
810658,1.0000
810659,1.0000
810660,1.0000
810662,1.0000
810663,1.0000
810664,1.0000
810667,1.0000
810668,1.0000
810670,1.0000
810671,1.0000
810673,1.0000
810674,1.0000
810675,1.0000
810676,1.0000
810677,1.0000
810678,1.0000
810680,1.0000
810681,1.0000
810683,1.0000
810685,1.0000
810686,1.0000
810687,1.0000
810689,1.0000
810690,1.0000
810691,1.0000
810693,1.0000
810694,1.0000
810696,1.0000
810697,1.0000
810699,1.0000
810703,1.0000
810704,1.0000
810705,1.0000
810706,1.0000
810708,1.0000
810710,1.0000
810712,1.0000
810713,1.0000
810714,1.0000
810715,1.0000
810716,1.0000
810718,1.0000
810719,1.0000
810720,1.0000
810721,1.0000
810722,1.0000
810724,1.0000
810725,1.0000
810726,1.0000
810728,1.0000
810729,1.0000
810731,1.0000
810733,1.0000
810734,1.0000
810736,1.0000
810738,1.0000
810739,1.0000
810740,1.0000
810741,1.0000
810742,1.0000
810743,1.0000
810744,1.0000
810745,1.0000
810746,1.0000
810747,1.0000
810748,1.0000
810749,1.0000
810750,1.0000
810752,1.0000
810753,1.0000
810754,1.0000
810755,1.0000
810756,1.0000
810760,1.0000
810761,1.0000
810762,1.0000
810763,1.0000
810764,1.0000
810765,1.0000
810766,1.0000
810768,1.0000
810769,1.0000
810770,1.0000
810771,1.0000
810772,1.0000
810774,1.0000
810775,1.0000
810776,1.0000
810779,1.0000
810780,1.0000
810781,1.0000
810782,1.0000
810783,1.0000
810784,1.0000
810786,1.0000
810787,1.0000
810788,1.0000
810789,1.0000
810790,1.0000
810792,1.0000
810795,1.0000
810796,1.0000
810798,1.0000
810799,1.0000
810800,1.0000
810801,1.0000
810804,1.0000
810805,1.0000
810806,1.0000
810808,1.0000
810810,1.0000
810811,1.0000
810812,1.0000
810813,1.0000
810814,1.0000
810815,1.0000
810816,1.0000
810817,1.0000
810818,1.0000
810819,1.0000
810820,1.0000
810821,1.0000
810822,1.0000
810823,1.0000
810825,1.0000
810826,1.0000
810827,1.0000
810828,1.0000
810829,1.0000
810830,1.0000
810831,1.0000
810832,1.0000
810834,1.0000
810835,1.0000
810836,1.0000
810837,1.0000
810838,1.0000
810839,1.0000
810841,1.0000
810842,1.0000
810843,1.0000
810845,1.0000
810846,1.0000
810847,1.0000
810849,1.0000
810850,1.0000
810851,1.0000
810852,1.0000
810855,1.0000
810857,1.0000
810858,1.0000
810861,1.0000
810862,1.0000
810863,1.0000
810864,1.0000
810865,1.0000
810866,1.0000
810867,1.0000
810868,1.0000
810870,1.0000
810872,1.0000
810873,1.0000
810874,1.0000
810875,1.0000
810876,1.0000
810877,1.0000
810878,1.0000
810879,1.0000
810880,1.0000
810881,1.0000
810883,1.0000
810884,1.0000
810885,1.0000
810886,1.0000
810887,1.0000
810888,1.0000
810889,1.0000
810891,1.0000
810893,1.0000
810894,1.0000
810895,1.0000
810896,1.0000
810897,1.0000
810898,1.0000
810899,1.0000
810900,1.0000
810901,1.0000
810903,1.0000
810904,1.0000
810905,1.0000
810906,1.0000
810907,1.0000
810908,1.0000
810910,1.0000
810911,1.0000
810912,1.0000
810914,1.0000
810915,1.0000
810916,1.0000
810917,1.0000
810919,1.0000
810921,1.0000
810922,1.0000
810923,1.0000
810924,1.0000
810925,1.0000
810926,1.0000
810927,1.0000
810928,1.0000
810929,1.0000
810930,1.0000
810931,1.0000
810932,1.0000
810934,1.0000
810935,1.0000
810936,1.0000
810937,1.0000
810939,1.0000
810940,1.0000
810941,1.0000
810943,1.0000
810944,1.0000
810945,1.0000
810946,1.0000
810947,1.0000
810948,1.0000
810949,1.0000
810950,1.0000
810951,1.0000
810953,1.0000
810954,1.0000
810955,1.0000
810956,1.0000
810957,1.0000
810958,1.0000
810959,1.0000
810961,1.0000
810963,1.0000
810964,1.0000
810965,1.0000
810966,1.0000
810967,1.0000
810968,1.0000
810971,1.0000
810972,1.0000
810973,1.0000
810974,1.0000
810976,1.0000
810977,1.0000
810979,1.0000
810980,1.0000
810981,1.0000
810983,1.0000
810984,1.0000
810985,1.0000
810987,1.0000
810988,1.0000
810990,1.0000
810992,1.0000
810993,1.0000
810995,1.0000
810996,1.0000
810997,1.0000
810998,1.0000
810999,1.0000
811004,1.0000
811005,1.0000
811006,1.0000
811007,1.0000
811008,1.0000
811009,1.0000
811010,1.0000
811011,1.0000
811012,1.0000
811013,1.0000
811014,1.0000
811016,1.0000
811017,1.0000
811018,1.0000
811019,1.0000
811020,1.0000
811021,1.0000
811022,1.0000
811023,1.0000
811024,1.0000
811025,1.0000
811026,1.0000
811027,1.0000
811028,1.0000
811029,1.0000
811030,1.0000
811031,1.0000
811032,1.0000
811033,1.0000
811034,1.0000
811035,1.0000
811036,1.0000
811037,1.0000
811038,1.0000
811039,1.0000
811040,1.0000
811041,1.0000
811043,1.0000
811044,1.0000
811045,1.0000
811046,1.0000
811048,1.0000
811050,1.0000
811051,1.0000
811054,1.0000
811055,1.0000
811056,1.0000
811057,1.0000
811058,1.0000
811059,1.0000
811060,1.0000
811061,1.0000
811062,1.0000
811064,1.0000
811065,1.0000
811069,1.0000
811070,1.0000
811071,1.0000
811072,1.0000
811073,1.0000
811074,1.0000
811075,1.0000
811077,1.0000
811078,1.0000
811079,1.0000
811080,1.0000
811081,1.0000
811083,1.0000
811084,1.0000
811087,1.0000
811088,1.0000
811089,1.0000
811090,1.0000
811091,1.0000
811093,1.0000
811094,1.0000
811095,1.0000
811096,1.0000
811097,1.0000
811099,1.0000
811100,1.0000
811101,1.0000
811103,1.0000
811104,1.0000
811105,1.0000
811106,1.0000
811107,1.0000
811108,1.0000
811109,1.0000
811110,1.0000
811111,1.0000
811112,1.0000
811115,1.0000
811116,1.0000
811117,1.0000
811118,1.0000
811119,1.0000
811120,1.0000
811123,1.0000
811124,1.0000
811125,1.0000
811126,1.0000
811128,1.0000
811129,1.0000
811131,1.0000
811133,1.0000
811134,1.0000
811135,1.0000
811136,1.0000
811137,1.0000
811138,1.0000
811139,1.0000
811140,1.0000
811141,1.0000
811142,1.0000
811143,1.0000
811144,1.0000
811145,1.0000
811147,1.0000
811148,1.0000
811149,1.0000
811150,1.0000
811152,1.0000
811153,1.0000
811154,1.0000
811155,1.0000
811156,1.0000
811157,1.0000
811158,1.0000
811160,1.0000
811161,1.0000
811162,1.0000
811163,1.0000
811164,1.0000
811165,1.0000
811167,1.0000
811168,1.0000
811169,1.0000
811170,1.0000
811171,1.0000
811172,1.0000
811173,1.0000
811174,1.0000
811175,1.0000
811179,1.0000
811180,1.0000
811182,1.0000
811183,1.0000
811185,1.0000
811187,1.0000
811188,1.0000
811189,1.0000
811191,1.0000
811192,1.0000
811195,1.0000
811196,1.0000
811197,1.0000
811199,1.0000
811200,1.0000
811201,1.0000
811202,1.0000
811204,1.0000
811207,1.0000
811210,1.0000
811211,1.0000
811212,1.0000
811213,1.0000
811214,1.0000
811215,1.0000
811217,1.0000
811219,1.0000
811220,1.0000
811222,1.0000
811225,1.0000
811226,1.0000
811227,1.0000
811228,1.0000
811229,1.0000
811230,1.0000
811231,1.0000
811232,1.0000
811235,1.0000
811236,1.0000
811237,1.0000
811238,1.0000
811240,1.0000
811241,1.0000
811243,1.0000
811247,1.0000
811248,1.0000
811249,1.0000
811250,1.0000
811252,1.0000
811253,1.0000
811254,1.0000
811255,1.0000
811256,1.0000
811257,1.0000
811258,1.0000
811259,1.0000
811261,1.0000
811262,1.0000
811263,1.0000
811264,1.0000
811265,1.0000
811266,1.0000
811267,1.0000
811268,1.0000
811269,1.0000
811270,1.0000
811271,1.0000
811273,1.0000
811274,1.0000
811275,1.0000
811276,1.0000
811277,1.0000
811278,1.0000
811279,1.0000
811280,1.0000
811281,1.0000
811282,1.0000
811283,1.0000
811285,1.0000
811286,1.0000
811287,1.0000
811288,1.0000
811293,1.0000
811295,1.0000
811296,1.0000
811297,1.0000
811299,1.0000
811300,1.0000
811301,1.0000
811302,1.0000
811303,1.0000
811305,1.0000
811306,1.0000
811309,1.0000
811310,1.0000
811311,1.0000
811312,1.0000
811313,1.0000
811315,1.0000
811316,1.0000
811317,1.0000
811318,1.0000
811319,1.0000
811320,1.0000
811321,1.0000
811322,1.0000
811323,1.0000
811324,1.0000
811325,1.0000
811328,1.0000
811330,1.0000
811331,1.0000
811332,1.0000
811333,1.0000
811334,1.0000
811335,1.0000
811337,1.0000
811340,1.0000
811343,1.0000
811344,1.0000
811345,1.0000
811347,1.0000
811348,1.0000
811349,1.0000
811350,1.0000
811352,1.0000
811353,1.0000
811354,1.0000
811355,1.0000
811356,1.0000
811357,1.0000
811358,1.0000
811359,1.0000
811360,1.0000
811362,1.0000
811363,1.0000
811364,1.0000
811365,1.0000
811366,1.0000
811367,1.0000
811368,1.0000
811369,1.0000
811370,1.0000
811372,1.0000
811373,1.0000
811374,1.0000
811376,1.0000
811377,1.0000
811379,1.0000
811380,1.0000
811381,1.0000
811382,1.0000
811385,1.0000
811386,1.0000
811387,1.0000
811389,1.0000
811392,1.0000
811393,1.0000
811395,1.0000
811396,1.0000
811397,1.0000
811398,1.0000
811400,1.0000
811402,1.0000
811403,1.0000
811405,1.0000
811406,1.0000
811407,1.0000
811408,1.0000
811410,1.0000
811411,1.0000
811412,1.0000
811414,1.0000
811415,1.0000
811416,1.0000
811417,1.0000
811418,1.0000
811420,1.0000
811421,1.0000
811423,1.0000
811424,1.0000
811425,1.0000
811426,1.0000
811428,1.0000
811430,1.0000
811431,1.0000
811432,1.0000
811433,1.0000
811435,1.0000
811436,1.0000
811437,1.0000
811438,1.0000
811440,1.0000
811441,1.0000
811442,1.0000
811444,1.0000
811447,1.0000
811448,1.0000
811449,1.0000
811451,1.0000
811452,1.0000
811453,1.0000
811454,1.0000
811455,1.0000
811456,1.0000
811461,1.0000
811463,1.0000
811464,1.0000
811467,1.0000
811468,1.0000
811469,1.0000
811470,1.0000
811471,1.0000
811473,1.0000
811474,1.0000
811475,1.0000
811476,1.0000
811478,1.0000
811479,1.0000
811481,1.0000
811482,1.0000
811483,1.0000
811485,1.0000
811486,1.0000
811487,1.0000
811488,1.0000
811489,1.0000
811490,1.0000
811491,1.0000
811492,1.0000
811493,1.0000
811494,1.0000
811495,1.0000
811496,1.0000
811497,1.0000
811498,1.0000
811499,1.0000
811500,1.0000
811502,1.0000
811503,1.0000
811505,1.0000
811506,1.0000
811507,1.0000
811508,1.0000
811510,1.0000
811512,1.0000
811513,1.0000
811515,1.0000
811516,1.0000
811518,1.0000
811522,1.0000
811523,1.0000
811524,1.0000
811525,1.0000
811526,1.0000
811527,1.0000
811530,1.0000
811531,1.0000
811532,1.0000
811533,1.0000
811534,1.0000
811535,1.0000
811536,1.0000
811538,1.0000
811539,1.0000
811540,1.0000
811541,1.0000
811542,1.0000
811544,1.0000
811545,1.0000
811547,1.0000
811549,1.0000
811550,1.0000
811551,1.0000
811552,1.0000
811553,1.0000
811554,1.0000
811555,1.0000
811556,1.0000
811557,1.0000
811558,1.0000
811559,1.0000
811560,1.0000
811562,1.0000
811563,1.0000
811564,1.0000
811565,1.0000
811566,1.0000
811567,1.0000
811568,1.0000
811569,1.0000
811570,1.0000
811571,1.0000
811572,1.0000
811573,1.0000
811574,1.0000
811575,1.0000
811576,1.0000
811577,1.0000
811578,1.0000
811579,1.0000
811580,1.0000
811581,1.0000
811582,1.0000
811583,1.0000
811584,1.0000
811585,1.0000
811586,1.0000
811587,1.0000
811588,1.0000
811594,1.0000
811595,1.0000
811596,1.0000
811597,1.0000
811598,1.0000
811599,1.0000
811600,1.0000
811601,1.0000
811604,1.0000
811605,1.0000
811606,1.0000
811608,1.0000
811609,1.0000
811610,1.0000
811611,1.0000
811612,1.0000
811613,1.0000
811614,1.0000
811615,1.0000
811616,1.0000
811617,1.0000
811618,1.0000
811619,1.0000
811621,1.0000
811622,1.0000
811623,1.0000
811624,1.0000
811625,1.0000
811626,1.0000
811627,1.0000
811628,1.0000
811633,1.0000
811634,1.0000
811635,1.0000
811638,1.0000
811639,1.0000
811640,1.0000
811641,1.0000
811643,1.0000
811644,1.0000
811646,1.0000
811647,1.0000
811648,1.0000
811651,1.0000
811652,1.0000
811653,1.0000
811655,1.0000
811657,1.0000
811658,1.0000
811660,1.0000
811661,1.0000
811662,1.0000
811663,1.0000
811664,1.0000
811667,1.0000
811668,1.0000
811669,1.0000
811671,1.0000
811672,1.0000
811673,1.0000
811674,1.0000
811675,1.0000
811677,1.0000
811678,1.0000
811679,1.0000
811682,1.0000
811683,1.0000
811684,1.0000
811685,1.0000
811686,1.0000
811688,1.0000
811691,1.0000
811692,1.0000
811693,1.0000
811694,1.0000
811696,1.0000
811697,1.0000
811699,1.0000
811700,1.0000
811703,1.0000
811704,1.0000
811705,1.0000
811709,1.0000
811710,1.0000
811711,1.0000
811712,1.0000
811714,1.0000
811715,1.0000
811716,1.0000
811717,1.0000
811718,1.0000
811719,1.0000
811720,1.0000
811721,1.0000
811722,1.0000
811723,1.0000
811724,1.0000
811725,1.0000
811726,1.0000
811728,1.0000
811729,1.0000
811730,1.0000
811731,1.0000
811732,1.0000
811734,1.0000
811735,1.0000
811737,1.0000
811739,1.0000
811740,1.0000
811741,1.0000
811742,1.0000
811743,1.0000
811744,1.0000
811746,1.0000
811747,1.0000
811748,1.0000
811751,1.0000
811752,1.0000
811753,1.0000
811754,1.0000
811755,1.0000
811756,1.0000
811757,1.0000
811759,1.0000
811760,1.0000
811761,1.0000
811762,1.0000
811763,1.0000
811764,1.0000
811765,1.0000
811766,1.0000
811768,1.0000
811769,1.0000
811770,1.0000
811771,1.0000
811772,1.0000
811774,1.0000
811775,1.0000
811777,1.0000
811778,1.0000
811779,1.0000
811781,1.0000
811782,1.0000
811783,1.0000
811784,1.0000
811785,1.0000
811786,1.0000
811788,1.0000
811789,1.0000
811790,1.0000
811791,1.0000
811792,1.0000
811793,1.0000
811794,1.0000
811795,1.0000
811796,1.0000
811797,1.0000
811798,1.0000
811799,1.0000
811800,1.0000
811801,1.0000
811804,1.0000
811805,1.0000
811806,1.0000
811807,1.0000
811808,1.0000
811809,1.0000
811810,1.0000
811811,1.0000
811813,1.0000
811814,1.0000
811815,1.0000
811816,1.0000
811818,1.0000
811819,1.0000
811820,1.0000
811821,1.0000
811823,1.0000
811824,1.0000
811825,1.0000
811826,1.0000
811829,1.0000
811830,1.0000
811832,1.0000
811833,1.0000
811834,1.0000
811835,1.0000
811836,1.0000
811838,1.0000
811839,1.0000
811840,1.0000
811841,1.0000
811842,1.0000
811844,1.0000
811845,1.0000
811847,1.0000
811849,1.0000
811850,1.0000
811851,1.0000
811852,1.0000
811853,1.0000
811855,1.0000
811856,1.0000
811857,1.0000
811858,1.0000
811859,1.0000
811860,1.0000
811861,1.0000
811862,1.0000
811863,1.0000
811864,1.0000
811865,1.0000
811866,1.0000
811868,1.0000
811869,1.0000
811870,1.0000
811871,1.0000
811874,1.0000
811875,1.0000
811876,1.0000
811877,1.0000
811879,1.0000
811880,1.0000
811881,1.0000
811883,1.0000
811884,1.0000
811885,1.0000
811886,1.0000
811888,1.0000
811889,1.0000
811890,1.0000
811891,1.0000
811893,1.0000
811895,1.0000
811896,1.0000
811897,1.0000
811898,1.0000
811900,1.0000
811903,1.0000
811904,1.0000
811906,1.0000
811907,1.0000
811909,1.0000
811910,1.0000
811911,1.0000
811912,1.0000
811913,1.0000
811914,1.0000
811915,1.0000
811917,1.0000
811918,1.0000
811919,1.0000
811920,1.0000
811921,1.0000
811922,1.0000
811923,1.0000
811926,1.0000
811927,1.0000
811928,1.0000
811929,1.0000
811930,1.0000
811931,1.0000
811932,1.0000
811933,1.0000
811934,1.0000
811936,1.0000
811938,1.0000
811939,1.0000
811941,1.0000
811942,1.0000
811943,1.0000
811944,1.0000
811945,1.0000
811946,1.0000
811947,1.0000
811948,1.0000
811949,1.0000
811950,1.0000
811952,1.0000
811953,1.0000
811957,1.0000
811959,1.0000
811960,1.0000
811961,1.0000
811963,1.0000
811964,1.0000
811965,1.0000
811967,1.0000
811968,1.0000
811969,1.0000
811971,1.0000
811974,1.0000
811975,1.0000
811976,1.0000
811977,1.0000
811979,1.0000
811980,1.0000
811981,1.0000
811983,1.0000
811984,1.0000
811986,1.0000
811987,1.0000
811988,1.0000
811989,1.0000
811990,1.0000
811991,1.0000
811992,1.0000
811993,1.0000
811994,1.0000
811995,1.0000
811996,1.0000
811997,1.0000
811999,1.0000
812000,1.0000
812001,1.0000
812002,1.0000
812003,1.0000
812004,1.0000
812006,1.0000
812007,1.0000
812008,1.0000
812009,1.0000
812010,1.0000
812011,1.0000
812013,1.0000
812014,1.0000
812015,1.0000
812016,1.0000
812017,1.0000
812018,1.0000
812019,1.0000
812020,1.0000
812022,1.0000
812023,1.0000
812024,1.0000
812025,1.0000
812026,1.0000
812028,1.0000
812029,1.0000
812032,1.0000
812036,1.0000
812037,1.0000
812038,1.0000
812040,1.0000
812042,1.0000
812043,1.0000
812045,1.0000
812046,1.0000
812047,1.0000
812048,1.0000
812049,1.0000
812050,1.0000
812052,1.0000
812053,1.0000
812054,1.0000
812055,1.0000
812057,1.0000
812058,1.0000
812059,1.0000
812060,1.0000
812062,1.0000
812063,1.0000
812064,1.0000
812065,1.0000
812066,1.0000
812067,1.0000
812069,1.0000
812071,1.0000
812072,1.0000
812073,1.0000
812074,1.0000
812075,1.0000
812076,1.0000
812077,1.0000
812078,1.0000
812079,1.0000
812080,1.0000
812082,1.0000
812083,1.0000
812084,1.0000
812085,1.0000
812086,1.0000
812088,1.0000
812090,1.0000
812091,1.0000
812092,1.0000
812093,1.0000
812095,1.0000
812096,1.0000
812097,1.0000
812098,1.0000
812099,1.0000
812100,1.0000
812102,1.0000
812103,1.0000
812104,1.0000
812105,1.0000
812106,1.0000
812107,1.0000
812108,1.0000
812109,1.0000
812110,1.0000
812111,1.0000
812112,1.0000
812113,1.0000
812114,1.0000
812117,1.0000
812118,1.0000
812119,1.0000
812120,1.0000
812121,1.0000
812122,1.0000
812123,1.0000
812125,1.0000
812126,1.0000
812127,1.0000
812128,1.0000
812132,1.0000
812133,1.0000
812134,1.0000
812135,1.0000
812136,1.0000
812138,1.0000
812139,1.0000
812140,1.0000
812141,1.0000
812142,1.0000
812144,1.0000
812146,1.0000
812147,1.0000
812148,1.0000
812149,1.0000
812150,1.0000
812151,1.0000
812152,1.0000
812153,1.0000
812155,1.0000
812156,1.0000
812157,1.0000
812159,1.0000
812161,1.0000
812162,1.0000
812163,1.0000
812164,1.0000
812165,1.0000
812166,1.0000
812168,1.0000
812169,1.0000
812170,1.0000
812171,1.0000
812172,1.0000
812173,1.0000
812176,1.0000
812177,1.0000
812179,1.0000
812181,1.0000
812182,1.0000
812183,1.0000
812184,1.0000
812185,1.0000
812186,1.0000
812187,1.0000
812188,1.0000
812189,1.0000
812191,1.0000
812192,1.0000
812193,1.0000
812194,1.0000
812195,1.0000
812196,1.0000
812198,1.0000
812200,1.0000
812201,1.0000
812202,1.0000
812203,1.0000
812205,1.0000
812206,1.0000
812208,1.0000
812210,1.0000
812211,1.0000
812212,1.0000
812213,1.0000
812214,1.0000
812215,1.0000
812216,1.0000
812217,1.0000
812218,1.0000
812219,1.0000
812220,1.0000
812221,1.0000
812222,1.0000
812223,1.0000
812224,1.0000
812225,1.0000
812226,1.0000
812227,1.0000
812228,1.0000
812229,1.0000
812230,1.0000
812231,1.0000
812233,1.0000
812235,1.0000
812236,1.0000
812239,1.0000
812240,1.0000
812241,1.0000
812243,1.0000
812244,1.0000
812245,1.0000
812246,1.0000
812247,1.0000
812248,1.0000
812249,1.0000
812250,1.0000
812252,1.0000
812253,1.0000
812254,1.0000
812255,1.0000
812256,1.0000
812257,1.0000
812260,1.0000
812262,1.0000
812263,1.0000
812264,1.0000
812265,1.0000
812267,1.0000
812271,1.0000
812272,1.0000
812273,1.0000
812275,1.0000
812277,1.0000
812278,1.0000
812280,1.0000
812281,1.0000
812282,1.0000
812283,1.0000
812284,1.0000
812285,1.0000
812286,1.0000
812287,1.0000
812288,1.0000
812289,1.0000
812290,1.0000
812293,1.0000
812295,1.0000
812296,1.0000
812297,1.0000
812298,1.0000
812299,1.0000
812300,1.0000
812301,1.0000
812302,1.0000
812303,1.0000
812306,1.0000
812307,1.0000
812308,1.0000
812309,1.0000
812310,1.0000
812311,1.0000
812312,1.0000
812313,1.0000
812317,1.0000
812318,1.0000
812320,1.0000
812321,1.0000
812322,1.0000
812323,1.0000
812324,1.0000
812325,1.0000
812326,1.0000
812327,1.0000
812328,1.0000
812329,1.0000
812330,1.0000
812331,1.0000
812333,1.0000
812334,1.0000
812335,1.0000
812336,1.0000
812337,1.0000
812338,1.0000
812339,1.0000
812341,1.0000
812342,1.0000
812343,1.0000
812344,1.0000
812345,1.0000
812346,1.0000
812347,1.0000
812348,1.0000
812349,1.0000
812350,1.0000
812351,1.0000
812352,1.0000
812353,1.0000
812354,1.0000
812355,1.0000
812356,1.0000
812357,1.0000
812358,1.0000
812359,1.0000
812360,1.0000
812361,1.0000
812362,1.0000
812363,1.0000
812364,1.0000
812365,1.0000
812366,1.0000
812367,1.0000
812368,1.0000
812371,1.0000
812373,1.0000
812374,1.0000
812375,1.0000
812376,1.0000
812378,1.0000
812379,1.0000
812380,1.0000
812381,1.0000
812382,1.0000
812383,1.0000
812384,1.0000
812385,1.0000
812386,1.0000
812387,1.0000
812388,1.0000
812390,1.0000
812391,1.0000
812392,1.0000
812393,1.0000
812396,1.0000
812397,1.0000
812399,1.0000
812400,1.0000
812403,1.0000
812404,1.0000
812406,1.0000
812407,1.0000
812409,1.0000
812411,1.0000
812412,1.0000
812413,1.0000
812415,1.0000
812416,1.0000
812417,1.0000
812418,1.0000
812419,1.0000
812420,1.0000
812422,1.0000
812423,1.0000
812425,1.0000
812426,1.0000
812427,1.0000
812428,1.0000
812429,1.0000
812430,1.0000
812431,1.0000
812432,1.0000
812433,1.0000
812434,1.0000
812435,1.0000
812436,1.0000
812437,1.0000
812438,1.0000
812439,1.0000
812441,1.0000
812442,1.0000
812444,1.0000
812445,1.0000
812447,1.0000
812448,1.0000
812449,1.0000
812450,1.0000
812451,1.0000
812452,1.0000
812453,1.0000
812454,1.0000
812456,1.0000
812457,1.0000
812459,1.0000
812460,1.0000
812461,1.0000
812463,1.0000
812465,1.0000
812466,1.0000
812467,1.0000
812468,1.0000
812469,1.0000
812470,1.0000
812471,1.0000
812472,1.0000
812473,1.0000
812474,1.0000
812475,1.0000
812476,1.0000
812478,1.0000
812480,1.0000
812481,1.0000
812482,1.0000
812483,1.0000
812484,1.0000
812485,1.0000
812486,1.0000
812487,1.0000
812488,1.0000
812489,1.0000
812490,1.0000
812491,1.0000
812492,1.0000
812494,1.0000
812495,1.0000
812497,1.0000
812498,1.0000
812499,1.0000
812500,1.0000
812501,1.0000
812502,1.0000
812503,1.0000
812504,1.0000
812506,1.0000
812507,1.0000
812508,1.0000
812509,1.0000
812510,1.0000
812511,1.0000
812512,1.0000
812515,1.0000
812516,1.0000
812517,1.0000
812518,1.0000
812519,1.0000
812520,1.0000
812521,1.0000
812522,1.0000
812523,1.0000
812525,1.0000
812526,1.0000
812527,1.0000
812528,1.0000
812529,1.0000
812531,1.0000
812532,1.0000
812534,1.0000
812535,1.0000
812536,1.0000
812538,1.0000
812540,1.0000
812541,1.0000
812542,1.0000
812543,1.0000
812546,1.0000
812547,1.0000
812548,1.0000
812549,1.0000
812551,1.0000
812552,1.0000
812553,1.0000
812554,1.0000
812555,1.0000
812556,1.0000
812557,1.0000
812559,1.0000
812560,1.0000
812561,1.0000
812562,1.0000
812563,1.0000
812564,1.0000
812565,1.0000
812566,1.0000
812567,1.0000
812568,1.0000
812569,1.0000
812570,1.0000
812571,1.0000
812572,1.0000
812573,1.0000
812574,1.0000
812576,1.0000
812577,1.0000
812578,1.0000
812579,1.0000
812582,1.0000
812583,1.0000
812584,1.0000
812585,1.0000
812587,1.0000
812588,1.0000
812589,1.0000
812590,1.0000
812592,1.0000
812593,1.0000
812594,1.0000
812595,1.0000
812596,1.0000
812597,1.0000
812601,1.0000
812602,1.0000
812603,1.0000
812604,1.0000
812605,1.0000
812607,1.0000
812610,1.0000
812611,1.0000
812612,1.0000
812613,1.0000
812614,1.0000
812616,1.0000
812617,1.0000
812618,1.0000
812619,1.0000
812620,1.0000
812621,1.0000
812622,1.0000
812623,1.0000
812624,1.0000
812625,1.0000
812626,1.0000
812627,1.0000
812629,1.0000
812630,1.0000
812631,1.0000
812632,1.0000
812633,1.0000
812634,1.0000
812635,1.0000
812636,1.0000
812638,1.0000
812639,1.0000
812640,1.0000
812642,1.0000
812643,1.0000
812644,1.0000
812646,1.0000
812647,1.0000
812648,1.0000
812649,1.0000
812651,1.0000
812653,1.0000
812654,1.0000
812655,1.0000
812656,1.0000
812657,1.0000
812658,1.0000
812659,1.0000
812660,1.0000
812661,1.0000
812662,1.0000
812664,1.0000
812665,1.0000
812666,1.0000
812667,1.0000
812668,1.0000
812670,1.0000
812671,1.0000
812672,1.0000
812673,1.0000
812674,1.0000
812675,1.0000
812676,1.0000
812677,1.0000
812679,1.0000
812680,1.0000
812681,1.0000
812682,1.0000
812683,1.0000
812684,1.0000
812686,1.0000
812687,1.0000
812688,1.0000
812689,1.0000
812690,1.0000
812691,1.0000
812693,1.0000
812694,1.0000
812695,1.0000
812696,1.0000
812697,1.0000
812699,1.0000
812701,1.0000
812702,1.0000
812703,1.0000
812704,1.0000
812705,1.0000
812706,1.0000
812707,1.0000
812708,1.0000
812711,1.0000
812712,1.0000
812713,1.0000
812715,1.0000
812716,1.0000
812718,1.0000
812719,1.0000
812720,1.0000
812721,1.0000
812722,1.0000
812723,1.0000
812724,1.0000
812725,1.0000
812726,1.0000
812727,1.0000
812728,1.0000
812729,1.0000
812730,1.0000
812731,1.0000
812732,1.0000
812733,1.0000
812734,1.0000
812735,1.0000
812736,1.0000
812737,1.0000
812738,1.0000
812739,1.0000
812740,1.0000
812741,1.0000
812742,1.0000
812743,1.0000
812744,1.0000
812745,1.0000
812747,1.0000
812748,1.0000
812751,1.0000
812752,1.0000
812753,1.0000
812755,1.0000
812756,1.0000
812757,1.0000
812758,1.0000
812760,1.0000
812761,1.0000
812762,1.0000
812763,1.0000
812766,1.0000
812767,1.0000
812768,1.0000
812771,1.0000
812772,1.0000
812776,1.0000
812777,1.0000
812778,1.0000
812779,1.0000
812781,1.0000
812782,1.0000
812784,1.0000
812785,1.0000
812786,1.0000
812787,1.0000
812788,1.0000
812789,1.0000
812791,1.0000
812792,1.0000
812793,1.0000
812794,1.0000
812798,1.0000
812799,1.0000
812800,1.0000
812801,1.0000
812802,1.0000
812803,1.0000
812805,1.0000
812806,1.0000
812808,1.0000
812809,1.0000
812811,1.0000
812812,1.0000
812816,1.0000
812817,1.0000
812818,1.0000
812821,1.0000
812823,1.0000
812825,1.0000
812826,1.0000
812827,1.0000
812828,1.0000
812829,1.0000
812830,1.0000
812831,1.0000
812832,1.0000
812833,1.0000
812834,1.0000
812835,1.0000
812836,1.0000
812837,1.0000
812838,1.0000
812839,1.0000
812841,1.0000
812844,1.0000
812845,1.0000
812846,1.0000
812847,1.0000
812848,1.0000
812849,1.0000
812851,1.0000
812852,1.0000
812853,1.0000
812855,1.0000
812857,1.0000
812859,1.0000
812860,1.0000
812861,1.0000
812862,1.0000
812863,1.0000
812864,1.0000
812865,1.0000
812866,1.0000
812868,1.0000
812869,1.0000
812871,1.0000
812872,1.0000
812876,1.0000
812877,1.0000
812878,1.0000
812879,1.0000
812880,1.0000
812881,1.0000
812882,1.0000
812884,1.0000
812885,1.0000
812888,1.0000
812889,1.0000
812890,1.0000
812891,1.0000
812892,1.0000
812893,1.0000
812895,1.0000
812896,1.0000
812897,1.0000
812898,1.0000
812899,1.0000
812900,1.0000
812901,1.0000
812904,1.0000
812905,1.0000
812906,1.0000
812907,1.0000
812908,1.0000
812909,1.0000
812910,1.0000
812912,1.0000
812913,1.0000
812914,1.0000
812916,1.0000
812917,1.0000
812918,1.0000
812919,1.0000
812921,1.0000
812922,1.0000
812923,1.0000
812925,1.0000
812926,1.0000
812928,1.0000
812929,1.0000
812930,1.0000
812931,1.0000
812932,1.0000
812933,1.0000
812934,1.0000
812935,1.0000
812936,1.0000
812937,1.0000
812938,1.0000
812939,1.0000
812941,1.0000
812942,1.0000
812944,1.0000
812945,1.0000
812946,1.0000
812947,1.0000
812948,1.0000
812949,1.0000
812950,1.0000
812951,1.0000
812952,1.0000
812953,1.0000
812954,1.0000
812955,1.0000
812956,1.0000
812958,1.0000
812961,1.0000
812962,1.0000
812963,1.0000
812964,1.0000
812966,1.0000
812967,1.0000
812968,1.0000
812970,1.0000
812971,1.0000
812972,1.0000
812973,1.0000
812974,1.0000
812975,1.0000
812976,1.0000
812977,1.0000
812979,1.0000
812980,1.0000
812981,1.0000
812983,1.0000
812984,1.0000
812985,1.0000
812986,1.0000
812987,1.0000
812988,1.0000
812990,1.0000
812991,1.0000
812992,1.0000
812993,1.0000
812994,1.0000
812995,1.0000
812996,1.0000
812997,1.0000
812998,1.0000
812999,1.0000
813000,1.0000
813001,1.0000
813002,1.0000
813004,1.0000
813006,1.0000
813007,1.0000
813008,1.0000
813009,1.0000
813010,1.0000
813011,1.0000
813012,1.0000
813013,1.0000
813014,1.0000
813015,1.0000
813016,1.0000
813017,1.0000
813018,1.0000
813020,1.0000
813021,1.0000
813022,1.0000
813023,1.0000
813024,1.0000
813025,1.0000
813026,1.0000
813027,1.0000
813029,1.0000
813030,1.0000
813032,1.0000
813033,1.0000
813036,1.0000
813037,1.0000
813038,1.0000
813040,1.0000
813041,1.0000
813045,1.0000
813046,1.0000
813048,1.0000
813049,1.0000
813050,1.0000
813051,1.0000
813052,1.0000
813053,1.0000
813054,1.0000
813055,1.0000
813056,1.0000
813059,1.0000
813060,1.0000
813061,1.0000
813062,1.0000
813063,1.0000
813064,1.0000
813066,1.0000
813067,1.0000
813068,1.0000
813069,1.0000
813071,1.0000
813073,1.0000
813074,1.0000
813075,1.0000
813076,1.0000
813078,1.0000
813080,1.0000
813081,1.0000
813082,1.0000
813083,1.0000
813084,1.0000
813086,1.0000
813087,1.0000
813088,1.0000
813089,1.0000
813090,1.0000
813091,1.0000
813092,1.0000
813094,1.0000
813095,1.0000
813097,1.0000
813099,1.0000
813100,1.0000
813101,1.0000
813102,1.0000
813103,1.0000
813104,1.0000
813105,1.0000
813106,1.0000
813107,1.0000
813108,1.0000
813109,1.0000
813111,1.0000
813112,1.0000
813113,1.0000
813117,1.0000
813119,1.0000
813121,1.0000
813122,1.0000
813126,1.0000
813127,1.0000
813128,1.0000
813129,1.0000
813130,1.0000
813131,1.0000
813132,1.0000
813133,1.0000
813134,1.0000
813135,1.0000
813136,1.0000
813137,1.0000
813139,1.0000
813142,1.0000
813143,1.0000
813144,1.0000
813145,1.0000
813146,1.0000
813147,1.0000
813149,1.0000
813150,1.0000
813152,1.0000
813153,1.0000
813154,1.0000
813155,1.0000
813158,1.0000
813159,1.0000
813160,1.0000
813161,1.0000
813162,1.0000
813163,1.0000
813166,1.0000
813168,1.0000
813169,1.0000
813171,1.0000
813172,1.0000
813173,1.0000
813174,1.0000
813176,1.0000
813178,1.0000
813180,1.0000
813182,1.0000
813184,1.0000
813185,1.0000
813187,1.0000
813188,1.0000
813189,1.0000
813191,1.0000
813194,1.0000
813195,1.0000
813196,1.0000
813197,1.0000
813198,1.0000
813199,1.0000
813201,1.0000
813202,1.0000
813203,1.0000
813204,1.0000
813205,1.0000
813207,1.0000
813208,1.0000
813209,1.0000
813210,1.0000
813211,1.0000
813215,1.0000
813222,1.0000
813225,1.0000
813226,1.0000
813227,1.0000
813228,1.0000
813229,1.0000
813230,1.0000
813231,1.0000
813232,1.0000
813233,1.0000
813234,1.0000
813235,1.0000
813236,1.0000
813238,1.0000
813239,1.0000
813241,1.0000
813242,1.0000
813244,1.0000
813245,1.0000
813247,1.0000
813248,1.0000
813249,1.0000
813251,1.0000
813252,1.0000
813253,1.0000
813254,1.0000
813255,1.0000
813256,1.0000
813257,1.0000
813259,1.0000
813260,1.0000
813261,1.0000
813262,1.0000
813263,1.0000
813264,1.0000
813265,1.0000
813268,1.0000
813269,1.0000
813270,1.0000
813271,1.0000
813272,1.0000
813276,1.0000
813277,1.0000
813278,1.0000
813279,1.0000
813280,1.0000
813282,1.0000
813283,1.0000
813284,1.0000
813285,1.0000
813286,1.0000
813288,1.0000
813289,1.0000
813290,1.0000
813291,1.0000
813292,1.0000
813293,1.0000
813294,1.0000
813295,1.0000
813296,1.0000
813297,1.0000
813298,1.0000
813299,1.0000
813300,1.0000
813301,1.0000
813302,1.0000
813304,1.0000
813305,1.0000
813306,1.0000
813307,1.0000
813308,1.0000
813309,1.0000
813310,1.0000
813311,1.0000
813313,1.0000
813315,1.0000
813316,1.0000
813317,1.0000
813319,1.0000
813320,1.0000
813321,1.0000
813323,1.0000
813324,1.0000
813325,1.0000
813326,1.0000
813327,1.0000
813328,1.0000
813329,1.0000
813330,1.0000
813331,1.0000
813332,1.0000
813334,1.0000
813335,1.0000
813336,1.0000
813337,1.0000
813338,1.0000
813339,1.0000
813340,1.0000
813341,1.0000
813342,1.0000
813343,1.0000
813344,1.0000
813347,1.0000
813348,1.0000
813349,1.0000
813350,1.0000
813351,1.0000
813353,1.0000
813354,1.0000
813356,1.0000
813359,1.0000
813361,1.0000
813362,1.0000
813365,1.0000
813366,1.0000
813367,1.0000
813368,1.0000
813369,1.0000
813370,1.0000
813371,1.0000
813372,1.0000
813373,1.0000
813374,1.0000
813375,1.0000
813376,1.0000
813377,1.0000
813378,1.0000
813379,1.0000
813380,1.0000
813381,1.0000
813382,1.0000
813383,1.0000
813384,1.0000
813385,1.0000
813386,1.0000
813387,1.0000
813388,1.0000
813389,1.0000
813393,1.0000
813395,1.0000
813396,1.0000
813397,1.0000
813398,1.0000
813399,1.0000
813400,1.0000
813401,1.0000
813402,1.0000
813403,1.0000
813404,1.0000
813405,1.0000
813406,1.0000
813407,1.0000
813408,1.0000
813409,1.0000
813410,1.0000
813411,1.0000
813412,1.0000
813413,1.0000
813415,1.0000
813416,1.0000
813417,1.0000
813418,1.0000
813419,1.0000
813420,1.0000
813421,1.0000
813422,1.0000
813424,1.0000
813426,1.0000
813427,1.0000
813429,1.0000
813430,1.0000
813431,1.0000
813433,1.0000
813434,1.0000
813435,1.0000
813436,1.0000
813437,1.0000
813438,1.0000
813440,1.0000
813442,1.0000
813443,1.0000
813444,1.0000
813445,1.0000
813446,1.0000
813447,1.0000
813448,1.0000
813450,1.0000
813451,1.0000
813452,1.0000
813453,1.0000
813454,1.0000
813456,1.0000
813457,1.0000
813458,1.0000
813459,1.0000
813461,1.0000
813463,1.0000
813464,1.0000
813465,1.0000
813466,1.0000
813468,1.0000
813470,1.0000
813471,1.0000
813473,1.0000
813474,1.0000
813476,1.0000
813477,1.0000
813478,1.0000
813479,1.0000
813480,1.0000
813481,1.0000
813482,1.0000
813483,1.0000
813484,1.0000
813485,1.0000
813486,1.0000
813487,1.0000
813489,1.0000
813492,1.0000
813493,1.0000
813494,1.0000
813496,1.0000
813497,1.0000
813498,1.0000
813499,1.0000
813500,1.0000
813501,1.0000
813502,1.0000
813503,1.0000
813504,1.0000
813508,1.0000
813509,1.0000
813510,1.0000
813512,1.0000
813513,1.0000
813514,1.0000
813515,1.0000
813516,1.0000
813517,1.0000
813518,1.0000
813519,1.0000
813521,1.0000
813526,1.0000
813527,1.0000
813528,1.0000
813529,1.0000
813530,1.0000
813532,1.0000
813534,1.0000
813535,1.0000
813537,1.0000
813538,1.0000
813539,1.0000
813540,1.0000
813541,1.0000
813542,1.0000
813544,1.0000
813545,1.0000
813546,1.0000
813547,1.0000
813548,1.0000
813549,1.0000
813550,1.0000
813551,1.0000
813553,1.0000
813554,1.0000
813556,1.0000
813557,1.0000
813558,1.0000
813559,1.0000
813561,1.0000
813562,1.0000
813563,1.0000
813566,1.0000
813567,1.0000
813568,1.0000
813569,1.0000
813570,1.0000
813572,1.0000
813573,1.0000
813574,1.0000
813575,1.0000
813578,1.0000
813579,1.0000
813581,1.0000
813582,1.0000
813583,1.0000
813584,1.0000
813585,1.0000
813586,1.0000
813587,1.0000
813590,1.0000
813591,1.0000
813592,1.0000
813593,1.0000
813594,1.0000
813597,1.0000
813599,1.0000
813600,1.0000
813601,1.0000
813602,1.0000
813603,1.0000
813604,1.0000
813605,1.0000
813606,1.0000
813607,1.0000
813609,1.0000
813610,1.0000
813611,1.0000
813612,1.0000
813614,1.0000
813616,1.0000
813617,1.0000
813618,1.0000
813622,1.0000
813623,1.0000
813624,1.0000
813625,1.0000
813627,1.0000
813628,1.0000
813629,1.0000
813630,1.0000
813631,1.0000
813632,1.0000
813633,1.0000
813634,1.0000
813635,1.0000
813636,1.0000
813639,1.0000
813640,1.0000
813642,1.0000
813643,1.0000
813644,1.0000
813646,1.0000
813647,1.0000
813648,1.0000
813649,1.0000
813650,1.0000
813651,1.0000
813652,1.0000
813653,1.0000
813654,1.0000
813656,1.0000
813657,1.0000
813658,1.0000
813659,1.0000
813660,1.0000
813661,1.0000
813662,1.0000
813663,1.0000
813664,1.0000
813665,1.0000
813666,1.0000
813667,1.0000
813668,1.0000
813669,1.0000
813670,1.0000
813671,1.0000
813672,1.0000
813673,1.0000
813675,1.0000
813677,1.0000
813679,1.0000
813681,1.0000
813682,1.0000
813684,1.0000
813685,1.0000
813687,1.0000
813689,1.0000
813691,1.0000
813692,1.0000
813693,1.0000
813694,1.0000
813695,1.0000
813696,1.0000
813697,1.0000
813698,1.0000
813699,1.0000
813700,1.0000
813701,1.0000
813702,1.0000
813703,1.0000
813704,1.0000
813705,1.0000
813706,1.0000
813707,1.0000
813708,1.0000
813709,1.0000
813710,1.0000
813711,1.0000
813712,1.0000
813713,1.0000
813714,1.0000
813715,1.0000
813716,1.0000
813717,1.0000
813718,1.0000
813719,1.0000
813720,1.0000
813721,1.0000
813722,1.0000
813723,1.0000
813724,1.0000
813725,1.0000
813726,1.0000
813728,1.0000
813729,1.0000
813730,1.0000
813731,1.0000
813732,1.0000
813734,1.0000
813736,1.0000
813737,1.0000
813739,1.0000
813740,1.0000
813742,1.0000
813743,1.0000
813744,1.0000
813746,1.0000
813748,1.0000
813749,1.0000
813751,1.0000
813752,1.0000
813753,1.0000
813754,1.0000
813755,1.0000
813756,1.0000
813759,1.0000
813760,1.0000
813762,1.0000
813764,1.0000
813765,1.0000
813767,1.0000
813768,1.0000
813769,1.0000
813770,1.0000
813771,1.0000
813772,1.0000
813773,1.0000
813774,1.0000
813776,1.0000
813779,1.0000
813780,1.0000
813781,1.0000
813782,1.0000
813783,1.0000
813784,1.0000
813785,1.0000
813787,1.0000
813789,1.0000
813790,1.0000
813791,1.0000
813792,1.0000
813793,1.0000
813794,1.0000
813795,1.0000
813796,1.0000
813797,1.0000
813798,1.0000
813799,1.0000
813800,1.0000
813801,1.0000
813802,1.0000
813804,1.0000
813805,1.0000
813806,1.0000
813807,1.0000
813808,1.0000
813810,1.0000
813811,1.0000
813812,1.0000
813813,1.0000
813814,1.0000
813815,1.0000
813816,1.0000
813817,1.0000
813818,1.0000
813819,1.0000
813821,1.0000
813822,1.0000
813823,1.0000
813825,1.0000
813827,1.0000
813828,1.0000
813830,1.0000
813831,1.0000
813832,1.0000
813834,1.0000
813836,1.0000
813837,1.0000
813838,1.0000
813839,1.0000
813840,1.0000
813841,1.0000
813842,1.0000
813843,1.0000
813844,1.0000
813845,1.0000
813847,1.0000
813848,1.0000
813849,1.0000
813850,1.0000
813851,1.0000
813852,1.0000
813853,1.0000
813854,1.0000
813855,1.0000
813858,1.0000
813859,1.0000
813862,1.0000
813863,1.0000
813865,1.0000
813866,1.0000
813867,1.0000
813868,1.0000
813869,1.0000
813870,1.0000
813871,1.0000
813872,1.0000
813874,1.0000
813875,1.0000
813876,1.0000
813880,1.0000
813882,1.0000
813883,1.0000
813884,1.0000
813885,1.0000
813887,1.0000
813888,1.0000
813889,1.0000
813891,1.0000
813893,1.0000
813894,1.0000
813895,1.0000
813896,1.0000
813897,1.0000
813898,1.0000
813901,1.0000
813902,1.0000
813904,1.0000
813906,1.0000
813907,1.0000
813908,1.0000
813909,1.0000
813910,1.0000
813911,1.0000
813912,1.0000
813913,1.0000
813914,1.0000
813915,1.0000
813918,1.0000
813919,1.0000
813920,1.0000
813921,1.0000
813922,1.0000
813923,1.0000
813924,1.0000
813926,1.0000
813931,1.0000
813932,1.0000
813933,1.0000
813934,1.0000
813935,1.0000
813939,1.0000
813940,1.0000
813941,1.0000
813943,1.0000
813944,1.0000
813945,1.0000
813946,1.0000
813950,1.0000
813951,1.0000
813952,1.0000
813953,1.0000
813954,1.0000
813959,1.0000
813960,1.0000
813961,1.0000
813962,1.0000
813963,1.0000
813964,1.0000
813966,1.0000
813967,1.0000
813968,1.0000
813969,1.0000
813971,1.0000
813972,1.0000
813973,1.0000
813974,1.0000
813975,1.0000
813976,1.0000
813977,1.0000
813978,1.0000
813980,1.0000
813983,1.0000
813984,1.0000
813985,1.0000
813987,1.0000
813988,1.0000
813989,1.0000
813990,1.0000
813991,1.0000
813992,1.0000
813995,1.0000
813996,1.0000
813997,1.0000
813998,1.0000
813999,1.0000
814000,1.0000
814001,1.0000
814002,1.0000
814003,1.0000
814006,1.0000
814010,1.0000
814011,1.0000
814012,1.0000
814013,1.0000
814014,1.0000
814015,1.0000
814016,1.0000
814017,1.0000
814019,1.0000
814020,1.0000
814022,1.0000
814023,1.0000
814024,1.0000
814025,1.0000
814026,1.0000
814028,1.0000
814029,1.0000
814030,1.0000
814031,1.0000
814036,1.0000
814037,1.0000
814038,1.0000
814040,1.0000
814041,1.0000
814042,1.0000
814043,1.0000
814044,1.0000
814045,1.0000
814047,1.0000
814048,1.0000
814049,1.0000
814051,1.0000
814052,1.0000
814053,1.0000
814054,1.0000
814055,1.0000
814056,1.0000
814057,1.0000
814058,1.0000
814059,1.0000
814060,1.0000
814061,1.0000
814062,1.0000
814064,1.0000
814065,1.0000
814067,1.0000
814068,1.0000
814069,1.0000
814070,1.0000
814071,1.0000
814072,1.0000
814073,1.0000
814074,1.0000
814075,1.0000
814077,1.0000
814079,1.0000
814080,1.0000
814082,1.0000
814083,1.0000
814084,1.0000
814085,1.0000
814087,1.0000
814088,1.0000
814090,1.0000
814091,1.0000
814094,1.0000
814095,1.0000
814096,1.0000
814097,1.0000
814098,1.0000
814099,1.0000
814100,1.0000
814101,1.0000
814103,1.0000
814104,1.0000
814106,1.0000
814107,1.0000
814108,1.0000
814109,1.0000
814110,1.0000
814111,1.0000
814112,1.0000
814114,1.0000
814115,1.0000
814116,1.0000
814117,1.0000
814118,1.0000
814119,1.0000
814121,1.0000
814123,1.0000
814124,1.0000
814125,1.0000
814126,1.0000
814128,1.0000
814129,1.0000
814131,1.0000
814132,1.0000
814133,1.0000
814134,1.0000
814135,1.0000
814137,1.0000
814138,1.0000
814139,1.0000
814141,1.0000
814144,1.0000
814145,1.0000
814146,1.0000
814147,1.0000
814148,1.0000
814149,1.0000
814151,1.0000
814152,1.0000
814153,1.0000
814154,1.0000
814155,1.0000
814156,1.0000
814157,1.0000
814158,1.0000
814159,1.0000
814160,1.0000
814161,1.0000
814162,1.0000
814163,1.0000
814165,1.0000
814166,1.0000
814167,1.0000
814168,1.0000
814169,1.0000
814170,1.0000
814171,1.0000
814172,1.0000
814173,1.0000
814177,1.0000
814178,1.0000
814180,1.0000
814181,1.0000
814182,1.0000
814183,1.0000
814184,1.0000
814185,1.0000
814186,1.0000
814187,1.0000
814188,1.0000
814189,1.0000
814190,1.0000
814191,1.0000
814192,1.0000
814193,1.0000
814194,1.0000
814196,1.0000
814197,1.0000
814198,1.0000
814199,1.0000
814200,1.0000
814201,1.0000
814202,1.0000
814203,1.0000
814204,1.0000
814205,1.0000
814206,1.0000
814208,1.0000
814209,1.0000
814210,1.0000
814211,1.0000
814212,1.0000
814213,1.0000
814214,1.0000
814215,1.0000
814216,1.0000
814217,1.0000
814218,1.0000
814219,1.0000
814221,1.0000
814222,1.0000
814223,1.0000
814224,1.0000
814225,1.0000
814226,1.0000
814227,1.0000
814230,1.0000
814231,1.0000
814233,1.0000
814234,1.0000
814236,1.0000
814237,1.0000
814239,1.0000
814241,1.0000
814242,1.0000
814245,1.0000
814246,1.0000
814248,1.0000
814249,1.0000
814250,1.0000
814251,1.0000
814252,1.0000
814253,1.0000
814254,1.0000
814256,1.0000
814257,1.0000
814258,1.0000
814259,1.0000
814262,1.0000
814263,1.0000
814264,1.0000
814265,1.0000
814266,1.0000
814267,1.0000
814268,1.0000
814269,1.0000
814271,1.0000
814273,1.0000
814274,1.0000
814275,1.0000
814276,1.0000
814277,1.0000
814279,1.0000
814280,1.0000
814281,1.0000
814282,1.0000
814283,1.0000
814284,1.0000
814285,1.0000
814286,1.0000
814287,1.0000
814288,1.0000
814289,1.0000
814290,1.0000
814291,1.0000
814292,1.0000
814293,1.0000
814294,1.0000
814295,1.0000
814297,1.0000
814298,1.0000
814299,1.0000
814300,1.0000
814301,1.0000
814302,1.0000
814303,1.0000
814304,1.0000
814305,1.0000
814306,1.0000
814307,1.0000
814308,1.0000
814311,1.0000
814313,1.0000
814314,1.0000
814315,1.0000
814316,1.0000
814317,1.0000
814319,1.0000
814320,1.0000
814321,1.0000
814322,1.0000
814323,1.0000
814324,1.0000
814325,1.0000
814326,1.0000
814328,1.0000
814329,1.0000
814331,1.0000
814332,1.0000
814333,1.0000
814334,1.0000
814335,1.0000
814336,1.0000
814339,1.0000
814340,1.0000
814342,1.0000
814343,1.0000
814344,1.0000
814345,1.0000
814346,1.0000
814347,1.0000
814349,1.0000
814350,1.0000
814352,1.0000
814353,1.0000
814354,1.0000
814356,1.0000
814358,1.0000
814359,1.0000
814362,1.0000
814363,1.0000
814364,1.0000
814365,1.0000
814367,1.0000
814368,1.0000
814369,1.0000
814370,1.0000
814373,1.0000
814374,1.0000
814375,1.0000
814377,1.0000
814378,1.0000
814379,1.0000
814381,1.0000
814382,1.0000
814383,1.0000
814384,1.0000
814385,1.0000
814386,1.0000
814387,1.0000
814390,1.0000
814391,1.0000
814392,1.0000
814393,1.0000
814394,1.0000
814395,1.0000
814397,1.0000
814398,1.0000
814400,1.0000
814403,1.0000
814404,1.0000
814405,1.0000
814407,1.0000
814409,1.0000
814411,1.0000
814415,1.0000
814416,1.0000
814417,1.0000
814418,1.0000
814419,1.0000
814420,1.0000
814422,1.0000
814423,1.0000
814425,1.0000
814428,1.0000
814429,1.0000
814430,1.0000
814432,1.0000
814435,1.0000
814436,1.0000
814437,1.0000
814439,1.0000
814440,1.0000
814441,1.0000
814443,1.0000
814444,1.0000
814447,1.0000
814449,1.0000
814450,1.0000
814451,1.0000
814452,1.0000
814453,1.0000
814454,1.0000
814455,1.0000
814456,1.0000
814458,1.0000
814460,1.0000
814464,1.0000
814465,1.0000
814466,1.0000
814467,1.0000
814468,1.0000
814471,1.0000
814472,1.0000
814473,1.0000
814474,1.0000
814476,1.0000
814479,1.0000
814480,1.0000
814481,1.0000
814484,1.0000
814485,1.0000
814486,1.0000
814489,1.0000
814490,1.0000
814492,1.0000
814493,1.0000
814494,1.0000
814495,1.0000
814496,1.0000
814497,1.0000
814498,1.0000
814499,1.0000
814500,1.0000
814501,1.0000
814502,1.0000
814503,1.0000
814504,1.0000
814505,1.0000
814506,1.0000
814507,1.0000
814508,1.0000
814509,1.0000
814510,1.0000
814511,1.0000
814512,1.0000
814513,1.0000
814514,1.0000
814516,1.0000
814517,1.0000
814518,1.0000
814519,1.0000
814520,1.0000
814521,1.0000
814522,1.0000
814523,1.0000
814524,1.0000
814525,1.0000
814526,1.0000
814527,1.0000
814528,1.0000
814530,1.0000
814531,1.0000
814532,1.0000
814533,1.0000
814536,1.0000
814537,1.0000
814539,1.0000
814540,1.0000
814541,1.0000
814543,1.0000
814544,1.0000
814545,1.0000
814546,1.0000
814547,1.0000
814548,1.0000
814550,1.0000
814551,1.0000
814553,1.0000
814555,1.0000
814557,1.0000
814558,1.0000
814559,1.0000
814560,1.0000
814561,1.0000
814563,1.0000
814564,1.0000
814566,1.0000
814568,1.0000
814569,1.0000
814571,1.0000
814572,1.0000
814573,1.0000
814574,1.0000
814575,1.0000
814577,1.0000
814578,1.0000
814579,1.0000
814580,1.0000
814582,1.0000
814583,1.0000
814584,1.0000
814585,1.0000
814586,1.0000
814588,1.0000
814589,1.0000
814590,1.0000
814592,1.0000
814593,1.0000
814594,1.0000
814595,1.0000
814596,1.0000
814597,1.0000
814599,1.0000
814600,1.0000
814602,1.0000
814605,1.0000
814608,1.0000
814609,1.0000
814610,1.0000
814612,1.0000
814613,1.0000
814615,1.0000
814616,1.0000
814617,1.0000
814618,1.0000
814619,1.0000
814620,1.0000
814621,1.0000
814623,1.0000
814624,1.0000
814625,1.0000
814626,1.0000
814627,1.0000
814628,1.0000
814631,1.0000
814632,1.0000
814633,1.0000
814635,1.0000
814638,1.0000
814639,1.0000
814642,1.0000
814643,1.0000
814644,1.0000
814645,1.0000
814646,1.0000
814647,1.0000
814648,1.0000
814650,1.0000
814651,1.0000
814652,1.0000
814653,1.0000
814654,1.0000
814657,1.0000
814658,1.0000
814659,1.0000
814660,1.0000
814661,1.0000
814662,1.0000
814663,1.0000
814664,1.0000
814666,1.0000
814667,1.0000
814668,1.0000
814669,1.0000
814670,1.0000
814671,1.0000
814674,1.0000
814675,1.0000
814676,1.0000
814678,1.0000
814679,1.0000
814681,1.0000
814682,1.0000
814684,1.0000
814686,1.0000
814687,1.0000
814688,1.0000
814689,1.0000
814690,1.0000
814691,1.0000
814692,1.0000
814693,1.0000
814695,1.0000
814696,1.0000
814697,1.0000
814699,1.0000
814700,1.0000
814701,1.0000
814702,1.0000
814704,1.0000
814706,1.0000
814707,1.0000
814708,1.0000
814709,1.0000
814710,1.0000
814711,1.0000
814712,1.0000
814713,1.0000
814714,1.0000
814715,1.0000
814716,1.0000
814720,1.0000
814721,1.0000
814722,1.0000
814726,1.0000
814727,1.0000
814728,1.0000
814729,1.0000
814731,1.0000
814732,1.0000
814733,1.0000
814734,1.0000
814735,1.0000
814736,1.0000
814737,1.0000
814738,1.0000
814740,1.0000
814742,1.0000
814743,1.0000
814745,1.0000
814749,1.0000
814750,1.0000
814754,1.0000
814756,1.0000
814757,1.0000
814758,1.0000
814759,1.0000
814760,1.0000
814761,1.0000
814762,1.0000
814763,1.0000
814764,1.0000
814765,1.0000
814766,1.0000
814767,1.0000
814768,1.0000
814770,1.0000
814771,1.0000
814772,1.0000
814775,1.0000
814776,1.0000
814777,1.0000
814778,1.0000
814779,1.0000
814782,1.0000
814783,1.0000
814784,1.0000
814785,1.0000
814786,1.0000
814787,1.0000
814788,1.0000
814789,1.0000
814790,1.0000
814792,1.0000
814793,1.0000
814796,1.0000
814797,1.0000
814798,1.0000
814799,1.0000
814800,1.0000
814801,1.0000
814805,1.0000
814806,1.0000
814808,1.0000
814810,1.0000
814813,1.0000
814815,1.0000
814816,1.0000
814819,1.0000
814821,1.0000
814822,1.0000
814823,1.0000
814824,1.0000
814825,1.0000
814826,1.0000
814827,1.0000
814829,1.0000
814831,1.0000
814832,1.0000
814833,1.0000
814834,1.0000
814836,1.0000
814838,1.0000
814839,1.0000
814841,1.0000
814842,1.0000
814843,1.0000
814844,1.0000
814847,1.0000
814850,1.0000
814851,1.0000
814852,1.0000
814854,1.0000
814855,1.0000
814856,1.0000
814857,1.0000
814858,1.0000
814860,1.0000
814862,1.0000
814863,1.0000
814864,1.0000
814865,1.0000
814866,1.0000
814868,1.0000
814869,1.0000
814871,1.0000
814874,1.0000
814876,1.0000
814877,1.0000
814878,1.0000
814879,1.0000
814880,1.0000
814881,1.0000
814882,1.0000
814883,1.0000
814884,1.0000
814885,1.0000
814888,1.0000
814890,1.0000
814891,1.0000
814893,1.0000
814894,1.0000
814896,1.0000
814897,1.0000
814898,1.0000
814899,1.0000
814900,1.0000
814901,1.0000
814902,1.0000
814903,1.0000
814904,1.0000
814905,1.0000
814906,1.0000
814908,1.0000
814909,1.0000
814910,1.0000
814911,1.0000
814912,1.0000
814914,1.0000
814917,1.0000
814918,1.0000
814919,1.0000
814920,1.0000
814921,1.0000
814922,1.0000
814923,1.0000
814924,1.0000
814925,1.0000
814926,1.0000
814927,1.0000
814928,1.0000
814929,1.0000
814930,1.0000
814931,1.0000
814933,1.0000
814934,1.0000
814935,1.0000
814937,1.0000
814940,1.0000
814942,1.0000
814944,1.0000
814945,1.0000
814946,1.0000
814947,1.0000
814948,1.0000
814949,1.0000
814950,1.0000
814955,1.0000
814956,1.0000
814958,1.0000
814959,1.0000
814960,1.0000
814961,1.0000
814962,1.0000
814963,1.0000
814964,1.0000
814965,1.0000
814967,1.0000
814968,1.0000
814970,1.0000
814971,1.0000
814973,1.0000
814976,1.0000
814977,1.0000
814978,1.0000
814979,1.0000
814980,1.0000
814981,1.0000
814983,1.0000
814984,1.0000
814986,1.0000
814989,1.0000
814991,1.0000
814992,1.0000
814993,1.0000
814995,1.0000
814996,1.0000
815000,1.0000
815002,1.0000
815003,1.0000
815004,1.0000
815005,1.0000
815006,1.0000
815007,1.0000
815011,1.0000
815013,1.0000
815014,1.0000
815015,1.0000
815016,1.0000
815017,1.0000
815018,1.0000
815020,1.0000
815022,1.0000
815023,1.0000
815024,1.0000
815025,1.0000
815026,1.0000
815027,1.0000
815028,1.0000
815029,1.0000
815030,1.0000
815031,1.0000
815033,1.0000
815034,1.0000
815036,1.0000
815037,1.0000
815039,1.0000
815040,1.0000
815041,1.0000
815042,1.0000
815044,1.0000
815045,1.0000
815046,1.0000
815047,1.0000
815049,1.0000
815051,1.0000
815052,1.0000
815053,1.0000
815054,1.0000
815055,1.0000
815061,1.0000
815062,1.0000
815063,1.0000
815064,1.0000
815065,1.0000
815066,1.0000
815067,1.0000
815071,1.0000
815074,1.0000
815075,1.0000
815077,1.0000
815078,1.0000
815079,1.0000
815080,1.0000
815082,1.0000
815083,1.0000
815085,1.0000
815090,1.0000
815091,1.0000
815092,1.0000
815094,1.0000
815095,1.0000
815097,1.0000
815098,1.0000
815099,1.0000
815102,1.0000
815103,1.0000
815105,1.0000
815106,1.0000
815107,1.0000
815109,1.0000
815110,1.0000
815111,1.0000
815112,1.0000
815114,1.0000
815115,1.0000
815117,1.0000
815118,1.0000
815119,1.0000
815120,1.0000
815121,1.0000
815122,1.0000
815124,1.0000
815125,1.0000
815126,1.0000
815127,1.0000
815131,1.0000
815133,1.0000
815135,1.0000
815136,1.0000
815137,1.0000
815140,1.0000
815141,1.0000
815143,1.0000
815144,1.0000
815145,1.0000
815147,1.0000
815148,1.0000
815150,1.0000
815152,1.0000
815153,1.0000
815154,1.0000
815155,1.0000
815156,1.0000
815157,1.0000
815158,1.0000
815160,1.0000
815161,1.0000
815162,1.0000
815164,1.0000
815165,1.0000
815166,1.0000
815168,1.0000
815169,1.0000
815170,1.0000
815171,1.0000
815173,1.0000
815174,1.0000
815175,1.0000
815176,1.0000
815177,1.0000
815178,1.0000
815179,1.0000
815181,1.0000
815182,1.0000
815185,1.0000
815186,1.0000
815187,1.0000
815188,1.0000
815189,1.0000
815190,1.0000
815191,1.0000
815193,1.0000
815194,1.0000
815195,1.0000
815196,1.0000
815197,1.0000
815198,1.0000
815200,1.0000
815201,1.0000
815202,1.0000
815203,1.0000
815205,1.0000
815206,1.0000
815208,1.0000
815209,1.0000
815210,1.0000
815212,1.0000
815213,1.0000
815217,1.0000
815218,1.0000
815219,1.0000
815221,1.0000
815222,1.0000
815223,1.0000
815224,1.0000
815225,1.0000
815228,1.0000
815229,1.0000
815230,1.0000
815231,1.0000
815233,1.0000
815235,1.0000
815236,1.0000
815237,1.0000
815242,1.0000
815243,1.0000
815244,1.0000
815246,1.0000
815247,1.0000
815248,1.0000
815249,1.0000
815250,1.0000
815251,1.0000
815254,1.0000
815256,1.0000
815257,1.0000
815258,1.0000
815259,1.0000
815260,1.0000
815261,1.0000
815263,1.0000
815264,1.0000
815265,1.0000
815266,1.0000
815267,1.0000
815268,1.0000
815270,1.0000
815273,1.0000
815275,1.0000
815277,1.0000
815278,1.0000
815279,1.0000
815280,1.0000
815281,1.0000
815282,1.0000
815283,1.0000
815284,1.0000
815285,1.0000
815286,1.0000
815287,1.0000
815288,1.0000
815289,1.0000
815295,1.0000
815298,1.0000
815300,1.0000
815301,1.0000
815303,1.0000
815304,1.0000
815305,1.0000
815307,1.0000
815312,1.0000
815314,1.0000
815316,1.0000
815318,1.0000
815319,1.0000
815320,1.0000
815321,1.0000
815323,1.0000
815324,1.0000
815325,1.0000
815326,1.0000
815327,1.0000
815328,1.0000
815329,1.0000
815331,1.0000
815332,1.0000
815335,1.0000
815336,1.0000
815337,1.0000
815338,1.0000
815340,1.0000
815342,1.0000
815344,1.0000
815345,1.0000
815346,1.0000
815347,1.0000
815351,1.0000
815352,1.0000
815354,1.0000
815356,1.0000
815358,1.0000
815361,1.0000
815363,1.0000
815364,1.0000
815365,1.0000
815367,1.0000
815368,1.0000
815369,1.0000
815371,1.0000
815372,1.0000
815377,1.0000
815379,1.0000
815380,1.0000
815381,1.0000
815382,1.0000
815383,1.0000
815385,1.0000
815386,1.0000
815389,1.0000
815390,1.0000
815391,1.0000
815393,1.0000
815394,1.0000
815395,1.0000
815396,1.0000
815398,1.0000
815399,1.0000
815402,1.0000
815403,1.0000
815404,1.0000
815405,1.0000
815407,1.0000
815408,1.0000
815410,1.0000
815413,1.0000
815416,1.0000
815417,1.0000
815418,1.0000
815419,1.0000
815420,1.0000
815421,1.0000
815423,1.0000
815424,1.0000
815425,1.0000
815426,1.0000
815427,1.0000
815428,1.0000
815429,1.0000
815430,1.0000
815431,1.0000
815434,1.0000
815436,1.0000
815438,1.0000
815439,1.0000
815441,1.0000
815442,1.0000
815443,1.0000
815446,1.0000
815447,1.0000
815448,1.0000
815449,1.0000
815450,1.0000
815451,1.0000
815452,1.0000
815453,1.0000
815454,1.0000
815455,1.0000
815456,1.0000
815457,1.0000
815458,1.0000
815459,1.0000
815460,1.0000
815461,1.0000
815463,1.0000
815466,1.0000
815467,1.0000
815471,1.0000
815472,1.0000
815473,1.0000
815474,1.0000
815475,1.0000
815478,1.0000
815481,1.0000
815482,1.0000
815484,1.0000
815485,1.0000
815488,1.0000
815489,1.0000
815490,1.0000
815491,1.0000
815493,1.0000
815494,1.0000
815496,1.0000
815497,1.0000
815498,1.0000
815500,1.0000
815501,1.0000
815502,1.0000
815505,1.0000
815506,1.0000
815507,1.0000
815509,1.0000
815510,1.0000
815511,1.0000
815512,1.0000
815513,1.0000
815515,1.0000
815516,1.0000
815519,1.0000
815520,1.0000
815521,1.0000
815522,1.0000
815524,1.0000
815526,1.0000
815529,1.0000
815530,1.0000
815531,1.0000
815532,1.0000
815533,1.0000
815534,1.0000
815536,1.0000
815537,1.0000
815538,1.0000
815541,1.0000
815542,1.0000
815544,1.0000
815545,1.0000
815546,1.0000
815547,1.0000
815549,1.0000
815550,1.0000
815551,1.0000
815553,1.0000
815554,1.0000
815555,1.0000
815556,1.0000
815559,1.0000
815560,1.0000
815561,1.0000
815562,1.0000
815563,1.0000
815564,1.0000
815566,1.0000
815567,1.0000
815568,1.0000
815569,1.0000
815570,1.0000
815571,1.0000
815572,1.0000
815574,1.0000
815575,1.0000
815576,1.0000
815578,1.0000
815579,1.0000
815581,1.0000
815582,1.0000
815583,1.0000
815584,1.0000
815586,1.0000
815589,1.0000
815591,1.0000
815592,1.0000
815594,1.0000
815598,1.0000
815600,1.0000
815601,1.0000
815602,1.0000
815604,1.0000
815605,1.0000
815606,1.0000
815609,1.0000
815611,1.0000
815613,1.0000
815614,1.0000
815615,1.0000
815616,1.0000
815617,1.0000
815618,1.0000
815621,1.0000
815623,1.0000
815624,1.0000
815626,1.0000
815627,1.0000
815629,1.0000
815631,1.0000
815632,1.0000
815634,1.0000
815635,1.0000
815636,1.0000
815638,1.0000
815640,1.0000
815641,1.0000
815642,1.0000
815643,1.0000
815644,1.0000
815646,1.0000
815647,1.0000
815648,1.0000
815650,1.0000
815651,1.0000
815652,1.0000
815653,1.0000
815654,1.0000
815657,1.0000
815658,1.0000
815659,1.0000
815660,1.0000
815664,1.0000
815665,1.0000
815666,1.0000
815667,1.0000
815668,1.0000
815669,1.0000
815670,1.0000
815671,1.0000
815672,1.0000
815673,1.0000
815674,1.0000
815675,1.0000
815676,1.0000
815677,1.0000
815678,1.0000
815679,1.0000
815680,1.0000
815682,1.0000
815683,1.0000
815687,1.0000
815689,1.0000
815690,1.0000
815692,1.0000
815693,1.0000
815694,1.0000
815696,1.0000
815697,1.0000
815699,1.0000
815703,1.0000
815704,1.0000
815705,1.0000
815706,1.0000
815707,1.0000
815708,1.0000
815709,1.0000
815710,1.0000
815711,1.0000
815712,1.0000
815713,1.0000
815714,1.0000
815715,1.0000
815716,1.0000
815717,1.0000
815720,1.0000
815721,1.0000
815722,1.0000
815723,1.0000
815724,1.0000
815725,1.0000
815726,1.0000
815728,1.0000
815730,1.0000
815733,1.0000
815735,1.0000
815736,1.0000
815737,1.0000
815738,1.0000
815739,1.0000
815740,1.0000
815741,1.0000
815742,1.0000
815743,1.0000
815744,1.0000
815745,1.0000
815746,1.0000
815747,1.0000
815748,1.0000
815749,1.0000
815750,1.0000
815751,1.0000
815753,1.0000
815755,1.0000
815757,1.0000
815758,1.0000
815759,1.0000
815761,1.0000
815762,1.0000
815764,1.0000
815765,1.0000
815766,1.0000
815768,1.0000
815769,1.0000
815770,1.0000
815771,1.0000
815772,1.0000
815773,1.0000
815774,1.0000
815775,1.0000
815777,1.0000
815778,1.0000
815779,1.0000
815780,1.0000
815781,1.0000
815782,1.0000
815783,1.0000
815784,1.0000
815786,1.0000
815788,1.0000
815789,1.0000
815791,1.0000
815792,1.0000
815793,1.0000
815795,1.0000
815796,1.0000
815798,1.0000
815799,1.0000
815800,1.0000
815801,1.0000
815802,1.0000
815803,1.0000
815804,1.0000
815805,1.0000
815806,1.0000
815807,1.0000
815808,1.0000
815810,1.0000
815812,1.0000
815814,1.0000
815815,1.0000
815816,1.0000
815817,1.0000
815818,1.0000
815819,1.0000
815820,1.0000
815821,1.0000
815822,1.0000
815823,1.0000
815825,1.0000
815826,1.0000
815827,1.0000
815830,1.0000
815832,1.0000
815833,1.0000
815835,1.0000
815836,1.0000
815837,1.0000
815838,1.0000
815839,1.0000
815841,1.0000
815842,1.0000
815843,1.0000
815844,1.0000
815845,1.0000
815847,1.0000
815848,1.0000
815850,1.0000
815853,1.0000
815854,1.0000
815856,1.0000
815857,1.0000
815858,1.0000
815859,1.0000
815860,1.0000
815861,1.0000
815862,1.0000
815863,1.0000
815864,1.0000
815865,1.0000
815866,1.0000
815867,1.0000
815868,1.0000
815870,1.0000
815871,1.0000
815872,1.0000
815874,1.0000
815876,1.0000
815877,1.0000
815879,1.0000
815882,1.0000
815883,1.0000
815884,1.0000
815886,1.0000
815888,1.0000
815889,1.0000
815890,1.0000
815891,1.0000
815892,1.0000
815894,1.0000
815895,1.0000
815901,1.0000
815902,1.0000
815903,1.0000
815904,1.0000
815905,1.0000
815907,1.0000
815910,1.0000
815912,1.0000
815914,1.0000
815916,1.0000
815917,1.0000
815918,1.0000
815919,1.0000
815920,1.0000
815923,1.0000
815924,1.0000
815925,1.0000
815926,1.0000
815927,1.0000
815928,1.0000
815930,1.0000
815931,1.0000
815932,1.0000
815934,1.0000
815937,1.0000
815938,1.0000
815939,1.0000
815942,1.0000
815943,1.0000
815944,1.0000
815945,1.0000
815946,1.0000
815947,1.0000
815949,1.0000
815950,1.0000
815951,1.0000
815953,1.0000
815954,1.0000
815955,1.0000
815958,1.0000
815959,1.0000
815960,1.0000
815961,1.0000
815962,1.0000
815963,1.0000
815965,1.0000
815967,1.0000
815968,1.0000
815971,1.0000
815973,1.0000
815974,1.0000
815975,1.0000
815976,1.0000
815977,1.0000
815978,1.0000
815980,1.0000
815983,1.0000
815984,1.0000
815985,1.0000
815986,1.0000
815988,1.0000
815989,1.0000
815990,1.0000
815992,1.0000
815993,1.0000
815994,1.0000
815996,1.0000
815997,1.0000
815998,1.0000
815999,1.0000
816000,1.0000
816001,1.0000
816002,1.0000
816004,1.0000
816007,1.0000
816008,1.0000
816009,1.0000
816011,1.0000
816012,1.0000
816013,1.0000
816014,1.0000
816016,1.0000
816017,1.0000
816018,1.0000
816019,1.0000
816020,1.0000
816022,1.0000
816023,1.0000
816027,1.0000
816028,1.0000
816029,1.0000
816031,1.0000
816032,1.0000
816034,1.0000
816035,1.0000
816038,1.0000
816039,1.0000
816040,1.0000
816041,1.0000
816042,1.0000
816043,1.0000
816044,1.0000
816047,1.0000
816049,1.0000
816052,1.0000
816053,1.0000
816054,1.0000
816055,1.0000
816056,1.0000
816057,1.0000
816058,1.0000
816062,1.0000
816063,1.0000
816065,1.0000
816066,1.0000
816069,1.0000
816071,1.0000
816072,1.0000
816073,1.0000
816074,1.0000
816075,1.0000
816077,1.0000
816078,1.0000
816080,1.0000
816082,1.0000
816083,1.0000
816084,1.0000
816085,1.0000
816086,1.0000
816087,1.0000
816091,1.0000
816092,1.0000
816096,1.0000
816097,1.0000
816100,1.0000
816102,1.0000
816103,1.0000
816104,1.0000
816105,1.0000
816106,1.0000
816107,1.0000
816108,1.0000
816109,1.0000
816110,1.0000
816111,1.0000
816113,1.0000
816114,1.0000
816116,1.0000
816117,1.0000
816118,1.0000
816119,1.0000
816120,1.0000
816121,1.0000
816123,1.0000
816125,1.0000
816129,1.0000
816130,1.0000
816131,1.0000
816133,1.0000
816134,1.0000
816135,1.0000
816136,1.0000
816137,1.0000
816139,1.0000
816140,1.0000
816142,1.0000
816143,1.0000
816144,1.0000
816146,1.0000
816148,1.0000
816151,1.0000
816154,1.0000
816157,1.0000
816158,1.0000
816160,1.0000
816163,1.0000
816164,1.0000
816165,1.0000
816167,1.0000
816168,1.0000
816169,1.0000
816170,1.0000
816171,1.0000
816175,1.0000
816176,1.0000
816177,1.0000
816178,1.0000
816179,1.0000
816181,1.0000
816184,1.0000
816185,1.0000
816186,1.0000
816189,1.0000
816190,1.0000
816191,1.0000
816194,1.0000
816195,1.0000
816196,1.0000
816197,1.0000
816200,1.0000
816201,1.0000
816202,1.0000
816203,1.0000
816204,1.0000
816205,1.0000
816206,1.0000
816207,1.0000
816208,1.0000
816210,1.0000
816212,1.0000
816213,1.0000
816214,1.0000
816215,1.0000
816216,1.0000
816217,1.0000
816218,1.0000
816220,1.0000
816221,1.0000
816222,3.2857
816224,1.0000
816225,1.0000
816230,1.0000
816234,1.0000
816235,1.0000
816236,1.0000
816238,1.0000
816240,1.0000
816241,1.0000
816244,1.0000
816245,1.0000
816246,1.0000
816247,1.0000
816248,1.0000
816249,1.0000
816250,1.0000
816254,1.0000
816255,1.0000
816256,1.0000
816257,1.0000
816258,1.0000
816259,1.0000
816260,1.0000
816261,1.0000
816263,1.0000
816267,1.0000
816268,1.0000
816269,1.0000
816271,1.0000
816272,1.0000
816273,1.0000
816275,1.0000
816276,1.0000
816278,1.0000
816279,1.0000
816281,1.0000
816282,1.0000
816283,1.0000
816285,1.0000
816286,1.0000
816287,1.0000
816289,1.0000
816291,1.0000
816294,1.0000
816295,1.0000
816296,1.0000
816297,1.0000
816299,1.0000
816300,1.0000
816301,1.0000
816303,1.0000
816304,1.0000
816306,1.0000
816307,1.0000
816308,1.0000
816309,1.0000
816311,1.0000
816312,1.0000
816313,1.0000
816314,1.0000
816315,1.0000
816316,1.0000
816318,1.0000
816319,1.0000
816320,1.0000
816323,1.0000
816324,1.0000
816325,1.0000
816328,1.0000
816329,1.0000
816330,1.0000
816331,1.0000
816333,1.0000
816335,1.0000
816336,1.0000
816337,1.0000
816338,1.0000
816340,1.0000
816342,1.0000
816343,1.0000
816344,1.0000
816346,1.0000
816347,1.0000
816348,1.0000
816355,1.0000
816356,1.0000
816357,1.0000
816358,1.0000
816362,1.0000
816365,1.0000
816366,1.0000
816368,1.0000
816369,1.0000
816371,1.0000
816372,1.0000
816373,1.0000
816374,1.0000
816375,1.0000
816377,1.0000
816378,1.0000
816379,1.0000
816380,1.0000
816381,1.0000
816382,1.0000
816385,1.0000
816387,1.0000
816388,1.0000
816390,1.0000
816392,1.0000
816393,1.0000
816396,1.0000
816399,1.0000
816403,1.0000
816404,1.0000
816406,1.0000
816407,1.0000
816408,1.0000
816409,1.0000
816410,1.0000
816413,1.0000
816414,1.0000
816417,1.0000
816419,1.0000
816421,1.0000
816422,1.0000
816423,1.0000
816425,1.0000
816426,1.0000
816427,1.0000
816428,1.0000
816429,1.0000
816431,1.0000
816432,1.0000
816434,1.0000
816435,1.0000
816438,1.0000
816439,1.0000
816440,1.0000
816446,1.0000
816447,1.0000
816450,1.0000
816452,1.0000
816454,1.0000
816456,1.0000
816457,1.0000
816458,1.0000
816459,1.0000
816461,1.0000
816462,1.0000
816463,1.0000
816464,1.0000
816465,1.0000
816467,1.0000
816470,1.0000
816471,1.0000
816472,1.0000
816473,1.0000
816475,1.0000
816477,1.0000
816478,1.0000
816480,1.0000
816481,1.0000
816484,1.0000
816485,1.0000
816486,1.0000
816488,1.0000
816489,1.0000
816491,1.0000
816494,1.0000
816495,1.0000
816496,1.0000
816498,1.0000
816499,1.0000
816500,1.0000
816501,1.0000
816503,1.0000
816506,1.0000
816507,1.0000
816508,1.0000
816509,1.0000
816511,1.0000
816512,1.0000
816515,1.0000
816519,1.0000
816521,1.0000
816522,1.0000
816523,1.0000
816525,1.0000
816526,1.0000
816528,1.0000
816529,1.0000
816532,1.0000
816535,1.0000
816536,1.0000
816537,1.0000
816539,1.0000
816542,1.0000
816543,1.0000
816544,1.0000
816545,1.0000
816546,1.0000
816548,1.0000
816549,1.0000
816550,1.0000
816551,1.0000
816553,1.0000
816558,1.0000
816559,1.0000
816561,1.0000
816562,1.0000
816564,1.0000
816566,1.0000
816567,1.0000
816571,1.0000
816572,1.0000
816573,1.0000
816574,1.0000
816577,1.0000
816578,1.0000
816580,1.0000
816581,1.0000
816582,1.0000
816584,1.0000
816586,1.0000
816587,1.0000
816588,1.0000
816589,1.0000
816591,1.0000
816593,1.0000
816596,1.0000
816597,1.0000
816601,1.0000
816604,1.0000
816605,1.0000
816606,1.0000
816607,1.0000
816608,1.0000
816609,1.0000
816612,1.0000
816614,1.0000
816615,1.0000
816616,1.0000
816618,1.0000
816619,1.0000
816621,1.0000
816622,1.0000
816625,1.0000
816626,1.0000
816629,1.0000
816631,1.0000
816632,1.0000
816633,1.0000
816634,1.0000
816638,1.0000
816641,1.0000
816642,1.0000
816643,1.0000
816644,1.0000
816645,1.0000
816648,1.0000
816650,1.0000
816652,1.0000
816656,1.0000
816657,1.0000
816658,1.0000
816659,1.0000
816662,1.0000
816663,1.0000
816664,1.0000
816665,1.0000
816666,1.0000
816667,1.0000
816668,1.0000
816669,1.0000
816670,1.0000
816671,1.0000
816674,1.0000
816676,1.0000
816679,1.0000
816680,1.0000
816681,1.0000
816683,1.0000
816684,1.0000
816685,1.0000
816687,1.0000
816688,1.0000
816689,1.0000
816690,1.0000
816691,1.0000
816693,1.0000
816694,1.0000
816698,1.0000
816699,1.0000
816700,1.0000
816702,1.0000
816703,1.0000
816704,1.0000
816707,1.0000
816708,1.0000
816710,1.0000
816711,1.0000
816712,1.0000
816714,1.0000
816716,1.0000
816717,1.0000
816718,1.0000
816719,1.0000
816720,1.0000
816721,1.0000
816724,1.0000
816725,1.0000
816726,1.0000
816731,1.0000
816733,1.0000
816735,1.0000
816737,1.0000
816739,1.0000
816740,1.0000
816741,1.0000
816743,1.0000
816744,1.0000
816746,1.0000
816749,1.0000
816754,1.0000
816756,1.0000
816758,1.0000
816759,1.0000
816760,1.0000
816762,1.0000
816764,1.0000
816765,1.0000
816768,1.0000
816769,1.0000
816770,1.0000
816772,1.0000
816778,1.0000
816779,1.0000
816780,1.0000
816781,1.0000
816782,1.0000
816783,1.0000
816784,1.0000
816785,1.0000
816788,1.0000
816791,1.0000
816793,1.0000
816797,1.0000
816800,1.0000
816802,1.0000
816803,1.0000
816804,1.0000
816805,1.0000
816806,1.0000
816808,1.0000
816809,1.0000
816810,1.0000
816811,1.0000
816812,1.0000
816814,1.0000
816819,1.0000
816820,1.0000
816823,1.0000
816824,1.0000
816825,1.0000
816827,1.0000
816828,1.0000
816829,1.0000
816831,1.0000
816832,1.0000
816833,1.0000
816834,1.0000
816835,1.0000
816837,1.0000
816838,1.0000
816842,1.0000
816844,1.0000
816845,1.0000
816846,1.0000
816848,1.0000
816852,1.0000
816854,1.0000
816856,1.0000
816857,1.0000
816858,1.0000
816859,1.0000
816860,1.0000
816861,1.0000
816862,1.0000
816863,1.0000
816864,1.0000
816867,1.0000
816868,1.0000
816869,1.0000
816870,1.0000
816871,1.0000
816872,1.0000
816876,1.0000
816877,1.0000
816879,1.0000
816880,1.0000
816881,1.0000
816883,1.0000
816885,1.0000
816887,1.0000
816889,1.0000
816890,1.0000
816892,1.0000
816894,1.0000
816897,1.0000
816900,1.0000
816901,1.0000
816902,1.0000
816907,1.0000
816908,1.0000
816909,1.0000
816910,1.0000
816911,1.0000
816913,1.0000
816914,1.0000
816915,1.0000
816917,1.0000
816918,1.0000
816919,1.0000
816920,1.0000
816921,1.0000
816922,1.0000
816927,1.0000
816929,1.0000
816930,1.0000
816931,1.0000
816932,1.0000
816933,1.0000
816935,1.0000
816936,1.0000
816937,1.0000
816938,1.0000
816939,1.0000
816941,1.0000
816948,1.0000
816949,1.0000
816950,1.0000
816953,1.0000
816954,1.0000
816955,1.0000
816957,1.0000
816960,1.0000
816963,1.0000
816964,1.0000
816965,1.0000
816967,1.0000
816968,1.0000
816969,1.0000
816971,1.0000
816972,1.0000
816973,1.0000
816975,1.0000
816981,1.0000
816982,1.0000
816984,1.0000
816985,1.0000
816986,1.0000
816987,1.0000
816992,1.0000
816993,1.0000
816994,1.0000
816996,1.0000
816997,1.0000
817003,1.0000
817005,1.0000
817006,1.0000
817007,1.0000
817009,1.0000
817010,1.0000
817011,1.0000
817014,1.0000
817015,1.0000
817016,1.0000
817018,1.0000
817019,1.0000
817020,1.0000
817021,1.0000
817023,1.0000
817024,1.0000
817025,1.0000
817026,1.0000
817027,1.0000
817028,1.0000
817029,1.0000
817031,1.0000
817033,1.0000
817034,1.0000
817035,1.0000
817036,1.0000
817037,1.0000
817038,1.0000
817041,1.0000
817043,1.0000
817047,1.0000
817048,1.0000
817050,1.0000
817052,1.0000
817053,1.0000
817054,1.0000
817056,1.0000
817057,1.0000
817062,1.0000
817066,1.0000
817067,1.0000
817068,1.0000
817071,1.0000
817073,1.0000
817074,1.0000
817075,1.0000
817076,1.0000
817078,1.0000
817083,1.0000
817088,1.0000
817089,1.0000
817091,1.0000
817093,1.0000
817096,1.0000
817097,1.0000
817098,1.0000
817099,1.0000
817100,1.0000
817102,1.0000
817105,1.0000
817106,1.0000
817110,1.0000
817111,1.0000
817112,1.0000
817115,1.0000
817116,1.0000
817117,1.0000
817118,1.0000
817123,1.0000
817126,1.0000
817128,1.0000
817131,1.0000
817133,1.0000
817134,1.0000
817136,1.0000
817138,1.0000
817143,1.0000
817144,1.0000
817145,1.0000
817146,1.0000
817150,1.0000
817154,1.0000
817155,1.0000
817157,1.0000
817158,1.0000
817159,1.0000
817161,1.0000
817163,1.0000
817167,1.0000
817169,1.0000
817170,1.0000
817171,1.0000
817173,1.0000
817178,1.0000
817179,1.0000
817180,1.0000
817184,1.0000
817185,1.0000
817186,1.0000
817189,1.0000
817191,1.0000
817194,1.0000
817195,1.0000
817196,1.0000
817200,1.0000
817201,1.0000
817202,1.0000
817204,1.0000
817206,1.0000
817207,1.0000
817208,1.0000
817210,1.0000
817216,1.0000
817217,1.0000
817218,1.0000
817219,1.0000
817220,1.0000
817221,1.0000
817222,1.0000
817225,1.0000
817226,1.0000
817228,1.0000
817230,1.0000
817233,1.0000
817237,1.0000
817238,1.0000
817239,1.0000
817241,1.0000
817244,1.0000
817245,1.0000
817248,1.0000
817250,1.0000
817251,1.0000
817253,1.0000
817254,1.0000
817257,1.0000
817259,1.0000
817261,1.0000
817263,1.0000
817264,1.0000
817265,1.0000
817267,1.0000
817269,1.0000
817270,1.0000
817272,1.0000
817273,1.0000
817277,1.0000
817278,1.0000
817279,1.0000
817282,1.0000
817283,1.0000
817287,1.0000
817288,1.0000
817290,1.0000
817291,1.0000
817292,1.0000
817293,1.0000
817295,1.0000
817296,1.0000
817297,1.0000
817298,1.0000
817299,1.0000
817303,1.0000
817304,1.0000
817305,1.0000
817306,1.0000
817307,1.0000
817308,1.0000
817309,1.0000
817310,1.0000
817311,1.0000
817314,1.0000
817315,1.0000
817316,1.0000
817317,1.0000
817320,1.0000
817322,1.0000
817324,1.0000
817325,1.0000
817330,1.0000
817331,1.0000
817332,1.0000
817334,1.0000
817337,1.0000
817339,1.0000
817341,1.0000
817345,1.0000
817347,1.0000
817349,1.0000
817350,1.0000
817351,1.0000
817352,1.0000
817354,1.0000
817355,1.0000
817356,1.0000
817358,1.0000
817360,1.0000
817363,1.0000
817364,1.0000
817366,1.0000
817367,1.0000
817368,1.0000
817370,1.0000
817371,1.0000
817372,1.0000
817373,1.0000
817374,1.0000
817375,1.0000
817376,1.0000
817378,1.0000
817379,1.0000
817381,1.0000
817384,1.0000
817385,1.0000
817386,1.0000
817388,1.0000
817389,1.0000
817390,1.0000
817391,1.0000
817395,1.0000
817396,1.0000
817397,1.0000
817399,1.0000
817400,1.0000
817401,1.0000
817402,1.0000
817404,1.0000
817405,1.0000
817407,1.0000
817408,1.0000
817409,1.0000
817410,1.0000
817411,1.0000
817412,1.0000
817413,1.0000
817417,1.0000
817418,1.0000
817420,1.0000
817421,1.0000
817422,1.0000
817425,1.0000
817427,1.0000
817428,1.0000
817429,1.0000
817432,1.0000
817434,1.0000
817436,1.0000
817439,1.0000
817440,1.0000
817442,1.0000
817443,1.0000
817444,1.0000
817445,1.0000
817446,1.0000
817447,1.0000
817449,1.0000
817450,1.0000
817453,1.0000
817455,1.0000
817456,1.0000
817458,1.0000
817461,1.0000
817462,1.0000
817463,1.0000
817466,1.0000
817467,1.0000
817468,1.0000
817470,1.0000
817472,1.0000
817473,1.0000
817475,1.0000
817480,1.0000
817485,1.0000
817491,1.0000
817494,1.0000
817496,1.0000
817497,1.0000
817498,1.0000
817503,1.0000
817504,1.0000
817505,1.0000
817506,1.0000
817507,1.0000
817508,1.0000
817509,1.0000
817510,1.0000
817512,1.0000
817513,1.0000
817514,1.0000
817516,1.0000
817517,1.0000
817520,1.0000
817521,1.0000
817522,1.0000
817523,1.0000
817526,1.0000
817527,1.0000
817529,1.0000
817530,1.0000
817531,1.0000
817532,1.0000
817533,1.0000
817534,1.0000
817535,1.0000
817537,1.0000
817538,1.0000
817540,1.0000
817541,1.0000
817542,1.0000
817543,1.0000
817545,1.0000
817548,1.0000
817549,1.0000
817550,1.0000
817552,1.0000
817553,1.0000
817554,1.0000
817558,1.0000
817559,1.0000
817560,1.0000
817561,1.0000
817562,1.0000
817564,1.0000
817565,1.0000
817566,1.0000
817567,1.0000
817569,1.0000
817570,1.0000
817571,1.0000
817572,1.0000
817576,1.0000
817579,1.0000
817580,1.0000
817581,1.0000
817583,1.0000
817584,1.0000
817587,1.0000
817588,1.0000
817589,1.0000
817590,1.0000
817594,1.0000
817595,1.0000
817597,1.0000
817599,1.0000
817600,1.0000
817602,1.0000
817603,1.0000
817605,1.0000
817606,1.0000
817607,1.0000
817608,1.0000
817612,1.0000
817614,1.0000
817615,1.0000
817617,1.0000
817624,1.0000
817627,1.0000
817628,1.0000
817629,1.0000
817631,1.0000
817632,1.0000
817634,1.0000
817635,1.0000
817640,1.0000
817641,1.0000
817644,1.0000
817645,1.0000
817646,1.0000
817647,1.0000
817648,1.0000
817651,1.0000
817655,1.0000
817656,1.0000
817657,1.0000
817660,1.0000
817664,1.0000
817665,1.0000
817666,1.0000
817669,1.0000
817670,1.0000
817671,1.0000
817673,1.0000
817676,1.0000
817677,1.0000
817678,1.0000
817680,1.0000
817681,1.0000
817682,1.0000
817684,1.0000
817686,1.0000
817687,1.0000
817691,1.0000
817692,1.0000
817693,1.0000
817695,1.0000
817697,1.0000
817699,1.0000
817700,1.0000
817703,1.0000
817704,1.0000
817705,1.0000
817706,1.0000
817708,1.0000
817709,1.0000
817710,1.0000
817713,1.0000
817715,1.0000
817717,1.0000
817719,1.0000
817720,1.0000
817721,1.0000
817724,1.0000
817727,1.0000
817729,1.0000
817733,1.0000
817735,1.0000
817738,1.0000
817742,1.0000
817743,1.0000
817746,1.0000
817749,1.0000
817750,1.0000
817751,1.0000
817752,1.0000
817754,1.0000
817756,1.0000
817757,1.0000
817758,1.0000
817759,1.0000
817760,1.0000
817761,1.0000
817768,1.0000
817769,1.0000
817770,1.0000
817773,1.0000
817775,1.0000
817777,1.0000
817779,1.0000
817780,1.0000
817783,1.0000
817784,1.0000
817788,1.0000
817790,1.0000
817792,1.0000
817794,1.0000
817795,1.0000
817796,1.0000
817798,1.0000
817799,1.0000
817800,1.0000
817802,1.0000
817804,1.0000
817809,1.0000
817812,1.0000
817813,1.0000
817816,1.0000
817817,1.0000
817819,1.0000
817820,1.0000
817822,1.0000
817824,1.0000
817825,1.0000
817826,1.0000
817827,1.0000
817828,1.0000
817830,1.0000
817832,1.0000
817834,1.0000
817835,1.0000
817836,1.0000
817838,1.0000
817839,1.0000
817841,1.0000
817842,1.0000
817844,1.0000
817845,1.0000
817847,1.0000
817848,1.0000
817849,1.0000
817852,1.0000
817853,1.0000
817855,1.0000
817856,1.0000
817858,1.0000
817861,1.0000
817862,1.0000
817866,1.0000
817867,1.0000
817868,1.0000
817870,1.0000
817873,1.0000
817877,1.0000
817882,1.0000
817884,1.0000
817886,1.0000
817887,1.0000
817888,1.0000
817890,1.0000
817891,1.0000
817892,1.0000
817893,1.0000
817895,1.0000
817898,1.0000
817901,1.0000
817902,1.0000
817904,1.0000
817905,1.0000
817907,1.0000
817908,1.0000
817909,1.0000
817913,1.0000
817915,1.0000
817916,1.0000
817918,1.0000
817919,1.0000
817926,1.0000
817927,1.0000
817928,1.0000
817929,1.0000
817930,1.0000
817934,1.0000
817935,1.0000
817943,1.0000
817945,1.0000
817947,1.0000
817949,1.0000
817952,1.0000
817954,1.0000
817956,1.0000
817957,1.0000
817961,1.0000
817962,1.0000
817969,1.0000
817970,1.0000
817971,1.0000
817972,1.0000
817973,1.0000
817974,1.0000
817976,1.0000
817981,1.0000
817985,1.0000
817986,1.0000
817987,1.0000
817988,1.0000
817989,1.0000
817990,1.0000
817992,1.0000
817993,1.0000
817999,1.0000
818000,1.0000
818001,1.0000
818003,1.0000
818006,1.0000
818009,1.0000
818011,1.0000
818012,1.0000
818018,1.0000
818021,1.0000
818025,1.0000
818026,1.0000
818028,1.0000
818031,1.0000
818032,1.0000
818035,1.0000
818041,1.0000
818042,1.0000
818043,1.0000
818045,1.0000
818047,1.0000
818049,1.0000
818054,1.0000
818056,1.0000
818057,2.1429
818058,1.0000
818061,1.0000
818063,1.0000
818066,1.0000
818068,1.0000
818069,1.0000
818070,1.0000
818075,1.0000
818076,1.0000
818077,1.0000
818080,1.0000
818082,1.0000
818085,1.0000
818086,1.0000
818087,1.0000
818090,1.0000
818091,1.0000
818092,1.0000
818097,1.0000
818098,1.0000
818099,1.0000
818100,1.0000
818102,1.0000
818103,1.0000
818106,1.0000
818108,1.0000
818114,1.0000
818118,1.0000
818120,1.0000
818129,1.0000
818130,1.0000
818135,1.0000
818138,1.0000
818139,1.0000
818141,1.0000
818142,1.0000
818144,1.0000
818148,1.0000
818149,1.0000
818155,1.0000
818156,1.0000
818159,1.0000
818162,1.0000
818163,1.0000
818164,1.0000
818165,1.0000
818170,1.0000
818172,1.0000
818175,1.0000
818176,1.0000
818178,1.0000
818180,1.0000
818181,1.0000
818182,1.0000
818183,1.0000
818184,1.0000
818185,1.0000
818186,1.0000
818187,1.0000
818193,1.0000
818195,1.0000
818196,1.0000
818197,1.0000
818200,1.0000
818201,1.0000
818203,1.0000
818205,1.0000
818206,1.0000
818208,1.0000
818210,1.0000
818211,1.0000
818216,1.0000
818217,1.0000
818220,1.0000
818221,1.0000
818227,1.0000
818228,1.0000
818230,1.0000
818231,1.0000
818234,1.0000
818236,1.0000
818238,1.0000
818240,1.0000
818252,1.0000
818255,1.0000
818263,1.0000
818264,1.0000
818265,1.0000
818266,1.0000
818272,1.0000
818273,1.0000
818278,1.0000
818285,1.0000
818287,1.0000
818289,1.0000
818291,1.0000
818292,1.0000
818295,2.1429
818298,1.0000
818304,1.0000
818306,1.0000
818309,1.0000
818313,1.0000
818315,1.0000
818317,1.0000
818318,1.0000
818321,1.0000
818322,1.0000
818325,1.0000
818326,1.0000
818328,1.0000
818329,1.0000
818334,1.0000
818335,1.0000
818337,1.0000
818339,1.0000
818341,1.0000
818342,1.0000
818343,1.0000
818345,1.0000
818347,1.0000
818348,1.0000
818350,1.0000
818353,1.0000
818354,1.0000
818355,1.0000
818358,1.0000
818361,1.0000
818362,1.0000
818368,1.0000
818371,1.0000
818376,1.0000
818378,1.0000
818384,1.0000
818385,1.0000
818386,1.0000
818387,1.0000
818389,1.0000
818390,1.0000
818391,1.0000
818392,1.0000
818394,1.0000
818398,1.0000
818399,1.0000
818406,1.0000
818411,1.0000
818412,1.0000
818414,1.0000
818415,1.0000
818419,1.0000
818423,1.0000
818424,1.0000
818425,1.0000
818428,1.0000
818429,1.0000
818431,1.0000
818432,1.0000
818433,1.0000
818434,1.0000
818436,1.0000
818437,1.0000
818438,1.0000
818440,1.0000
818445,1.0000
818446,1.0000
818452,1.0000
818453,1.0000
818455,1.0000
818458,1.0000
818463,1.0000
818464,1.0000
818466,1.0000
818467,1.0000
818468,1.0000
818469,1.0000
818473,1.0000
818474,1.0000
818475,1.0000
818477,1.0000
818478,1.0000
818480,1.0000
818482,1.0000
818485,1.0000
818488,1.0000
818491,1.0000
818494,1.0000
818495,1.0000
818496,1.0000
818499,1.0000
818500,1.0000
818501,1.0000
818502,1.0000
818506,1.0000
818511,1.0000
818516,1.0000
818519,1.0000
818520,1.0000
818523,1.0000
818527,1.0000
818528,1.0000
818529,1.0000
818530,1.0000
818532,1.0000
818533,1.0000
818534,1.0000
818535,1.0000
818537,1.0000
818538,1.0000
818539,1.0000
818548,1.0000
818549,1.0000
818550,1.0000
818551,1.0000
818553,1.0000
818556,1.0000
818557,1.0000
818560,1.0000
818561,1.0000
818563,1.0000
818567,1.0000
818570,1.0000
818571,1.0000
818572,1.0000
818573,1.0000
818574,1.0000
818575,1.0000
818578,1.0000
818580,1.0000
818583,1.0000
818585,1.0000
818588,1.0000
818590,1.0000
818591,1.0000
818592,1.0000
818593,1.0000
818594,1.0000
818598,1.0000
818599,1.0000
818603,1.0000
818605,1.0000
818607,1.0000
818608,1.0000
818610,1.0000
818613,1.0000
818614,1.0000
818617,1.0000
818619,1.0000
818621,1.0000
818622,1.0000
818623,1.0000
818624,1.0000
818626,1.0000
818629,1.0000
818630,1.0000
818632,1.0000
818634,1.0000
818636,1.0000
818638,1.0000
818642,1.0000
818643,1.0000
818645,1.0000
818647,1.0000
818649,1.0000
818656,1.0000
818657,1.0000
818659,1.0000
818660,1.0000
818668,1.0000
818676,1.0000
818677,1.0000
818679,1.0000
818681,1.0000
818684,1.0000
818685,1.0000
818687,1.0000
818690,1.0000
818692,1.0000
818693,1.0000
818700,1.0000
818701,1.0000
818704,1.0000
818707,1.0000
818710,1.0000
818712,1.0000
818714,1.0000
818716,1.0000
818718,1.0000
818719,1.0000
818720,1.0000
818721,1.0000
818722,1.0000
818723,1.0000
818725,1.0000
818726,1.0000
818727,1.0000
818728,1.0000
818731,1.0000
818733,1.0000
818740,1.0000
818742,1.0000
818746,1.0000
818747,1.0000
818748,1.0000
818751,1.0000
818754,1.0000
818756,1.0000
818759,1.0000
818760,1.0000
818765,1.0000
818766,1.0000
818767,1.0000
818770,1.0000
818772,1.0000
818773,1.0000
818778,1.0000
818782,1.0000
818784,1.0000
818787,1.0000
818789,1.0000
818794,1.0000
818796,1.0000
818800,1.0000
818802,1.0000
818803,1.0000
818808,1.0000
818811,1.0000
818816,1.0000
818819,1.0000
818820,1.0000
818823,1.0000
818825,1.0000
818826,1.0000
818827,1.0000
818830,1.0000
818835,1.0000
818838,1.0000
818840,1.0000
818841,1.0000
818842,1.0000
818848,1.0000
818849,1.0000
818850,1.0000
818857,1.0000
818864,1.0000
818865,1.0000
818867,1.0000
818870,1.0000
818872,1.0000
818877,1.0000
818878,1.0000
818881,1.0000
818882,1.0000
818883,1.0000
818893,1.0000
818896,1.0000
818902,1.0000
818906,1.0000
818911,1.0000
818914,1.0000
818915,1.0000
818919,1.0000
818922,1.0000
818924,1.0000
818925,1.0000
818926,1.0000
818927,1.0000
818930,1.0000
818932,1.0000
818934,1.0000
818935,1.0000
818937,1.0000
818942,1.0000
818943,1.0000
818944,1.0000
818951,1.0000
818953,1.0000
818954,1.0000
818960,1.0000
818961,1.0000
818965,1.0000
818968,1.0000
818970,1.0000
818973,1.0000
818975,1.0000
818978,1.0000
818979,1.0000
818981,1.0000
818986,1.0000
818987,1.0000
818989,1.0000
818991,1.0000
818992,1.0000
818993,1.0000
818996,1.0000
818997,1.0000
819000,1.0000
819002,1.0000
819004,1.0000
819005,1.0000
819006,1.0000
819025,1.0000
819027,1.0000
819028,1.0000
819029,1.0000
819031,1.0000
819034,1.0000
819039,1.0000
819043,1.0000
819046,1.0000
819056,1.0000
819057,1.0000
819059,1.0000
819061,1.0000
819064,1.0000
819067,1.0000
819068,1.0000
819070,1.0000
819071,1.0000
819072,1.0000
819073,1.0000
819074,1.0000
819079,1.0000
819084,1.0000
819090,1.0000
819092,1.0000
819096,1.0000
819097,1.0000
819099,1.0000
819101,1.0000
819112,2.1429
819115,1.0000
819123,1.0000
819127,1.0000
819132,1.0000
819133,1.0000
819134,1.0000
819137,1.0000
819139,1.0000
819144,1.0000
819146,1.0000
819147,1.0000
819153,1.0000
819159,1.0000
819165,1.0000
819170,1.0000
819171,1.0000
819177,1.0000
819179,1.0000
819181,1.0000
819182,1.0000
819183,1.0000
819184,1.0000
819185,1.0000
819186,1.0000
819187,1.0000
819193,1.0000
819196,1.0000
819197,1.0000
819200,1.0000
819203,1.0000
819204,1.0000
819205,1.0000
819210,1.0000
819214,1.0000
819215,1.0000
819219,1.0000
819221,1.0000
819226,1.0000
819227,1.0000
819236,1.0000
819240,1.0000
819243,1.0000
819247,1.0000
819249,1.0000
819254,1.0000
819255,1.0000
819258,1.0000
819263,1.0000
819271,1.0000
819277,1.0000
819278,1.0000
819279,1.0000
819281,1.0000
819284,1.0000
819287,1.0000
819289,1.0000
819291,1.0000
819292,1.0000
819295,1.0000
819297,1.0000
819299,1.0000
819300,1.0000
819308,1.0000
819310,1.0000
819311,1.0000
819314,1.0000
819316,1.0000
819317,1.0000
819326,1.0000
819327,1.0000
819330,1.0000
819333,1.0000
819334,1.0000
819335,1.0000
819336,1.0000
819340,1.0000
819341,1.0000
819342,1.0000
819344,1.0000
819346,1.0000
819347,1.0000
819348,1.0000
819352,1.0000
819354,1.0000
819356,1.0000
819357,1.0000
819359,1.0000
819372,1.0000
819374,1.0000
819375,1.0000
819379,1.0000
819381,1.0000
819382,1.0000
819384,2.1429
819387,1.0000
819392,1.0000
819402,1.0000
819409,1.0000
819410,1.0000
819411,1.0000
819412,1.0000
819414,1.0000
819415,1.0000
819419,1.0000
819422,1.0000
819423,1.0000
819425,1.0000
819427,1.0000
819429,1.0000
819430,1.0000
819434,1.0000
819439,1.0000
819443,1.0000
819444,1.0000
819445,1.0000
819446,1.0000
819448,1.0000
819449,1.0000
819453,1.0000
819456,1.0000
819457,1.0000
819458,1.0000
819459,1.0000
819463,1.0000
819465,1.0000
819466,1.0000
819472,1.0000
819473,1.0000
819474,1.0000
819478,1.0000
819486,1.0000
819487,1.0000
819492,1.0000
819498,1.0000
819499,1.0000
819500,1.0000
819501,1.0000
819503,1.0000
819504,1.0000
819505,1.0000
819507,1.0000
819509,1.0000
819511,1.0000
819514,1.0000
819515,1.0000
819516,1.0000
819520,1.0000
819522,1.0000
819524,1.0000
819525,1.0000
819527,1.0000
819529,1.0000
819531,1.0000
819535,1.0000
819536,1.0000
819537,1.0000
819541,1.0000
819542,1.0000
819543,1.0000
819545,1.0000
819547,1.0000
819548,1.0000
819549,1.0000
819551,1.0000
819554,1.0000
819557,1.0000
819558,1.0000
819559,1.0000
819561,1.0000
819565,1.0000
819568,1.0000
819573,1.0000
819575,1.0000
819576,1.0000
819581,1.0000
819585,1.0000
819590,1.0000
819594,1.0000
819595,1.0000
819601,1.0000
819604,1.0000
819608,1.0000
819612,1.0000
819619,1.0000
819622,1.0000
819624,1.0000
819626,1.0000
819633,1.0000
819642,1.0000
819645,1.0000
819648,1.0000
819650,1.0000
819651,1.0000
819655,1.0000
819656,1.0000
819660,1.0000
819662,1.0000
819664,1.0000
819665,1.0000
819673,1.0000
819674,1.0000
819678,1.0000
819679,1.0000
819684,1.0000
819691,1.0000
819694,1.0000
819696,1.0000
819702,1.0000
819704,1.0000
819719,1.0000
819730,1.0000
819736,1.0000
819740,1.0000
819743,1.0000
819746,1.0000
819754,1.0000
819766,1.0000
819767,1.0000
819769,1.0000
819771,1.0000
819778,1.0000
819781,1.0000
819793,1.0000
819794,1.0000
819796,1.0000
819798,1.0000
819802,1.0000
819804,1.0000
819810,1.0000
819815,1.0000
819822,1.0000
819826,1.0000
819834,1.0000
819835,1.0000
819839,1.0000
819840,1.0000
819841,1.0000
819843,1.0000
819855,1.0000
819856,1.0000
819859,1.0000
819860,1.0000
819862,1.0000
819863,1.0000
819865,1.0000
819869,1.0000
819871,1.0000
819875,1.0000
819876,1.0000
819879,1.0000
819884,1.0000
819891,1.0000
819898,1.0000
819904,1.0000
819905,1.0000
819906,1.0000
819918,1.0000
819921,1.0000
819928,1.0000
819933,1.0000
819937,1.0000
819939,1.0000
819941,1.0000
819944,1.0000
819948,1.0000
819949,1.0000
819951,1.0000
819953,1.0000
819955,1.0000
819960,1.0000
819964,1.0000
819968,1.0000
819971,1.0000
819973,1.0000
819975,1.0000
819977,1.0000
819987,1.0000
819990,1.0000
819995,1.0000
819997,1.0000
820006,1.0000
820007,1.0000
820012,1.0000
820024,1.0000
820030,1.0000
820033,1.0000
820035,1.0000
820036,1.0000
820037,1.0000
820042,1.0000
820056,1.0000
820060,1.0000
820061,1.0000
820068,1.0000
820075,1.0000
820081,1.0000
820083,1.0000
820091,1.0000
820096,1.0000
820098,1.0000
820102,1.0000
820110,1.0000
820114,1.0000
820115,1.0000
820116,1.0000
820119,1.0000
820120,1.0000
820124,1.0000
820126,1.0000
820130,1.0000
820131,1.0000
820141,1.0000
820144,1.0000
820146,1.0000
820149,1.0000
820151,1.0000
820152,1.0000
820154,1.0000
820155,1.0000
820164,1.0000
820165,1.0000
820174,1.0000
820176,1.0000
820181,1.0000
820185,1.0000
820188,1.0000
820191,1.0000
820194,1.0000
820196,1.0000
820204,1.0000
820205,1.0000
820207,1.0000
820209,1.0000
820211,1.0000
820215,1.0000
820222,1.0000
820226,1.0000
820228,1.0000
820234,1.0000
820235,1.0000
820252,1.0000
820264,1.0000
820267,1.0000
820270,1.0000
820271,1.0000
820276,1.0000
820279,1.0000
820291,1.0000
820296,1.0000
820297,1.0000
820313,1.0000
820319,1.0000
820323,1.0000
820324,1.0000
820328,1.0000
820330,1.0000
820333,1.0000
820338,1.0000
820343,1.0000
820346,1.0000
820350,1.0000
820351,1.0000
820361,1.0000
820367,1.0000
820368,1.0000
820370,1.0000
820371,1.0000
820375,1.0000
820376,1.0000
820386,1.0000
820388,1.0000
820390,1.0000
820396,1.0000
820403,1.0000
820407,1.0000
820410,1.0000
820416,1.0000
820418,1.0000
820419,1.0000
820423,1.0000
820440,1.0000
820442,1.0000
820445,1.0000
820446,1.0000
820449,1.0000
820450,1.0000
820451,1.0000
820454,1.0000
820457,1.0000
820459,1.0000
820466,1.0000
820484,1.0000
820487,1.0000
820489,1.0000
820492,1.0000
820499,1.0000
820500,1.0000
820501,1.0000
820505,1.0000
820507,1.0000
820511,1.0000
820516,1.0000
820520,1.0000
820526,1.0000
820533,1.0000
820544,1.0000
820545,1.0000
820562,1.0000
820570,1.0000
820574,1.0000
820586,1.0000
820596,1.0000
820597,1.0000
820601,1.0000
820607,1.0000
820610,1.0000
820614,1.0000
820617,1.0000
820620,1.0000
820628,1.0000
820629,1.0000
820632,1.0000
820652,1.0000
820655,1.0000
820656,1.0000
820667,1.0000
820668,1.0000
820670,1.0000
820681,1.0000
820683,1.0000
820684,1.0000
820687,1.0000
820689,1.0000
820690,1.0000
820692,1.0000
820694,1.0000
820700,1.0000
820705,1.0000
820707,1.0000
820708,1.0000
820739,1.0000
820741,1.0000
820742,1.0000
820745,1.0000
820746,1.0000
820749,1.0000
820754,1.0000
820758,1.0000
820762,1.0000
820763,1.0000
820764,1.0000
820766,1.0000
820767,1.0000
820774,1.0000
820780,1.0000
820787,1.0000
820803,1.0000
820805,1.0000
820807,1.0000
820809,1.0000
820815,1.0000
820818,1.0000
820822,1.0000
820827,1.0000
820832,1.0000
820836,1.0000
820855,1.0000
820866,1.0000
820869,1.0000
820870,1.0000
820875,1.0000
820877,1.0000
820881,1.0000
820883,1.0000
820885,1.0000
820887,1.0000
820896,1.0000
820900,1.0000
820903,1.0000
820921,1.0000
820925,1.0000
820928,1.0000
820929,1.0000
820930,1.0000
820940,1.0000
820942,1.0000
820943,1.0000
820945,1.0000
820949,1.0000
820951,1.0000
820958,1.0000
820959,1.0000
820968,1.0000
820969,1.0000
820975,1.0000
820983,1.0000
820986,1.0000
820987,1.0000
820988,1.0000
820993,1.0000
821000,1.0000
821001,1.0000
821004,1.0000
821011,1.0000
821028,1.0000
821029,1.0000
821036,1.0000
821037,1.0000
821047,1.0000
821050,1.0000
821058,1.0000
821061,1.0000
821064,1.0000
821070,1.0000
821071,1.0000
821076,1.0000
821080,1.0000
821083,1.0000
821087,1.0000
821097,1.0000
821099,1.0000
821104,1.0000
821117,1.0000
821121,1.0000
821125,1.0000
821138,1.0000
821149,1.0000
821154,1.0000
821159,1.0000
821160,1.0000
821165,1.0000
821169,1.0000
821172,1.0000
821184,1.0000
821186,1.0000
821189,1.0000
821195,1.0000
821201,1.0000
821214,1.0000
821217,1.0000
821218,1.0000
821221,1.0000
821236,1.0000
821238,1.0000
821240,1.0000
821247,1.0000
821252,1.0000
821263,1.0000
821268,1.0000
821271,1.0000
821276,1.0000
821277,1.0000
821279,1.0000
821281,1.0000
821291,1.0000
821300,1.0000
821306,1.0000
821308,1.0000
821311,1.0000
821320,1.0000
821324,1.0000
821339,1.0000
821340,1.0000
821345,1.0000
821349,1.0000
821358,1.0000
821363,1.0000
821365,1.0000
821373,1.0000
821374,1.0000
821375,1.0000
821385,1.0000
821388,1.0000
821418,1.0000
821419,1.0000
821422,1.0000
821441,1.0000
821442,1.0000
821449,1.0000
821459,1.0000
821461,1.0000
821469,1.0000
821479,1.0000
821481,1.0000
821494,1.0000
821504,1.0000
821509,1.0000
821512,1.0000
821522,1.0000
821523,1.0000
821529,1.0000
821531,1.0000
821536,1.0000
821572,1.0000
821580,1.0000
821584,1.0000
821588,1.0000
821591,1.0000
821592,1.0000
821594,1.0000
821602,1.0000
821609,1.0000
821613,1.0000
821634,1.0000
821635,2.1429
821654,1.0000
821662,1.0000
821664,1.0000
821678,1.0000
821688,1.0000
821706,1.0000
821708,1.0000
821712,1.0000
821720,1.0000
821729,1.0000
821730,1.0000
821744,1.0000
821747,1.0000
821748,1.0000
821751,1.0000
821754,1.0000
821760,1.0000
821762,1.0000
821769,1.0000
821792,1.0000
821805,1.0000
821807,1.0000
821813,1.0000
821817,1.0000
821818,1.0000
821832,1.0000
821837,1.0000
821864,1.0000
821869,1.0000
821882,1.0000
821892,1.0000
821896,1.0000
821904,1.0000
821913,1.0000
821930,1.0000
821933,1.0000
821935,1.0000
821938,1.0000
821947,1.0000
821956,1.0000
821984,1.0000
821996,1.0000
822013,0.4286
822027,1.0000
822037,1.0000
822044,1.0000
822045,1.0000
822046,1.0000
822047,1.0000
822074,1.0000
822092,1.0000
822105,1.0000
822110,1.0000
822111,1.0000
822140,1.0000
822155,1.0000
822157,1.0000
822174,1.0000
822184,1.0000
822185,1.0000
822189,1.0000
822195,1.0000
822225,1.0000
822227,1.0000
822234,1.0000
822237,1.0000
822244,1.0000
822245,1.0000
822246,1.0000
822252,1.0000
822264,1.0000
822274,1.0000
822284,1.0000
822285,1.0000
822288,1.0000
822321,1.0000
822324,1.0000
822327,1.0000
822331,1.0000
822332,1.0000
822336,1.0000
822361,1.0000
822362,1.0000
822364,1.0000
822366,1.0000
822372,1.0000
822377,1.0000
822380,1.0000
822382,1.0000
822384,1.0000
822403,1.0000
822417,1.0000
822431,1.0000
822437,1.0000
822465,1.0000
822481,1.0000
822497,1.0000
822498,1.0000
822517,1.0000
822523,1.0000
822543,1.0000
822551,1.0000
822562,1.0000
822566,1.0000
822612,1.0000
822614,1.0000
822625,1.0000
822639,1.0000
822665,1.0000
822689,1.0000
822703,1.0000
822725,1.0000
822728,1.0000
822736,1.0000
822739,1.0000
822741,1.0000
822742,1.0000
822745,1.0000
822749,1.0000
822750,1.0000
822772,1.0000
822777,1.0000
822784,1.0000
822797,1.0000
822804,1.0000
822812,1.0000
822832,1.0000
822835,1.0000
822850,1.0000
822862,1.0000
822878,1.0000
822879,1.0000
822889,1.0000
822919,1.0000
822945,2.1429
822959,1.0000
822975,1.0000
822976,1.0000
822982,1.0000
822985,1.0000
823005,1.0000
823014,1.0000
823027,1.0000
823044,1.0000
823051,1.0000
823059,1.0000
823060,1.0000
823065,1.0000
823067,1.0000
823075,1.0000
823088,1.0000
823116,1.0000
823124,1.0000
823132,1.0000
823147,1.0000
823153,1.0000
823159,1.0000
823161,1.0000
823168,1.0000
823172,1.0000
823180,1.0000
823201,1.0000
823205,1.0000
823209,1.0000
823216,1.0000
823246,1.0000
823262,1.0000
823263,1.0000
823267,1.0000
823271,1.0000
823278,1.0000
823281,1.0000
823332,1.0000
823345,1.0000
823347,1.0000
823361,1.0000
823399,1.0000
823405,1.0000
823433,1.0000
823459,1.0000
823471,1.0000
823479,1.0000
823510,1.0000
823555,1.0000
823557,1.0000
823594,1.0000
823598,1.0000
823618,1.0000
823628,1.0000
823637,1.0000
823645,1.0000
823665,0.4286
823727,1.0000
823728,1.0000
823739,2.1429
823748,1.0000
823785,1.0000
823799,1.0000
823823,1.0000
823825,1.0000
823827,1.0000
823857,1.0000
823869,1.0000
823888,1.0000
823890,1.0000
823893,1.0000
823908,1.0000
823921,1.0000
823935,1.0000
823944,1.0000
823949,1.0000
823972,1.0000
824034,1.0000
824041,2.1429
824042,1.0000
824054,1.0000
824057,1.0000
824059,1.0000
824061,1.0000
824066,1.0000
824104,1.0000
824107,1.0000
824111,1.0000
824112,1.0000
824119,1.0000
824124,1.0000
824134,1.0000
824165,1.0000
824223,1.0000
824226,1.0000
824232,1.0000
824235,1.0000
824236,1.0000
824237,1.0000
824254,1.0000
824258,1.0000
824273,1.0000
824288,1.0000
824303,1.0000
824315,1.0000
824329,1.0000
824332,1.0000
824336,1.0000
824367,1.0000
824405,1.0000
824431,1.0000
824447,1.0000
824470,1.0000
824477,1.0000
824526,1.0000
824527,1.0000
824535,1.0000
824556,1.0000
824567,1.0000
824577,1.0000
824609,1.0000
824616,1.0000
824689,1.0000
824691,1.0000
824696,1.0000
824702,1.0000
824706,1.0000
824710,1.0000
824738,1.0000
824758,1.0000
824777,1.0000
824789,1.0000
824814,1.0000
824838,1.0000
824848,1.0000
824864,1.0000
824886,1.0000
824896,1.0000
824903,1.0000
824909,1.0000
824911,1.0000
824917,1.0000
824928,1.0000
824934,1.0000
824940,1.0000
824966,1.0000
824997,1.0000
825043,1.0000
825066,1.0000
825098,1.0000
825122,1.0000
825152,1.0000
825171,1.0000
825175,1.0000
825184,1.0000
825192,1.0000
825237,1.0000
825244,1.0000
825254,1.0000
825265,1.0000
825267,1.0000
825276,1.0000
825288,1.0000
825311,1.0000
825346,1.0000
825347,1.0000
825350,1.0000
825386,1.0000
825395,1.0000
825410,1.0000
825411,1.0000
825425,1.0000
825426,1.0000
825449,1.0000
825461,1.0000
825485,1.0000
825486,1.0000
825516,1.0000
825524,1.0000
825532,1.0000
825541,1.0000
825552,1.0000
825555,1.0000
825572,1.0000
825601,1.0000
825637,1.0000
825650,1.0000
825671,1.0000
825681,1.0000
825688,1.0000
825714,1.0000
825721,1.0000
825725,1.0000
825732,1.0000
825736,1.0000
825749,1.0000
825771,1.0000
825818,1.0000
825839,1.0000
825841,1.0000
825877,1.0000
825899,1.0000
825931,1.0000
825991,1.0000
826013,1.0000
826022,1.0000
826036,1.0000
826042,1.0000
826044,1.0000
826051,1.0000
826083,1.0000
826093,1.0000
826095,1.0000
826146,1.0000
826162,1.0000
826223,1.0000
826233,1.0000
826279,1.0000
826290,1.0000
826307,1.0000
826324,1.0000
826349,1.0000
826362,1.0000
826374,1.0000
826386,1.0000
826414,1.0000
826417,1.0000
826448,1.0000
826469,1.0000
826498,1.0000
826503,1.0000
826507,1.0000
826513,1.0000
826548,1.0000
826550,1.0000
826578,1.0000
826592,1.0000
826631,1.0000
826659,1.0000
826697,1.0000
826699,1.0000
826735,1.0000
826813,1.0000
826834,1.0000
826948,1.0000
826976,1.0000
826996,1.0000
827041,1.0000
827075,1.0000
827086,1.0000
827110,1.0000
827154,1.0000
827188,0.4286
827243,1.0000
827256,1.0000
827354,1.0000
827367,1.0000
827407,1.0000
827439,1.0000
827446,1.0000
827465,1.0000
827481,1.0000
827495,1.0000
827502,1.0000
827571,1.0000
827574,1.0000
827671,1.0000
827678,1.0000
827683,1.0000
827704,1.0000
827712,1.0000
827735,1.0000
827769,1.0000
827773,1.0000
827839,1.0000
827865,1.0000
827874,1.0000
827965,1.0000
827968,2.1429
828028,1.0000
828046,1.0000
828072,1.0000
828090,1.0000
828126,1.0000
828130,1.0000
828160,1.0000
828206,1.0000
828209,1.0000
828224,1.0000
828294,1.0000
828321,1.0000
828327,1.0000
828345,1.0000
828384,1.0000
828434,1.0000
828465,1.0000
828481,1.0000
828491,1.0000
828496,1.0000
828585,1.0000
828600,1.0000
828620,1.0000
828643,1.0000
828667,1.0000
828689,1.0000
828756,1.0000
828787,1.0000
828811,1.0000
828813,1.0000
828859,1.0000
828868,1.0000
828914,1.0000
828916,1.0000
828939,1.0000
828957,1.0000
828976,1.0000
828978,1.0000
829017,1.0000
829120,1.0000
829153,1.0000
829156,1.0000
829170,1.0000
829341,1.0000
829346,1.0000
829377,1.0000
829386,1.0000
829388,1.0000
829420,1.0000
829451,1.0000
829493,1.0000
829504,1.0000
829514,1.0000
829527,1.0000
829538,1.0000
829562,1.0000
829590,1.0000
829598,1.0000
829606,1.0000
829608,1.0000
829673,1.0000
829707,1.0000
829714,1.0000
829716,1.0000
829777,1.0000
829784,1.0000
829830,1.0000
829857,1.0000
829860,1.0000
829872,1.0000
829873,1.0000
829880,1.0000
829894,1.0000
829902,1.0000
829936,1.0000
829972,1.0000
830025,1.0000
830034,1.0000
830039,1.0000
830051,1.0000
830133,1.0000
830235,1.0000
830333,1.0000
830384,1.0000
830398,1.0000
830453,1.0000
830480,1.0000
830502,1.0000
830514,1.0000
830558,1.0000
830692,1.0000
830719,1.0000
830766,1.0000
830770,1.0000
830771,1.0000
830804,1.0000
830818,1.0000
830835,1.0000
830847,1.0000
830853,1.0000
830858,1.0000
830865,1.0000
830907,1.0000
831045,1.0000
831051,1.0000
831163,1.0000
831243,1.0000
831248,1.0000
831358,1.0000
831563,1.0000
831584,1.0000
831621,1.0000
831626,1.0000
831656,1.0000
831891,1.0000
831894,1.0000
831998,1.0000
832037,1.0000
832048,1.0000
832069,1.0000
832107,1.0000
832136,1.0000
832162,1.0000
832186,1.0000
832266,1.0000
832315,1.0000
832415,1.0000
832490,1.0000
832650,1.0000
832667,1.0000
832815,1.0000
832851,1.0000
832921,1.0000
832947,1.0000
833140,1.0000
833176,1.0000
833211,1.0000
833287,1.0000
833354,1.0000
833439,1.0000
833614,1.0000
833689,1.0000
833740,1.0000
833974,1.0000
833998,1.0000
834000,1.0000
834049,1.0000
834125,1.0000
834142,1.0000
834279,1.0000
834294,1.0000
834429,1.0000
834571,1.0000
834577,1.0000
834651,1.0000
834738,1.0000
834784,1.0000
834858,1.0000
834861,1.0000
834952,1.0000
834985,1.0000
835074,1.0000
835386,1.0000
835920,1.0000
836008,1.0000
836029,1.0000
836247,1.0000
836279,1.0000
836281,1.0000
836401,1.0000
836429,1.0000
836742,1.0000
836986,1.0000
837075,1.0000
837101,1.0000
837346,1.0000
837452,1.0000
837680,1.0000
837745,1.0000
837848,1.0000
837880,1.0000
838321,1.0000
838746,1.0000
838808,1.0000
838832,1.0000
839102,1.0000
839186,1.0000
839214,1.0000
839470,1.0000
839490,1.0000
839612,1.0000
839681,1.0000
839763,1.0000
839907,1.0000
840028,1.0000
840212,1.0000
840530,1.0000
840621,1.0000
840733,1.0000
840740,0.4286
840861,1.0000
840981,1.0000
841125,1.0000
841398,1.0000
841616,1.0000
842076,1.0000
842082,1.0000
842203,1.0000
842254,1.0000
842364,1.0000
842385,1.0000
842520,1.0000
842766,1.0000
842821,1.0000
842998,1.0000
843389,1.0000
843507,1.0000
843529,1.0000
843622,1.0000
844312,1.0000
844397,1.0000
844446,1.0000
844522,1.0000
844794,1.0000
845016,1.0000
845178,1.0000
845210,1.0000
845417,1.0000
846010,1.0000
846026,1.0000
846128,1.0000
846186,1.0000
846218,1.0000
846679,1.0000
846740,1.0000
847034,1.0000
847091,1.0000
847127,1.0000
847564,1.0000
848264,1.0000
848741,1.0000
848955,1.0000
849131,1.0000
849272,1.0000
849719,1.0000
849981,1.0000
850165,1.0000
850230,1.0000
850463,1.0000
850533,1.0000
850668,1.0000
850772,1.0000
850925,1.0000
851046,1.0000
851108,1.0000
851260,1.0000
851549,1.0000
851699,1.0000
851941,1.0000
852029,1.0000
852242,1.0000
852311,1.0000
852572,1.0000
852637,1.0000
852673,1.0000
852709,1.0000
852779,1.0000
852904,1.0000
853059,1.0000
853504,1.0000
853555,1.0000
853982,1.0000
855012,1.0000
855317,1.0000
855495,1.0000
855690,1.0000
855805,1.0000
856036,1.0000
856129,1.0000
856359,1.0000
856840,1.0000
856983,1.0000
857165,1.0000
857232,1.0000
857751,1.0000
858248,1.0000
858472,1.0000
858510,1.0000
858698,1.0000
859509,1.0000
860084,1.0000
860276,1.0000
860479,1.0000
860565,1.0000
860788,1.0000
861290,1.0000
861448,1.0000
862184,1.0000
862205,1.0000
862744,1.0000
863213,1.0000
863321,1.0000
863366,1.0000
863752,1.0000
864071,1.0000
864655,1.0000
864693,1.0000
865051,1.0000
865270,1.0000
865716,1.0000
865802,1.0000
865833,1.0000
866396,1.0000
867046,1.0000
867528,1.0000
867630,1.0000
867926,1.0000
868006,1.0000
868112,1.0000
869072,1.0000
869259,1.0000
869369,1.0000
869499,1.0000
869707,1.0000
869772,1.0000
871963,1.0000
872508,1.0000
872960,1.0000
873387,1.0000
873450,1.0000
874278,1.0000
875125,1.0000
875542,1.0000
876267,1.0000
876858,1.0000
877104,1.0000
877244,1.0000
878310,1.0000
878716,1.0000
878799,1.0000
879926,1.0000
880296,1.0000
881126,1.0000
881519,1.0000
881673,1.0000
885131,1.0000
890169,1.0000
890497,1.0000
890541,1.0000
890603,1.0000
892728,1.0000
893362,1.0000
893632,1.0000
894474,1.0000
895449,1.0000
896616,1.0000
896719,1.0000
898638,1.0000
899926,1.0000
901888,1.0000
902257,1.0000
902262,1.0000
902275,1.0000
902276,1.0000
902277,1.0000
902278,1.0000
902280,1.0000
902282,1.0000
902284,1.0000
902287,1.0000
902290,1.0000
902291,1.0000
902293,1.0000
902294,1.0000
902295,1.0000
902297,1.0000
902298,1.0000
902301,1.0000
902304,1.0000
902308,1.0000
902310,1.0000
902311,1.0000
902313,1.0000
902314,1.0000
902316,1.0000
902317,1.0000
902319,1.0000
902320,1.0000
902322,1.0000
902324,1.0000
902327,1.0000
902333,1.0000
902335,1.0000
902341,1.0000
902342,1.0000
902343,1.0000
902344,1.0000
902348,1.0000
902349,1.0000
902351,1.0000
902352,1.0000
902353,1.0000
902357,1.0000
902359,1.0000
902393,1.0000
902395,1.0000
902397,1.0000
902402,1.0000
902403,1.0000
902404,1.0000
902407,1.0000
902418,1.0000
902419,1.0000
902420,1.0000
902421,1.0000
902422,1.0000
902423,1.0000
902424,1.0000
902425,1.0000
902427,1.0000
902430,1.0000
902431,1.0000
902432,1.0000
902433,1.0000
902434,1.0000
902437,1.0000
902438,1.0000
902439,1.0000
902440,1.0000
902442,1.0000
902443,1.0000
902445,1.0000
902446,1.0000
902447,1.0000
902448,1.0000
902449,1.0000
902451,1.0000
902453,1.0000
902459,1.0000
902460,1.0000
902463,1.0000
902466,1.0000
902469,1.0000
902476,1.0000
902480,1.0000
902483,1.0000
902491,1.0000
902492,1.0000
902500,1.0000
902501,1.0000
902502,1.0000
902504,1.0000
902505,1.0000
902506,1.0000
902507,1.0000
902509,1.0000
902510,1.0000
902512,1.0000
902513,1.0000
902514,1.0000
902515,1.0000
902518,1.0000
902519,1.0000
902520,1.0000
902527,1.0000
902529,1.0000
902532,1.0000
902533,1.0000
902549,1.0000
902550,1.0000
902551,1.0000
902552,1.0000
902553,1.0000
902554,1.0000
902556,1.0000
902565,1.0000
902566,1.0000
902578,1.0000
902580,1.0000
902599,1.0000
902602,1.0000
902604,1.0000
902605,1.0000
902614,1.0000
902616,1.0000
902617,1.0000
902619,1.0000
902620,1.0000
902627,1.0000
902628,1.0000
902629,1.0000
902652,1.0000
902662,1.0000
902663,1.0000
902667,1.0000
902668,1.0000
902672,1.0000
902676,1.0000
902679,1.0000
902685,1.0000
902687,1.0000
902688,1.0000
902689,1.0000
902691,1.0000
902698,1.0000
902699,1.0000
902704,1.0000
902706,1.0000
902707,1.0000
902708,1.0000
902709,1.0000
902710,1.0000
902712,1.0000
902719,1.0000
902722,1.0000
902728,1.0000
902731,1.0000
902734,1.0000
902735,1.0000
902736,1.0000
902758,1.0000
902760,1.0000
902772,1.0000
902773,1.0000
902775,1.0000
902779,1.0000
902784,1.0000
902789,1.0000
902790,1.0000
902792,1.0000
902796,1.0000
902804,1.0000
902805,1.0000
902806,1.0000
902807,1.0000
902810,1.0000
902812,1.0000
902813,1.0000
902818,1.0000
902819,1.0000
902825,1.0000
902832,1.0000
902837,1.0000
902839,1.0000
902842,1.0000
902844,1.0000
902859,1.0000
902860,1.0000
902874,1.0000
902875,1.0000
902879,1.0000
902880,1.0000
902894,1.0000
902895,1.0000
902896,1.0000
902898,1.0000
902900,1.0000
902904,1.0000
902906,1.0000
902917,1.0000
902918,1.0000
902923,1.0000
902929,1.0000
902931,1.0000
902940,1.0000
902943,1.0000
902944,1.0000
902945,1.0000
902946,1.0000
902962,1.0000
902963,1.0000
902982,1.0000
902983,1.0000
902991,1.0000
903010,1.0000
903018,1.0000
903021,1.0000
903022,1.0000
903023,1.0000
903026,1.0000
903054,1.0000
903063,1.0000
903066,1.0000
903067,1.0000
903068,1.0000
903073,1.0000
903075,1.0000
903076,1.0000
903077,1.0000
903078,1.0000
903079,1.0000
903081,1.0000
903084,1.0000
903085,1.0000
903086,1.0000
903090,1.0000
903091,1.0000
903092,1.0000
903093,1.0000
903094,1.0000
903099,1.0000
903100,1.0000
903101,1.0000
903102,1.0000
903103,1.0000
903106,1.0000
903107,1.0000
903108,1.0000
903109,1.0000
903110,1.0000
903115,1.0000
903116,1.0000
903118,1.0000
903119,1.0000
903120,1.0000
903122,1.0000
903123,1.0000
903125,1.0000
903136,1.0000
903139,1.0000
903140,1.0000
903141,1.0000
903144,1.0000
903151,1.0000
903152,1.0000
903153,1.0000
903158,1.0000
903159,1.0000
903161,1.0000
903162,1.0000
903163,1.0000
903169,1.0000
903170,1.0000
903171,1.0000
903173,1.0000
903176,1.0000
903179,1.0000
903182,1.0000
903189,1.0000
903190,1.0000
903207,1.0000
903209,1.0000
903211,1.0000
903216,1.0000
903217,1.0000
903221,1.0000
903222,1.0000
903232,1.0000
903238,1.0000
903250,1.0000
903251,1.0000
903252,1.0000
903253,1.0000
903254,1.0000
903255,1.0000
903259,1.0000
903264,1.0000
903273,1.0000
903278,1.0000
903279,1.0000
903280,1.0000
903284,1.0000
903285,1.0000
903288,1.0000
903290,1.0000
903295,1.0000
903298,1.0000
903300,1.0000
903308,1.0000
903314,1.0000
903315,1.0000
903316,1.0000
903317,1.0000
903324,1.0000
903325,1.0000
903326,1.0000
903327,1.0000
903330,1.0000
903331,1.0000
903332,1.0000
903334,1.0000
903339,1.0000
903341,1.0000
903347,1.0000
903360,1.0000
903361,1.0000
903363,0.4286
903365,1.0000
903366,1.0000
903377,1.0000
903381,1.0000
903386,1.0000
903389,1.0000
903390,1.0000
903394,1.0000
903395,1.0000
903396,1.0000
903397,1.0000
903400,1.0000
903401,1.0000
903413,1.0000
903414,1.0000
903415,1.0000
903416,1.0000
903417,1.0000
903418,1.0000
903419,1.0000
903420,1.0000
903421,1.0000
903422,1.0000
903423,1.0000
903425,1.0000
903429,1.0000
903436,1.0000
903437,1.0000
903440,1.0000
903445,1.0000
903446,1.0000
903447,1.0000
903449,1.0000
903450,1.0000
903455,1.0000
903456,1.0000
903457,1.0000
903458,1.0000
903459,1.0000
903461,1.0000
903463,1.0000
903464,1.0000
903466,1.0000
903467,1.0000
903468,1.0000
903469,1.0000
903470,1.0000
903471,1.0000
903475,1.0000
903476,1.0000
903479,1.0000
903481,1.0000
903482,1.0000
903484,1.0000
903485,1.0000
903487,1.0000
903491,1.0000
903492,1.0000
903494,1.0000
903495,1.0000
903496,1.0000
903497,1.0000
903499,1.0000
903500,1.0000
903508,1.0000
903510,1.0000
903512,1.0000
903513,1.0000
903516,1.0000
903517,1.0000
903519,1.0000
903520,1.0000
903521,1.0000
903523,1.0000
903524,1.0000
903526,1.0000
903533,1.0000
903536,1.0000
903537,1.0000
903540,1.0000
903545,1.0000
903549,1.0000
903550,1.0000
903551,1.0000
903552,1.0000
903553,1.0000
903557,1.0000
903558,1.0000
903561,1.0000
903563,1.0000
903564,1.0000
903566,1.0000
903567,1.0000
903569,1.0000
903570,1.0000
903572,1.0000
903573,1.0000
903574,1.0000
903575,1.0000
903576,1.0000
903577,1.0000
903579,1.0000
903581,1.0000
903586,1.0000
903587,1.0000
903588,1.0000
903590,1.0000
903591,1.0000
903598,1.0000
903602,1.0000
903604,1.0000
903608,1.0000
903611,1.0000
903613,1.0000
903619,1.0000
903622,1.0000
903623,1.0000
903624,1.0000
903627,1.0000
903631,1.0000
903633,1.0000
903634,1.0000
903637,1.0000
903641,1.0000
903642,1.0000
903643,1.0000
903647,1.0000
903652,1.0000
903653,1.0000
903654,1.0000
903655,1.0000
903665,1.0000
903666,1.0000
903667,1.0000
903669,1.0000
903679,1.0000
903689,1.0000
903690,1.0000
903691,1.0000
903693,1.0000
903694,1.0000
903696,1.0000
903699,1.0000
903700,1.0000
903701,1.0000
903712,1.0000
903720,1.0000
903726,1.0000
903727,1.0000
903731,1.0000
903732,1.0000
903735,1.0000
903737,1.0000
903738,1.0000
903739,1.0000
903742,1.0000
903745,1.0000
903749,1.0000
903750,1.0000
903758,1.0000
903760,1.0000
903763,1.0000
903765,1.0000
903780,1.0000
903784,1.0000
903785,1.0000
903792,1.0000
903793,1.0000
903801,1.0000
903814,1.0000
903819,1.0000
903831,1.0000
903833,1.0000
903834,1.0000
903836,1.0000
903838,1.0000
903840,1.0000
903843,1.0000
903844,1.0000
903845,1.0000
903846,1.0000
903847,1.0000
903848,1.0000
903849,1.0000
903850,1.0000
903851,1.0000
903852,1.0000
903853,1.0000
903855,1.0000
903859,1.0000
903861,1.0000
903867,1.0000
903879,1.0000
903880,1.0000
903881,1.0000
903887,1.0000
903888,1.0000
903891,1.0000
903893,1.0000
903894,1.0000
903903,1.0000
903927,1.0000
903931,1.0000
903932,1.0000
903933,1.0000
903937,1.0000
903938,1.0000
903944,1.0000
903945,1.0000
903947,1.0000
903973,1.0000
903980,1.0000
903982,1.0000
903986,1.0000
903990,1.0000
903996,1.0000
903997,1.0000
903999,1.0000
904003,1.0000
904004,1.0000
904006,1.0000
904009,1.0000
904010,1.0000
904012,1.0000
904021,1.0000
904022,1.0000
904023,1.0000
904024,1.0000
904025,1.0000
904029,1.0000
904030,1.0000
904031,1.0000
904032,1.0000
904033,1.0000
904034,1.0000
904036,1.0000
904037,1.0000
904040,1.0000
904042,1.0000
904043,1.0000
904044,1.0000
904045,1.0000
904046,1.0000
904047,1.0000
904052,1.0000
904061,1.0000
904062,1.0000
904063,1.0000
904064,1.0000
904065,1.0000
904066,1.0000
904070,1.0000
904074,1.0000
904075,1.0000
904077,1.0000
904079,1.0000
904081,1.0000
904082,1.0000
904083,1.0000
904084,1.0000
904085,1.0000
904093,1.0000
904099,1.0000
904101,1.0000
904103,1.0000
904105,1.0000
904107,1.0000
904108,1.0000
904109,1.0000
904110,1.0000
904113,1.0000
904115,1.0000
904118,1.0000
904119,1.0000
904120,1.0000
904121,1.0000
904122,1.0000
904123,1.0000
904124,1.0000
904125,1.0000
904126,1.0000
904132,1.0000
904133,1.0000
904134,1.0000
904144,1.0000
904145,1.0000
904147,1.0000
904161,1.0000
904162,1.0000
904163,1.0000
904164,1.0000
904165,1.0000
904167,1.0000
904168,1.0000
904173,1.0000
904174,1.0000
904176,1.0000
904178,1.0000
904179,1.0000
904180,1.0000
904181,1.0000
904183,1.0000
904184,1.0000
904185,1.0000
904186,1.0000
904191,1.0000
904192,1.0000
904194,1.0000
904199,1.0000
904201,1.0000
904206,1.0000
904207,1.0000
904208,1.0000
904212,1.0000
904216,1.0000
904217,1.0000
904218,1.0000
904219,1.0000
904234,1.0000
904236,1.0000
904238,1.0000
904241,1.0000
904243,1.0000
904245,1.0000
904246,1.0000
904247,1.0000
904249,1.0000
904261,1.0000
904262,1.0000
904263,1.0000
904270,1.0000
904271,1.0000
904272,1.0000
904274,1.0000
904275,1.0000
904276,1.0000
904277,1.0000
904279,1.0000
904280,1.0000
904282,1.0000
904283,1.0000
904285,1.0000
904286,1.0000
904306,1.0000
904307,1.0000
904310,1.0000
904315,1.0000
904316,1.0000
904317,1.0000
904318,1.0000
904319,1.0000
904321,1.0000
904322,1.0000
904323,1.0000
904325,1.0000
904327,1.0000
904363,1.0000
904366,1.0000
904387,1.0000
904388,1.0000
904395,1.0000
904397,1.0000
904399,1.0000
904400,1.0000
904402,1.0000
904403,1.0000
904404,1.0000
904421,1.0000
904422,1.0000
904423,1.0000
904426,1.0000
904427,1.0000
904433,1.0000
904434,1.0000
904455,1.0000
904524,1.0000
904525,1.0000
904528,1.0000
904535,1.0000
904536,1.0000
904537,1.0000
904538,1.0000
904539,1.0000
904541,1.0000
904557,1.0000
904561,1.0000
904565,1.0000
904567,1.0000
904571,1.0000
904572,1.0000
904576,1.0000
904584,1.0000
904586,1.0000
904587,1.0000
904589,1.0000
904594,1.0000
904618,1.0000
904624,1.0000
904627,1.0000
904628,1.0000
904634,1.0000
904639,1.0000
904640,1.0000
904646,1.0000
904649,1.0000
904655,1.0000
904656,1.0000
904657,1.0000
904664,1.0000
904666,1.0000
904667,1.0000
904672,1.0000
904673,1.0000
904674,1.0000
904675,1.0000
904676,1.0000
904677,1.0000
904681,1.0000
904682,1.0000
904684,1.0000
904685,1.0000
904686,1.0000
904690,1.0000
904699,1.0000
904707,1.0000
904708,1.0000
904709,1.0000
904717,1.0000
904720,1.0000
904724,1.0000
904731,1.0000
904732,1.0000
904736,1.0000
904737,1.0000
904739,1.0000
904740,1.0000
904741,1.0000
904743,1.0000
904744,1.0000
904746,1.0000
904748,1.0000
904753,1.0000
904756,1.0000
904758,1.0000
904761,1.0000
904764,1.0000
904765,1.0000
904766,1.0000
904776,1.0000
904777,1.0000
904779,1.0000
904783,1.0000
904785,1.0000
904789,1.0000
904790,1.0000
904794,1.0000
904795,1.0000
904800,1.0000
904802,1.0000
904803,1.0000
904806,1.0000
904808,1.0000
904812,1.0000
904813,1.0000
904814,1.0000
904815,1.0000
904816,1.0000
904818,1.0000
904820,1.0000
904821,1.0000
904824,1.0000
904826,1.0000
904827,1.0000
904830,1.0000
904831,1.0000
904838,1.0000
904839,1.0000
904844,1.0000
904846,1.0000
904848,1.0000
904849,1.0000
904850,1.0000
904851,1.0000
904853,1.0000
904854,1.0000
904865,1.0000
904867,1.0000
904868,1.0000
904892,1.0000
904898,1.0000
904900,1.0000
904904,1.0000
904914,1.0000
904915,1.0000
904917,1.0000
904925,1.0000
904926,1.0000
904928,1.0000
904929,1.0000
904932,1.0000
904933,1.0000
904938,1.0000
904939,1.0000
904940,1.0000
904941,1.0000
904943,1.0000
904945,1.0000
904946,1.0000
904947,1.0000
904948,1.0000
904954,1.0000
904955,1.0000
904957,1.0000
904958,1.0000
904961,1.0000
904962,1.0000
904965,1.0000
904975,1.0000
904979,1.0000
904980,1.0000
904983,1.0000
904985,1.0000
904989,1.0000
904990,1.0000
904997,1.0000
904998,1.0000
905000,1.0000
905002,1.0000
905003,1.0000
905004,1.0000
905005,1.0000
905009,1.0000
905010,1.0000
905011,1.0000
905012,1.0000
905015,1.0000
905022,1.0000
905023,1.0000
905024,1.0000
905025,1.0000
905031,1.0000
905032,1.0000
905037,1.0000
905038,1.0000
905039,1.0000
905040,1.0000
905042,1.0000
905043,1.0000
905046,1.0000
905047,1.0000
905048,1.0000
905049,1.0000
905050,1.0000
905051,1.0000
905052,1.0000
905058,1.0000
905060,1.0000
905063,1.0000
905066,1.0000
905068,1.0000
905069,1.0000
905070,1.0000
905073,1.0000
905074,1.0000
905075,1.0000
905077,1.0000
905078,1.0000
905079,1.0000
905080,1.0000
905081,1.0000
905083,1.0000
905085,1.0000
905086,1.0000
905087,1.0000
905088,1.0000
905090,1.0000
905105,1.0000
905110,1.0000
905111,1.0000
905112,1.0000
905113,1.0000
905118,1.0000
905119,1.0000
905123,1.0000
905129,1.0000
905130,1.0000
905133,1.0000
905134,1.0000
905135,1.0000
905139,1.0000
905141,1.0000
905142,1.0000
905145,1.0000
905146,1.0000
905147,1.0000
905148,1.0000
905149,1.0000
905153,1.0000
905156,1.0000
905158,1.0000
905159,1.0000
905162,1.0000
905164,1.0000
905167,1.0000
905168,1.0000
905170,1.0000
905171,1.0000
905172,1.0000
905173,1.0000
905174,1.0000
905182,1.0000
905191,1.0000
905194,1.0000
905203,1.0000
905204,1.0000
905206,1.0000
905207,1.0000
905210,1.0000
905213,1.0000
905214,1.0000
905216,1.0000
905217,1.0000
905218,1.0000
905219,1.0000
905221,1.0000
905222,1.0000
905223,1.0000
905227,1.0000
905228,1.0000
905231,1.0000
905232,1.0000
905233,1.0000
905235,1.0000
905236,1.0000
905237,1.0000
905239,1.0000
905241,1.0000
905242,1.0000
905243,1.0000
905247,1.0000
905250,1.0000
905253,1.0000
905258,1.0000
905259,1.0000
905261,1.0000
905262,1.0000
905263,1.0000
905265,1.0000
905266,1.0000
905268,1.0000
905269,1.0000
905270,1.0000
905271,1.0000
905282,1.0000
905284,1.0000
905285,1.0000
905286,1.0000
905287,1.0000
905289,1.0000
905293,1.0000
905298,1.0000
905299,1.0000
905300,1.0000
905302,1.0000
905303,1.0000
905308,1.0000
905310,1.0000
905312,1.0000
905314,1.0000
905328,1.0000
905329,1.0000
905335,1.0000
905338,1.0000
905339,1.0000
905340,1.0000
905343,1.0000
905352,1.0000
905353,1.0000
905355,1.0000
905369,1.0000
905370,1.0000
905382,1.0000
905385,1.0000
905387,1.0000
905405,1.0000
905407,1.0000
905408,1.0000
905413,1.0000
905414,1.0000
905415,1.0000
905420,1.0000
905421,1.0000
905422,1.0000
905424,1.0000
905425,1.0000
905433,1.0000
905434,1.0000
905447,1.0000
905455,1.0000
905460,1.0000
905463,1.0000
905464,1.0000
905485,1.0000
905486,1.0000
905487,1.0000
905489,1.0000
905490,1.0000
905491,1.0000
905496,1.0000
905500,1.0000
905501,1.0000
905503,1.0000
905506,1.0000
905507,1.0000
905508,1.0000
905509,1.0000
905510,1.0000
905513,1.0000
905514,1.0000
905517,1.0000
905526,1.0000
905528,1.0000
905529,1.0000
905530,1.0000
905531,1.0000
905532,1.0000
905533,1.0000
905534,1.0000
905548,1.0000
905549,1.0000
905550,1.0000
905551,1.0000
905552,1.0000
905557,1.0000
905558,1.0000
905559,1.0000
905560,1.0000
905561,1.0000
905572,1.0000
905582,1.0000
905583,1.0000
905584,1.0000
905585,1.0000
905586,1.0000
905588,1.0000
905593,1.0000
905597,1.0000
905602,1.0000
905604,1.0000
905610,1.0000
905611,1.0000
905613,1.0000
905616,1.0000
905617,1.0000
905618,1.0000
905621,1.0000
905622,1.0000
905625,1.0000
905631,1.0000
905632,1.0000
905633,1.0000
905645,1.0000
905652,1.0000
905654,1.0000
905658,1.0000
905661,1.0000
905663,1.0000
905664,1.0000
905665,1.0000
905668,1.0000
905672,1.0000
905676,1.0000
905684,1.0000
905700,1.0000
905703,1.0000
905706,1.0000
905707,1.0000
905708,1.0000
905709,1.0000
905711,1.0000
905714,1.0000
905719,1.0000
905721,1.0000
905722,1.0000
905723,1.0000
905725,1.0000
905726,1.0000
905728,1.0000
905729,1.0000
905730,1.0000
905731,1.0000
905735,1.0000
905748,1.0000
905752,1.0000
905753,1.0000
905765,1.0000
905767,1.0000
905768,1.0000
905769,1.0000
905773,1.0000
905774,1.0000
905776,1.0000
905782,1.0000
905786,1.0000
905792,1.0000
905796,1.0000
905798,1.0000
905801,1.0000
905802,1.0000
905804,1.0000
905805,1.0000
905809,1.0000
905810,1.0000
905812,1.0000
905813,1.0000
905819,1.0000
905820,1.0000
905836,1.0000
905839,1.0000
905841,1.0000
905842,1.0000
905843,1.0000
905846,1.0000
905849,1.0000
905853,1.0000
905860,1.0000
905861,1.0000
905862,1.0000
905866,1.0000
905868,1.0000
905870,1.0000
905871,1.0000
905878,1.0000
905881,1.0000
905887,1.0000
905890,1.0000
905891,1.0000
905894,1.0000
905896,1.0000
905898,1.0000
905899,1.0000
905900,1.0000
905901,1.0000
905902,1.0000
905905,1.0000
905907,1.0000
905910,1.0000
905912,1.0000
905915,1.0000
905916,1.0000
905917,1.0000
905918,1.0000
905919,1.0000
905924,1.0000
905925,1.0000
905926,1.0000
905927,1.0000
905928,1.0000
905929,1.0000
905938,1.0000
905939,1.0000
905940,1.0000
905943,1.0000
905945,1.0000
905959,1.0000
905964,1.0000
905968,1.0000
905969,1.0000
905972,1.0000
905977,1.0000
905978,1.0000
905982,1.0000
905984,1.0000
905986,1.0000
905987,1.0000
905989,1.0000
905990,1.0000
905991,1.0000
905993,1.0000
905995,1.0000
906001,1.0000
906002,1.0000
906003,1.0000
906004,1.0000
906014,1.0000
906015,1.0000
906016,1.0000
906017,1.0000
906018,1.0000
906020,1.0000
906027,1.0000
906066,1.0000
906067,1.0000
906068,1.0000
906069,1.0000
906071,1.0000
906072,1.0000
906073,1.0000
906074,1.0000
906075,1.0000
906078,1.0000
906079,1.0000
906081,1.0000
906082,1.0000
906083,1.0000
906084,1.0000
906085,1.0000
906088,1.0000
906089,1.0000
906092,1.0000
906093,1.0000
906096,1.0000
906103,1.0000
906105,1.0000
906106,1.0000
906107,1.0000
906108,1.0000
906109,1.0000
906111,1.0000
906134,1.0000
906137,1.0000
906143,1.0000
906146,1.0000
906159,1.0000
906172,1.0000
906179,1.0000
906184,1.0000
906186,1.0000
906187,1.0000
906188,1.0000
906189,1.0000
906190,1.0000
906193,1.0000
906196,1.0000
906197,1.0000
906206,1.0000
906212,1.0000
906222,1.0000
906223,1.0000
906228,1.0000
906235,1.0000
906236,1.0000
906237,1.0000
906246,1.0000
906250,1.0000
906251,1.0000
906255,1.0000
906258,1.0000
906260,1.0000
906268,1.0000
906269,1.0000
906275,1.0000
906283,1.0000
906284,1.0000
906290,1.0000
906292,1.0000
906293,1.0000
906299,1.0000
906300,1.0000
906307,1.0000
906309,1.0000
906312,1.0000
906328,1.0000
906329,1.0000
906330,1.0000
906331,1.0000
906334,1.0000
906348,1.0000
906349,1.0000
906350,1.0000
906353,1.0000
906354,1.0000
906360,1.0000
906363,1.0000
906365,1.0000
906366,1.0000
906370,1.0000
906371,1.0000
906372,1.0000
906373,1.0000
906376,1.0000
906377,1.0000
906378,1.0000
906379,1.0000
906383,1.0000
906384,1.0000
906391,1.0000
906393,1.0000
906407,1.0000
906410,1.0000
906411,1.0000
906412,1.0000
906414,1.0000
906415,1.0000
906417,1.0000
906418,1.0000
906419,1.0000
906422,1.0000
906429,1.0000
906431,1.0000
906432,1.0000
906441,1.0000
906442,1.0000
906443,1.0000
906445,1.0000
906448,1.0000
906449,1.0000
906450,1.0000
906451,1.0000
906459,1.0000
906460,1.0000
906470,1.0000
906471,1.0000
906472,1.0000
906473,1.0000
906475,1.0000
906476,1.0000
906480,1.0000
906481,1.0000
906482,1.0000
906483,1.0000
906484,1.0000
906485,1.0000
906486,1.0000
906489,1.0000
906490,1.0000
906491,1.0000
906492,1.0000
906497,1.0000
906498,1.0000
906499,1.0000
906500,1.0000
906502,1.0000
906507,1.0000
906508,1.0000
906509,1.0000
906510,1.0000
906511,1.0000
906513,1.0000
906518,1.0000
906519,1.0000
906520,1.0000
906521,1.0000
906525,1.0000
906526,1.0000
906527,1.0000
906528,1.0000
906550,1.0000
906551,1.0000
906552,1.0000
906553,1.0000
906554,1.0000
906557,1.0000
906558,1.0000
906562,1.0000
906567,1.0000
906568,1.0000
906607,1.0000
906612,1.0000
906613,1.0000
906614,1.0000
906615,1.0000
906616,1.0000
906619,1.0000
906620,1.0000
906621,1.0000
906622,1.0000
906624,1.0000
906632,1.0000
906634,1.0000
906635,1.0000
906649,1.0000
906654,1.0000
906655,1.0000
906661,1.0000
906662,1.0000
906663,1.0000
906668,1.0000
906669,1.0000
906681,1.0000
906682,1.0000
906684,1.0000
906685,1.0000
906686,1.0000
906687,1.0000
906692,1.0000
906697,1.0000
906698,1.0000
906700,1.0000
906708,1.0000
906710,1.0000
906715,1.0000
906717,1.0000
906718,1.0000
906719,1.0000
906721,1.0000
906749,1.0000
906750,1.0000
906756,1.0000
906757,1.0000
906758,1.0000
906759,1.0000
906811,1.0000
906812,1.0000
906817,1.0000
906819,1.0000
906823,1.0000
906824,1.0000
906825,1.0000
906826,1.0000
906948,1.0000
906956,1.0000
906960,1.0000
906992,1.0000
906999,1.0000
907000,1.0000
907001,1.0000
907002,1.0000
907005,1.0000
907006,1.0000
907008,1.0000
907016,1.0000
907017,1.0000
907020,1.0000
907021,1.0000
907022,1.0000
907028,1.0000
907033,1.0000
907037,1.0000
907038,1.0000
907039,1.0000
907040,1.0000
907043,1.0000
907044,1.0000
907045,1.0000
907181,1.0000
907182,1.0000
907185,1.0000
907188,1.0000
907189,1.0000
907190,1.0000
907191,1.0000
907197,1.0000
907215,1.0000
907224,1.0000
907228,1.0000
907232,1.0000
907233,1.0000
907237,1.0000
907238,1.0000
907240,1.0000
907242,1.0000
907243,1.0000
907247,1.0000
907251,1.0000
907253,1.0000
907256,1.0000
907257,1.0000
907258,1.0000
907259,1.0000
907261,1.0000
907262,1.0000
907264,1.0000
907269,1.0000
907270,1.0000
907274,1.0000
907275,1.0000
907276,1.0000
907282,1.0000
907283,1.0000
907304,1.0000
907315,1.0000
907323,1.0000
907324,1.0000
907337,1.0000
907341,1.0000
907348,1.0000
907349,1.0000
907350,1.0000
907354,1.0000
907360,1.0000
907361,1.0000
907362,1.0000
907363,1.0000
907364,1.0000
907370,1.0000
907371,1.0000
907373,1.0000
907376,1.0000
907378,1.0000
907380,1.0000
907381,1.0000
907385,1.0000
907386,1.0000
907387,1.0000
907391,1.0000
907392,1.0000
907393,1.0000
907394,1.0000
907395,1.0000
907397,1.0000
907398,1.0000
907399,1.0000
907400,1.0000
907401,1.0000
907402,1.0000
907419,1.0000
907421,1.0000
907422,1.0000
907423,1.0000
907424,1.0000
907427,1.0000
907433,1.0000
907436,1.0000
907443,1.0000
907444,1.0000
907446,1.0000
907448,1.0000
907459,1.0000
907462,1.0000
907468,1.0000
907472,1.0000
907473,1.0000
907474,1.0000
907476,1.0000
907479,1.0000
907485,1.0000
907487,1.0000
907489,1.0000
907492,1.0000
907494,1.0000
907495,1.0000
907496,1.0000
907498,1.0000
907499,1.0000
907500,1.0000
907502,1.0000
907504,1.0000
907515,1.0000
907517,1.0000
907520,1.0000
907525,1.0000
907528,1.0000
907538,1.0000
907547,1.0000
907554,1.0000
907557,1.0000
907558,1.0000
907564,1.0000
907566,1.0000
907567,1.0000
907568,1.0000
907578,1.0000
907580,1.0000
907582,1.0000
907583,1.0000
907594,1.0000
907599,1.0000
907600,1.0000
907602,1.0000
907610,1.0000
907619,1.0000
907620,1.0000
907638,1.0000
907640,1.0000
907641,1.0000
907643,1.0000
907647,1.0000
907649,1.0000
907650,1.0000
907662,1.0000
907663,1.0000
907670,1.0000
907672,1.0000
907673,1.0000
907674,1.0000
907675,1.0000
907676,1.0000
907678,1.0000
907681,1.0000
907684,1.0000
907685,1.0000
907686,1.0000
907687,1.0000
907690,1.0000
907695,1.0000
907697,1.0000
907699,1.0000
907702,1.0000
907722,1.0000
907723,1.0000
907725,1.0000
907728,1.0000
907730,1.0000
907741,1.0000
907742,1.0000
907744,1.0000
907745,1.0000
907750,1.0000
907751,1.0000
907757,1.0000
907758,1.0000
907759,1.0000
907760,1.0000
907761,1.0000
907762,1.0000
907770,1.0000
907771,1.0000
907775,1.0000
907776,1.0000
907779,1.0000
907781,1.0000
907782,1.0000
907783,1.0000
907791,1.0000
907793,1.0000
907796,1.0000
907803,1.0000
907806,1.0000
907810,1.0000
907812,1.0000
907818,1.0000
907819,1.0000
907820,1.0000
907824,1.0000
907826,1.0000
907835,1.0000
907839,1.0000
907846,1.0000
907847,1.0000
907848,1.0000
907849,1.0000
907850,1.0000
907852,1.0000
907853,1.0000
907854,1.0000
907855,1.0000
907856,1.0000
907857,1.0000
907858,1.0000
907866,1.0000
907867,1.0000
907868,1.0000
907873,1.0000
907874,1.0000
907878,1.0000
907882,1.0000
907883,1.0000
907888,1.0000
907895,1.0000
907896,1.0000
907897,1.0000
907935,1.0000
907936,1.0000
907938,1.0000
907942,1.0000
907943,1.0000
907945,1.0000
907950,1.0000
907951,1.0000
907953,1.0000
907955,1.0000
907967,1.0000
907973,1.0000
907975,1.0000
907976,1.0000
907977,1.0000
907978,1.0000
907979,1.0000
907980,1.0000
907983,1.0000
907984,1.0000
907986,1.0000
907987,1.0000
907989,1.0000
907990,1.0000
907995,1.0000
907996,1.0000
907998,1.0000
908007,1.0000
908010,1.0000
908011,1.0000
908012,1.0000
908013,1.0000
908016,1.0000
908017,1.0000
908018,1.0000
908021,1.0000
908022,1.0000
908023,1.0000
908024,1.0000
908025,1.0000
908027,1.0000
908028,1.0000
908029,1.0000
908037,1.0000
908038,1.0000
908041,1.0000
908045,1.0000
908046,1.0000
908048,1.0000
908049,1.0000
908052,1.0000
908060,1.0000
908062,1.0000
908065,1.0000
908071,1.0000
908076,1.0000
908080,1.0000
908081,1.0000
908084,1.0000
908086,1.0000
908087,1.0000
908088,1.0000
908089,1.0000
908090,1.0000
908094,1.0000
908095,1.0000
908096,1.0000
908097,1.0000
908101,1.0000
908113,1.0000
908133,1.0000
908134,1.0000
908135,1.0000
908136,1.0000
908137,1.0000
908138,1.0000
908140,1.0000
908143,1.0000
908144,1.0000
908146,1.0000
908147,1.0000
908148,1.0000
908152,1.0000
908157,1.0000
908158,1.0000
908165,1.0000
908166,1.0000
908167,1.0000
908168,1.0000
908176,1.0000
908177,1.0000
908178,1.0000
908181,1.0000
908183,1.0000
908186,1.0000
908190,1.0000
908204,1.0000
908205,1.0000
908206,1.0000
908209,1.0000
908213,1.0000
908214,1.0000
908221,1.0000
908222,1.0000
908225,1.0000
908226,1.0000
908229,1.0000
908230,1.0000
908235,1.0000
908236,1.0000
908237,1.0000
908238,1.0000
908248,1.0000
908250,1.0000
908251,1.0000
908253,1.0000
908258,1.0000
908264,1.0000
908266,1.0000
908267,1.0000
908269,1.0000
908274,1.0000
908277,1.0000
908278,1.0000
908279,1.0000
908281,1.0000
908285,1.0000
908286,1.0000
908287,1.0000
908289,1.0000
908291,1.0000
908295,1.0000
908297,1.0000
908298,1.0000
908304,1.0000
908306,1.0000
908315,1.0000
908316,1.0000
908318,1.0000
908321,1.0000
908323,1.0000
908328,1.0000
908331,1.0000
908332,1.0000
908333,1.0000
908336,1.0000
908337,1.0000
908338,1.0000
908339,1.0000
908343,1.0000
908351,1.0000
908352,1.0000
908353,1.0000
908355,1.0000
908364,1.0000
908365,1.0000
908370,1.0000
908371,1.0000
908372,1.0000
908373,1.0000
908375,1.0000
908379,1.0000
908380,1.0000
908389,1.0000
908390,1.0000
908393,1.0000
908398,1.0000
908417,1.0000
908426,1.0000
908435,1.0000
908438,1.0000
908439,1.0000
908440,1.0000
908459,1.0000
908463,1.0000
908465,1.0000
908466,1.0000
908470,1.0000
908471,1.0000
908472,1.0000
908482,1.0000
908485,1.0000
908495,1.0000
908496,1.0000
908502,1.0000
908504,1.0000
908505,1.0000
908509,1.0000
908518,1.0000
908519,1.0000
908520,1.0000
908529,1.0000
908533,1.0000
908534,1.0000
908535,1.0000
908537,1.0000
908543,1.0000
908544,1.0000
908545,1.0000
908554,1.0000
908557,1.0000
908559,1.0000
908560,1.0000
908561,1.0000
908569,1.0000
908570,1.0000
908571,1.0000
908572,1.0000
908573,1.0000
908590,1.0000
908593,1.0000
908594,1.0000
908597,1.0000
908602,1.0000
908603,1.0000
908604,1.0000
908605,1.0000
908607,1.0000
908614,1.0000
908615,1.0000
908617,1.0000
908620,1.0000
908622,1.0000
908626,1.0000
908630,1.0000
908634,1.0000
908636,1.0000
908637,1.0000
908638,1.0000
908640,1.0000
908642,1.0000
908649,1.0000
908650,1.0000
908651,1.0000
908652,1.0000
908654,1.0000
908657,1.0000
908660,1.0000
908661,1.0000
908665,1.0000
908668,1.0000
908669,1.0000
908670,1.0000
908671,1.0000
908673,1.0000
908675,1.0000
908678,1.0000
908679,1.0000
908681,1.0000
908685,1.0000
908686,1.0000
908687,1.0000
908689,1.0000
908691,1.0000
908694,1.0000
908695,1.0000
908698,1.0000
908699,1.0000
908701,1.0000
908702,1.0000
908704,1.0000
908705,1.0000
908708,1.0000
908713,1.0000
908714,1.0000
908715,1.0000
908717,1.0000
908721,1.0000
908723,1.0000
908724,1.0000
908728,1.0000
908732,1.0000
908734,1.0000
908737,1.0000
908738,1.0000
908739,1.0000
908744,1.0000
908745,1.0000
908752,1.0000
908754,1.0000
908755,1.0000
908756,1.0000
908757,1.0000
908758,1.0000
908759,1.0000
908760,1.0000
908761,1.0000
908762,0.4286
908763,1.0000
908764,1.0000
908766,1.0000
908767,1.0000
908773,1.0000
908774,1.0000
908775,1.0000
908776,1.0000
908780,1.0000
908783,1.0000
908786,1.0000
908790,1.0000
908804,1.0000
908806,1.0000
908816,1.0000
908819,1.0000
908821,1.0000
908822,1.0000
908823,1.0000
908824,1.0000
908827,1.0000
908829,1.0000
908830,1.0000
908831,1.0000
908845,1.0000
908854,1.0000
908856,1.0000
908857,1.0000
908862,1.0000
908863,1.0000
908866,1.0000
908867,1.0000
908870,1.0000
908871,1.0000
908872,1.0000
908877,1.0000
908879,1.0000
908880,1.0000
908882,1.0000
908883,1.0000
908886,1.0000
908889,1.0000
908891,1.0000
908892,1.0000
908893,1.0000
908895,1.0000
908897,1.0000
908898,1.0000
908900,1.0000
908901,1.0000
908911,1.0000
908914,1.0000
908923,1.0000
908924,1.0000
908925,1.0000
908926,1.0000
908927,1.0000
908929,1.0000
908931,1.0000
908934,1.0000
908937,1.0000
908944,1.0000
908949,1.0000
908951,1.0000
908952,1.0000
908956,1.0000
908957,1.0000
908958,1.0000
908961,1.0000
908962,1.0000
908964,1.0000
908968,1.0000
908971,1.0000
908972,1.0000
908973,1.0000
908974,1.0000
908975,1.0000
908976,1.0000
908977,1.0000
908979,1.0000
908981,1.0000
908983,1.0000
908987,1.0000
908993,1.0000
908998,1.0000
909000,1.0000
909002,1.0000
909003,1.0000
909007,1.0000
909008,1.0000
909011,1.0000
909016,1.0000
909023,1.0000
909024,1.0000
909025,1.0000
909026,1.0000
909027,1.0000
909028,1.0000
909030,1.0000
909031,1.0000
909033,1.0000
909034,1.0000
909035,1.0000
909036,1.0000
909038,1.0000
909039,1.0000
909041,1.0000
909042,1.0000
909045,1.0000
909051,1.0000
909052,1.0000
909053,1.0000
909054,1.0000
909055,1.0000
909056,1.0000
909058,1.0000
909059,1.0000
909061,1.0000
909062,1.0000
909065,1.0000
909066,1.0000
909068,1.0000
909069,1.0000
909070,1.0000
909072,1.0000
909078,1.0000
909084,1.0000
909095,1.0000
909097,1.0000
909098,1.0000
909099,1.0000
909100,1.0000
909101,1.0000
909106,1.0000
909107,1.0000
909108,1.0000
909112,1.0000
909118,1.0000
909119,1.0000
909121,1.0000
909125,1.0000
909127,1.0000
909128,1.0000
909129,1.0000
909131,1.0000
909132,1.0000
909134,1.0000
909136,1.0000
909139,1.0000
909140,1.0000
909147,1.0000
909148,1.0000
909151,1.0000
909155,1.0000
909157,1.0000
909163,1.0000
909169,1.0000
909171,1.0000
909172,1.0000
909174,1.0000
909175,1.0000
909178,1.0000
909179,1.0000
909180,1.0000
909181,1.0000
909186,1.0000
909190,1.0000
909194,1.0000
909195,1.0000
909196,1.0000
909197,1.0000
909198,1.0000
909199,1.0000
909200,1.0000
909201,1.0000
909202,1.0000
909203,1.0000
909205,1.0000
909211,1.0000
909212,1.0000
909213,1.0000
909214,1.0000
909215,1.0000
909217,1.0000
909219,1.0000
909220,1.0000
909225,1.0000
909230,1.0000
909231,1.0000
909232,1.0000
909233,1.0000
909235,1.0000
909240,1.0000
909241,1.0000
909242,1.0000
909243,1.0000
909249,1.0000
909250,1.0000
909251,1.0000
909252,1.0000
909253,1.0000
909255,1.0000
909256,1.0000
909257,1.0000
909262,1.0000
909264,1.0000
909266,1.0000
909267,1.0000
909270,1.0000
909271,1.0000
909273,1.0000
909274,1.0000
909310,1.0000
909311,1.0000
909314,1.0000
909315,1.0000
909316,1.0000
909318,1.0000
909324,1.0000
909325,1.0000
909326,1.0000
909328,1.0000
909333,1.0000
909335,1.0000
909339,1.0000
909343,1.0000
909345,1.0000
909349,1.0000
909350,1.0000
909351,1.0000
909352,1.0000
909354,1.0000
909355,1.0000
909356,1.0000
909358,1.0000
909363,1.0000
909365,1.0000
909366,1.0000
909367,1.0000
909371,1.0000
909373,1.0000
909374,1.0000
909376,1.0000
909377,1.0000
909379,1.0000
909383,1.0000
909384,1.0000
909385,1.0000
909387,1.0000
909388,1.0000
909389,1.0000
909390,1.0000
909392,1.0000
909393,1.0000
909395,1.0000
909399,1.0000
909400,1.0000
909402,1.0000
909409,1.0000
909410,1.0000
909415,1.0000
909416,1.0000
909417,1.0000
909418,1.0000
909419,1.0000
909420,1.0000
909421,1.0000
909422,1.0000
909426,1.0000
909435,1.0000
909436,1.0000
909437,1.0000
909438,1.0000
909441,1.0000
909443,1.0000
909444,1.0000
909445,1.0000
909446,1.0000
909448,1.0000
909449,1.0000
909450,1.0000
909451,1.0000
909456,1.0000
909457,1.0000
909458,1.0000
909464,1.0000
909475,1.0000
909477,1.0000
909478,1.0000
909481,1.0000
909486,1.0000
909506,1.0000
909515,1.0000
909517,1.0000
909521,1.0000
909522,1.0000
909526,1.0000
909537,1.0000
909539,1.0000
909543,1.0000
909548,1.0000
909549,1.0000
909551,1.0000
909553,1.0000
909555,1.0000
909556,1.0000
909557,1.0000
909558,1.0000
909560,1.0000
909562,1.0000
909563,1.0000
909567,1.0000
909568,1.0000
909572,1.0000
909575,1.0000
909576,1.0000
909577,1.0000
909578,1.0000
909580,1.0000
909582,1.0000
909585,1.0000
909586,1.0000
909593,1.0000
909596,1.0000
909597,1.0000
909598,1.0000
909601,1.0000
909608,1.0000
909612,1.0000
909613,1.0000
909616,1.0000
909618,1.0000
909632,1.0000
909633,1.0000
909634,1.0000
909638,1.0000
909640,1.0000
909642,1.0000
909650,1.0000
909661,1.0000
909662,1.0000
909668,1.0000
909670,1.0000
909674,1.0000
909688,1.0000
909694,1.0000
909696,1.0000
909700,1.0000
909703,1.0000
909711,1.0000
909712,1.0000
909713,1.0000
909716,1.0000
909718,1.0000
909723,1.0000
909726,1.0000
909727,1.0000
909728,1.0000
909729,1.0000
909731,1.0000
909732,1.0000
909734,1.0000
909739,1.0000
909740,1.0000
909750,1.0000
909751,1.0000
909752,1.0000
909753,1.0000
909754,1.0000
909760,1.0000
909769,1.0000
909772,1.0000
909776,1.0000
909778,1.0000
909781,1.0000
909782,1.0000
909786,1.0000
909792,1.0000
909797,1.0000
909798,1.0000
909801,1.0000
909803,1.0000
909804,1.0000
909805,1.0000
909809,1.0000
909817,1.0000
909819,1.0000
909820,1.0000
909821,1.0000
909822,1.0000
909823,1.0000
909825,1.0000
909829,1.0000
909831,2.1429
909834,1.0000
909836,1.0000
909839,1.0000
909840,1.0000
909841,1.0000
909847,1.0000
909848,1.0000
909853,1.0000
909858,1.0000
909865,1.0000
909867,1.0000
909871,1.0000
909874,1.0000
909889,1.0000
909891,1.0000
909893,1.0000
909901,1.0000
909918,1.0000
909921,1.0000
909922,1.0000
909924,1.0000
909941,1.0000
909944,1.0000
909948,1.0000
909956,1.0000
909975,1.0000
909985,1.0000
909990,1.0000
910004,1.0000
910006,1.0000
910008,1.0000
910011,1.0000
910012,1.0000
910013,1.0000
910015,1.0000
910018,1.0000
910022,1.0000
910025,1.0000
910026,1.0000
910027,1.0000
910029,1.0000
910030,1.0000
910031,1.0000
910032,1.0000
910033,1.0000
910034,1.0000
910040,1.0000
910042,1.0000
910051,1.0000
910054,1.0000
910064,1.0000
910068,1.0000
910077,1.0000
910090,1.0000
910094,1.0000
910095,1.0000
910096,1.0000
910098,1.0000
910099,1.0000
910102,1.0000
910103,1.0000
910104,1.0000
910107,1.0000
910111,1.0000
910115,1.0000
910116,1.0000
910126,1.0000
910127,1.0000
910133,1.0000
910142,1.0000
910145,1.0000
910147,1.0000
910148,1.0000
910152,1.0000
910161,1.0000
910169,1.0000
910170,1.0000
910178,2.1429
910183,1.0000
910196,1.0000
910201,1.0000
910202,1.0000
910205,1.0000
910211,1.0000
910212,1.0000
910215,1.0000
910219,1.0000
910220,1.0000
910224,1.0000
910225,1.0000
910233,1.0000
910238,1.0000
910241,1.0000
910242,1.0000
910244,1.0000
910245,1.0000
910257,1.0000
910267,1.0000
910281,1.0000
910285,1.0000
910291,1.0000
910296,1.0000
910300,1.0000
910301,1.0000
910302,1.0000
910303,1.0000
910306,1.0000
910308,1.0000
910309,1.0000
910313,1.0000
910314,1.0000
910315,1.0000
910316,1.0000
910320,1.0000
910326,1.0000
910328,1.0000
910329,1.0000
910333,1.0000
910334,1.0000
910339,1.0000
910345,1.0000
910351,1.0000
910352,1.0000
910358,1.0000
910359,1.0000
910360,1.0000
910376,1.0000
910380,1.0000
910391,1.0000
910392,1.0000
910401,1.0000
910402,1.0000
910406,1.0000
910408,1.0000
910413,1.0000
910424,1.0000
910429,1.0000
910430,1.0000
910433,1.0000
910443,1.0000
910444,1.0000
910446,1.0000
910451,1.0000
910452,1.0000
910453,1.0000
910454,1.0000
910455,1.0000
910456,1.0000
910458,1.0000
910459,1.0000
910460,1.0000
910470,1.0000
910475,1.0000
910478,1.0000
910480,1.0000
910487,1.0000
910491,1.0000
910503,1.0000
910508,1.0000
910511,1.0000
910512,1.0000
910513,1.0000
910524,1.0000
910526,1.0000
910528,1.0000
910533,1.0000
910535,1.0000
910540,1.0000
910541,1.0000
910547,1.0000
910548,1.0000
910549,1.0000
910550,1.0000
910551,1.0000
910552,1.0000
910553,1.0000
910556,1.0000
910562,1.0000
910563,1.0000
910564,1.0000
910566,1.0000
910588,1.0000
910590,1.0000
910592,1.0000
910598,1.0000
910603,1.0000
910604,1.0000
910607,1.0000
910608,1.0000
910609,1.0000
910612,1.0000
910615,1.0000
910616,1.0000
910617,1.0000
910630,1.0000
910631,1.0000
910632,1.0000
910635,1.0000
910648,1.0000
910655,1.0000
910661,1.0000
910682,1.0000
910683,1.0000
910684,1.0000
910694,1.0000
910704,1.0000
910712,1.0000
910717,1.0000
910718,1.0000
910719,1.0000
910728,1.0000
910729,1.0000
910731,1.0000
910737,1.0000
910738,1.0000
910740,1.0000
910744,1.0000
910746,1.0000
910747,1.0000
910749,1.0000
910750,1.0000
910753,1.0000
910755,1.0000
910759,1.0000
910761,1.0000
910763,1.0000
910765,1.0000
910768,1.0000
910769,1.0000
910773,1.0000
910776,1.0000
910778,1.0000
910779,1.0000
910780,1.0000
910784,1.0000
910785,1.0000
910789,1.0000
910790,1.0000
910802,1.0000
910803,1.0000
910804,1.0000
910809,1.0000
910810,1.0000
910811,1.0000
910813,1.0000
910819,1.0000
910825,1.0000
910826,1.0000
910829,1.0000
910830,1.0000
910835,1.0000
910836,1.0000
910838,1.0000
910846,1.0000
910848,1.0000
910850,1.0000
910851,1.0000
910855,1.0000
910865,1.0000
910866,1.0000
910869,1.0000
910880,1.0000
910881,1.0000
910882,1.0000
910891,1.0000
910895,1.0000
910902,1.0000
910903,1.0000
910912,1.0000
910926,1.0000
910957,1.0000
910958,1.0000
910959,1.0000
910961,1.0000
910969,1.0000
910971,1.0000
910991,1.0000
911013,1.0000
911025,1.0000
911026,1.0000
911027,1.0000
911033,1.0000
911042,1.0000
911047,1.0000
911048,1.0000
911051,1.0000
911054,1.0000
911055,1.0000
911057,1.0000
911068,1.0000
911071,1.0000
911075,1.0000
911077,1.0000
911078,1.0000
911083,1.0000
911091,1.0000
911094,1.0000
911100,1.0000
911108,1.0000
911119,1.0000
911122,1.0000
911130,1.0000
911134,1.0000
911139,1.0000
911140,1.0000
911141,1.0000
911145,1.0000
911152,1.0000
911166,1.0000
911172,1.0000
911174,1.0000
911178,1.0000
911187,1.0000
911192,1.0000
911194,1.0000
911195,1.0000
911196,1.0000
911197,1.0000
911199,1.0000
911200,1.0000
911201,1.0000
911202,1.0000
911212,1.0000
911242,1.0000
911243,1.0000
911244,1.0000
911261,1.0000
911265,1.0000
911266,1.0000
911268,1.0000
911270,1.0000
911276,1.0000
911279,1.0000
911281,1.0000
911291,1.0000
911292,1.0000
911297,1.0000
911298,1.0000
911307,1.0000
911311,1.0000
911312,1.0000
911316,1.0000
911325,1.0000
911334,1.0000
911338,1.0000
911351,1.0000
911390,1.0000
911391,1.0000
911395,1.0000
911397,1.0000
911404,1.0000
911406,1.0000
911410,1.0000
911422,1.0000
911423,1.0000
911431,1.0000
911433,1.0000
911437,1.0000
911442,1.0000
911444,1.0000
911453,1.0000
911454,1.0000
911456,1.0000
911460,1.0000
911462,1.0000
911479,1.0000
911505,1.0000
911507,1.0000
911510,1.0000
911524,1.0000
911539,1.0000
911543,1.0000
911544,1.0000
911548,1.0000
911549,1.0000
911550,1.0000
911554,1.0000
911555,1.0000
911560,1.0000
911564,1.0000
911567,1.0000
911569,1.0000
911570,1.0000
911576,1.0000
911578,1.0000
911583,1.0000
911584,1.0000
911585,1.0000
911586,1.0000
911587,1.0000
911588,1.0000
911589,1.0000
911590,1.0000
911592,1.0000
911597,1.0000
911599,1.0000
911607,1.0000
911614,1.0000
911615,1.0000
911616,1.0000
911617,1.0000
911618,1.0000
911621,1.0000
911624,1.0000
911625,1.0000
911626,1.0000
911627,1.0000
911630,1.0000
911631,1.0000
911639,1.0000
911652,1.0000
911656,1.0000
911658,1.0000
911660,1.0000
911661,1.0000
911666,1.0000
911669,1.0000
911681,1.0000
911683,1.0000
911685,1.0000
911686,1.0000
911688,1.0000
911703,1.0000
911706,1.0000
911707,1.0000
911719,1.0000
911726,1.0000
911732,1.0000
911737,1.0000
911742,1.0000
911743,1.0000
911744,1.0000
911755,1.0000
911760,1.0000
911765,1.0000
911780,1.0000
911783,1.0000
911784,1.0000
911785,1.0000
911797,1.0000
911798,1.0000
911799,1.0000
911803,1.0000
911812,1.0000
911813,1.0000
911814,1.0000
911819,1.0000
911820,1.0000
911824,1.0000
911827,1.0000
911832,1.0000
911838,1.0000
911839,1.0000
911845,1.0000
911851,1.0000
911855,1.0000
911856,1.0000
911863,1.0000
911864,1.0000
911871,1.0000
911874,1.0000
911878,1.0000
911887,1.0000
911904,1.0000
911912,1.0000
911917,1.0000
911918,1.0000
911920,1.0000
911921,1.0000
911922,1.0000
911923,1.0000
911942,1.0000
911945,1.0000
911955,1.0000
911960,1.0000
911964,1.0000
911967,1.0000
911978,1.0000
911982,1.0000
911985,1.0000
911987,1.0000
911990,1.0000
912005,1.0000
912020,1.0000
912022,1.0000
912023,1.0000
912045,1.0000
912047,1.0000
912055,1.0000
912057,1.0000
912063,1.0000
912064,1.0000
912065,1.0000
912066,1.0000
912067,1.0000
912068,1.0000
912071,1.0000
912073,1.0000
912079,1.0000
912081,1.0000
912085,1.0000
912088,1.0000
912096,1.0000
912105,1.0000
912106,1.0000
912109,1.0000
912110,1.0000
912122,1.0000
912133,1.0000
912134,1.0000
912146,1.0000
912147,1.0000
912149,1.0000
912153,1.0000
912154,1.0000
912161,1.0000
912163,1.0000
912164,1.0000
912165,1.0000
912166,1.0000
912176,1.0000
912181,1.0000
912190,1.0000
912192,1.0000
912195,1.0000
912197,1.0000
912203,1.0000
912204,1.0000
912205,1.0000
912208,1.0000
912209,1.0000
912219,1.0000
912223,1.0000
912224,1.0000
912230,1.0000
912237,1.0000
912242,1.0000
912244,1.0000
912257,1.0000
912258,1.0000
912259,1.0000
912261,1.0000
912266,1.0000
912268,1.0000
912269,1.0000
912271,1.0000
912272,1.0000
912274,1.0000
912276,1.0000
912279,1.0000
912284,1.0000
912285,1.0000
912286,1.0000
912287,1.0000
912290,1.0000
912294,1.0000
912300,1.0000
912307,1.0000
912309,1.0000
912314,1.0000
912315,1.0000
912316,1.0000
912317,1.0000
912319,1.0000
912320,1.0000
912325,1.0000
912333,1.0000
912334,1.0000
912335,1.0000
912337,1.0000
912340,1.0000
912341,1.0000
912347,1.0000
912350,1.0000
912353,1.0000
912354,1.0000
912360,1.0000
912364,1.0000
912365,1.0000
912374,1.0000
912385,1.0000
912387,1.0000
912388,1.0000
912389,1.0000
912390,1.0000
912402,1.0000
912409,1.0000
912413,1.0000
912414,1.0000
912419,1.0000
912420,1.0000
912422,1.0000
912444,1.0000
912449,1.0000
912454,1.0000
912478,1.0000
912480,1.0000
912485,1.0000
912500,1.0000
912502,1.0000
912503,1.0000
912504,1.0000
912510,1.0000
912522,1.0000
912523,1.0000
912548,1.0000
912549,1.0000
912552,1.0000
912553,1.0000
912554,1.0000
912579,1.0000
912583,1.0000
912585,1.0000
912609,1.0000
912620,1.0000
912621,1.0000
912626,1.0000
912630,1.0000
912637,1.0000
912647,1.0000
912649,1.0000
912655,1.0000
912664,1.0000
912672,1.0000
912673,1.0000
912676,1.0000
912677,1.0000
912694,1.0000
912698,1.0000
912701,1.0000
912703,1.0000
912704,1.0000
912708,1.0000
912715,1.0000
912718,1.0000
912727,1.0000
912734,1.0000
912748,1.0000
912749,1.0000
912752,1.0000
912762,1.0000
912763,1.0000
912773,1.0000
912774,1.0000
912794,1.0000
912796,1.0000
912811,1.0000
912816,1.0000
912818,1.0000
912819,1.0000
912824,1.0000
912826,1.0000
912852,1.0000
912864,1.0000
912865,1.0000
912876,1.0000
912898,1.0000
912899,1.0000
912917,1.0000
912923,1.0000
912924,1.0000
912925,1.0000
912926,1.0000
912927,1.0000
912940,1.0000
912966,1.0000
912982,1.0000
912988,1.0000
912994,1.0000
912999,1.0000
913018,1.0000
913042,1.0000
913052,1.0000
913066,1.0000
913067,1.0000
913071,1.0000
913073,1.0000
913075,1.0000
913076,1.0000
913077,1.0000
913079,1.0000
913088,1.0000
913090,1.0000
913091,1.0000
913092,1.0000
913093,1.0000
913107,1.0000
913108,1.0000
913111,1.0000
913120,1.0000
913132,1.0000
913137,1.0000
913138,1.0000
913147,1.0000
913150,1.0000
913162,1.0000
913167,1.0000
913178,1.0000
913195,1.0000
913199,1.0000
913216,1.0000
913224,1.0000
913232,1.0000
913244,1.0000
913245,1.0000
913246,1.0000
913251,1.0000
913253,1.0000
913257,1.0000
913275,1.0000
913276,1.0000
913286,1.0000
913287,1.0000
913292,1.0000
913294,1.0000
913299,1.0000
913303,1.0000
913312,1.0000
913318,1.0000
913321,1.0000
913323,1.0000
913338,1.0000
913390,1.0000
913397,1.0000
913405,1.0000
913417,1.0000
913418,1.0000
913431,1.0000
913441,1.0000
913453,1.0000
913454,1.0000
913455,1.0000
913461,1.0000
913464,1.0000
913493,1.0000
913573,1.0000
913702,1.0000
913716,1.0000
913724,1.0000
913736,1.0000
913739,1.0000
913743,1.0000
913782,1.0000
913786,1.0000
913816,1.0000
913878,1.0000
913879,1.0000
913881,1.0000
913882,1.0000
913883,1.0000
913886,1.0000
913890,1.0000
913891,1.0000
913931,1.0000
913933,1.0000
913939,1.0000
913946,1.0000
914039,1.0000
914040,1.0000
914054,1.0000
914059,1.0000
914071,1.0000
914097,1.0000
914105,1.0000
914116,1.0000
914139,1.0000
914210,1.0000
914246,1.0000
914259,1.0000
914266,1.0000
914267,1.0000
914268,1.0000
914279,1.0000
914309,1.0000
914311,1.0000
914312,1.0000
914315,1.0000
914322,1.0000
914324,1.0000
914327,1.0000
914339,1.0000
914347,1.0000
914355,1.0000
914370,1.0000
914406,1.0000
914432,1.0000
914444,1.0000
914445,1.0000
914449,1.0000
914472,1.0000
914476,1.0000
914484,1.0000
914493,1.0000
914495,1.0000
914499,1.0000
914504,1.0000
914505,1.0000
914526,1.0000
914537,1.0000
914542,1.0000
914543,1.0000
914586,1.0000
914587,1.0000
914592,1.0000
914601,1.0000
914604,1.0000
914615,1.0000
914632,1.0000
914633,1.0000
914646,1.0000
914648,1.0000
914652,1.0000
914653,1.0000
914655,1.0000
914659,1.0000
914681,1.0000
914689,1.0000
914693,1.0000
914732,1.0000
914748,1.0000
914755,1.0000
914768,1.0000
914783,1.0000
914830,1.0000
914837,1.0000
914838,1.0000
914839,1.0000
914852,1.0000
914917,1.0000
914945,1.0000
914969,1.0000
914984,1.0000
914989,1.0000
915000,1.0000
915024,1.0000
915035,1.0000
915044,1.0000
915047,1.0000
915065,1.0000
915087,1.0000
915153,1.0000
915179,1.0000
915180,1.0000
915192,1.0000
915216,1.0000
915422,1.0000
919472,1.0000
919485,1.0000
919506,1.0000
919509,1.0000
919511,1.0000
919551,1.0000
919576,1.0000
919591,1.0000
919592,1.0000
919595,1.0000
919615,1.0000
919643,1.0000
919652,1.0000
919687,1.0000
919688,1.0000
919710,1.0000
919785,1.0000
920112,1.0000
922722,1.0000
923170,1.0000
923171,1.0000
923203,1.0000
923228,1.0000
924142,1.0000
924167,1.0000
924189,1.0000
924232,1.0000
924420,1.0000
924566,1.0000
924571,1.0000
924572,1.0000
924716,1.0000
924717,1.0000
924718,1.0000
924730,1.0000
924807,1.0000
924883,1.0000
924901,1.0000
925136,1.0000
925137,1.0000
925148,1.0000
925306,1.0000
925685,1.0000
926154,1.0000
926518,1.0000
926519,1.0000
926810,1.0000
926811,1.0000
926837,1.0000
926839,1.0000
927735,1.0000
927808,3.2857
927828,1.0000
927842,1.0000
928024,1.0000
928257,1.0000
928267,1.0000
928268,1.0000
928270,1.0000
928274,1.0000
928294,1.0000
928343,1.0000
928349,1.0000
928393,1.0000
928497,1.0000
928579,1.0000
928688,1.0000
928701,1.0000
928792,1.0000
928813,1.0000
928947,1.0000
929092,1.0000
929100,1.0000
929268,1.0000
929309,1.0000
929310,1.0000
929311,1.0000
929351,1.0000
929376,0.4286
929469,1.0000
929472,1.0000
929502,1.0000
929514,1.0000
929580,1.0000
929612,1.0000
929616,1.0000
929673,1.0000
929688,1.0000
929704,1.0000
929742,1.0000
929749,1.0000
930010,1.0000
930012,1.0000
930372,1.0000
930768,1.0000
930996,1.0000
930997,1.0000
931000,1.0000
931203,1.0000
931204,1.0000
931656,1.0000
932050,1.0000
932315,1.0000
932321,1.0000
932322,1.0000
932493,1.0000
932545,1.0000
932548,1.0000
932579,1.0000
932581,1.0000
932613,1.0000
932684,1.0000
932756,1.0000
932790,1.0000
932791,1.0000
932796,1.0000
932807,1.0000
932811,1.0000
932849,1.0000
932853,1.0000
932854,1.0000
932861,1.0000
932890,1.0000
932908,1.0000
932909,1.0000
932975,1.0000
933090,1.0000
933093,1.0000
933095,1.0000
933097,1.0000
933121,1.0000
933138,1.0000
933139,1.0000
933157,1.0000
933183,1.0000
933190,1.0000
933202,1.0000
933241,1.0000
933242,1.0000
933244,1.0000
933250,1.0000
933260,1.0000
933278,1.0000
933282,1.0000
933307,1.0000
933309,1.0000
933313,1.0000
933316,1.0000
933318,1.0000
933319,1.0000
933335,1.0000
933337,1.0000
933394,1.0000
933395,1.0000
933397,1.0000
933398,1.0000
933400,1.0000
933415,1.0000
933556,1.0000
933592,1.0000
933697,1.0000
933699,1.0000
933729,1.0000
933841,1.0000
933842,1.0000
933867,1.0000
933913,1.0000
933962,1.0000
934019,1.0000
934031,1.0000
934091,1.0000
934092,1.0000
934157,1.0000
934185,1.0000
934194,1.0000
934291,1.0000
934345,1.0000
934379,1.0000
934485,1.0000
934519,1.0000
934576,1.0000
934590,1.0000
934591,1.0000
934593,1.0000
934595,1.0000
934616,1.0000
934618,1.0000
934619,1.0000
934633,1.0000
934635,1.0000
934676,1.0000
934739,1.0000
934752,1.0000
934779,1.0000
934793,1.0000
934841,1.0000
934876,1.0000
934897,1.0000
934899,1.0000
934900,1.0000
934908,1.0000
934920,1.0000
934938,1.0000
934942,1.0000
934946,1.0000
934947,1.0000
934953,1.0000
934955,1.0000
934956,1.0000
934979,1.0000
934981,1.0000
935000,1.0000
935007,1.0000
935009,1.0000
935121,1.0000
935149,1.0000
935161,1.0000
935233,1.0000
935251,1.0000
935267,1.0000
935333,1.0000
935351,1.0000
935352,1.0000
935383,1.0000
935389,1.0000
935402,1.0000
935405,1.0000
935417,1.0000
935462,1.0000
935467,1.0000
935501,1.0000
935508,1.0000
935526,1.0000
935536,1.0000
935538,1.0000
935541,1.0000
935565,1.0000
935588,1.0000
935590,1.0000
935606,1.0000
935616,1.0000
935661,1.0000
935670,1.0000
935725,1.0000
935749,1.0000
935792,1.0000
935793,1.0000
935800,1.0000
935808,1.0000
935828,1.0000
935830,1.0000
935843,1.0000
935848,1.0000
935860,1.0000
935863,1.0000
935899,1.0000
935913,1.0000
935915,1.0000
935921,1.0000
935925,1.0000
935927,1.0000
935961,1.0000
935972,1.0000
935973,1.0000
935988,1.0000
936011,1.0000
936028,1.0000
936031,1.0000
936035,1.0000
936037,1.0000
936056,1.0000
936114,1.0000
936153,1.0000
936168,1.0000
936184,1.0000
936193,1.0000
936215,1.0000
936248,1.0000
936255,1.0000
936262,1.0000
936263,1.0000
936290,1.0000
936307,1.0000
936362,1.0000
936399,1.0000
936408,1.0000
936437,1.0000
936446,1.0000
936452,1.0000
936461,1.0000
936481,1.0000
936485,1.0000
936489,1.0000
936491,1.0000
936507,1.0000
936523,1.0000
936524,1.0000
936541,1.0000
936553,1.0000
936568,1.0000
936578,1.0000
936579,1.0000
936580,1.0000
936581,1.0000
936582,1.0000
936595,1.0000
936611,1.0000
936612,1.0000
936618,1.0000
936619,1.0000
936625,1.0000
936651,1.0000
936652,1.0000
936661,1.0000
936682,1.0000
936687,1.0000
936695,1.0000
936696,1.0000
936702,1.0000
936713,1.0000
936737,1.0000
936772,1.0000
936773,1.0000
936775,1.0000
936785,1.0000
936795,1.0000
936810,1.0000
936824,1.0000
936827,1.0000
936841,1.0000
936868,1.0000
937480,1.0000
937492,1.0000
937495,1.0000
937496,1.0000
937641,1.0000
937647,1.0000
937655,1.0000
937664,1.0000
938989,1.0000
939006,1.0000
939462,1.0000
939644,1.0000
939660,1.0000
939699,1.0000
939795,1.0000
939830,1.0000
939834,1.0000
939911,1.0000
939916,1.0000
939950,1.0000
939961,1.0000
940005,1.0000
940007,1.0000
940008,1.0000
940009,1.0000
940014,1.0000
940021,1.0000
940079,1.0000
940081,1.0000
940082,1.0000
940088,1.0000
940239,1.0000
940250,1.0000
940255,1.0000
940256,1.0000
940260,1.0000
940274,1.0000
940280,1.0000
940282,1.0000
940297,1.0000
940328,1.0000
940352,1.0000
940353,1.0000
940354,1.0000
940360,1.0000
940361,1.0000
940362,1.0000
940363,1.0000
940391,1.0000
940392,1.0000
940393,1.0000
940398,1.0000
940399,1.0000
940402,1.0000
940403,1.0000
940467,1.0000
940469,1.0000
940470,1.0000
940542,1.0000
940555,1.0000
940556,1.0000
940579,1.0000
940581,1.0000
940582,1.0000
940583,1.0000
940584,1.0000
940588,1.0000
940589,1.0000
940591,1.0000
940600,1.0000
940624,1.0000
940633,1.0000
940635,1.0000
940636,1.0000
940638,1.0000
940639,1.0000
940661,1.0000
940696,1.0000
940697,1.0000
940699,1.0000
940712,1.0000
940714,1.0000
940715,1.0000
940719,1.0000
940733,1.0000
940744,1.0000
940769,1.0000
941022,1.0000
941298,1.0000
941319,1.0000
941509,1.0000
941677,1.0000
942374,1.0000
942571,1.0000
942680,1.0000
942732,1.0000
942770,1.0000
942792,1.0000
942839,1.0000
942846,1.0000
943313,1.0000
944236,1.0000
944260,1.0000
944267,1.0000
944269,1.0000
944318,1.0000
944319,1.0000
944448,1.0000
944529,1.0000
944533,1.0000
944539,1.0000
945946,1.0000
945948,1.0000
945953,1.0000
945957,1.0000
946036,1.0000
946052,1.0000
946056,1.0000
946172,1.0000
946174,1.0000
946177,1.0000
946194,1.0000
946195,1.0000
946204,1.0000
946205,1.0000
946206,1.0000
946208,1.0000
946242,1.0000
946261,1.0000
946275,1.0000
946278,1.0000
946279,1.0000
946280,1.0000
946310,1.0000
946313,1.0000
946314,1.0000
946329,1.0000
946338,1.0000
946424,1.0000
946425,1.0000
946426,1.0000
946718,1.0000
946890,1.0000
953574,1.0000
953893,1.0000
953896,1.0000
954817,1.0000
955814,1.0000
956608,1.0000
957328,1.0000
102109621,1.0000
118074272,1.0000
129453660,1.0000
129575132,1.0000
140573562,1.0000
142338522,1.0000
160324150,1.0000
165036608,1.0000
175249442,1.0000
234536207,1.0000
279432259,1.0000
298793906,1.0000
303754631,1.0000
319464846,1.0000
344330055,1.0000
379170143,1.0000
392026170,1.0000
397041555,1.0000
404805873,1.0000
431600445,1.0000
442398895,1.0000
442999519,1.0000
451851712,1.0000
455924920,1.0000
565883073,1.0000
581519998,1.0000
721595680,1.0000
759238041,1.0000
806836876,1.0000
835497339,1.0000
849794333,1.0000
909527113,1.0000
952799814,1.0000
954432908,1.0000
970740632,1.0000
1020257299,1.0000
1050003044,1.0000
1050003192,1.0000
1050005026,1.0000
1050011487,1.0000
1050013311,0.4286
1050013851,1.0000
1050014552,1.0000
1050015101,1.0000
1050031705,0.4286
1050032839,1.0000
1050038433,1.0000
1050045395,1.0000
1050046221,1.0000
1050074465,1.0000
1050078222,1.0000
1050078693,1.0000
1050080384,1.0000
1050088257,0.4286
1050091102,1.0000
1050091581,1.0000
1050098047,1.0000
1050100010,0.4286
1050102118,1.0000
1050111955,1.0000
1050112921,1.0000
1050115348,1.0000
1050115387,1.0000
1050119039,1.0000
1050123559,1.0000
1050126678,1.0000
1050128227,1.0000
1050128334,1.0000
1050135559,1.0000
1050138510,1.0000
1050139141,1.0000
1050145590,1.0000
1050151038,1.0000
1050151215,1.0000
1050156705,1.0000
1050160514,1.0000
1050160593,1.0000
1050163482,1.0000
1050166426,0.4286
1050169910,1.0000
1050174251,1.0000
1050186736,1.0000
1050189039,0.4286
1050190015,1.0000
1050192840,1.0000
1050194310,1.0000
1050195066,1.0000
1050198989,1.0000
1050202259,1.0000
1050202461,1.0000
1050203465,1.0000
1050206135,1.0000
1050211750,1.0000
1050213678,1.0000
1050215716,1.0000
1050229344,1.0000
1050233038,1.0000
1050239701,1.0000
1050248133,1.0000
1050251718,1.0000
1050263576,1.0000
1050268065,1.0000
1050274189,1.0000
1050280229,1.0000
1050291528,1.0000
1050291683,1.0000
1050303231,2.1429
1050306082,1.0000
1050313168,1.0000
1050335829,1.0000
1050349786,1.0000
1050350155,1.0000
1050364885,1.0000
1050366152,1.0000
1050374217,1.0000
1050379364,1.0000
1050380236,1.0000
1050390112,1.0000
1050403926,1.0000
1050413944,1.0000
1050416167,1.0000
1050441863,1.0000
1050443274,1.0000
1050448265,1.0000
1050452666,1.0000
1050455205,1.0000
1050460102,1.0000
1050480325,1.0000
1050493413,1.0000
1050496165,1.0000
1050496206,1.0000
1050515057,1.0000
1050563064,1.0000
1050573892,1.0000
1050591428,1.0000
1050607195,1.0000
1050615112,1.0000
1050632997,1.0000
1050636983,1.0000
1050655751,1.0000
1050660827,1.0000
1050669248,1.0000
1050673969,1.0000
1050687371,1.0000
1050693172,1.0000
1050730563,1.0000
1050731280,1.0000
1050754686,1.0000
1050765441,1.0000
1050786848,1.0000
1050796404,1.0000
1050796990,1.0000
1050815462,1.0000
1050815541,1.0000
1050815626,1.0000
1050859066,1.0000
1050866915,1.0000
1050880668,1.0000
1050910351,1.0000
1050931796,1.0000
1050936640,1.0000
1050937740,1.0000
1050938168,1.0000
1050938258,1.0000
1050961190,1.0000
1050983612,1.0000
1051013755,1.0000
1051045520,1.0000
1051054875,1.0000
1051058853,1.0000
1051059602,1.0000
1051062549,1.0000
1051069306,1.0000
1051089721,1.0000
1051134023,1.0000
1051168067,1.0000
1051195433,1.0000
1051207953,1.0000
1051211885,1.0000
1051236130,1.0000
1051236875,1.0000
1051296846,1.0000
1051322933,1.0000
1051323883,1.0000
1051333245,1.0000
1051347013,1.0000
1051352087,1.0000
1051356801,1.0000
1051358866,1.0000
1051364845,1.0000
1051367796,1.0000
1051479717,1.0000
1051504828,1.0000
1051547429,1.0000
1051563784,1.0000
1051565455,1.0000
1051573091,1.0000
1051589143,1.0000
1051642277,1.0000
1051645871,1.0000
1051670893,1.0000
1051686755,1.0000
1051705096,1.0000
1051727467,1.0000
1051738118,1.0000
1051792369,1.0000
1051807085,1.0000
1051811012,1.0000
1051816135,1.0000
1051853325,1.0000
1051920571,1.0000
1051928410,1.0000
1051967587,1.0000
1052002184,1.0000
1052063786,1.0000
1052066280,1.0000
1052108723,1.0000
1052197204,1.0000
1052255101,1.0000
1052256825,1.0000
1052272390,1.0000
1052280561,1.0000
1052289206,1.0000
1052290937,1.0000
1052308919,1.0000
1052500762,1.0000
1052521030,1.0000
1052546574,1.0000
1052809763,1.0000
1052844662,1.0000
1052878433,1.0000
1053002338,1.0000
1053078286,1.0000
1053121323,1.0000
1053125857,1.0000
1053171038,1.0000
1053251763,1.0000
1053329543,1.0000
1053526057,1.0000
1053549729,1.0000
1053563856,1.0000
1053591873,1.0000
1053644230,1.0000
1053658959,1.0000
1053771480,1.0000
1053775329,1.0000
1053801045,1.0000
1053839535,1.0000
1053915969,1.0000
1053952804,1.0000
1053955095,1.0000
1053964972,1.0000
1054019402,1.0000
1054086974,1.0000
1054123164,1.0000
1054141060,1.0000
1054282135,1.0000
1054369160,1.0000
1054401467,1.0000
1054482859,1.0000
1054486556,1.0000
1054498550,1.0000
1054499659,1.0000
1054540976,1.0000
1054556738,1.0000
1054652803,1.0000
1054727824,1.0000
1054769007,1.0000
1054870177,1.0000
1054922996,1.0000
1055052133,1.0000
1055089765,1.0000
1055139746,1.0000
1055278121,1.0000
1055333832,1.0000
1055491165,1.0000
1055551470,1.0000
1055633267,1.0000
1055738183,1.0000
1056014752,1.0000
1056119318,1.0000
1056290909,1.0000
1056561841,1.0000
1056801069,1.0000
1056972208,1.0000
1057035585,1.0000
1057259602,1.0000
1057442452,1.0000
1057471940,1.0000
1057576230,1.0000
1057615292,1.0000
1057841935,1.0000
1058082355,1.0000
1058174678,1.0000
1058211932,1.0000
1058243944,1.0000
1058841949,1.0000
1058881154,1.0000
1059707690,1.0000
1059968252,1.0000
1060266212,1.0000
1060436908,1.0000
1060484465,1.0000
1060515231,1.0000
1060561100,1.0000
1060570389,1.0000
1061030026,1.0000
1061389617,1.0000
1061501467,1.0000
1061606088,1.0000
1061901900,1.0000
1062512192,1.0000
1062970769,1.0000
1063126793,1.0000
1063303012,1.0000
1063757754,1.0000
1063973986,1.0000
1064464421,1.0000
1064623201,1.0000
1064653834,1.0000
1064786432,1.0000
1064876188,1.0000
1064911082,1.0000
1065618685,1.0000
1066208706,1.0000
1066271676,1.0000
1066481166,1.0000
1066525578,1.0000
1066778249,1.0000
1068560359,1.0000
1068978878,1.0000
1069108261,1.0000
1069765108,1.0000
1070727397,1.0000
1071635070,1.0000
1071789182,1.0000
1073128028,1.0000
1073191946,1.0000
1073526879,1.0000
1074160161,1.0000
1074529113,1.0000
1076768749,1.0000
1077651596,1.0000
1078099767,1.0000
1078333410,1.0000
1079026313,1.0000
1079514751,1.0000
1080143470,1.0000
1081918207,1.0000
1082561516,1.0000
1083561240,1.0000
1083604933,1.0000
1085548045,1.0000
1085870101,1.0000
1086968590,1.0000
1088357292,1.0000
1088491057,1.0000
1089092673,1.0000
1089996769,1.0000
1097885881,1.0000
1101500902,1.0000
1102491804,1.0000
1102730313,1.0000
1105041427,1.0000
1108992347,1.0000
1110657871,1.0000
1110706007,1.0000
1115836524,1.0000
1115917976,1.0000
1121362744,1.0000
1127183799,1.0000
1135668368,1.0000
1152491502,1.0000
1155010907,1.0000
1177500143,1.0000
1208726319,1.0000
1210412951,1.0000
1210579126,1.0000
1242820407,1.0000
1255339972,1.0000
1270395371,1.0000
1273331360,1.0000
1310068700,1.0000
1323625268,1.0000
1338931584,1.0000
1349927540,1.0000
1387178136,1.0000
1399810824,1.0000
1434599043,1.0000
1471062202,1.0000
