type,bodyId,hemilineage,side,nt,sign,from_legs,to_legs,interleg_syn,leg_out_syn,mn_direct_syn,total_out_syn,frac_interleg,contra_syn,ipsi_syn,diag_syn,top_pairs,class
IN12B002,903561,12B,R,gaba,-1,lm|rm|rh,lh|lm|lf,5952.3,7284.0,17.0,14289,0.417,1065.9,2674.6,2211.8,lm->lh lm->lf,both
IN07B002,800085,07B,L,acetylcholine,1,lf|rf|rh,rh|lm|rm|lh,5763.5,6837.0,1191.0,8251,0.699,1005.4,2349.4,2408.7,,both
IN12A001,800073,12A,R,acetylcholine,1,lf|lm,rm|rf|rh,5731.8,6539.0,1575.0,7981,0.718,1452.3,1430.3,2849.2,lf->rm lf->rf lf->rh,both
IN12B002,800030,12B,L,gaba,-1,lm|rh|rm,rh|rm,5608.7,6602.0,6.0,12278,0.457,1205.7,2075.2,2327.8,lm->rh lm->rm,both
IN12A001,800147,12A,L,acetylcholine,1,lf|lm|rf,lf|lm|lh,5375.2,6983.0,1681.0,8682,0.619,847.9,2848.0,1679.3,lf->lm lm->lf,both
IN07B002,800247,07B,R,acetylcholine,1,lf|lh,rh|lm|lh|rm,5305.1,6230.0,1234.0,7734,0.686,871.9,2222.2,2211.0,lf->rh,both
IN07B001,800053,07B,R,acetylcholine,1,rm|rf,lm|lh|rh,5254.8,6021.0,160.0,9394,0.559,1097.7,1885.1,2272.0,rm->lm rm->lh,both
IN27X001,800041,27X,R,gaba,-1,lf|rf,lm|lh|lf,5139.1,5854.0,22.0,10420,0.493,769.2,2208.2,2161.7,lf->lm lf->lh rf->lm,both
IN06B001,800062,06B,L,gaba,-1,lf|lm|rf,lm|rm|rh,5039.6,6054.0,0.0,9395,0.536,937.0,2053.7,2048.9,lf->lm,both
IN07B001,800051,07B,L,acetylcholine,1,lm|lf,rh|rm|lh,4823.7,5528.0,124.0,9252,0.521,900.7,1779.8,2143.2,lm->rh lm->rm,both
IN07B002,800171,07B,L,acetylcholine,1,rm|rh|lm,lm|rh|lh|lf|rm,4651.1,5759.0,887.0,6858,0.678,1067.8,1705.1,1878.2,,both
IN19A006,800174,19A,L,acetylcholine,1,lf,lm,4582.1,5135.0,46.0,5830,0.786,4.1,4510.9,67.1,lf->lm,ipsilateral
IN00A002,801755,00A,M,gaba,-1,rh|lh|rm,lm|lh|rh|rm,4403.9,5492.0,281.0,6513,0.676,1119.3,1657.8,1626.8,rh->lm,both
IN07B002,803210,07B,R,acetylcholine,1,lm|lh|rm,rh|lm|rm|lh|lf,4385.0,5468.0,932.0,6567,0.668,993.9,1794.7,1596.3,lm->rh,both
IN19B010,904022,19B,R,acetylcholine,1,rf,lh|lf|lm,4321.3,4356.0,306.0,6005,0.72,1074.8,176.2,3070.3,rf->lh rf->lf rf->lm,both
IN19A006,800531,19A,L,acetylcholine,1,lm,lh,4310.8,4746.0,31.0,5630,0.766,1.5,4259.8,49.5,lm->lh,ipsilateral
IN01A002,911967,01A,L,acetylcholine,1,lf,lh|rh|rm|lm,4144.3,4306.0,131.0,5168,0.802,519.6,1856.8,1768.0,lf->lh lf->rh lf->rm,both
IN19A006,804444,19A,R,acetylcholine,1,rm,rh,4016.6,4654.0,19.0,5076,0.791,5.0,3963.6,48.0,rm->rh,ipsilateral
IN12B002,800077,12B,L,gaba,-1,lm|rm|rh,rh|rm,3974.4,5105.0,289.0,9804,0.405,928.7,1817.7,1228.1,lm->rh rm->rh lm->rm,both
IN01A002,802438,01A,R,acetylcholine,1,rf|rm,rh|lh|lm|rm,3959.1,4275.0,131.0,5169,0.766,615.7,1599.6,1743.8,rf->rh rf->lh rf->lm,both
IN19B010,800022,19B,L,acetylcholine,1,lf|lm,rh|rm|rf,3950.1,4021.0,527.0,5176,0.763,838.2,167.4,2944.5,lf->rh lf->rm lm->rh,both
IN19A006,82663,19A,R,acetylcholine,1,rf,rm,3768.8,4157.0,28.0,4676,0.806,2.2,3722.0,44.5,rf->rm,ipsilateral
IN02A003,800844,02A,L,glutamate,-1,lh,lm,3608.2,3672.0,257.0,4876,0.74,5.6,3536.2,66.4,lh->lm,ipsilateral
IN03A001,800576,03A,L,acetylcholine,1,lh,lm,3555.9,3709.0,807.0,4978,0.714,7.1,3548.5,0.2,lh->lm,ipsilateral
IN07B006,800149,07B,R,acetylcholine,1,rm|lh|rf,lh|lm|lf,3469.4,4094.0,1320.0,4436,0.782,755.8,1152.5,1561.1,rm->lh rf->lh,both
INXXX025,800054,XXX (unassigned),L,acetylcholine,1,rh|lh,lm|lh|lf,3461.0,4110.0,653.0,5348,0.647,800.8,1196.6,1463.6,rh->lm rh->lh lh->lm,both
IN19A010,800860,19A,L,acetylcholine,1,lf,lm,3385.4,3449.0,1214.0,4078,0.83,0.1,3362.2,23.1,lf->lm,ipsilateral
IN12B002,800071,12B,R,gaba,-1,lh|rh,lm|lh|lf,3383.6,4200.0,83.0,9927,0.341,835.8,1283.6,1264.2,lh->lm rh->lm rh->lh,both
INXXX011,800267,XXX (unassigned),R,acetylcholine,1,rh|lh|rm,lh|rh,3377.7,5362.0,47.0,8101,0.417,2107.5,521.2,749.1,rh->lh lh->rh rm->lh,both
IN07B002,800398,07B,R,acetylcholine,1,lh|rh,lm|lf|rm|rh,3338.6,3936.0,662.0,5360,0.623,602.2,1404.4,1332.0,lh->lm lh->lf lh->rm,both
IN19A018,800525,19A,L,acetylcholine,1,lh,lm|lf,3316.1,3704.0,41.0,4607,0.72,28.5,3088.4,199.2,lh->lm lh->lf,ipsilateral
IN01A009,801067,01A,R,acetylcholine,1,lf,lm,3315.1,3686.0,185.0,4149,0.799,0.0,3315.1,0.0,lf->lm,ipsilateral
INXXX115,800697,XXX (unassigned),R,acetylcholine,1,rh,lh,3305.8,3926.0,312.0,4592,0.72,3024.1,28.3,253.3,rh->lh,contralateral
IN07B006,905415,07B,L,acetylcholine,1,lm|lf|rh,rh|rm,3255.2,3795.0,1228.0,4240,0.768,768.3,931.0,1556.0,lm->rh lm->rm lf->rh,both
IN12B002,800063,12B,R,gaba,-1,lm|rm|lh,lm|lh,3233.0,4653.0,153.0,10291,0.314,628.1,1809.4,795.5,lm->lh rm->lm rm->lh,both
INXXX003,800088,XXX (unassigned),R,gaba,-1,rf|lf,rm|lh|rh,3215.3,3541.0,106.0,6170,0.521,299.0,1586.5,1329.9,rf->rm rf->lh lf->rm,both
IN17A007,800283,17A,L,acetylcholine,1,lm,lh|lm,3214.8,5371.0,400.0,6386,0.503,75.6,2533.8,605.4,lm->lh lm->rh,ipsilateral
INXXX003,928274,XXX (unassigned),L,gaba,-1,lf|rf,lm|lh,3132.4,3503.0,138.0,6140,0.51,314.4,1664.5,1153.4,lf->lm lf->lh lf->rh,both
IN02A003,805169,02A,R,glutamate,-1,rh,rm,3072.2,3119.0,340.0,4091,0.751,0.4,3036.2,35.6,rh->rm,ipsilateral
IN08B001,903819,08B,R,acetylcholine,1,rf|rm,lm|lh|lf,3048.7,3164.0,783.0,5443,0.56,856.6,323.0,1869.1,rf->lm rf->lh rf->lf,both
IN19A012,800747,19A,L,acetylcholine,1,lf,lm,2997.7,3378.0,576.0,3853,0.778,24.7,2903.3,69.7,lf->lm,ipsilateral
IN03A009,801200,03A,L,acetylcholine,1,lm|lh,lh,2957.5,3630.0,12.0,3918,0.755,71.6,2527.5,358.4,lm->lh lm->rh,ipsilateral
IN12A001,800383,12A,L,acetylcholine,1,rm|lm,lm|lh,2950.6,4203.0,1353.0,4986,0.592,1198.9,935.7,816.0,rm->lm rm->lh lm->lh,both
IN01A009,800298,01A,L,acetylcholine,1,rm|rh,rh,2934.5,3513.0,62.0,3928,0.747,11.0,2862.5,61.0,rm->rh,ipsilateral
IN01A009,903487,01A,L,acetylcholine,1,rf,rm|rh,2929.7,3170.0,192.0,3605,0.813,0.7,2877.0,51.9,rf->rm rf->rh,ipsilateral
IN19A018,800529,19A,R,acetylcholine,1,rh,rm,2921.4,3303.0,20.0,3900,0.749,21.1,2659.9,240.4,rh->rm rh->rf,ipsilateral
IN01A009,800628,01A,R,acetylcholine,1,lm,lh,2912.1,3359.0,10.0,4070,0.715,13.7,2789.1,109.3,lm->lh,ipsilateral
IN19A019,800124,19A,L,acetylcholine,1,lh|lm,lm,2902.7,4721.0,277.0,5249,0.553,0.0,2902.7,0.0,lh->lm,ipsilateral
IN07B001,904587,07B,R,acetylcholine,1,rf|rm,lh|lm|rh,2899.7,2952.0,537.0,4099,0.707,317.0,736.5,1846.2,rf->lh rm->lh rf->lm,both
IN12B002,800246,12B,L,gaba,-1,lh|rh|rm,rm|rh,2895.0,3574.0,230.0,7528,0.385,711.3,1002.8,1180.9,lh->rm lh->rh rh->rm,both
IN19A010,805439,19A,R,acetylcholine,1,rm,rh,2893.4,2944.0,1526.0,3280,0.882,0.5,2846.4,46.5,rm->rh,ipsilateral
IN03A001,801421,03A,R,acetylcholine,1,rh,rm,2887.6,3056.0,735.0,3849,0.75,0.0,2887.6,0.0,rh->rm,ipsilateral
IN06B012,10581,06B,L,gaba,-1,lm|rm,lh|rh|lm,2884.1,3450.0,330.0,4805,0.6,551.7,1172.4,1160.1,,both
IN19A014,803501,19A,L,acetylcholine,1,lh|lm,lm,2861.9,3587.0,388.0,4328,0.661,78.9,2725.6,57.3,lh->lm,ipsilateral
IN10B004,800181,10B,R,acetylcholine,1,lh|lf|lm,lh,2842.5,4654.0,45.0,7243,0.392,125.8,2533.5,183.3,lf->lh lm->lh lh->lm,ipsilateral
IN03A009,801175,03A,L,acetylcholine,1,lf|lm,lm,2828.5,4553.0,28.0,4888,0.579,24.4,2757.8,46.3,lf->lm,ipsilateral
IN03A003,800021,03A,L,acetylcholine,1,lh,lm,2822.2,2962.0,187.0,6362,0.444,97.0,2584.3,140.9,lh->lm,ipsilateral
IN10B004,902553,10B,L,acetylcholine,1,rh|rm|rf,rh|rm,2810.1,4470.0,30.0,6327,0.444,89.5,2265.0,455.7,rm->rh rf->rh rh->rm,ipsilateral
IN07B104,800999,07B,R,glutamate,-1,rm,lm|lh,2798.4,2909.0,110.0,3746,0.747,1088.6,351.4,1358.4,rm->lm rm->lh,both
IN12A004,800472,12A,L,acetylcholine,1,lm,lh|rh|lm,2758.8,3583.0,69.0,5773,0.478,116.2,1931.1,711.5,lm->lh lm->rh,both
IN08B004,800503,08B,L,acetylcholine,1,lm|rm|lf,rm|rh,2749.7,3454.0,186.0,5180,0.531,807.5,780.9,1161.3,lm->rm lm->rh rm->rh,both
IN01A010,800449,01A,R,acetylcholine,1,lm,lh,2738.3,2889.0,13.0,5106,0.536,0.9,2674.3,63.1,lm->lh,ipsilateral
INXXX011,903564,XXX (unassigned),L,acetylcholine,1,lh|lm|rh,rh|lh,2717.6,3735.0,30.0,5981,0.454,1297.5,552.7,867.3,lh->rh lm->rh lm->lh,both
IN08B004,903855,08B,R,acetylcholine,1,lm|rm|rf,lm|lh,2643.8,3553.0,173.0,5441,0.486,820.8,774.4,1048.6,rm->lm lm->lh rm->lh,both
IN14B005,800234,14B,L,glutamate,-1,lh,rh,2637.5,2706.0,343.0,3004,0.878,2493.3,41.7,102.4,lh->rh,contralateral
IN07B002,800354,07B,L,acetylcholine,1,rh|lh,lm|rh|rm|lh,2635.1,3296.0,566.0,4550,0.579,643.7,1019.6,971.7,rh->lm rh->rm rh->lh,both
IN07B006,800313,07B,R,acetylcholine,1,rh|rm|lh,lh|lm|rh,2630.4,3192.0,68.0,4534,0.58,932.0,676.8,1021.6,rh->lh rh->lm rm->lh,both
IN08B001,800135,08B,L,acetylcholine,1,lf|lm,rm|rh|rf,2626.9,2737.0,613.0,4821,0.545,599.2,334.6,1693.1,lf->rm lf->rh lf->rf,both
IN00A002,800700,00A,M,gaba,-1,lh|rh|lm|rm,lm|rm|rh,2625.4,3194.0,5.0,5862,0.448,569.8,1031.4,1024.3,lh->lm rh->lm,both
IN07B104,801052,07B,L,glutamate,-1,lm|lf,rm|rh,2624.8,2736.0,127.0,3244,0.809,861.8,288.4,1474.5,lm->rm lm->rh lf->rm,both
IN19A012,903574,19A,R,acetylcholine,1,rf,rm,2600.9,2837.0,321.0,3225,0.806,113.3,2433.5,54.2,rf->rm,ipsilateral
IN17A007,800334,17A,R,acetylcholine,1,rm,rh|rm,2583.1,3971.0,279.0,4926,0.524,48.5,2042.0,492.6,rm->rh rm->lh,ipsilateral
IN07B001,800562,07B,L,acetylcholine,1,lf|lm,rh|lh|rm,2580.9,2619.0,295.0,4117,0.627,278.1,755.0,1547.8,lf->rh lm->rh lf->lh,both
INXXX025,800516,XXX (unassigned),R,acetylcholine,1,lh|rh,rm|rh|rf,2577.1,3139.0,593.0,4123,0.625,633.1,825.7,1118.3,lh->rm lh->rh rh->rm,both
IN23B001,800206,23B,R,acetylcholine,1,rf|rm,lm|rh|rm|lh|lf,2575.5,2873.0,123.0,3646,0.706,482.5,976.7,1116.3,rf->lm rf->rh rf->rm,both
IN07B006,800426,07B,L,acetylcholine,1,lh|lm,rh|rm|lh,2575.5,3109.0,168.0,4272,0.603,893.3,584.0,1098.1,lh->rh lh->rm,both
IN23B001,800373,23B,L,acetylcholine,1,lf|lm,rh|rm|lh|lm,2573.6,2743.0,192.0,3621,0.711,368.0,855.2,1350.5,lf->rh lf->rm lf->lh,both
IN19A012,800838,19A,L,acetylcholine,1,lm,lh,2564.0,2971.0,401.0,3592,0.714,69.2,2142.1,352.7,lm->lh lm->rh,ipsilateral
IN19A010,800188,19A,L,acetylcholine,1,lm,lh,2557.1,2662.0,1201.0,3337,0.766,0.1,2540.1,16.9,lm->lh,ipsilateral
IN00A002,800477,00A,M,gaba,-1,rh|lh,rh|lh|rm|lm,2540.6,3612.0,5.0,4918,0.517,1052.2,748.0,740.4,lh->rh rh->lh rh->rm,both
IN06B012,800473,06B,R,gaba,-1,rm|rh,rh|rm|lh|lf,2527.6,3084.0,233.0,4310,0.586,489.7,1007.9,1030.1,rm->rh rm->lh rm->lf,both
IN02A003,800672,02A,L,glutamate,-1,lm,lf,2517.8,2666.0,114.0,4458,0.565,7.1,2265.8,244.9,lm->lf,ipsilateral
IN19A014,800907,19A,R,acetylcholine,1,rh|rm,rm,2508.2,3122.0,396.0,3659,0.685,80.7,2355.4,72.1,rh->rm,ipsilateral
IN19A009,805626,19A,R,acetylcholine,1,rm,rh,2502.0,2735.0,216.0,3469,0.721,4.8,2340.2,157.0,rm->rh,ipsilateral
IN19A010,801006,19A,R,acetylcholine,1,rf,rm,2482.1,2553.0,655.0,2990,0.83,10.1,2446.6,25.4,rf->rm,ipsilateral
IN14B005,801356,14B,R,glutamate,-1,rh,lh,2477.1,2589.0,138.0,3319,0.746,2283.0,43.9,150.3,rh->lh,contralateral
IN12A003,800631,12A,L,acetylcholine,1,lf|lm,lm|lh,2475.3,2865.0,587.0,3818,0.648,8.9,2410.6,55.8,lf->lm lf->lh,ipsilateral
IN19A019,1068560359,19A,R,acetylcholine,1,rh|rm,rm,2454.7,3584.0,202.0,3960,0.62,38.5,2386.5,29.7,rh->rm,ipsilateral
IN19A012,804914,19A,R,acetylcholine,1,rm,rh,2436.4,2779.0,274.0,3306,0.737,20.8,2163.1,252.5,rm->rh,ipsilateral
IN07B007,800271,07B,L,glutamate,-1,lh,rh|lm|rm,2420.8,2745.0,81.0,4715,0.513,826.5,997.8,596.5,lh->rh lh->lm lh->rm,both
IN19B021,801077,19B,R,acetylcholine,1,rh|lh,lh,2409.7,3502.0,140.0,4293,0.561,2115.6,75.5,218.6,rh->lh,contralateral
IN07B010,800002,07B,L,acetylcholine,1,lm|lf,rh|rm,2403.8,2797.0,346.0,3752,0.641,469.6,495.1,1439.1,lm->rh lf->rh lm->rm,both
INXXX115,801268,XXX (unassigned),L,acetylcholine,1,lh,rh,2395.2,2784.0,235.0,3141,0.763,2162.7,28.0,204.5,lh->rh,contralateral
INXXX062,801098,XXX (unassigned),L,acetylcholine,1,lh|lm|rh,lf|lm,2392.2,2832.0,34.0,3518,0.68,89.2,1707.6,595.5,lh->lf lh->lm lm->lf,ipsilateral
IN19A009,800921,19A,R,acetylcholine,1,rf,rm,2367.5,2503.0,200.0,2981,0.794,2.5,2291.0,74.0,rf->rm,ipsilateral
IN07B007,800315,07B,R,glutamate,-1,rh,rm|lh|lm,2355.6,2774.0,95.0,5196,0.453,718.2,943.8,693.5,rh->rm rh->lh rh->lm,both
IN27X005,800042,27X,L,gaba,-1,lm|rm,rm|lm|lh,2342.8,2914.0,16.0,8603,0.272,568.3,889.5,885.0,,both
IN19B021,800070,19B,R,acetylcholine,1,rh|lh,lh,2329.9,3307.0,141.0,4088,0.57,1995.9,79.7,254.3,rh->lh,contralateral
IN19A009,800506,19A,L,acetylcholine,1,lf,lm,2329.3,2467.0,180.0,3268,0.713,3.4,2207.0,118.9,lf->lm,ipsilateral
IN18B006,800464,18B,R,acetylcholine,1,rh,lh|rh,2311.9,3570.0,1565.0,3927,0.589,2247.4,34.6,29.9,rh->lh,contralateral
IN12A003,800846,12A,R,acetylcholine,1,rf|rm,rh|rm,2302.1,2630.0,418.0,3324,0.693,94.0,2067.0,141.1,rf->rh rf->rm rm->rh,ipsilateral
IN10B001,800033,10B,R,acetylcholine,1,rf,lf|rm|lm,2258.2,2481.0,0.0,7374,0.306,716.6,739.8,801.8,rf->lf rf->rm rf->lm,both
IN19B004,905025,19B,L,acetylcholine,1,lh,rh,2257.3,2627.0,841.0,3167,0.713,2229.7,11.1,16.5,lh->rh,contralateral
IN06B018,902275,06B,R,gaba,-1,lm|lh|rm,lf|lm,2247.1,2702.0,167.0,4787,0.469,319.0,1169.9,758.1,lm->lf lh->lf rm->lf,both
IN07B010,802951,07B,R,acetylcholine,1,rm,lh|lm,2243.5,2685.0,434.0,3965,0.566,565.8,696.2,981.5,rm->lh rm->lm,both
INXXX036,800121,XXX (unassigned),R,acetylcholine,1,rf|lf,lf,2240.8,3222.0,367.0,3635,0.616,2144.2,17.1,79.4,rf->lf,contralateral
IN01A010,800895,01A,L,acetylcholine,1,rm,rh,2238.2,2299.0,17.0,3621,0.618,0.0,2150.6,87.6,rm->rh,ipsilateral
INXXX023,904800,XXX (unassigned),L,acetylcholine,1,lm|rh|lh,rh|rm,2237.9,2661.0,926.0,4136,0.541,742.0,344.2,1151.6,lm->rh lh->rh lm->rm,both
IN01A010,801104,01A,R,acetylcholine,1,lf,lm,2221.1,2346.0,38.0,3960,0.561,1.1,2180.8,39.1,lf->lm,ipsilateral
IN01A023,801084,01A,R,acetylcholine,1,lh|rh,lh,2202.3,4386.0,1112.0,4690,0.47,1483.3,196.8,522.1,rh->lh rm->lh lh->rh,both
IN12A004,803679,12A,R,acetylcholine,1,rm|rh,rh|lh|rm,2199.6,2924.0,49.0,4396,0.5,196.3,1412.4,591.0,rm->rh rm->lh,both
IN10B001,800037,10B,L,acetylcholine,1,lf,rm|rf|rh,2197.6,2353.0,0.0,7346,0.299,485.9,508.0,1203.7,lf->rm lf->rf lf->rh,both
IN27X005,914445,27X,R,gaba,-1,lm|rm|rh,rm|rh|lh,2196.4,2687.0,7.0,8109,0.271,503.8,848.4,844.2,,both
IN07B006,801049,07B,R,acetylcholine,1,rh,lh|rh,2182.8,2652.0,132.0,3624,0.602,1877.6,52.7,252.5,rh->lh rm->lh,contralateral
IN19B021,801251,19B,L,acetylcholine,1,lh|rh,rh,2169.3,2943.0,139.0,3547,0.612,1993.5,28.1,147.7,lh->rh,contralateral
IN07B012,801576,07B,R,acetylcholine,1,rm|rf,lh|lm,2161.6,2319.0,243.0,2928,0.738,596.5,332.9,1232.1,rm->lh rm->lm,both
IN19B004,800731,19B,R,acetylcholine,1,rh,lh,2145.7,2580.0,613.0,3754,0.572,2079.0,6.5,60.3,rh->lh,contralateral
IN09A009,801656,09A,L,gaba,-1,lh,lm,2139.2,2423.0,16.0,3012,0.71,0.6,2134.2,4.4,lh->lm,ipsilateral
IN09A009,903222,09A,R,gaba,-1,rh,rm,2136.3,2423.0,26.0,2903,0.736,0.0,2136.3,0.0,rh->rm,ipsilateral
IN19B011,903300,19B,R,acetylcholine,1,rf,lm|lh|rh,2129.0,2205.0,184.0,2920,0.729,210.0,638.5,1280.6,rf->lm rf->lh rf->rh,both
IN05B003,800343,05B,L,gaba,-1,rh|lf|lm,lm|rm|lf,2117.0,2560.0,5.0,5047,0.419,404.2,863.1,849.7,,both
IN02A003,800785,02A,R,glutamate,-1,rm,rf,2113.1,2234.0,112.0,3682,0.574,38.1,1748.1,326.9,rm->rf rm->lf,ipsilateral
IN01A005,801706,01A,R,acetylcholine,1,lf|lm,lm,2091.7,2624.0,11.0,3632,0.576,152.3,1667.9,271.6,lf->lm,ipsilateral
IN03A009,801857,03A,R,acetylcholine,1,rf|rm,rm,2090.3,3331.0,82.0,3627,0.576,3.2,2085.3,1.8,rf->rm,ipsilateral
IN07B007,800566,07B,L,glutamate,-1,lm,rh|rm|lh|lf,2089.0,2335.0,50.0,4147,0.504,492.3,831.6,765.0,lm->rh lm->rm lm->lh,both
IN01A010,801449,01A,L,acetylcholine,1,rf,rm,2078.0,2223.0,44.0,3233,0.643,3.7,1948.1,126.2,rf->rm,ipsilateral
IN07B007,800654,07B,R,glutamate,-1,rm,rh|lm|lh,2075.3,2386.0,74.0,4028,0.515,588.6,902.9,583.9,rm->rh rm->lm rm->lh,both
IN14B001,801116,14B,R,gaba,-1,rm|rf,lm|lh,2056.1,2092.0,795.0,2789,0.737,746.2,50.7,1259.2,rm->lm rm->lh rf->lm,both
IN04B001,800125,04B,L,acetylcholine,1,lh,lm|lh,2050.6,2597.0,369.0,5560,0.369,279.4,1546.2,225.0,lh->lm lh->rh,ipsilateral
IN19B011,800142,19B,L,acetylcholine,1,lf,rm|rh|lh,2048.6,2127.0,278.0,2723,0.752,153.2,460.0,1435.3,lf->rm lf->rh lf->lh,both
IN18B021,801748,18B,R,acetylcholine,1,rh|lh,lh,2039.0,2965.0,240.0,3344,0.61,1846.9,50.2,141.9,rh->lh,contralateral
IN18B018,801913,18B,R,acetylcholine,1,rm|lm|rf|lh,lh|lm,2026.2,2513.0,72.0,2943,0.688,327.9,793.3,905.1,rm->lh lm->lh rf->lh,both
IN19A027,801278,19A,L,acetylcholine,1,lm,lh|rh|lm,2011.9,2487.0,237.0,3170,0.635,16.0,1455.9,540.0,lm->lh lm->rh,ipsilateral
IN12A001,903429,12A,R,acetylcholine,1,rm|lm,rm|rh,1999.3,3343.0,1073.0,4189,0.477,668.2,877.8,453.4,rm->rh lm->rm lm->rh,both
IN09A004,800059,09A,L,gaba,-1,lh|lm,lm,1996.7,3118.0,589.0,3495,0.571,5.7,1987.7,3.3,lh->lm,ipsilateral
IN06A028,801953,06A,R,gaba,-1,rm,lh|rh,1992.7,2055.0,0.0,2997,0.665,23.1,416.9,1552.7,rm->lh rm->rh,both
IN03A005,801474,03A,L,acetylcholine,1,lm|lh,lf,1979.6,2080.0,61.0,2279,0.869,4.1,1880.7,94.8,lm->lf lh->lf,ipsilateral
IN03A001,800459,03A,L,acetylcholine,1,lm,lf,1958.3,2005.0,480.0,3079,0.636,1.7,1732.5,224.1,lm->lf lm->rf,ipsilateral
IN19B005,801261,19B,R,acetylcholine,1,rf,lf,1937.8,1959.0,119.0,2185,0.887,1396.4,188.1,353.4,rf->lf rf->lm,contralateral
IN07B007,800004,07B,R,glutamate,-1,rf,lm|lf|rm,1933.1,2100.0,42.0,3547,0.545,507.9,635.1,790.1,rf->lm rf->lf rf->rm,both
INXXX036,800567,XXX (unassigned),L,acetylcholine,1,lf,rf,1926.0,2348.0,378.0,2752,0.7,1868.0,7.8,50.3,lf->rf,contralateral
INXXX029,800829,XXX (unassigned),L,acetylcholine,1,lf|rf,lm|lf|lh,1923.1,2337.0,291.0,3018,0.637,277.1,962.1,683.9,lf->lm rf->lm lf->lh,both
INXXX029,800956,XXX (unassigned),R,acetylcholine,1,lf,rh|rm,1905.7,2160.0,425.0,2858,0.667,289.7,491.6,1124.4,lf->rh lf->rm,both
IN01A005,801646,01A,R,acetylcholine,1,lm,lh|lm,1902.7,2266.0,76.0,3205,0.594,27.2,1817.7,57.8,lm->lh,ipsilateral
INXXX048,801508,XXX (unassigned),R,acetylcholine,1,rh,lh|lm,1897.8,2018.0,113.0,2936,0.646,1219.2,43.3,635.4,rh->lh rh->lm,both
IN07B008,800308,07B,R,glutamate,-1,rm|rf|rh,lh|lm|lf,1883.9,1951.0,74.0,2769,0.68,560.9,242.1,1081.0,rm->lh rm->lm,both
IN18B006,800910,18B,L,acetylcholine,1,lh,rh|lh,1876.8,2672.0,1166.0,3284,0.571,1846.8,24.4,5.6,lh->rh,contralateral
IN19B021,801783,19B,L,acetylcholine,1,lh|rh,rh,1863.2,2408.0,146.0,2840,0.656,1595.8,52.9,214.4,lh->rh,contralateral
IN12B005,801432,12B,L,gaba,-1,lf|lm|lh,rh|rm,1860.8,1948.0,294.0,2995,0.621,450.9,200.7,1209.1,lf->rh lm->rh lh->rh,both
IN07B009,800311,07B,R,glutamate,-1,rh,lm|lh,1860.0,1981.0,98.0,2606,0.714,646.5,283.2,930.3,rh->lm rh->lh rh->lf,both
IN01A005,801502,01A,L,acetylcholine,1,rm,rh,1848.2,2173.0,75.0,3068,0.602,13.9,1766.9,67.4,rm->rh,ipsilateral
IN05B003,800262,05B,R,gaba,-1,rh|rm,rm|lm|rh|lh,1847.6,2280.0,5.0,4524,0.408,413.6,725.2,708.7,,both
IN14B004,800880,14B,R,glutamate,-1,rf,lf|lm,1831.0,2014.0,11.0,2188,0.837,898.4,152.9,779.7,rf->lf rf->lm,both
IN09A004,801129,09A,R,gaba,-1,rh|rm,rm,1829.4,2755.0,503.0,3011,0.608,40.4,1769.4,19.6,rh->rm,ipsilateral
IN01A007,801286,01A,L,acetylcholine,1,rm,rh|rm,1827.6,2338.0,253.0,3382,0.54,4.5,1768.8,54.3,rm->rh,ipsilateral
IN07B013,801113,07B,R,glutamate,-1,rh,lm|lf,1826.0,1945.0,5.0,3125,0.584,297.8,117.0,1411.2,rh->lm rh->lf rh->lh,both
IN14B001,801171,14B,L,gaba,-1,lm|lf,rm|rh,1816.8,1840.0,744.0,2432,0.747,586.2,86.4,1144.2,lm->rm lm->rh lf->rm,both
IN03A012,802233,03A,L,acetylcholine,1,lh|lm,lm,1814.6,2397.0,28.0,2888,0.628,1.0,1809.6,4.0,lh->lm,ipsilateral
IN19B030,802489,19B,R,acetylcholine,1,rh,lh|lm|rh,1800.9,2306.0,843.0,2561,0.703,971.2,65.7,764.1,rh->lh rh->lm rh->lf,both
IN19B027,800996,19B,R,acetylcholine,1,rh|lh,lh,1800.6,2643.0,276.0,3071,0.586,1701.2,21.7,77.7,rh->lh,contralateral
INXXX022,800182,XXX (unassigned),R,acetylcholine,1,rh,lh|lm,1798.2,1876.0,367.0,2357,0.763,1349.6,29.7,418.9,rh->lh rh->lm,contralateral
IN01A008,800432,01A,L,acetylcholine,1,lf|lm|lh,rh|lh|rm,1792.6,2020.0,311.0,3049,0.588,347.3,544.5,900.8,lf->rh lm->rh lf->lh,both
IN07B008,800969,07B,L,glutamate,-1,lm|lf|lh,rm|rh|lh,1790.8,1876.0,79.0,2631,0.681,544.3,382.4,864.1,lm->rm lm->rh lm->lh,both
IN17A001,800003,17A,L,acetylcholine,1,lh,lh,1783.1,8077.0,93.0,10252,0.174,597.3,1027.1,158.7,lh->lm lh->rh lm->lh,both
INXXX066,902796,XXX (unassigned),L,acetylcholine,1,lh,rh,1776.1,2052.0,727.0,2267,0.783,1630.7,4.4,141.0,lh->rh,contralateral
IN03A009,934618,03A,R,acetylcholine,1,rm|rh,rh,1773.9,2195.0,6.0,2370,0.748,74.1,1511.1,188.7,rm->rh rm->lh,ipsilateral
IN07B006,902512,07B,L,acetylcholine,1,lh,rh|lh,1748.8,2126.0,164.0,2922,0.599,1648.1,35.3,65.5,lh->rh,contralateral
IN07B012,800144,07B,L,acetylcholine,1,lf|lm,rh|rm,1743.3,1874.0,124.0,2266,0.769,381.9,380.6,980.8,lf->rh lm->rh lf->rm,both
IN19B011,800807,19B,R,acetylcholine,1,rm,lh|lm|rh,1740.1,1760.0,206.0,2987,0.583,541.1,391.0,808.0,rm->lh rm->lm rm->rh,both
IN06B018,800244,06B,L,gaba,-1,rm|rh|lm|lh,rf|rm,1737.5,2057.0,104.0,3776,0.46,280.2,815.1,642.2,rm->rf rh->rf lm->rf,both
IN19A009,801318,19A,L,acetylcholine,1,lm,lh,1737.5,1954.0,115.0,3178,0.547,4.1,1553.5,179.9,lm->lh lm->rh,ipsilateral
INXXX035,903727,XXX (unassigned),R,gaba,-1,rh|lh,lh|rh,1737.3,2632.0,6.0,4694,0.37,1513.5,88.9,134.8,rh->lh,contralateral
IN06B008,800595,06B,R,gaba,-1,rh|lm|rm,lm|rh|rm|lh,1733.1,2191.0,159.0,3242,0.535,418.2,578.7,736.2,rh->lm,both
IN01A008,800018,01A,R,acetylcholine,1,rm|rh|lh,lh|rh|lm,1731.7,2168.0,300.0,3478,0.498,603.7,474.7,653.3,rm->lh rh->lh rm->rh,both
INXXX048,801673,XXX (unassigned),L,acetylcholine,1,lh,rh|rm,1729.8,1828.0,103.0,2362,0.732,1149.6,12.4,567.8,lh->rh lh->rm,both
IN06B008,800254,06B,L,gaba,-1,rh|lh|lm,rh|lm|rm|lh,1728.4,2125.0,107.0,3393,0.509,393.6,662.5,672.3,,both
IN14B004,802317,14B,L,glutamate,-1,lf,rf|rm,1711.4,1809.0,8.0,2024,0.846,771.5,86.7,853.2,lf->rf lf->rm,both
IN05B012,800455,05B,R,gaba,-1,rh|lh|lm,rh|lh|rm,1711.1,2246.0,0.0,7160,0.239,560.1,568.2,582.9,lh->rh rh->lh lm->rh,both
IN05B005,802181,05B,R,gaba,-1,rh|lm|rm,lh|lm|rh|rm,1708.9,2086.0,0.0,5136,0.333,374.2,659.1,675.6,,both
IN03A003,800742,03A,R,acetylcholine,1,rh,rm,1699.2,1874.0,97.0,3998,0.425,54.1,1637.2,7.9,rh->rm,ipsilateral
IN01A023,808289,01A,L,acetylcholine,1,rh|lh,rh,1692.7,3713.0,1127.0,3933,0.43,1350.8,96.5,245.5,lh->rh rh->lh,contralateral
IN09A004,800922,09A,L,gaba,-1,lm|lf,lf,1690.2,2382.0,393.0,2827,0.598,12.7,1663.7,13.8,lm->lf,ipsilateral
IN12A011,801451,12A,L,acetylcholine,1,lf|lm,lm|lh,1687.8,1944.0,57.0,2487,0.679,5.3,1607.8,74.7,lf->lm lf->lh,ipsilateral
IN19A019,800090,19A,L,acetylcholine,1,lm|lf,lf,1685.1,2213.0,147.0,2669,0.631,15.4,1594.6,75.2,lm->lf,ipsilateral
INXXX023,902476,XXX (unassigned),R,acetylcholine,1,lh|rh|rm,lh|lm,1682.8,2189.0,646.0,4156,0.405,546.6,439.0,697.2,lh->lm rh->lh rh->lm,both
IN03B025,801105,03B,L,gaba,-1,lh,lm|lh|lf,1672.1,2509.0,41.0,3137,0.533,42.1,1501.4,128.6,lh->lm lh->lf,ipsilateral
IN19B011,800796,19B,L,acetylcholine,1,lm,rh|rm|lh,1663.3,1667.0,231.0,2367,0.703,477.5,306.3,879.5,lm->rh lm->rm lm->lh,both
IN07B014,802017,07B,L,acetylcholine,1,lf,lm|lh,1663.1,1667.0,560.0,1948,0.854,0.0,1604.3,58.7,lf->lm lf->lh,ipsilateral
INXXX062,800641,XXX (unassigned),L,acetylcholine,1,rh|lh,lf|lm,1661.2,1814.0,7.0,2725,0.61,125.0,733.3,802.9,rh->lf lh->lf rh->lm,both
IN19A027,805703,19A,R,acetylcholine,1,rm,rh|lh|rm,1658.7,2120.0,380.0,2769,0.599,15.5,1200.7,442.5,rm->rh rm->lh,ipsilateral
IN19A014,800170,19A,L,acetylcholine,1,lm,lf,1658.5,1772.0,44.0,1995,0.831,12.8,1436.0,209.6,lm->lf,ipsilateral
IN19B027,801156,19B,L,acetylcholine,1,lh|rh,rh,1654.0,2226.0,219.0,2646,0.625,1567.6,6.9,79.6,lh->rh,contralateral
IN12B005,801478,12B,R,gaba,-1,rf|rm|rh,lh|lm,1651.4,1692.0,217.0,3317,0.498,404.4,78.8,1168.1,rf->lh rm->lh rh->lh,both
IN07B009,801047,07B,L,glutamate,-1,lh|lm,rm|rh,1647.1,1769.0,116.0,2271,0.725,595.8,215.5,835.8,lh->rm lh->rh,both
IN06B008,802681,06B,L,gaba,-1,rh|lm|lh,rh|rm|lm,1643.3,2036.0,107.0,3329,0.494,365.4,632.7,645.2,,both
IN18B031,802471,18B,R,acetylcholine,1,rm|lm,lm,1642.1,2273.0,211.0,2815,0.583,1611.1,12.6,18.4,rm->lm,contralateral
IN09A009,800458,09A,L,gaba,-1,lm,lf,1632.5,1903.0,8.0,2154,0.758,18.0,1554.5,60.0,lm->lf,ipsilateral
INXXX107,800123,XXX (unassigned),R,acetylcholine,1,rh|lh,lm|lh,1632.1,1788.0,921.0,1938,0.842,610.4,256.9,764.8,rh->lm rh->lh,both
IN07B009,934591,07B,R,glutamate,-1,rm|rf,lm|lh|rh|lf,1630.3,1726.0,70.0,2757,0.591,461.9,365.4,803.0,rm->lm rf->lm rm->lh,both
IN18B014,802411,18B,R,acetylcholine,1,rf|lf,lm|lf,1622.5,1909.0,113.0,2150,0.755,504.1,299.9,818.5,rf->lm rf->lf lf->lm,both
INXXX062,800723,XXX (unassigned),R,acetylcholine,1,rh|lh,rf|rm,1622.4,1792.0,0.0,2249,0.721,209.7,815.8,597.0,rh->rf rh->rm lh->rf,both
IN05B010,800026,05B,R,gaba,-1,lm|lh|lf,lm|lh|lf,1621.1,2563.0,0.0,9710,0.167,46.1,1511.1,63.9,lm->lh lh->lm lf->lm,ipsilateral
IN12A003,802062,12A,L,acetylcholine,1,lm,lh|rh,1618.0,1843.0,84.0,2414,0.67,4.1,1279.0,334.9,lm->lh lm->rh,ipsilateral
IN05B012,800378,05B,L,gaba,-1,lh|rh|lm,rh|lh|rm,1616.5,2156.0,0.0,7081,0.228,558.9,516.7,540.9,lh->rh rh->lh,both
IN18B018,801977,18B,L,acetylcholine,1,lf|lm|rm|rh,rh|rm,1616.5,1969.0,93.0,2412,0.67,196.7,438.7,981.1,lf->rh lm->rh rm->rh,both
IN01A020,923228,01A,R,acetylcholine,1,lm|lh,lm,1609.9,2960.0,923.0,3941,0.408,109.9,805.9,694.0,lh->lm rf->lm rh->lm,both
IN07B012,801072,07B,R,acetylcholine,1,rf|rm|lm,lm|lh|lf,1605.7,1748.0,189.0,2747,0.585,392.0,209.0,1004.7,rf->lm rf->lh rf->lf,both
IN19B030,802368,19B,L,acetylcholine,1,lh,rh|lh|rm,1591.5,1994.0,621.0,2262,0.704,1060.7,49.9,480.9,lh->rh lh->rm lh->rf,both
IN17A007,902679,17A,L,acetylcholine,1,lf|lm,lm|lf,1581.3,2753.0,183.0,3421,0.462,70.0,1482.3,29.0,lf->lm lm->lf,ipsilateral
IN10B012,800900,10B,R,acetylcholine,1,rh|lh,lh,1580.8,2344.0,0.0,3195,0.495,1060.6,232.9,287.4,rh->lh rh->lm,both
IN04B001,800221,04B,R,acetylcholine,1,rh,rm|rh,1580.4,2514.0,438.0,5038,0.314,224.3,1236.3,119.8,rh->rm rh->lh,ipsilateral
IN03A005,801674,03A,R,acetylcholine,1,rm,rf,1572.7,1689.0,20.0,1897,0.829,4.4,1495.3,73.0,rm->rf rh->rf,ipsilateral
IN18B014,905447,18B,L,acetylcholine,1,lf,rm|rf,1570.9,1677.0,129.0,1874,0.838,402.5,167.4,1001.1,lf->rm lf->rf,both
IN14B005,803323,14B,R,glutamate,-1,rf,lf|lm,1559.3,1658.0,159.0,2218,0.703,1211.3,33.7,314.3,rf->lf rf->lm,contralateral
IN05B005,800258,05B,L,gaba,-1,rm|rh|lm,rh|rm|lm|lh,1555.2,1890.0,0.0,5071,0.307,323.0,616.7,615.5,,both
IN06A028,801749,06A,L,gaba,-1,lm|lh|rh|lf,rh|lh,1552.4,1931.0,0.0,2573,0.603,529.5,185.8,837.1,lm->rh lh->rh lf->rh,both
IN01A007,810755,01A,R,acetylcholine,1,lf|lm,lm,1541.7,2005.0,352.0,2849,0.541,0.0,1541.7,0.0,lf->lm,ipsilateral
IN14B006,905514,14B,R,gaba,-1,rh,lh,1537.8,1751.0,692.0,1963,0.783,1382.6,21.8,133.4,rh->lh,contralateral
IN09A004,800833,09A,R,gaba,-1,rm|rf,rf|rm,1532.2,2257.0,172.0,2547,0.602,57.8,1428.4,46.0,rm->rf,ipsilateral
IN01A007,801188,01A,R,acetylcholine,1,lm,lh|lm,1529.1,2059.0,209.0,3255,0.47,5.5,1494.5,29.1,lm->lh,ipsilateral
IN07B014,802779,07B,R,acetylcholine,1,rf,rh|rm,1529.0,1547.0,529.0,1707,0.896,1.1,1451.0,76.9,rf->rh rf->rm,ipsilateral
INXXX083,903801,XXX (unassigned),R,acetylcholine,1,rm,lm|rm,1527.1,1907.0,376.0,2575,0.593,1463.1,25.4,38.6,rm->lm,contralateral
IN03A012,812592,03A,R,acetylcholine,1,rh|rm,rm,1519.9,1962.0,10.0,2319,0.655,8.7,1400.9,110.3,rh->rm,ipsilateral
IN19A014,800214,19A,R,acetylcholine,1,rm,rf,1510.7,1543.0,18.0,1884,0.802,16.4,1310.5,183.8,rm->rf,ipsilateral
IN18B021,802214,18B,R,acetylcholine,1,rh|lh,lh,1494.2,1868.0,102.0,2227,0.671,1361.6,9.2,123.5,rh->lh,contralateral
IN17A001,800009,17A,L,acetylcholine,1,lm,lm,1489.0,9158.0,126.0,11494,0.13,25.0,1464.0,0.0,lm->lh lm->lf,ipsilateral
IN06B008,801014,06B,R,gaba,-1,lh|lm,lm|rh|lh,1487.8,1871.0,93.0,3125,0.476,369.5,611.9,506.4,lh->lm lh->rh,both
IN07B013,800771,07B,L,glutamate,-1,lh,rm|rf|rh,1481.2,1634.0,0.0,2516,0.589,351.6,103.9,1025.7,lh->rm lh->rf lh->rh,both
IN01A005,801667,01A,L,acetylcholine,1,rf|rm,rm,1470.2,1960.0,24.0,2716,0.541,203.4,1086.6,180.2,rf->rm rf->lf,ipsilateral
INXXX035,803440,XXX (unassigned),L,gaba,-1,lh,rh|lh,1466.5,2214.0,17.0,4248,0.345,1167.6,121.7,177.2,lh->rh,contralateral
IN17A001,800173,17A,L,acetylcholine,1,lf,lf,1461.1,6341.0,68.0,7952,0.184,662.9,786.1,12.1,lf->lm lf->rf,both
IN03B020,801532,03B,R,gaba,-1,rf,lm|rh|lh|rm,1453.1,1516.0,0.0,3509,0.414,187.9,603.7,661.6,rf->lm rf->rh rf->lh,both
LBL40,801246,-,L,acetylcholine,1,lm|rh|lh,rh|lh,1443.4,2038.0,235.0,2219,0.65,577.3,151.9,714.3,lm->rh lh->rh,both
IN18B016,801625,18B,R,acetylcholine,1,rm|rh,lm|lh,1440.1,1530.0,139.0,2187,0.658,538.7,274.9,626.5,rm->lm rm->lh rm->rh,both
INXXX022,802337,XXX (unassigned),L,acetylcholine,1,lh,rh|rm,1431.6,1496.0,381.0,1854,0.772,1151.0,25.7,255.0,lh->rh lh->rm,contralateral
IN18B012,801523,18B,R,acetylcholine,1,rm,lm|lh,1420.3,1493.0,33.0,2900,0.49,656.7,72.6,691.0,rm->lm rm->lh rm->lf,both
IN03B015,801865,03B,L,gaba,-1,lm|lf,lh|lm,1418.6,2218.0,13.0,3173,0.447,8.2,1255.6,154.8,lm->lh lf->lh lf->lm,ipsilateral
IN03B020,800314,03B,L,gaba,-1,lf,rh|rm|lh|lm,1412.5,1444.0,0.0,3421,0.413,56.7,625.5,730.3,lf->rh lf->rm lf->lh,both
INXXX095,801060,XXX (unassigned),R,acetylcholine,1,rh,lh|rh,1406.9,1815.0,5.0,4745,0.296,1208.3,58.9,139.7,rh->lh,contralateral
IN19B107,800024,19B,R,acetylcholine,1,rm|rf,lh|lm|lf,1399.1,1477.0,18.0,5981,0.234,357.0,282.2,759.9,rm->lh rm->lm rm->lf,both
IN12A003,802877,12A,R,acetylcholine,1,rm,rh|lh,1394.9,1591.0,105.0,2145,0.65,4.2,1119.9,270.8,rm->rh rm->lh,ipsilateral
IN03B015,801088,03B,R,gaba,-1,rm|rh|rf,rh|rm,1389.9,2106.0,5.0,2885,0.482,49.3,1170.1,170.5,rm->rh rh->rm rf->rh,ipsilateral
IN07B009,801252,07B,L,glutamate,-1,lm|lf,rm|lh|rh,1389.3,1464.0,97.0,2302,0.604,415.0,404.3,570.0,lm->rm lm->lh lf->rm,both
IN19B005,801725,19B,L,acetylcholine,1,lf,rf,1388.3,1428.0,124.0,1752,0.792,1014.3,177.2,196.7,lf->rf lf->lh,contralateral
IN19B112,801774,19B,R,acetylcholine,1,rh,lh,1387.1,1557.0,27.0,2308,0.601,1229.0,9.4,148.7,rh->lh,contralateral
IN05B010,800098,05B,L,gaba,-1,rm|rh|rf,rm|rh,1385.2,2175.0,0.0,9191,0.151,55.7,1256.1,73.5,rh->rm rm->rh rf->rm,ipsilateral
IN09B006,801389,09B,R,acetylcholine,1,lm|rm,lm|lh|lf,1382.2,2387.0,139.0,3668,0.377,299.8,845.2,237.3,lm->lh lm->lf rm->lm,both
IN17A001,800114,17A,R,acetylcholine,1,rh,rh,1379.0,7830.0,131.0,9577,0.144,528.3,729.0,121.7,rh->rm rh->lh rm->rh,both
IN10B003,913931,10B,R,acetylcholine,1,lm|lh,lm|lh,1378.2,2196.0,67.0,4536,0.304,138.8,1033.2,206.2,lm->lh lh->lm,ipsilateral
GFC2,802478,-,R,acetylcholine,1,rm,lm,1372.4,1679.0,102.0,2142,0.641,1293.0,17.2,62.2,rm->lm,contralateral
INXXX042,800148,XXX (unassigned),R,acetylcholine,1,lh,lh,1363.2,4296.0,167.0,6134,0.222,665.1,617.6,80.5,rh->lh lh->rh lm->lh,both
IN12A011,801781,12A,L,acetylcholine,1,lm,lh,1357.2,1576.0,327.0,2442,0.556,17.0,1284.2,56.0,lm->lh,ipsilateral
IN07B012,902395,07B,L,acetylcholine,1,lf|lm,rh|rm|rf,1352.8,1406.0,71.0,2073,0.653,345.3,107.6,899.9,lf->rh lf->rm lm->rh,both
IN18B015,802490,18B,R,acetylcholine,1,rh,lm|lh,1348.4,1486.0,361.0,1715,0.786,428.1,90.5,829.8,rh->lm rh->lh,both
IN01A035,803422,01A,R,acetylcholine,1,rh|lh,lh|lm,1343.9,2151.0,10.0,2453,0.548,950.3,175.4,218.2,rh->lh rh->lm lh->lm,contralateral
IN18B011,801262,18B,R,acetylcholine,1,rm|lf|lm,lm|lf|lh,1339.2,1647.0,595.0,2045,0.655,303.6,575.9,459.7,rm->lm lf->lm,both
IN03A006,800646,03A,L,acetylcholine,1,lh,lh,1327.6,4021.0,55.0,4676,0.284,536.1,642.5,149.0,lh->rh lh->lm lm->lh,both
IN11A003,803705,11A,L,acetylcholine,1,lf,lm,1324.2,1484.0,35.0,1829,0.724,72.4,1249.3,2.5,lf->lm,ipsilateral
IN18B011,801075,18B,R,acetylcholine,1,rh|lh|lm|rm,lm|lf|lh,1321.5,1576.0,595.0,1952,0.677,246.0,481.8,593.7,rh->lm rh->lf,both
IN03A001,902663,03A,R,acetylcholine,1,rm,rf|lf,1319.2,1379.0,322.0,2504,0.527,0.4,1106.2,212.6,rm->rf rm->lf,ipsilateral
INXXX107,802177,XXX (unassigned),L,acetylcholine,1,lh|lm,rh|rm,1313.2,1412.0,671.0,1556,0.844,664.1,93.1,555.9,lh->rh lh->rm lm->rh,both
INXXX101,801921,XXX (unassigned),R,acetylcholine,1,lh|lf|lm,lm|lh|lf,1308.4,1839.0,0.0,2611,0.501,48.7,1128.4,131.3,lh->lm lf->lm lf->lh,ipsilateral
IN07B007,800120,07B,L,glutamate,-1,lf,lm|rm|rf,1305.9,1512.0,29.0,2352,0.555,296.3,608.9,400.7,lf->lm lf->rm lf->rf,both
IN14B002,802376,14B,R,gaba,-1,rf|rm,lh|lm,1305.9,1353.0,38.0,1698,0.769,231.7,203.2,871.0,rf->lh rf->lm,both
IN03B025,801527,03B,R,gaba,-1,rh|rm,rm|rh|rf,1305.4,1986.0,10.0,2429,0.537,43.6,1170.1,91.6,rh->rm rh->rf,ipsilateral
IN14B006,802663,14B,L,gaba,-1,lh,rh,1305.3,1486.0,593.0,1637,0.797,1178.8,19.0,107.5,lh->rh,contralateral
GFC2,802799,-,R,acetylcholine,1,rm|lm,lm,1304.2,1663.0,135.0,2195,0.594,1203.9,43.0,57.2,rm->lm,contralateral
IN10B007,800160,10B,R,acetylcholine,1,lh,lh|lm,1298.7,2336.0,18.0,3239,0.401,145.2,974.3,179.2,lh->lm lh->lf,ipsilateral
IN06B030,801114,06B,R,gaba,-1,lh|rh,lh|lm,1297.1,2011.0,18.0,3169,0.409,355.0,641.1,301.1,lh->lm rh->lh rh->lm,both
IN11A003,803404,11A,L,acetylcholine,1,lm|lh,lh,1294.3,1634.0,244.0,1791,0.723,9.7,1232.3,52.3,lm->lh,ipsilateral
IN06B022,802886,06B,L,gaba,-1,lf,lh|lm,1294.2,1396.0,29.0,1929,0.671,75.0,1026.6,192.7,lf->lh lf->lm,ipsilateral
IN12A011,804214,12A,R,acetylcholine,1,rf|rm,rm|rh,1289.0,1630.0,48.0,1994,0.646,7.2,1178.9,102.8,rf->rm rf->rh rm->rh,ipsilateral
IN06B033,802668,06B,R,gaba,-1,rh|rf|lf,lf,1286.8,1515.0,612.0,1527,0.843,278.9,278.9,729.0,rh->lf rf->lf lh->lf,both
INXXX066,801676,XXX (unassigned),R,acetylcholine,1,rh|lh,lh,1280.9,1568.0,373.0,1918,0.668,1077.9,7.1,195.9,rh->lh rm->lh,contralateral
IN03B021,800420,03B,L,gaba,-1,lf,lm|lh|lf,1279.3,1640.0,177.0,3332,0.384,32.0,1003.7,243.6,lf->lm lf->lh,ipsilateral
INXXX095,801183,XXX (unassigned),R,acetylcholine,1,rh,lh|rh,1279.2,1606.0,13.0,4255,0.301,1099.4,75.0,104.8,rh->lh,contralateral
IN09B006,801719,09B,L,acetylcholine,1,rm|lm,rm|rh,1274.5,1862.0,129.0,3019,0.422,410.5,527.4,336.6,rm->rh lm->rm lm->rh,both
IN06B015,800995,06B,R,gaba,-1,rm,lm|lh,1273.6,1385.0,25.0,2809,0.453,700.9,74.6,498.0,rm->lm rm->lh,both
IN19B112,803267,19B,L,acetylcholine,1,lh,rh,1264.0,1347.0,44.0,1939,0.652,1163.2,0.8,100.0,lh->rh,contralateral
IN10B014,801507,10B,R,acetylcholine,1,rh,lh|rh,1260.6,1963.0,17.0,3224,0.391,806.8,199.9,253.8,rh->lh,both
IN17A001,818556,17A,R,acetylcholine,1,rm,rm,1259.3,7237.0,148.0,8935,0.141,32.0,1222.3,5.0,rm->rh rm->rf,ipsilateral
IN06B022,802442,06B,R,gaba,-1,rf|rm,rh|rm,1251.0,1513.0,18.0,1898,0.659,76.6,1012.6,161.9,rf->rh rm->rh rf->rm,ipsilateral
INXXX147,800029,XXX (unassigned),L,acetylcholine,1,lh|lm,lh,1250.3,2919.0,5.0,3747,0.334,167.6,1007.7,75.0,lm->lh,ipsilateral
IN03B021,801233,03B,R,gaba,-1,rf,rm|rh|rf,1250.0,1508.0,179.0,2979,0.42,120.4,958.9,170.8,rf->rm rf->rh,ipsilateral
INXXX032,800941,XXX (unassigned),R,acetylcholine,1,lh|rh,lf|lm,1247.2,1325.0,572.0,1953,0.639,4.8,667.0,575.5,lh->lf rh->lf lh->lm,both
IN12A005,801687,12A,L,acetylcholine,1,lh|lm,lh,1245.0,3695.0,11.0,6146,0.203,150.2,1037.0,57.8,lm->lh lf->lh lh->rh,ipsilateral
IN12B014,803110,12B,R,gaba,-1,rf,lm|lf,1243.4,1378.0,72.0,2245,0.554,448.9,196.9,597.6,rf->lm rf->lf,both
INXXX058,801184,XXX (unassigned),R,gaba,-1,lh|rh|rm,lf|lm,1237.8,1286.0,234.0,2568,0.482,115.0,642.2,480.6,lh->lf lh->lm rh->lf,both
IN12A016,802660,12A,L,acetylcholine,1,lf|rf,lh|lm|lf,1235.9,1370.0,119.0,1729,0.715,124.7,578.7,532.4,lf->lh rf->lh lf->lm,both
INXXX216,801872,XXX (unassigned),R,acetylcholine,1,lm|lh,lh,1230.6,1917.0,5.0,3410,0.361,60.3,1086.6,83.7,lm->lh,ipsilateral
IN18B005,800405,18B,R,acetylcholine,1,rh,lm|lf,1223.9,1435.0,498.0,1739,0.704,123.4,164.8,935.7,rh->lm rh->lf,both
IN11A003,804016,11A,R,acetylcholine,1,rf,rm,1223.2,1378.0,35.0,1502,0.814,5.3,1216.2,1.7,rf->rm rh->rm,ipsilateral
IN06B016,800441,06B,R,gaba,-1,lm|lh,lm|lh|rm,1221.2,1585.0,101.0,4800,0.254,271.6,590.6,359.0,lm->lh lm->rm lh->lm,both
IN11A003,902983,11A,L,acetylcholine,1,lf|lm,lm,1220.2,1481.0,35.0,1781,0.685,80.6,1135.9,3.7,lf->lm,ipsilateral
IN19A001,800330,19A,R,gaba,-1,rm,rm,1218.2,6141.0,184.0,6499,0.187,8.7,1169.6,39.8,rm->rh rm->rf,ipsilateral
IN11A003,803477,11A,L,acetylcholine,1,lm|lh,lh,1214.5,1547.0,225.0,1667,0.729,12.0,1143.5,59.0,lm->lh,ipsilateral
IN18B012,919652,18B,L,acetylcholine,1,lm,rh|rm|rf,1212.0,1236.0,23.0,2306,0.526,388.9,75.3,747.8,lm->rh lm->rm lm->rf,both
LBL40,801214,-,R,acetylcholine,1,rh|lh|rm,lh|rh,1208.0,1900.0,178.0,2303,0.525,746.2,138.3,323.5,rh->lh rm->lh lh->rh,both
IN18B021,801778,18B,L,acetylcholine,1,lh,rh,1205.6,1483.0,109.0,1747,0.69,1072.5,11.5,121.6,lh->rh,contralateral
IN10B014,800919,10B,R,acetylcholine,1,lm,lm,1204.5,3383.0,34.0,4801,0.251,32.7,1032.0,139.8,lm->lf lf->lm lm->lh,ipsilateral
INXXX031,801089,XXX (unassigned),L,gaba,-1,lh|lm|rh,rh|rm,1198.2,1437.0,429.0,2560,0.468,433.9,258.7,505.6,lh->rh lm->rh lh->rm,both
INXXX031,801194,XXX (unassigned),R,gaba,-1,rh|rm|lm,lh|lm,1194.4,1406.0,369.0,2585,0.462,395.4,269.5,529.4,rh->lh rh->lm rm->lh,both
IN07B022,801320,07B,L,acetylcholine,1,rh|lh,rh,1190.4,1793.0,393.0,2105,0.566,528.8,168.0,493.5,lh->rh lm->rh lf->rh,both
IN09A001,800126,09A,L,gaba,-1,lh,lh,1189.8,5999.0,0.0,12393,0.096,324.1,821.2,44.4,lh->lm lm->lh lh->rh,both
IN18B011,801426,18B,L,acetylcholine,1,rh|lh|lm,rm|rh|rf,1183.7,1409.0,523.0,1757,0.674,251.5,483.5,448.7,rh->rm lh->rm lh->rh,both
IN09B006,801893,09B,R,acetylcholine,1,rh|lh|lm,lh|lm,1179.9,1581.0,53.0,2569,0.459,359.3,479.1,341.6,rh->lh rh->lm lh->lm,both
GFC2,802595,-,L,acetylcholine,1,lm|rm,rm,1178.6,1492.0,93.0,1835,0.642,1090.6,34.9,53.1,lm->rm,contralateral
IN06B006,800970,06B,R,gaba,-1,rf|rm,rf|rm|lf,1178.0,1776.0,0.0,2559,0.46,257.2,623.5,297.3,rm->rf rf->rm rf->lf,both
IN12B014,802999,12B,L,gaba,-1,lf,rm|rf,1177.9,1362.0,37.0,1886,0.625,379.7,139.3,659.0,lf->rm lf->rf,both
IN11A003,803082,11A,R,acetylcholine,1,rf,rm,1177.0,1266.0,35.0,1362,0.864,37.3,1136.6,3.1,rf->rm rh->rm,ipsilateral
IN12B013,801285,12B,L,gaba,-1,rm|lm,rh|rm,1174.6,1554.0,0.0,2825,0.416,216.0,596.6,362.1,rm->rh lm->rh lm->rm,both
IN06B035,800136,06B,R,gaba,-1,lm|lf|lh,lm|rm|rh|lf,1174.2,1495.0,712.0,2856,0.411,237.1,462.2,474.9,lm->rm lf->lm lf->rm,both
IN10B014,802418,10B,R,acetylcholine,1,rf|lf,lf,1172.8,1634.0,60.0,2245,0.522,793.6,86.9,292.4,rf->lf,both
IN01A026,805154,01A,R,acetylcholine,1,rh|lh,lh|rh,1168.8,2009.0,765.0,2286,0.511,1018.5,61.8,88.5,rh->lh lh->rh,contralateral
IN19A017,800526,19A,R,acetylcholine,1,rm|rh|rf,rh|rm,1167.8,1625.0,354.0,3374,0.346,103.8,845.8,218.2,rm->rh rf->rh rh->rm,ipsilateral
IN19B107,800456,19B,L,acetylcholine,1,lm|lf|lh,rh|rm|rf,1167.5,1242.0,0.0,5107,0.229,323.0,194.4,650.2,lm->rh lm->rm lm->rf,both
IN07B022,801677,07B,R,acetylcholine,1,lh|rh,lh,1164.5,1973.0,359.0,2765,0.421,607.1,160.5,396.8,rh->lh rm->lh rf->lh,both
IN18B045_a,803146,18B,R,acetylcholine,1,rm|lm,lm|lh|rm,1161.9,1615.0,154.0,1969,0.59,606.7,129.2,426.0,rm->lm rm->lh,both
INXXX062,800649,XXX (unassigned),R,acetylcholine,1,rh|lh,rm|rf|rh,1161.8,1343.0,7.0,2138,0.543,171.8,508.3,481.7,rh->rm lh->rm rh->rf,both
IN17A001,800288,17A,R,acetylcholine,1,rf,rf,1160.7,4498.0,28.0,5881,0.197,464.8,675.2,20.7,rf->rm rf->lf,both
IN09A001,800048,09A,R,gaba,-1,rh,rh,1159.5,6298.0,0.0,12266,0.095,413.1,705.9,40.6,rm->rh lh->rh rh->rm,both
IN01A007,803053,01A,L,acetylcholine,1,rf|rm,rm,1157.7,1570.0,312.0,2168,0.534,0.0,1157.7,0.0,rf->rm,ipsilateral
IN01A026,805425,01A,L,acetylcholine,1,lh|rh,rh|lh,1156.8,2085.0,844.0,2308,0.501,1101.1,25.3,30.4,lh->rh rh->lh,contralateral
IN19A001,800212,19A,L,gaba,-1,lh,lh,1154.5,6603.0,0.0,7164,0.161,505.5,537.8,111.2,lh->lm lh->rh,both
IN14B005,803038,14B,L,glutamate,-1,lf,rf|rm,1151.3,1247.0,75.0,1813,0.635,831.7,18.8,300.9,lf->rf lf->rm,contralateral
IN19A017,800769,19A,L,acetylcholine,1,lf|lm|lh,lh|lm,1145.0,1532.0,307.0,3616,0.317,54.0,973.0,117.9,lf->lh lf->lm lm->lh,ipsilateral
IN19A019,801364,19A,R,acetylcholine,1,rm|rf,rf,1144.4,1404.0,36.0,1758,0.651,27.3,1015.1,102.1,rm->rf,ipsilateral
IN03A006,800403,03A,R,acetylcholine,1,rm,rm,1144.2,4108.0,334.0,4596,0.249,3.3,1083.6,57.3,rm->rh rm->rf rh->rm,ipsilateral
IN18B031,905139,18B,L,acetylcholine,1,lm|rm,rm|lm,1142.0,1796.0,191.0,2195,0.52,1122.0,10.0,10.0,lm->rm,contralateral
IN06B033,802784,06B,L,gaba,-1,lh,rf|rm,1138.9,1158.0,465.0,1180,0.965,116.2,105.1,917.6,lh->rf lh->rm,both
IN05B010,800208,05B,R,gaba,-1,lm|lh,lh|lm,1133.9,1730.0,0.0,5874,0.193,109.3,887.4,137.2,lm->lh lh->lm,ipsilateral
IN18B016,800341,18B,L,acetylcholine,1,lm,rm|rh|lm,1125.2,1314.0,102.0,2110,0.533,379.8,194.1,551.3,lm->rm lm->rh,both
IN18B016,801699,18B,R,acetylcholine,1,rh,lm|lf|rh,1123.2,1393.0,243.0,1765,0.636,104.1,142.9,876.2,rh->lm rh->lf,both
IN19B015,801482,19B,R,acetylcholine,1,rh|lh,lh|lm,1119.2,1384.0,11.0,2713,0.413,487.8,242.5,388.9,rh->lh rh->lm rh->rm,both
IN19B109,802523,19B,L,acetylcholine,1,lm|lf,rm|rh,1115.4,1140.0,86.0,1589,0.702,313.5,147.4,654.5,lm->rm lm->rh lf->rm,both
IN01A011,801207,01A,R,acetylcholine,1,lm,lh|lm,1112.5,1395.0,154.0,3335,0.334,110.0,814.0,188.5,lm->lh lm->rh,ipsilateral
IN14A002,800276,14A,R,glutamate,-1,lm,lm,1110.4,7900.0,112.0,9050,0.123,23.1,1086.4,0.9,lm->lh lm->lf lf->lm,ipsilateral
IN19A001,800150,19A,L,gaba,-1,lm,lm,1109.5,6777.0,98.0,7542,0.147,0.0,1109.5,0.0,lm->lh lm->lf,ipsilateral
IN12A021_c,802775,12A,L,acetylcholine,1,lf|rf,rh|lh|lf|lm,1106.0,1263.0,106.0,1680,0.658,121.1,510.0,475.0,lf->rh lf->lh rf->rh,both
INXXX038,800510,XXX (unassigned),L,acetylcholine,1,lh,lh|rh|lm,1101.8,2066.0,150.0,7692,0.143,582.3,513.3,6.2,lh->rh lh->lm,both
IN18B005,800805,18B,L,acetylcholine,1,lh,rm|rf|rh,1101.5,1241.0,494.0,1418,0.777,243.5,150.0,708.0,lh->rm lh->rf lh->rh,both
IN06B016,913397,06B,L,gaba,-1,rm|lm,rm|lm|rh,1099.9,1480.0,113.0,4203,0.262,314.0,410.9,375.0,rm->lm rm->rh,both
IN19B035,802827,19B,R,acetylcholine,1,rh|lh,lh|rh,1097.7,1577.0,46.0,2012,0.546,963.5,24.8,109.4,rh->lh,contralateral
IN06B035,802053,06B,L,gaba,-1,rm|rf,rm|rh|lm|lh,1090.3,1344.0,678.0,2739,0.398,197.7,473.2,419.4,rf->rm rm->rh,both
IN14A001,903421,14A,L,gaba,-1,rh,rh,1085.9,4487.0,0.0,5653,0.192,558.6,501.9,25.4,rh->lh rh->rm rm->rh,both
IN06B006,801534,06B,L,gaba,-1,lf|lm,lf|lm,1084.4,1894.0,0.0,2933,0.37,204.0,647.3,233.1,lm->lf lf->lm lf->rf,both
IN03B016,801443,03B,L,gaba,-1,lm|lf,lf|lm|lh,1081.1,1517.0,139.0,2605,0.415,60.3,855.7,165.1,lm->lf lm->lh,ipsilateral
IN12A019_c,800542,12A,R,acetylcholine,1,rf|lf,rh|rm,1080.5,1169.0,94.0,1432,0.755,67.1,538.6,474.9,rf->rh lf->rh rf->rm,both
IN19A011,926154,19A,R,gaba,-1,rh,rh,1080.2,5537.0,274.0,6348,0.17,483.1,426.0,171.1,rh->lh rh->rm rh->lf,both
IN19B035,800482,19B,R,acetylcholine,1,rh|lh,lh,1078.8,1499.0,99.0,1873,0.576,975.6,16.5,86.6,rh->lh,contralateral
IN18B029,802527,18B,R,acetylcholine,1,rh|lh,lh,1078.7,1999.0,492.0,2525,0.427,1043.7,16.4,18.6,rh->lh,contralateral
IN01A011,929704,01A,R,acetylcholine,1,lf|lh,lh|lm,1073.8,1318.0,170.0,3193,0.336,90.9,771.6,211.3,lf->lh lf->lm lh->lm,ipsilateral
IN12A019_c,802610,12A,L,acetylcholine,1,lf|rf,lh|lm|lf,1073.7,1249.0,110.0,1549,0.693,94.7,588.5,390.5,lf->lh lf->lm rf->lh,both
IN01A011,800508,01A,L,acetylcholine,1,rm,rh,1072.7,1334.0,176.0,2943,0.364,40.2,779.4,253.1,rm->rh rm->lh,ipsilateral
IN11A003,906632,11A,R,acetylcholine,1,rm|rh,rh,1070.5,1359.0,211.0,1449,0.739,17.2,950.3,103.0,rm->rh,ipsilateral
IN18B011,801159,18B,L,acetylcholine,1,lf|rh|rf|lm,rm|rh|rf,1067.6,1282.0,570.0,1652,0.646,176.5,463.1,428.0,lf->rm lf->rh rh->rm,both
IN06B015,934157,06B,L,gaba,-1,lm,rm|rh,1064.5,1150.0,24.0,2656,0.401,671.5,62.5,330.5,lm->rm lm->rh,both
IN18B015,800277,18B,L,acetylcholine,1,lh,rh|rm,1062.8,1168.0,190.0,1406,0.756,462.7,63.5,536.6,lh->rh lh->rm,both
IN01A035,905424,01A,L,acetylcholine,1,rh|lh,rh,1062.8,1898.0,11.0,2079,0.511,784.9,115.9,162.0,lh->rh,contralateral
IN13B001,800698,13B,L,gaba,-1,rm,rm,1059.1,5244.0,73.0,6734,0.157,13.3,725.3,320.5,rm->rh lf->rm rh->rm,both
IN18B021,904756,18B,L,acetylcholine,1,lh|rh,rh,1053.3,1443.0,124.0,1704,0.618,980.2,14.1,59.1,lh->rh,contralateral
INXXX216,912268,XXX (unassigned),L,acetylcholine,1,rm|rh,rh,1052.1,1693.0,15.0,2798,0.376,159.9,830.6,61.6,rm->rh lh->rh,ipsilateral
IN10B012,803041,10B,L,acetylcholine,1,lf|rf,rf|rm,1044.4,1340.0,56.0,1761,0.593,795.7,65.3,183.4,lf->rf lf->rm,contralateral
IN14B010,804084,14B,R,glutamate,-1,rf,lf,1040.8,1098.0,22.0,1281,0.812,962.8,1.3,76.7,rf->lf,contralateral
IN06B088,904119,06B,R,gaba,-1,rh|lm,rh|lh|lm,1040.5,1461.0,43.0,2579,0.403,297.5,288.9,454.1,rh->lh lm->rh lm->lh,both
IN19B109,906521,19B,R,acetylcholine,1,rf|rm,lm|lf|lh,1039.4,1065.0,78.0,1779,0.584,289.4,108.4,641.6,rf->lm rf->lf rf->lh,both
GFC2,903232,-,L,acetylcholine,1,lm,rm,1037.7,1275.0,85.0,1556,0.667,934.0,34.2,69.4,lm->rm,contralateral
IN12A005,804601,12A,R,acetylcholine,1,rh|rm,rh,1036.1,2964.0,0.0,5169,0.2,128.1,856.1,51.9,rm->rh rf->rh rh->lh,ipsilateral
IN13A003,800183,13A,L,gaba,-1,lh,lh,1030.7,4829.0,16.0,7727,0.133,262.9,489.9,277.9,lh->lm lh->rh lm->lh,both
IN03A006,800557,03A,L,acetylcholine,1,lm,lm,1029.4,4176.0,156.0,5097,0.202,0.0,1029.4,0.0,lm->lh lm->lf lf->lm,ipsilateral
INXXX054,803221,XXX (unassigned),R,acetylcholine,1,rh|lh,lh|rh,1027.8,1580.0,0.0,4403,0.233,897.6,67.7,62.5,rh->lh,contralateral
INXXX095,902773,XXX (unassigned),L,acetylcholine,1,lh|rh,rh,1024.7,1297.0,37.0,3696,0.277,865.3,20.5,139.0,lh->rh,contralateral
IN10B003,800382,10B,L,acetylcholine,1,rm|rh,rm|rh,1023.5,1875.0,99.0,3577,0.286,105.8,754.4,163.3,rm->rh rh->rm,ipsilateral
IN17A007,802316,17A,R,acetylcholine,1,rf|rm,rm|rf,1022.2,1825.0,162.0,2336,0.438,70.3,913.2,38.7,rf->rm rm->rf,ipsilateral
IN06B088,904310,06B,L,gaba,-1,rm|lh,rm|rh|lh,1021.0,1397.0,43.0,2457,0.416,216.0,338.6,466.4,lh->rm rm->rh lh->rh,both
IN06B016,800220,06B,L,gaba,-1,rm|rf,rm|lm|lh,1020.5,1284.0,64.0,4288,0.238,231.6,392.5,396.3,rm->lm rf->rm,both
IN05B010,800087,05B,L,gaba,-1,rh|rm,rh|rm,1019.6,1680.0,0.0,5687,0.179,101.8,804.2,113.5,rm->rh rh->rm,ipsilateral
IN18B016,800407,18B,L,acetylcholine,1,lh,rm|rf|lh,1018.9,1200.0,173.0,1618,0.63,118.3,210.0,690.6,lh->rm lh->rf,both
IN14B010,804347,14B,L,glutamate,-1,lh,rh,1016.4,1131.0,49.0,1262,0.805,859.1,11.2,146.1,lh->rh lh->rm,contralateral
IN12B013,802193,12B,R,gaba,-1,lf|rf,lm|lf,1012.5,1359.0,0.0,2406,0.421,113.7,613.0,285.8,lf->lm rf->lm,both
IN09B014,800632,09B,R,acetylcholine,1,lm|lh,lh|lm,1008.8,1730.0,0.0,3884,0.26,126.8,759.8,122.2,lm->lh lh->lm,ipsilateral
INXXX091,801981,XXX (unassigned),R,acetylcholine,1,lh|lm|lf,lm|lh,1008.4,1346.0,234.0,1895,0.532,123.2,692.8,192.4,lh->lm lf->lm,both
IN06B008,801653,06B,R,gaba,-1,lh|rh,lm|rh|lh,1003.2,1379.0,5.0,3114,0.322,372.5,326.6,304.1,lh->lm lh->rh rh->lm,both
IN14B002,800780,14B,L,gaba,-1,lf,rh|rm,1002.8,1074.0,28.0,1270,0.79,167.9,146.0,688.9,lf->rh lf->rm lf->rf,both
IN03B016,801811,03B,R,gaba,-1,rm,rm|rh|rf,997.3,1468.0,110.0,2382,0.419,47.1,761.3,188.9,rm->rh rm->rf rm->lh,ipsilateral
IN19A001,800020,19A,R,gaba,-1,rh,rh,996.2,5090.0,35.0,5426,0.184,484.3,412.7,99.3,rh->lh rh->rm,both
IN10B012,800678,10B,L,acetylcholine,1,rh|lh,rh|lh,994.8,1600.0,16.0,2198,0.453,597.6,206.0,191.2,lh->rh rh->lh,both
IN07B029,802543,07B,R,acetylcholine,1,rh|lh,lh,994.1,1539.0,0.0,2198,0.452,801.2,22.0,171.0,rh->lh rf->lh,contralateral
IN10B012,905170,10B,R,acetylcholine,1,lf|rf,lf,991.3,1936.0,63.0,2439,0.406,715.7,151.2,124.5,rf->lf lf->lm,contralateral
IN07B020,902874,07B,L,acetylcholine,1,lm|lf,lm|rh|lh|lf,990.0,1320.0,16.0,3825,0.259,60.1,568.9,361.1,lf->lm lm->rh lf->rh,both
IN12B013,800265,12B,R,gaba,-1,lm|rm,lh|lm,989.8,1361.0,0.0,2962,0.334,242.3,446.5,301.0,lm->lh rm->lh rm->lm,both
IN16B036,801257,16B,L,glutamate,-1,lh,lh,989.8,4808.0,0.0,5371,0.184,229.6,706.8,53.4,lh->lm lh->rh lm->lh,ipsilateral
IN01A022,804106,01A,L,acetylcholine,1,lf|rf,rf|lf|rm,988.8,1447.0,434.0,1785,0.554,605.9,140.4,242.4,lf->rf lf->rm,both
INXXX042,800453,XXX (unassigned),L,acetylcholine,1,rh|rm,rh,988.5,3412.0,151.0,4811,0.205,260.4,642.9,85.2,rm->rh rh->lh,both
IN19A001,800326,19A,L,gaba,-1,lf,lf,986.7,4902.0,137.0,5530,0.178,246.8,725.1,14.8,lf->lm lf->rf,ipsilateral
INXXX134,802802,XXX (unassigned),R,acetylcholine,1,rf|rm|lm,lh|lm,985.6,1070.0,0.0,2203,0.447,120.3,335.8,529.4,rf->lh rm->lh lm->lh,both
IN07B020,801530,07B,R,acetylcholine,1,rm|rf,rm|rh|lh,981.0,1266.0,73.0,2978,0.329,93.9,583.4,303.8,rf->rm rm->rh rf->rh,both
INXXX073,1050859066,XXX (unassigned),R,acetylcholine,1,lh|lm,lh,979.7,3739.0,81.0,5628,0.174,70.9,885.7,23.1,lm->lh lh->lm,ipsilateral
INXXX096,800883,XXX (unassigned),R,acetylcholine,1,rh|lh,lf|lm,978.5,1101.0,482.0,2022,0.484,50.7,413.7,514.1,rh->lf lh->lf rh->lm,both
IN04B004,800364,04B,L,acetylcholine,1,lh,lh,975.8,3708.0,28.0,5746,0.17,266.6,671.2,38.1,lh->lm lf->lh lh->rh,both
IN06B008,800741,06B,L,gaba,-1,rh|lh,rh|lh|rm,972.1,1353.0,18.0,3195,0.304,389.7,291.3,291.1,lh->rh rh->lh rh->rm,both
IN03B028,802991,03B,R,gaba,-1,rm,rh|rm,969.5,1252.0,358.0,1523,0.637,2.5,867.5,99.5,rm->rh,ipsilateral
IN19B035,801679,19B,L,acetylcholine,1,lh|rh,rh|lh,967.5,1477.0,54.0,1823,0.531,837.0,24.9,105.6,lh->rh,contralateral
INXXX058,801772,XXX (unassigned),R,gaba,-1,rh|lm,lf|lm,966.4,1115.0,484.0,1880,0.514,70.8,309.5,586.1,rh->lf lm->lf rh->lm,both
IN21A018,801022,21A,L,acetylcholine,1,lh,lh|lm,966.3,2490.0,87.0,4190,0.231,333.9,586.3,46.1,lh->lm lh->rh lm->lh,both
IN07B023,803743,07B,L,glutamate,-1,lm|rm|lh,rh|rm,961.0,1138.0,0.0,1914,0.502,351.7,205.7,403.6,lm->rh lm->rm rm->rh,both
IN12A009,936868,12A,L,acetylcholine,1,lh|lm,lh,959.2,2626.0,35.0,4784,0.2,416.2,476.5,66.5,lm->lh rh->lh lh->rh,both
IN01A022,904395,01A,R,acetylcholine,1,rf|lf,lf|rf,958.5,1434.0,378.0,1742,0.55,572.3,171.2,215.0,rf->lf rf->lm lf->rf,both
IN03B020,800036,03B,L,gaba,-1,lm,rh|rm|lh,955.6,1000.0,0.0,2920,0.327,240.1,340.8,374.6,lm->rh lm->rm lm->lh,both
INXXX032,800076,XXX (unassigned),R,acetylcholine,1,rh|lh,lf|lm,955.4,1036.0,471.0,2215,0.431,33.2,467.0,455.2,rh->lf lh->lf rh->lm,both
IN14A001,800858,14A,R,gaba,-1,lh,lh,952.9,3558.0,0.0,5070,0.188,446.7,492.9,13.3,lh->rh lh->lm,both
IN13B001,800406,13B,R,gaba,-1,lm,lm,948.2,6167.0,61.0,7918,0.12,25.1,920.5,2.7,lm->lh lh->lm,ipsilateral
IN12A016,802971,12A,R,acetylcholine,1,rf|lf,rh|rm|rf,944.5,1095.0,63.0,1353,0.698,101.4,473.4,369.8,rf->rh lf->rh rf->rm,both
IN26X001,800702,26X,R,gaba,-1,lf,lf,943.3,4529.0,53.0,5856,0.161,293.6,569.7,80.0,lf->rf lf->lm lh->lf,both
INXXX058,800908,XXX (unassigned),L,gaba,-1,lh|rh,rf|rm,941.6,969.0,166.0,2262,0.416,69.8,151.4,720.4,lh->rf lh->rm,both
IN19A001,904674,19A,R,gaba,-1,rf,rf|rm,940.3,3426.0,53.0,4253,0.221,300.5,605.2,34.6,rf->rm rf->lf,both
IN03B020,801513,03B,R,gaba,-1,rm,rh|lm|lh,940.1,990.0,0.0,2948,0.319,308.8,319.9,311.4,rm->rh rm->lm rm->lh,both
IN12A019_b,800985,12A,R,acetylcholine,1,rf|lf,rh|rm,939.4,1033.0,117.0,1329,0.707,47.5,509.2,382.7,rf->rh lf->rh rf->rm,both
IN09A009,808345,09A,R,gaba,-1,rm,rf,939.1,1000.0,0.0,1155,0.813,15.8,857.7,65.6,rm->rf,ipsilateral
IN03B015,801616,03B,L,gaba,-1,lm|lf,lf|lm,935.1,1608.0,5.0,2169,0.431,23.0,865.1,47.0,lm->lf lf->lm,ipsilateral
IN14B010,925136,14B,L,glutamate,-1,lf,rf,932.1,996.0,20.0,1300,0.717,871.2,1.1,59.8,lf->rf,contralateral
IN19A011,800226,19A,L,gaba,-1,lh,lh,931.0,4711.0,156.0,5546,0.168,450.1,362.7,118.2,lh->rh lh->lm lh->rf,both
IN12A011,809875,12A,R,acetylcholine,1,rm,rh,929.3,1052.0,261.0,1794,0.518,3.6,862.3,63.4,rm->rh,ipsilateral
IN14A002,800097,14A,L,glutamate,-1,rm,rm,926.8,6748.0,116.0,7605,0.122,14.9,902.8,9.1,rm->rh rm->rf,ipsilateral
IN12A013,907485,12A,R,acetylcholine,1,lh|rm|lm|rf,rh|rm,918.0,1119.0,88.0,1419,0.647,228.3,368.5,321.2,lh->rh rm->rh lh->rm,both
IN03B015,802453,03B,R,gaba,-1,rm|rf,rf|rm,908.1,1468.0,0.0,1987,0.457,16.1,853.1,38.9,rm->rf rf->rm rh->rf,ipsilateral
INXXX032,801029,XXX (unassigned),R,acetylcholine,1,rh|lh,lf|lm,907.4,920.0,333.0,1217,0.746,15.4,401.6,490.4,rh->lf lh->lf rh->lm,both
INXXX114,802757,XXX (unassigned),L,acetylcholine,1,lh|rh,lh|rh|lm,900.5,1783.0,112.0,2861,0.315,542.1,229.6,128.8,rh->lh lh->rh lh->lm,both
IN16B037,803668,16B,R,glutamate,-1,rm,rh,899.4,1027.0,163.0,1291,0.697,0.2,748.1,151.1,rm->rh lf->rh,ipsilateral
IN16B032,800725,16B,L,glutamate,-1,lh,lh,895.3,3979.0,0.0,4475,0.2,304.7,501.3,89.3,lh->lm lh->rh lm->lh,both
IN01A020,11270,01A,L,acetylcholine,1,rm|lh,rm,889.4,2104.0,630.0,3193,0.279,186.2,205.1,498.1,lh->rm lm->rm rf->rm,both
INXXX114,903140,XXX (unassigned),R,acetylcholine,1,lh|rh,rh|rm,888.9,1357.0,159.0,2234,0.398,505.1,205.6,178.2,lh->rh lh->rm rh->rm,both
IN14A020,803299,14A,R,glutamate,-1,lm|lh,lh|rh,885.3,1247.0,0.0,2210,0.401,70.9,678.3,136.1,lm->lh lm->rh,ipsilateral
IN01A012,903990,01A,R,acetylcholine,1,lh,lh,884.3,2827.0,72.0,3796,0.233,317.2,398.9,168.2,lh->lm lh->rh lh->rf,both
IN05B021,803407,05B,L,gaba,-1,rh|lm|lh|rm,lh|lm|rm|rh,883.4,1135.0,0.0,1799,0.491,273.9,302.9,306.6,rh->lh rh->lm,both
IN08B019,800724,08B,L,acetylcholine,1,rh|lh,rh|rm|lm|lh,883.0,1091.0,0.0,2767,0.319,197.7,348.5,336.8,rh->rm,both
IN21A005,902614,21A,R,acetylcholine,1,rm,rm,880.3,3581.0,417.0,4093,0.215,301.1,354.9,224.3,rm->rh lm->rm rm->lh,both
INXXX054,907270,XXX (unassigned),L,acetylcholine,1,lh|rh,rh|lh,877.3,1310.0,0.0,4249,0.206,698.7,114.8,63.9,lh->rh,contralateral
IN12B018,904036,12B,L,gaba,-1,lm|rm,rm|lm,877.2,1304.0,214.0,1592,0.551,426.9,228.6,221.8,lm->rm rm->lm lf->rm,both
IN18B028,802588,18B,L,acetylcholine,1,lh|rh,rh,876.4,1115.0,190.0,1477,0.593,739.6,42.6,94.3,lh->rh,contralateral
IN01A011,801312,01A,L,acetylcholine,1,rm|rh|rf,rh|rm|lh,875.5,1235.0,202.0,2620,0.334,72.4,652.5,150.6,rm->rh rf->rh rh->rm,ipsilateral
INXXX063,801506,XXX (unassigned),R,gaba,-1,rh|lh,rm|lh|lm,873.4,1009.0,0.0,3327,0.263,183.5,347.1,342.8,rh->rm rh->lh rh->lm,both
IN18B005,801385,18B,R,acetylcholine,1,rm|lf,lm|lf,870.6,1003.0,421.0,1226,0.71,349.4,120.7,400.5,rm->lm rm->lf rm->lh,both
INXXX095,800052,XXX (unassigned),L,acetylcholine,1,lh,rh,864.5,1081.0,19.0,3347,0.258,728.4,17.0,119.1,lh->rh,contralateral
INXXX058,800893,XXX (unassigned),L,gaba,-1,rh|lh,rf|rm|lf,861.9,950.0,373.0,1909,0.451,34.9,530.2,296.8,rh->rf rh->rm rh->lf,both
IN16B037,804282,16B,L,glutamate,-1,lm,lh,860.3,1003.0,69.0,1295,0.664,5.1,847.3,7.9,lm->lh,ipsilateral
IN12A013,905700,12A,L,acetylcholine,1,lh|lm,lh|lm|lf,860.0,1249.0,53.0,1590,0.541,117.5,627.1,115.4,lh->lm lm->lh lh->lf,ipsilateral
IN10B007,801818,10B,L,acetylcholine,1,rh|rm,rh|rm,859.2,1362.0,11.0,2030,0.423,72.4,722.4,64.4,rh->rm rm->rh rh->rf,ipsilateral
IN18B008,800565,18B,R,acetylcholine,1,lm|lf|rh,lm|lf,857.8,1243.0,517.0,1663,0.516,32.4,500.6,324.9,lm->lf lf->lm rh->lm,both
IN01A042,809395,01A,L,acetylcholine,1,lh|rh,rh|lh,856.6,1489.0,352.0,1813,0.472,851.6,3.5,1.5,lh->rh rh->lh,contralateral
IN01A012,800101,01A,R,acetylcholine,1,lm,lm,854.9,4179.0,528.0,5636,0.152,30.3,821.0,3.6,lm->lh lf->lm lm->lf,ipsilateral
IN12B018,802944,12B,R,gaba,-1,lm|rm|rh,lm|rm,854.3,1299.0,285.0,1568,0.545,413.9,165.5,274.8,rm->lm rh->lm lm->rm,both
IN10B014,801841,10B,L,acetylcholine,1,lh,lh|rh,853.1,1474.0,25.0,2388,0.357,515.5,219.7,118.0,lh->rh lh->lm lm->lh,both
IN03B011,800923,03B,R,gaba,-1,rf,rm|lm|rh,853.0,976.0,0.0,4623,0.185,72.0,564.0,217.0,rf->rm rf->lm rf->rh,both
INXXX084,801135,XXX (unassigned),R,acetylcholine,1,lh|rm|rh,lm|rm|lh|rh,849.3,1068.0,0.0,3246,0.262,221.4,308.7,319.1,lh->lm lh->rm rm->lm,both
IN18B005,904844,18B,L,acetylcholine,1,lm,rm|rh|rf,848.7,889.0,384.0,1070,0.793,363.6,51.8,433.3,lm->rm lm->rh lm->rf,both
IN12B013,802470,12B,L,gaba,-1,lf|rf,rm|rf,848.5,914.0,0.0,1763,0.481,178.5,195.5,474.5,lf->rm lf->rf rf->rm,both
INXXX032,802600,XXX (unassigned),L,acetylcholine,1,lh|rh,rf|rm,848.3,899.0,381.0,1370,0.619,54.3,365.2,428.8,lh->rf rh->rf lh->rm,both
IN19B035,803061,19B,L,acetylcholine,1,lh|rh,rh|lh,848.2,1289.0,83.0,1614,0.526,752.2,18.5,77.6,lh->rh,contralateral
INXXX083,803184,XXX (unassigned),L,acetylcholine,1,lm,rm|lm,847.6,1285.0,283.0,1758,0.482,847.6,0.0,0.0,lm->rm,contralateral
IN03B011,800312,03B,L,gaba,-1,lf,lm|rm|lf|lh,847.3,1074.0,7.0,4874,0.174,56.0,489.5,301.9,lf->lm lf->rm lf->lh,both
IN18B038,802310,18B,R,acetylcholine,1,lm|rh|lh,lm|lh,847.1,1185.0,281.0,1517,0.558,254.2,338.2,254.7,lm->lh rh->lm rh->lh,both
IN09B014,800721,09B,L,acetylcholine,1,rm|rh,rh|rm,846.6,1478.0,0.0,3196,0.265,67.7,714.4,64.5,rm->rh rh->rm,ipsilateral
IN10B014,913390,10B,L,acetylcholine,1,lf,rf|lf,846.4,1195.0,34.0,1800,0.47,610.4,59.9,176.1,lf->rf lf->rm,contralateral
INXXX096,903760,XXX (unassigned),R,acetylcholine,1,rh|lh,lf|lm,844.9,948.0,432.0,1794,0.471,58.1,352.1,434.7,rh->lf lh->lf rh->lm,both
IN01A042,803859,01A,R,acetylcholine,1,rh|lh,lh|rh,840.9,1405.0,357.0,1788,0.47,823.9,9.5,7.5,rh->lh lh->rh,contralateral
IN14B010,804337,14B,R,glutamate,-1,rh,lh|lm,839.2,927.0,48.0,1455,0.577,602.2,11.6,225.4,rh->lh rh->lm,contralateral
IN06B016,800560,06B,R,gaba,-1,lh|lm|lf,rm|lm|lh|rh,838.4,1040.0,29.0,4342,0.193,180.6,357.0,300.8,lh->rm lm->rm,both
IN18B029,803579,18B,L,acetylcholine,1,lh|rh,rh,834.8,1517.0,375.0,1770,0.472,744.7,16.3,73.8,lh->rh,contralateral
IN03A006,800897,03A,R,acetylcholine,1,rh,rh,828.2,3673.0,100.0,4222,0.196,402.6,323.9,101.8,rh->lh rh->rm,both
IN19B033,904813,19B,R,acetylcholine,1,rh|lm|rm,lh|lm,827.0,994.0,162.0,2058,0.402,326.5,196.5,304.0,rh->lh rh->lm lm->lh,both
IN05B031,800447,05B,R,gaba,-1,lh|rh,rh|lh,826.9,1427.0,5.0,2786,0.297,600.5,113.4,113.0,lh->rh rh->lh,contralateral
IN03A052,804019,03A,L,acetylcholine,1,lh|lm,lm|lh,826.1,1425.0,25.0,1593,0.519,27.2,777.1,21.8,lh->lm lm->lh,ipsilateral
INXXX096,801230,XXX (unassigned),L,acetylcholine,1,lh|rh,rf|rm,824.0,890.0,318.0,1714,0.481,64.8,222.7,536.5,lh->rf lh->rm,both
IN07B023,802359,07B,R,glutamate,-1,rm|rh|lm,lh|lm,822.1,919.0,0.0,1845,0.446,330.4,136.1,355.6,rm->lh rm->lm rh->lh,both
IN03B028,801487,03B,L,gaba,-1,lm,lh|lm,821.4,1191.0,227.0,1756,0.468,2.9,702.4,116.1,lm->lh,ipsilateral
INXXX032,801614,XXX (unassigned),L,acetylcholine,1,rh|lh,rf|rm,820.2,825.0,420.0,1452,0.565,59.7,388.0,372.6,rh->rf lh->rf rh->rm,both
INXXX464,800211,XXX (unassigned),R,acetylcholine,1,rm,rm,818.4,6736.0,1606.0,7313,0.112,8.1,746.4,63.9,rm->rh rm->rf rh->rm,ipsilateral
IN03B021,802336,03B,R,gaba,-1,rm,rh|rm|lh,818.3,1173.0,104.0,2348,0.349,25.2,579.3,213.8,rm->rh rm->lh,ipsilateral
IN06B020,801455,06B,R,gaba,-1,lh|rh|rm,lh|rh|lm,817.3,1066.0,6.0,2630,0.311,246.5,286.1,284.7,rh->lh lh->rh,both
IN14A002,800064,14A,R,glutamate,-1,lh,lh,816.3,6888.0,13.0,8545,0.096,283.7,465.2,67.3,lh->lm lh->rh lm->lh,both
IN09A010,904525,09A,R,gaba,-1,rm,rm|lh,816.0,2451.0,489.0,2733,0.299,49.5,381.0,385.5,rm->lh rm->rh,both
IN12A027,805710,12A,L,acetylcholine,1,lf|rf,lm|rm|lf,812.4,986.0,324.0,1199,0.678,158.5,340.6,313.3,lf->lm lf->rm rf->lm,both
IN04B005,801415,04B,L,acetylcholine,1,lh,lh|rh,811.6,1957.0,0.0,3267,0.248,657.2,112.5,41.9,lh->rh rh->lh,contralateral
INXXX038,800192,XXX (unassigned),R,acetylcholine,1,rh,rh|rm|lh,810.4,1814.0,183.0,6037,0.134,397.1,397.6,15.6,rh->rm rh->lh,both
IN06B033,806350,06B,R,gaba,-1,rh|lh|rm,lh,809.8,1058.0,159.0,1281,0.632,634.3,5.8,169.7,rh->lh rm->lh,contralateral
IN09A001,905022,09A,R,gaba,-1,rm,rm,799.4,3809.0,0.0,7699,0.104,226.4,505.6,67.4,rm->rh rf->rm lm->rm,both
IN09B022,800982,09B,R,glutamate,-1,lh|lm,lh|lm,796.2,1433.0,0.0,4416,0.18,46.4,634.7,115.1,lh->lm lm->lh,ipsilateral
IN19A027,801332,19A,L,acetylcholine,1,lh,lh|rh,792.5,2181.0,0.0,3669,0.216,488.8,270.3,33.4,lh->rh lh->lm lm->lh,both
IN26X001,800217,26X,L,gaba,-1,lh,lh,789.2,5876.0,0.0,7943,0.099,232.4,450.2,106.6,lh->lm lh->rh lh->rf,both
IN01A023,802483,01A,R,acetylcholine,1,lm,lm|lh,786.6,3025.0,834.0,3336,0.236,43.1,642.9,100.7,lm->lh lh->lm,ipsilateral
INXXX065,903332,XXX (unassigned),L,gaba,-1,lh,rh|lh|rm,786.4,1121.0,0.0,2291,0.343,371.3,90.7,324.4,lh->rh lh->rm,both
IN26X001,800143,26X,R,gaba,-1,rh,rh,782.6,5337.0,0.0,6853,0.114,298.2,375.6,108.8,rh->rm rh->lh lh->rh,both
IN26X001,800438,26X,L,gaba,-1,rm,rm,779.7,5790.0,54.0,7066,0.11,0.0,779.7,0.0,rh->rm rm->rf rm->rh,ipsilateral
IN05B024,902789,05B,R,gaba,-1,lf|rm,rm|lm|lh,778.3,914.0,0.0,2855,0.273,141.3,313.7,323.3,lf->rm lf->lm lf->lh,both
IN21A009,801166,21A,L,glutamate,-1,lm,lm,774.8,3514.0,85.0,4114,0.188,13.3,759.8,1.7,lm->lf lf->lm lh->lm,ipsilateral
IN19A011,800536,19A,L,gaba,-1,lm,lm,770.9,4510.0,123.0,5513,0.14,91.0,627.0,52.9,lm->lh lm->lf rm->lm,ipsilateral
IN08B019,903425,08B,R,acetylcholine,1,rh|lh,lf|lh|rh,770.2,953.0,0.0,2446,0.315,159.7,304.1,306.4,rh->lf lh->lf rh->lh,both
INXXX101,802365,XXX (unassigned),L,acetylcholine,1,rh|rm|rf,rm|rh,767.7,1150.0,0.0,1793,0.428,63.0,649.7,55.0,rh->rm rm->rh rh->rf,ipsilateral
IN19A011,800082,19A,L,gaba,-1,lf,lf,766.4,3733.0,294.0,4666,0.164,217.4,536.3,12.8,lf->lm lf->rf lm->lf,both
IN05B030,800437,05B,R,gaba,-1,rh|rm|lf,lh,765.8,847.0,0.0,5007,0.153,355.4,212.2,198.2,rh->lh rm->lh lf->lh,both
IN12A021_c,803095,12A,R,acetylcholine,1,lf|rf,rh|lh|rm,764.7,862.0,62.0,1235,0.619,97.7,330.2,336.8,lf->rh rf->rh lf->lh,both
IN05B021,800704,05B,R,gaba,-1,lm|lh|rm,lm|lh|rh|rm,763.8,1016.0,0.0,1816,0.421,211.9,304.9,247.0,lm->lh lh->lm,both
IN10B014,801308,10B,L,acetylcholine,1,rm,rm,763.6,2458.0,74.0,3607,0.212,49.8,664.1,49.7,rm->rf rf->rm rm->rh,ipsilateral
IN18B021,801168,18B,R,acetylcholine,1,lh|rh,lh,761.0,2103.0,52.0,2780,0.274,689.9,59.2,11.8,rh->lh,contralateral
IN01A012,902437,01A,L,acetylcholine,1,rh,rh,760.5,2896.0,94.0,3690,0.206,365.9,280.5,114.2,rh->lh rh->rm rh->lf,both
IN09A001,801890,09A,R,gaba,-1,rf|lf,rf,759.2,2253.0,10.0,4477,0.17,303.7,362.5,93.1,lf->rf rf->rm,both
IN12B014,802290,12B,R,gaba,-1,rh|rm|rf,lh|lm|rh,758.4,862.0,18.0,2862,0.265,279.0,114.4,365.0,rh->lh rh->lm rm->lh,both
IN12B005,905271,12B,L,gaba,-1,lf,rh|rm|rf|lh,752.8,814.0,49.0,1936,0.389,130.4,189.3,433.1,lf->rh lf->rm lf->rf,both
IN01A028,803502,01A,L,acetylcholine,1,lh|rh|rm,rh|lh,752.1,1095.0,155.0,1608,0.468,332.3,255.5,164.3,lh->rh rm->rh,both
IN09B022,907672,09B,L,glutamate,-1,rh|rm,rh|rm,747.8,1430.0,0.0,4004,0.187,5.5,602.8,139.5,rh->rm rm->rh,ipsilateral
IN06B020,801500,06B,L,gaba,-1,rh|rm|lh|lm,lh|rh|rm,747.3,955.0,6.0,2423,0.308,204.4,269.9,273.0,rh->lh rm->lh rm->rh,both
IN19A011,905003,19A,R,gaba,-1,rm,rm,746.5,4512.0,136.0,5413,0.138,55.2,684.3,7.0,rm->rh rm->rf rh->rm,ipsilateral
IN06B030,802108,06B,L,gaba,-1,rh|rm,rh|rm,744.7,1441.0,5.0,2598,0.287,105.7,570.7,68.3,rh->rm rm->rh,ipsilateral
IN03A014,801447,03A,L,acetylcholine,1,lh,lh,744.5,3200.0,8.0,3505,0.212,208.2,490.5,45.8,lh->lm lh->rh,both
IN05B031,902348,05B,L,gaba,-1,lh|rh,lh|rh,741.5,1302.0,0.0,2580,0.287,468.8,145.0,127.7,rh->lh lh->rh lh->lm,both
IN12A019_b,802724,12A,L,acetylcholine,1,lf|lm,lm|lh,739.9,888.0,38.0,1274,0.581,23.9,504.5,211.5,lf->lm lf->lh lf->rh,both
IN14B011,807154,14B,R,glutamate,-1,rf|lf,lf,737.1,911.0,39.0,1047,0.704,737.1,0.0,0.0,rf->lf,contralateral
IN14A001,800666,14A,R,gaba,-1,lm,lm,734.8,3780.0,59.0,5524,0.133,86.1,646.8,1.9,lm->lf lm->lh lm->rm,ipsilateral
INXXX004,800112,XXX (unassigned),L,gaba,-1,lm|lh|lf,lm|lh|lf,734.6,1107.0,0.0,5884,0.125,33.4,641.6,59.6,lh->lm lm->lh lm->lf,ipsilateral
IN14B010,805391,14B,R,glutamate,-1,rm|lm,lm,733.7,893.0,99.0,1228,0.597,640.7,18.2,74.8,rm->lm,contralateral
IN06B028,802732,06B,L,gaba,-1,rm|rh,rh|rm,732.9,991.0,669.0,1091,0.672,111.1,404.0,217.7,rm->rh rm->lf rm->rf,both
IN13A003,800307,13A,R,gaba,-1,rh,rh,730.1,4696.0,53.0,7078,0.103,123.1,376.0,231.0,rh->rm rh->lf rm->rh,both
IN06B028,812084,06B,R,gaba,-1,lm|rh|rm,lm|rm|rh,728.4,1029.0,648.0,1121,0.65,213.7,233.2,281.5,lm->rm lm->rh lm->lf,both
IN17A007,801124,17A,L,acetylcholine,1,lh,lh|rh,728.1,2336.0,182.0,2993,0.243,511.1,207.1,9.9,lh->rh lh->lm,contralateral
INXXX084,801065,XXX (unassigned),L,acetylcholine,1,lh|rh,lm|rh|lh|rm,727.5,922.0,0.0,3377,0.215,186.0,275.8,265.7,lh->lm rh->lm lh->rh,both
IN17A016,800465,17A,L,acetylcholine,1,lh,lh,723.7,3871.0,467.0,4837,0.15,385.7,249.1,88.9,rh->lh lh->rh lm->lh,both
IN08A008,800726,08A,L,glutamate,-1,lh,lh|rh,723.4,2641.0,56.0,3334,0.217,564.2,135.6,23.7,lh->rh rh->lh lm->lh,contralateral
IN26X001,800757,26X,R,gaba,-1,lm,lm,723.2,6479.0,45.0,7829,0.092,1.2,654.8,67.3,lm->lf lh->lm lm->lh,ipsilateral
IN06B030,802074,06B,R,gaba,-1,lh|rh,lh|lm,722.8,1264.0,6.0,3066,0.236,343.7,230.9,148.1,rh->lh lh->lm rh->lm,both
INXXX468,904183,XXX (unassigned),L,acetylcholine,1,lh,lh,718.7,2380.0,20.0,2728,0.263,242.3,392.5,83.9,lh->lm lh->rh,both
IN12B003,800827,12B,R,gaba,-1,lm,lm,717.7,3286.0,32.0,4119,0.174,29.8,638.5,49.4,lh->lm lf->lm,ipsilateral
IN17A025,801248,17A,L,acetylcholine,1,lh,lh,716.9,2815.0,78.0,3219,0.223,212.6,455.2,49.1,lh->lm lh->rh lm->lh,both
INXXX468,802099,XXX (unassigned),L,acetylcholine,1,lh,lh,716.2,2512.0,0.0,2854,0.251,199.1,422.7,94.3,lh->lm lh->rh lm->lh,both
IN18B038,803485,18B,L,acetylcholine,1,rh|rm|lh,rh|rm,713.0,1108.0,277.0,1377,0.518,163.6,391.3,158.1,rh->rm rm->rh lh->rh,both
IN07B033,802192,07B,L,acetylcholine,1,lm|lh|rh,rh|rm,712.2,799.0,185.0,1986,0.359,310.9,99.8,301.5,lm->rh lm->rm lh->rh,both
IN18B021,802260,18B,L,acetylcholine,1,rh|lh,rh,709.2,1354.0,96.0,1791,0.396,528.3,21.9,159.0,lh->rh lm->rh,contralateral
INXXX091,802355,XXX (unassigned),L,acetylcholine,1,rh|rm,rh|rm,707.8,1235.0,276.0,1691,0.419,98.9,511.6,97.3,rh->rm rm->rh,ipsilateral
IN13B103,904586,13B,R,gaba,-1,rh,lh|rh,707.0,1056.0,0.0,1983,0.357,495.8,112.2,99.0,rh->lh lf->lh,contralateral
IN07B029,802081,07B,L,acetylcholine,1,rh|rf,rh,704.6,1619.0,0.0,1931,0.365,181.8,358.4,164.4,rf->rh lh->rh lf->rh,both
INXXX126,802820,XXX (unassigned),L,acetylcholine,1,rh,lf|lh|lm,703.4,757.0,147.0,1198,0.587,102.5,100.5,500.3,rh->lf rh->lh rh->lm,both
IN05B094,800555,05B,L,acetylcholine,1,lm|lh|rh|lf,rh|lm|lh|rm,703.2,882.0,0.0,5546,0.127,167.8,256.7,278.8,lm->rh lh->rh,both
IN14B010,805426,14B,L,glutamate,-1,lm,rm,702.8,774.0,46.0,929,0.757,620.8,8.4,73.6,lm->rm,contralateral
IN21A009,800894,21A,L,glutamate,-1,lh,lh|lm,702.0,3022.0,177.0,3797,0.185,124.0,572.0,6.0,lh->lm lh->rh lf->lh,ipsilateral
IN01A044,803608,01A,R,acetylcholine,1,rh|lh,lh,701.5,1268.0,70.0,1651,0.425,658.5,19.5,23.5,rh->lh,contralateral
IN17A017,800133,17A,R,acetylcholine,1,rh,rh,700.4,4161.0,1376.0,4477,0.156,442.6,242.6,15.1,rh->lh lh->rh rh->rm,both
IN03A006,800663,03A,L,acetylcholine,1,lf,lf|lm,698.8,2937.0,156.0,3517,0.199,178.7,472.8,47.3,lf->lm lf->rf,both
IN14B011,803141,14B,R,glutamate,-1,rf,lf,696.2,818.0,23.0,865,0.805,696.2,0.0,0.0,rf->lf,contralateral
IN12B005,801917,12B,R,gaba,-1,rf|lh|lm,lh|lm|lf,695.9,804.0,31.0,2444,0.285,139.9,230.4,325.5,rf->lh rf->lm rf->lf,both
IN13B001,800668,13B,L,gaba,-1,rf,rf,694.8,3450.0,26.0,4971,0.14,218.4,467.0,9.3,rf->rm rf->lf,both
IN14B011,806109,14B,L,glutamate,-1,lf,rf,693.3,771.0,34.0,878,0.79,693.3,0.0,0.0,lf->rf,contralateral
IN09A001,800424,09A,L,gaba,-1,lm,lm,692.9,4119.0,0.0,8256,0.084,148.4,516.7,27.9,lf->lm rm->lm lm->lh,ipsilateral
INXXX065,801023,XXX (unassigned),R,gaba,-1,rh,lh|rh|lm,692.3,987.0,0.0,2266,0.306,329.0,31.1,332.2,rh->lh rh->lm rh->lf,both
IN08B004,805191,08B,L,acetylcholine,1,lf|lh,rh|lh,690.0,760.0,211.0,3359,0.205,210.8,118.8,360.4,lf->rh lh->rh,both
IN19A011,800369,19A,R,gaba,-1,rf,rf,688.1,2789.0,193.0,3615,0.19,222.9,451.8,13.4,rf->rm rf->lf,both
IN01A012,800580,01A,L,acetylcholine,1,rm,rm,686.0,3736.0,531.0,4672,0.147,5.8,559.8,120.4,rm->rh rm->rf lf->rm,ipsilateral
INXXX129,800810,XXX (unassigned),R,acetylcholine,1,rh|lh,lh|lm|rh,685.1,946.0,58.0,2272,0.302,338.1,166.0,181.0,rh->lh rh->lm,both
IN19B033,802016,19B,L,acetylcholine,1,rh|rm,rh|rm,682.9,1100.0,229.0,2028,0.337,144.6,415.2,123.1,rh->rm rm->rh rh->lh,both
INXXX468,802328,XXX (unassigned),R,acetylcholine,1,rh,rh,681.7,2481.0,6.0,2724,0.25,199.0,409.2,73.5,rh->rm rh->lh rm->rh,both
IN13B001,800423,13B,L,gaba,-1,rh,rh,681.5,6629.0,182.0,8085,0.084,431.6,228.5,21.4,rh->lh rh->rm rm->rh,both
INXXX464,800072,XXX (unassigned),L,acetylcholine,1,lm,lm,679.6,6970.0,1573.0,7923,0.086,0.0,679.6,0.0,lm->lh lm->lf lh->lm,ipsilateral
IN12B018,802751,12B,R,gaba,-1,rh|lh,lh|rh,679.2,1048.0,355.0,1560,0.435,373.6,183.7,121.9,rh->lh lh->rh lf->lh,both
IN14B011,805442,14B,L,glutamate,-1,lf,rf,675.5,722.0,21.0,864,0.782,675.5,0.0,0.0,lf->rf,contralateral
IN18B036,804882,18B,R,acetylcholine,1,lm|rh,lm,672.0,1518.0,27.0,1667,0.403,19.0,27.0,626.0,rh->lm,both
IN21A016,941298,21A,L,glutamate,-1,lf|lm,lf,670.4,2156.0,733.0,2233,0.3,20.7,568.1,81.6,lm->lf lh->lf rm->lf,ipsilateral
IN06B030,802183,06B,L,gaba,-1,rh|rm,rh|rm,668.0,1190.0,0.0,2458,0.272,146.8,421.9,99.2,rh->rm rm->rh lh->rh,both
IN12A007,801196,12A,L,acetylcholine,1,lh|lm,lh|lm,661.5,1911.0,111.0,3350,0.197,82.5,562.5,16.5,lh->lm lm->lh lh->rh,ipsilateral
IN09B006,800572,09B,L,acetylcholine,1,rh,rh|rm,660.4,1410.0,55.0,2267,0.291,215.5,317.1,127.8,rh->rm lh->rh rh->lh,both
INXXX032,800582,XXX (unassigned),L,acetylcholine,1,lh|rh,rf|rm,659.4,689.0,331.0,2006,0.329,50.4,280.8,328.2,lh->rf lh->rm rh->rf,both
INXXX110,802715,XXX (unassigned),L,gaba,-1,lh|lf,lf,658.5,767.0,0.0,1728,0.381,18.3,485.2,155.0,lh->lf lm->lf,ipsilateral
IN19B015,801323,19B,L,acetylcholine,1,lh|rh,rh|lh,655.3,919.0,72.0,2079,0.315,496.6,56.8,101.9,lh->rh,contralateral
INXXX126,802667,XXX (unassigned),L,acetylcholine,1,rh|lh,lf|lm|lh,655.0,721.0,93.0,1262,0.519,92.7,163.3,399.0,rh->lf rh->lm rh->lh,both
IN21A009,904783,21A,L,glutamate,-1,lf,lf,653.0,2278.0,160.0,2775,0.235,474.2,153.0,25.8,lf->rf rf->lf lm->lf,contralateral
IN04B002,800712,04B,L,acetylcholine,1,lm|lh,lh|lm|lf,651.2,936.0,6.0,3619,0.18,51.5,525.2,74.5,lm->lh lm->lf lh->lm,ipsilateral
IN26X001,902262,26X,L,gaba,-1,rf,rf,649.9,3402.0,33.0,4815,0.135,246.3,376.6,27.0,rf->rm rf->lf rh->rf,both
IN18B038,803811,18B,R,acetylcholine,1,lm|rm|rh|lh,lm|lh,649.3,950.0,153.0,1159,0.56,209.8,242.9,196.5,rm->lm lm->lh rh->lm,both
IN12A021_a,801176,12A,L,acetylcholine,1,lf|rf,rm|lm|lf,649.2,719.0,105.0,1336,0.486,44.1,304.0,301.1,lf->rm lf->lm rf->rm,both
IN12B018,802843,12B,L,gaba,-1,rh|lh|lm,rh|lh,647.0,1121.0,390.0,1625,0.398,294.4,134.2,218.3,lh->rh lm->rh rh->lh,both
IN06B033,806126,06B,L,gaba,-1,lh|rh,rh,646.0,1007.0,86.0,1121,0.576,606.0,16.5,23.5,lh->rh,contralateral
IN19A020,801411,19A,L,gaba,-1,lh,lh,643.6,1841.0,51.0,1980,0.325,198.1,268.4,177.2,lh->lm lh->rh lh->rf,both
IN14A002,902443,14A,L,glutamate,-1,rh,rh,641.8,6751.0,27.0,8259,0.078,213.8,368.8,59.2,rh->rm rh->lh rm->rh,both
INXXX161,802949,XXX (unassigned),R,gaba,-1,lm|lf,lf|lm,639.5,948.0,82.0,1265,0.506,82.0,391.0,166.6,lm->lf lf->lm,both
IN01A018,903079,01A,L,acetylcholine,1,rf|lh,rf,639.5,1641.0,370.0,1984,0.322,96.5,135.3,407.7,lh->rf lm->rf rf->rm,both
IN07B016,800001,07B,L,acetylcholine,1,lm,rm,638.3,771.0,206.0,1614,0.395,253.3,180.8,204.3,lm->rm,both
INXXX129,806829,XXX (unassigned),L,acetylcholine,1,rh|lh|rm,rh|rm|lh,637.7,942.0,38.0,2332,0.273,250.3,220.5,166.9,lh->rh rh->rm rh->lh,both
IN21A009,801380,21A,R,glutamate,-1,rh,rh,635.1,3099.0,287.0,3905,0.163,220.4,392.9,21.7,rh->rm rh->lh lh->rh,both
IN07B033,802154,07B,R,acetylcholine,1,rm|lh|rh,lh|lm,634.6,757.0,136.0,2209,0.287,218.6,128.7,287.3,rm->lh rm->lm rh->lh,both
IN01A054,806547,01A,R,acetylcholine,1,rm,lm,633.3,739.0,0.0,1009,0.628,604.3,1.5,27.5,rm->lm,contralateral
IN08A002,903604,08A,L,glutamate,-1,lh,lh,630.9,4612.0,311.0,5495,0.115,248.5,345.6,36.9,lh->lm lh->rh,both
IN05B094,800113,05B,R,acetylcholine,1,rh|lh|lm,rh|lm|rm|lh,628.8,796.0,0.0,5688,0.111,160.1,227.2,241.5,lh->rh,both
IN21A018,801192,21A,R,acetylcholine,1,rh,rh|rm,628.0,2275.0,164.0,3609,0.174,70.8,541.1,16.1,rh->rm rm->rh,ipsilateral
IN07B016,904245,07B,R,acetylcholine,1,rm|lm|rh,lm|lh,626.2,812.0,275.0,1904,0.329,214.8,174.9,236.5,rm->lm rm->lh lm->lh,both
IN12A027,926839,12A,R,acetylcholine,1,lf|rf,lm|lf|rm,622.2,763.0,195.0,1006,0.619,134.4,252.9,234.9,lf->lm rf->lm lf->rm,both
IN11A003,806218,11A,R,acetylcholine,1,rm,rh,621.7,728.0,115.0,784,0.793,7.8,540.5,73.4,rm->rh,ipsilateral
INXXX464,800286,XXX (unassigned),L,acetylcholine,1,lf,lf,620.9,5140.0,991.0,5634,0.11,259.0,302.9,59.1,lf->lm lf->rf lm->lf,both
IN03B021,800448,03B,L,gaba,-1,lm,lh|lm,619.8,930.0,87.0,2227,0.278,78.9,431.8,109.1,lm->lh lm->rh lm->rm,both
IN03A052,804787,03A,R,acetylcholine,1,rh|rm,rm|rh,619.8,966.0,66.0,1162,0.533,40.6,554.8,24.4,rh->rm,ipsilateral
IN12A027,805087,12A,L,acetylcholine,1,rf|lf,lm|rf,619.5,730.0,258.0,965,0.642,112.5,239.4,267.6,rf->lm lf->lm,both
IN19A020,935927,19A,L,gaba,-1,lm,lm,618.0,2269.0,242.0,2391,0.258,0.0,618.0,0.0,lm->lh lm->lf,ipsilateral
IN12B014,801570,12B,L,gaba,-1,lh|lf|lm,rh|lh|rm,614.4,682.0,28.0,2427,0.253,272.1,63.4,278.9,lh->rh lf->rh lm->rh,both
INXXX110,802745,XXX (unassigned),R,gaba,-1,rh|rm,rf,614.1,665.0,0.0,1654,0.371,22.3,481.4,110.4,rh->rf rm->rf,ipsilateral
IN06B028,814356,06B,R,gaba,-1,lm,lm|rm|lh,612.1,846.0,121.0,2987,0.205,168.1,300.2,143.7,lm->rm lm->lh lm->lf,both
IN12A010,800235,12A,L,acetylcholine,1,lh,lh|rh,610.8,1283.0,253.0,5240,0.117,361.8,202.3,46.7,lh->rh lh->lm lm->lh,both
IN13B001,800356,13B,R,gaba,-1,lh,lh,610.6,6625.0,74.0,8320,0.073,402.7,186.6,21.3,lh->rh lh->lm lm->lh,both
IN17A025,801231,17A,R,acetylcholine,1,rm,rm|rh,609.3,2435.0,12.0,2884,0.211,1.4,568.9,39.0,rm->rh rm->rf,ipsilateral
IN21A009,801964,21A,R,glutamate,-1,rf,rf|lf,608.2,2133.0,13.0,2476,0.246,427.6,152.6,28.0,rf->lf lf->rf rh->rf,contralateral
IN17B004,932811,17B,L,gaba,-1,lh|lf,lm|lh,607.7,811.0,0.0,4865,0.125,89.3,422.7,95.7,lh->lm lf->lm lh->rh,both
IN21A003,800832,21A,L,glutamate,-1,lh,lh,607.6,2337.0,208.0,3082,0.197,333.1,248.6,25.9,lh->rh lh->lm,both
INXXX468,802450,XXX (unassigned),R,acetylcholine,1,rh,rh,607.2,2315.0,20.0,2570,0.236,196.2,366.6,44.5,rh->rm rh->lh rm->rh,both
IN21A011,801765,21A,L,glutamate,-1,lm,lm,604.0,2351.0,184.0,2782,0.217,0.1,591.6,12.3,lh->lm lf->lm,ipsilateral
IN07B028,802356,07B,R,acetylcholine,1,rm,lh|lm,603.2,614.0,0.0,1736,0.347,226.8,102.5,273.9,rm->lh rm->lm rm->rf,both
IN08B030,803293,08B,L,acetylcholine,1,lm|rh|lh,rh|rm,603.2,688.0,32.0,1108,0.544,196.7,113.6,292.9,lm->rh lm->rm,both
IN04B008,803475,04B,R,acetylcholine,1,rf|rm,rf|lf,602.3,958.0,164.0,1369,0.44,160.0,327.8,114.5,rm->rf rf->lf rh->rf,both
IN18B038,804253,18B,L,acetylcholine,1,rm|rh|lh|lm,rm|rh,600.4,863.0,410.0,945,0.635,153.1,236.6,210.7,rh->rm lh->rm lm->rm,both
INXXX096,803202,XXX (unassigned),L,acetylcholine,1,lh|rh,rf|rm,600.2,661.0,279.0,1340,0.448,50.6,221.9,327.8,lh->rf lh->rm rh->rf,both
IN01A037,803991,01A,R,acetylcholine,1,lh|rm,lh,600.1,1439.0,592.0,1564,0.384,154.3,203.6,242.1,rm->lh lh->rh lh->lm,both
INXXX180,903253,XXX (unassigned),R,acetylcholine,1,rh|rm,rm|rh,599.6,927.0,7.0,2318,0.259,124.6,349.7,125.3,rh->rm rm->rh rh->lh,both
IN03A029,804836,03A,L,acetylcholine,1,lm|lf,lf|lm,599.1,971.0,0.0,1187,0.505,28.2,532.8,38.1,lm->lf lf->lm,ipsilateral
IN01A042,808117,01A,R,acetylcholine,1,rh|lh,lh|rh,599.0,1035.0,302.0,1249,0.48,599.0,0.0,0.0,rh->lh lh->rh,contralateral
IN13B001,800306,13B,R,gaba,-1,lf,lf,598.9,4520.0,54.0,6094,0.098,96.5,372.9,129.6,lf->lm lf->rm lf->rf,both
IN19A040,801253,19A,L,acetylcholine,1,lh,lh,597.6,2960.0,102.0,3770,0.159,86.9,495.6,15.1,lm->lh lh->rh lh->lm,ipsilateral
IN01A035,902804,01A,R,acetylcholine,1,lm|rm,lm,597.0,1613.0,29.0,2048,0.292,319.2,218.4,59.4,rm->lm lm->lf lm->lh,both
IN13B013,800570,13B,R,gaba,-1,lh,lh,596.0,1984.0,0.0,4060,0.147,92.0,237.0,267.0,lh->rf lh->lm lh->rh,both
IN01A048,802852,01A,R,acetylcholine,1,lh|lm,lh|lm,595.0,1006.0,17.0,2490,0.239,126.1,377.9,91.0,lh->lm lm->lh lh->rh,both
IN12B018,904246,12B,L,gaba,-1,lf|rf,rf|lf,592.9,887.0,106.0,1210,0.49,326.2,131.6,135.0,lf->rf rf->lf lm->rf,both
IN12B018,800898,12B,R,gaba,-1,lf|rf|lm,lf|rf,591.9,943.0,282.0,1288,0.46,296.1,148.3,147.5,rf->lf lm->lf lf->rf,both
IN03B051,806408,03B,R,gaba,-1,lh,rm|rh,591.0,686.0,10.0,968,0.611,283.0,15.0,293.0,lh->rm lh->rh,both
INXXX110,802658,XXX (unassigned),L,gaba,-1,lh|lf,lf,589.7,739.0,0.0,1702,0.346,27.2,391.1,171.4,lh->lf lm->lf,both
IN12A027,933307,12A,R,acetylcholine,1,lf|rf|rm,rm|lm|lf,589.4,709.0,218.0,1003,0.588,101.7,228.4,259.3,lf->rm lf->lm rf->rm,both
IN04B007,801147,04B,L,acetylcholine,1,lh|lm,lh,588.0,2003.0,440.0,3743,0.157,111.8,450.8,25.3,lm->lh lh->lm lh->rh,ipsilateral
INXXX464,929612,XXX (unassigned),L,acetylcholine,1,lh,lh,587.4,4669.0,499.0,5133,0.114,290.6,241.7,55.1,lh->rh lh->lm lm->lh,both
IN14A001,903694,14A,L,gaba,-1,rm,rm,587.1,2462.0,0.0,3701,0.159,59.7,293.7,233.7,rm->rh lf->rm,both
INXXX126,803211,XXX (unassigned),R,acetylcholine,1,lh|rh,rf|rm|rh,587.0,655.0,149.0,1197,0.49,112.3,144.5,330.2,lh->rf lh->rm lh->rh,both
IN18B045_a,801243,18B,L,acetylcholine,1,lm,lm|rh|rm,586.0,1017.0,105.0,1394,0.42,211.0,68.6,306.4,lm->rh lm->rm,both
IN13A003,800203,13A,R,gaba,-1,rm,rm,585.4,4751.0,41.0,8031,0.073,62.4,386.2,136.8,rm->rf rm->rh lf->rm,both
IN17A025,802795,17A,R,acetylcholine,1,rh,rh,584.4,2753.0,73.0,3226,0.181,241.1,299.4,44.0,rh->lh rm->rh rh->rm,both
IN01A050,805504,01A,L,acetylcholine,1,lf|lm,rm,584.0,606.0,12.0,833,0.701,255.0,22.0,307.0,lm->rm lf->rm,both
IN12B003,800213,12B,R,gaba,-1,lh,lh,583.8,2649.0,7.0,3292,0.177,188.0,328.0,67.9,lm->lh rh->lh lh->rh,both
INXXX359,804558,XXX (unassigned),L,gaba,-1,lh|rh,rh|rm,582.6,813.0,23.0,1163,0.501,366.4,53.0,163.2,lh->rh lh->rm,both
IN03B021,801366,03B,L,gaba,-1,lh,lh|rh,582.3,2488.0,208.0,3243,0.18,467.0,99.3,16.0,lh->rh,contralateral
IN16B032,801741,16B,R,glutamate,-1,rh,rh,580.4,3388.0,0.0,4152,0.14,257.5,261.4,61.5,rh->lh rh->rm rm->rh,both
IN21A005,903523,21A,L,acetylcholine,1,lm,lm,579.0,4428.0,708.0,6124,0.095,305.9,253.0,20.0,rm->lm lh->lm lm->rm,both
IN13B105,800720,13B,R,gaba,-1,lh,lh,575.9,2167.0,65.0,3748,0.154,157.4,186.7,231.8,lh->rf lh->lm lh->rh,both
IN09B022,801327,09B,R,glutamate,-1,lf|lm,lm|lf,575.2,1079.0,0.0,2961,0.194,0.0,575.2,0.0,lf->lm lm->lf,ipsilateral
IN12B010,801277,12B,R,gaba,-1,lh|rm|lf,lh|rm|rh,574.4,758.0,0.0,4524,0.127,137.1,185.5,251.8,lh->rm lh->rh,both
IN07B029,801775,07B,R,acetylcholine,1,lf|rf|rm,lf,574.2,1191.0,0.0,1612,0.356,262.5,19.7,292.0,rf->lf rm->lf rh->lf,both
IN14A002,800493,14A,R,glutamate,-1,lf,lf,574.0,4937.0,104.0,5971,0.096,189.0,373.0,12.0,lf->lm lf->rf,both
IN18B046,906999,18B,R,acetylcholine,1,lh|lm|rh,lm|lh,573.3,880.0,213.0,1191,0.481,128.3,308.1,137.0,lh->lm rh->lm rh->lh,both
IN12A019_a,803823,12A,R,acetylcholine,1,rf,rh|rm,570.5,646.0,43.0,943,0.605,6.5,466.4,97.6,rf->rh rf->rm,ipsilateral
IN01A050,804990,01A,R,acetylcholine,1,rm|lf,lm,570.0,640.0,5.0,1033,0.552,260.3,215.5,94.2,rm->lm lf->lm rh->lm,both
INXXX143,904947,XXX (unassigned),L,acetylcholine,1,lh,lh|lm,568.5,1568.0,23.0,2605,0.218,107.7,383.4,77.3,lh->lm lh->rh lm->lh,both
IN12A021_b,803234,12A,R,acetylcholine,1,lf|rf,rm|lm|lf,567.6,672.0,236.0,1060,0.535,97.1,237.2,233.4,lf->rm lf->lm rf->rm,both
IN08B030,803074,08B,R,acetylcholine,1,rm|rh|lm,lm|lh,565.8,672.0,23.0,1372,0.412,189.0,128.7,248.1,rm->lm rm->lh rh->lm,both
IN13B103,803585,13B,L,gaba,-1,lh|rh,rh|lh,565.8,906.0,0.0,1593,0.355,405.5,55.8,104.6,lh->rh rh->lh,contralateral
IN14A014,804223,14A,R,glutamate,-1,lf|lh,lf|lm|rh,565.3,971.0,0.0,1421,0.398,116.1,297.3,151.9,lf->lm lf->rh lh->lf,both
IN01A054,804416,01A,L,acetylcholine,1,lm,rm,565.0,602.0,5.0,779,0.725,555.0,0.0,10.0,lm->rm,contralateral
IN01A064,820742,01A,R,acetylcholine,1,rh,lh,564.9,630.0,117.0,693,0.815,537.9,2.6,24.4,rh->lh,contralateral
IN01A054,807408,01A,R,acetylcholine,1,rm,lm,563.7,635.0,23.0,869,0.649,558.7,0.3,4.7,rm->lm,contralateral
IN01A045,802036,01A,R,acetylcholine,1,rh,lh|rh,562.4,859.0,69.0,2611,0.215,520.4,5.9,36.1,rh->lh,contralateral
IN03A052,804329,03A,L,acetylcholine,1,lh|lm,lm|lh,562.1,1052.0,34.0,1225,0.459,16.3,531.1,14.7,lh->lm lm->lh,ipsilateral
IN19A032,812330,19A,R,acetylcholine,1,rm,rh|rm,561.6,746.0,589.0,1623,0.346,2.4,528.9,30.3,rm->rh rm->rf,ipsilateral
IN12A021_b,803322,12A,L,acetylcholine,1,rf|lf,rm|lm,560.9,638.0,181.0,994,0.564,75.2,243.6,242.1,rf->rm lf->rm rf->lm,both
IN12A019_a,803253,12A,L,acetylcholine,1,lf|lh,lm|lh|lf,560.3,714.0,50.0,1120,0.5,28.7,444.2,87.4,lf->lm lf->lh lh->lm,ipsilateral
INXXX104,802019,XXX (unassigned),R,acetylcholine,1,rh|rm|lh,lm|rh|lf,559.5,679.0,0.0,1563,0.358,149.5,194.7,215.3,rh->lm rm->lm lh->lm,both
IN13B019,803797,13B,R,gaba,-1,lh|lf,lh|lm,558.6,1252.0,20.0,1770,0.316,108.4,369.6,80.6,lh->lm lf->lh lh->rh,both
IN09A010,903665,09A,R,gaba,-1,rh,rh,558.4,3793.0,1386.0,4413,0.127,249.3,298.7,10.4,rh->lh rh->rm rf->rh,both
IN01A023,803223,01A,L,acetylcholine,1,rm,rm|rh,558.1,2152.0,521.0,2215,0.252,141.5,323.6,93.1,rm->rh lm->rm lf->rm,both
IN19A032,803514,19A,L,acetylcholine,1,lm,lh|lm,557.2,752.0,562.0,1653,0.337,1.0,531.2,25.0,lm->lh lm->lf,ipsilateral
IN03B032,902430,03B,L,gaba,-1,lf|lm,lf,556.2,1344.0,58.0,1627,0.342,2.2,535.7,18.3,lm->lf lh->lf,ipsilateral
IN03B035,801457,03B,L,gaba,-1,lm,lm,553.5,2457.0,143.0,2986,0.185,118.9,406.1,28.5,lh->lm lm->rm lm->lh,ipsilateral
INXXX464,800375,XXX (unassigned),R,acetylcholine,1,rf,rf,552.6,3502.0,587.0,3878,0.143,190.7,329.8,32.0,rf->rm rf->lf rh->rf,both
IN01A025,902423,01A,R,acetylcholine,1,lh,lh,551.9,1352.0,288.0,1767,0.312,255.2,144.7,152.0,rm->lh rh->lh lh->rh,both
IN19A020,902491,19A,L,gaba,-1,lf,lf|rf|lm,551.6,1646.0,44.0,1788,0.309,259.2,282.6,9.8,lf->rf lf->lm,both
IN10B016,954817,10B,R,acetylcholine,1,lh|lm,lh,550.3,2053.0,0.0,3889,0.141,169.2,349.8,31.2,lm->lh lh->rh,both
INXXX045,802145,XXX (unassigned),L,unclear,0,lf|lm,lm|lf|rm,549.9,726.0,0.0,1782,0.309,93.3,227.2,229.4,lf->lm lf->rm,both
IN18B028,803641,18B,R,acetylcholine,1,lh|rh,lh,549.4,1074.0,234.0,1551,0.354,406.1,17.4,125.8,rh->lh rm->lh,contralateral
IN05B024,802855,05B,L,gaba,-1,rm|rf,lm|rm,547.7,675.0,0.0,2278,0.24,158.8,178.7,210.2,rm->lm rf->lm rf->rm,both
IN09A010,801509,09A,R,gaba,-1,rf,rf,546.8,2125.0,267.0,2575,0.212,66.2,299.1,181.5,rf->rm rf->lh rf->lm,both
IN17A025,902982,17A,L,acetylcholine,1,lm,lm,546.8,2709.0,16.0,3369,0.162,9.5,536.8,0.5,lm->lh lm->lf lf->lm,ipsilateral
IN01A058,805693,01A,R,acetylcholine,1,rm|lf,lm,546.7,619.0,0.0,826,0.662,360.7,133.1,52.9,rm->lm lf->lm,both
IN08B004,800300,08B,R,acetylcholine,1,rh,lh,541.3,630.0,174.0,3308,0.164,378.2,67.1,96.0,rh->lh,both
IN02A030,801601,02A,L,glutamate,-1,rh|rm,rh,540.9,2364.0,0.0,4376,0.124,100.1,400.9,39.9,rm->rh rh->lh,ipsilateral
IN14A002,800679,14A,L,glutamate,-1,rf,rf,538.9,3530.0,26.0,4521,0.119,218.7,315.0,5.1,rf->rm rf->lf,both
IN06B035,802903,06B,R,gaba,-1,rm|lm|lh,lm|rm,535.8,775.0,177.0,1380,0.388,245.8,149.4,140.6,rm->lm lh->lm lm->rm,both
IN03A052,906159,03A,L,acetylcholine,1,lm|lh,lm|lh,535.8,1162.0,13.0,1412,0.379,14.8,484.6,36.4,lh->lm lm->lh,ipsilateral
IN18B046,804960,18B,L,acetylcholine,1,lh|rh,rm|rh,531.9,642.0,165.0,942,0.565,201.9,120.0,210.0,lh->rm lh->rh rh->rm,both
IN12A021_a,802598,12A,R,acetylcholine,1,lf|rf,rm|lm|rh,531.5,569.0,111.0,972,0.547,39.1,245.4,246.9,lf->rm lf->lm rf->rm,both
IN21A021,802553,21A,L,acetylcholine,1,lh|lm,lh,531.0,1285.0,310.0,1723,0.308,26.4,406.5,98.1,lm->lh rm->lh,ipsilateral
INXXX224,805371,XXX (unassigned),R,acetylcholine,1,lh|rh,lh|lm,529.4,800.0,0.0,2009,0.264,117.0,302.0,110.4,lh->lm rh->lh,both
INXXX134,803447,XXX (unassigned),L,acetylcholine,1,rf|rm,rh|rm,529.0,620.0,0.0,1640,0.323,3.8,508.0,17.2,rf->rh rf->rm rm->rh,ipsilateral
IN01A031,933241,01A,L,acetylcholine,1,rm|rh,rh|rm,528.8,992.0,311.0,1960,0.27,32.3,463.8,32.7,rm->rh rh->rm,ipsilateral
IN19B003,802443,19B,L,acetylcholine,1,rh,rh,528.4,7297.0,616.0,8461,0.062,153.7,370.7,4.0,rm->rh rh->rm lh->rh,ipsilateral
IN07B029,803401,07B,L,acetylcholine,1,rm|lh,rm,526.8,1299.0,5.0,1731,0.304,111.7,92.4,322.7,lh->rm lm->rm lf->rm,both
IN01A058,806107,01A,L,acetylcholine,1,lm|lf,rm|lm,526.7,619.0,0.0,690,0.763,306.9,53.2,166.6,lm->rm lf->rm,both
IN13A001,800291,13A,R,gaba,-1,rh,rh,526.3,4092.0,1097.0,4268,0.123,331.4,190.1,4.9,rh->lh rh->rm,both
IN17A020,902760,17A,L,acetylcholine,1,lh,lh,525.9,1946.0,0.0,3590,0.146,93.5,182.6,249.9,lh->rm lh->lm lh->rf,both
IN13B005,903693,13B,L,gaba,-1,rm,rm,524.6,2481.0,20.0,5645,0.093,34.6,386.4,103.6,rh->rm rf->rm rm->lh,ipsilateral
IN03A052,808409,03A,L,acetylcholine,1,lm|lh,lm|lh,524.2,1022.0,11.0,1266,0.414,2.9,518.2,3.1,lh->lm lm->lh,ipsilateral
IN18B038,803971,18B,L,acetylcholine,1,rm|rh|lm,rm|rh,524.0,932.0,185.0,1042,0.503,130.9,322.0,71.1,rm->rh rh->rm lm->rm,both
IN08B045,804687,08B,R,acetylcholine,1,rm|rf,lm|lh|lf,524.0,557.0,199.0,908,0.577,176.9,45.3,301.8,rm->lm rm->lh rm->lf,both
IN13A012,904708,13A,L,gaba,-1,lf,lf,524.0,1849.0,66.0,2383,0.22,204.3,164.5,155.2,lf->rf lf->lm lf->rh,both
IN18B017,801514,18B,R,acetylcholine,1,rm|rf,lh|lm|rm,523.1,599.0,42.0,2216,0.236,114.5,56.1,352.5,rm->lh rm->lm rf->lh,both
IN03A006,903211,03A,R,acetylcholine,1,rf,rf|rm,522.9,1630.0,30.0,1905,0.275,136.1,381.9,4.9,rf->rm rf->lf,ipsilateral
IN02A011,903308,02A,L,glutamate,-1,lh,lm|lf,522.8,564.0,187.0,940,0.556,2.4,498.3,22.0,lh->lm lh->lf,ipsilateral
INXXX147,802136,XXX (unassigned),R,acetylcholine,1,rh|rm,rh,522.5,1884.0,11.0,2409,0.217,64.0,439.5,19.0,rm->rh rh->lh,ipsilateral
IN20A.22A002,801535,20A/22A,L,acetylcholine,1,lm,lm,520.5,2458.0,58.0,3377,0.154,27.1,477.5,15.9,lf->lm lm->lh lm->lf,ipsilateral
IN09A001,800153,09A,L,gaba,-1,lf,lf,519.0,3138.0,39.0,6167,0.084,128.1,344.2,46.7,lf->lm rf->lf,both
IN08B017,801588,08B,R,acetylcholine,1,lf,rh|rm|lh,519.0,533.0,0.0,1988,0.261,8.0,156.0,355.0,lf->rh lf->rm lf->lh,both
INXXX140,923171,XXX (unassigned),R,gaba,-1,rh|lf|lh,rh|rm,518.9,701.0,0.0,1052,0.493,141.2,168.4,209.3,lf->rh lh->rh rm->rh,both
IN14A006,801424,14A,R,glutamate,-1,lm,lm,518.1,2179.0,0.0,3650,0.142,86.1,425.1,6.8,lh->lm lf->lm rm->lm,ipsilateral
IN11B002,802506,11B,L,gaba,-1,lm|lf,lh|lm,517.9,648.0,13.0,2235,0.232,64.8,346.9,106.2,lm->lh lm->rh lf->lh,both
IN04B002,800735,04B,R,acetylcholine,1,rm|rh,rh|rm,517.5,785.0,5.0,2957,0.175,39.9,403.5,74.1,rm->rh rh->rm rm->lh,ipsilateral
IN17A019,903470,17A,R,acetylcholine,1,rh,rh,517.0,2488.0,74.0,3092,0.167,367.0,91.0,59.0,rh->lh rh->rm,contralateral
IN18B009,801140,18B,L,acetylcholine,1,lh,rm|lm|lh|rh,515.3,606.0,93.0,1821,0.283,96.8,186.6,232.0,lh->rm lh->lm,both
IN13A012,801229,13A,L,gaba,-1,lh,lh|lm,515.1,1790.0,17.0,2923,0.176,185.2,329.1,0.8,lh->lm lh->rh,both
IN01A062_a,807542,01A,R,acetylcholine,1,lf,lm,515.0,520.0,0.0,662,0.778,0.0,515.0,0.0,lf->lm,ipsilateral
IN05B030,801525,05B,L,gaba,-1,lh|rh,rh|lh|rm,514.9,772.0,0.0,4267,0.121,369.9,34.6,110.4,lh->rh lh->rm,contralateral
IN19A020,800656,19A,R,gaba,-1,rm,rm|rh,514.8,1935.0,265.0,2098,0.245,0.0,514.8,0.0,rm->rh rm->rf,ipsilateral
IN18B038,803841,18B,R,acetylcholine,1,lm|rh|rm,lm|lh,513.5,835.0,349.0,990,0.519,197.4,115.6,200.5,rh->lm rm->lm lm->lh,both
IN08A016,935843,08A,L,glutamate,-1,lm|lh,lm,513.2,1134.0,50.0,2065,0.249,30.2,434.8,48.2,lh->lm,ipsilateral
IN05B022,22709,05B,R,gaba,-1,lf|rm,lh|rm|rh|lm,512.6,612.0,0.0,3138,0.163,92.2,211.8,208.6,lf->lh,both
IN12A027,805047,12A,L,acetylcholine,1,rf|lf,lm|rm,512.2,595.0,257.0,949,0.54,82.8,213.7,215.6,rf->lm rf->rm lf->lm,both
IN03A019,903495,03A,L,acetylcholine,1,lm,lm,511.8,2057.0,21.0,3171,0.161,8.6,501.0,2.1,lm->lh lm->lf lh->lm,ipsilateral
IN10B002,801302,10B,R,acetylcholine,1,lf|lm,lf,511.0,1919.0,104.0,2596,0.197,52.7,430.5,27.8,lm->lf lf->lm,ipsilateral
IN14A020,907779,14A,L,glutamate,-1,lm|rh,rh|lh,511.0,679.0,0.0,2546,0.201,78.8,158.1,274.1,lm->rh lm->lh rh->lh,both
IN13B006,802046,13B,L,gaba,-1,rh|rm,rh,510.4,1486.0,1096.0,1584,0.322,0.0,510.4,0.0,rm->rh,ipsilateral
IN09A007,802768,09A,R,gaba,-1,rh|lh,lh|rh,510.0,856.0,0.0,2601,0.196,411.5,62.6,35.9,rh->lh lh->rh,contralateral
IN12A010,801462,12A,R,acetylcholine,1,rh,rh|lh,508.4,1431.0,387.0,4064,0.125,268.7,204.6,35.0,rh->lh rm->rh rh->rm,both
IN26X002,902424,26X,R,gaba,-1,lm,lm,508.4,2239.0,6.0,3339,0.152,30.9,471.4,6.1,lh->lm lf->lm lm->lh,ipsilateral
IN14A006,800414,14A,L,glutamate,-1,rm|rh,rm,508.1,2090.0,0.0,3202,0.159,11.2,370.0,126.9,rh->rm lf->rm rm->rh,ipsilateral
IN01A031,904656,01A,R,acetylcholine,1,lh|lm,lm|lh,507.5,921.0,215.0,1883,0.27,44.0,437.5,26.0,lh->lm lm->lh,ipsilateral
IN02A004,800245,02A,L,glutamate,-1,lh,lh|rh,507.1,1805.0,49.0,6216,0.082,294.0,184.1,29.0,lh->rh lh->lm,both
IN17A016,919576,17A,R,acetylcholine,1,rf,rf,506.2,1613.0,161.0,1795,0.282,350.4,93.6,62.1,lf->rf rf->lf,both
IN18B036,805648,18B,L,acetylcholine,1,rm|lh,rm,504.4,1031.0,42.0,1147,0.44,18.5,21.5,464.4,lh->rm,both
IN08A016,802601,08A,R,glutamate,-1,rh|rm,rm,504.3,902.0,61.0,1647,0.306,7.0,490.3,7.0,rh->rm,ipsilateral
INXXX073,801293,XXX (unassigned),L,acetylcholine,1,rh,rh,504.2,3047.0,127.0,4560,0.111,161.3,330.7,12.1,rm->rh rh->lh rh->rm,both
IN07B045,808247,07B,R,acetylcholine,1,rm|lf|lm,lm|lh|lf,503.2,622.0,114.0,719,0.7,99.7,257.0,146.6,rm->lm lf->lm rm->lh,both
IN12B010,801540,12B,L,gaba,-1,rh|rm,lh|rh|rm|lm,503.0,659.0,8.0,4041,0.124,159.0,171.1,172.9,rh->lh rm->lh rm->rh,both
INXXX111,801093,XXX (unassigned),R,acetylcholine,1,rh|lh,lh|rh,502.6,767.0,0.0,5954,0.084,306.7,105.1,90.8,rh->lh lh->rh,both
INXXX153,802249,XXX (unassigned),R,acetylcholine,1,rh|rm,lm|lf,502.4,560.0,28.0,1052,0.478,92.1,79.1,331.2,rh->lm rh->lf,both
IN16B036,801916,16B,R,glutamate,-1,rh,rh,501.8,4247.0,29.0,4893,0.103,172.2,294.8,34.8,rm->rh rh->lh rh->rm,both
IN19A004,933913,19A,R,gaba,-1,rf,rf,501.4,3714.0,77.0,4237,0.118,234.2,260.9,6.2,rf->rm rf->lf lf->rf,both
IN19A004,800157,19A,L,gaba,-1,lf,lf,500.8,4477.0,111.0,4957,0.101,262.6,213.4,24.8,lf->rf lf->lm rf->lf,both
IN12B003,801085,12B,L,gaba,-1,rh,rh,500.8,3260.0,70.0,3695,0.136,126.3,291.1,83.4,rm->rh rh->lh rf->rh,both
IN09A010,903570,09A,L,gaba,-1,lf,lf,500.5,2048.0,374.0,3064,0.163,69.5,405.4,25.5,lf->lm lm->lf lh->lf,ipsilateral
IN01A035,803421,01A,L,acetylcholine,1,rm|lm,rm,499.4,1411.0,12.0,1657,0.301,186.8,246.6,66.0,lm->rm rm->rh rm->rf,both
IN01A040,908649,01A,R,acetylcholine,1,rf,lf,497.9,563.0,90.0,824,0.604,457.9,14.5,25.5,rf->lf,contralateral
INXXX045,802196,XXX (unassigned),R,unclear,0,rm|rh|rf|lm,rm|rh|lm,497.3,630.0,0.0,1399,0.355,96.3,236.0,165.0,rh->rm,both
IN01A042,904118,01A,L,acetylcholine,1,lh|rh,rh|lh,496.2,922.0,332.0,1196,0.415,496.2,0.0,0.0,lh->rh rh->lh,contralateral
IN04B068,801652,04B,L,acetylcholine,1,lh|lm,lh|rh,495.5,1325.0,205.0,1369,0.362,258.8,182.5,54.2,lh->rh lm->lh lm->rh,both
IN13B013,800751,13B,L,gaba,-1,rh,rh,494.0,1828.0,0.0,4019,0.123,69.0,208.0,217.0,rh->rm rh->lf rh->lh,both
INXXX100,800812,XXX (unassigned),L,acetylcholine,1,rh|lh,lh,493.9,701.0,0.0,2843,0.174,403.9,24.5,65.5,rh->lh,contralateral
IN17A022,801631,17A,L,acetylcholine,1,lh,lh,493.6,1785.0,0.0,2024,0.244,94.6,322.9,76.0,lh->lm lh->rh lm->lh,both
IN08B030,802224,08B,R,acetylcholine,1,rh|lh,lm|lf,493.6,549.0,28.0,773,0.639,10.1,113.1,370.4,rh->lm rh->lf,both
IN07B065,811671,07B,R,acetylcholine,1,rh|lf,lm|lh|lf,493.3,555.0,27.0,653,0.755,108.2,188.6,196.5,rh->lm rh->lh lf->lm,both
IN04B008,802392,04B,L,acetylcholine,1,lh,lh|rh,493.1,1304.0,43.0,1790,0.275,368.2,95.5,29.4,lh->rh lh->lm,contralateral
INXXX180,801790,XXX (unassigned),L,acetylcholine,1,lh|lm,lm|lh,492.9,830.0,5.0,2429,0.203,58.0,379.9,55.0,lh->lm lm->lh,ipsilateral
IN12B003,902501,12B,L,gaba,-1,rm,rm,492.3,3174.0,127.0,3811,0.129,158.5,310.1,23.7,rh->rm lm->rm rf->rm,both
IN21A007,934752,21A,L,glutamate,-1,lm,lm,492.1,3173.0,253.0,3616,0.136,0.0,492.1,0.0,lh->lm lf->lm lm->lf,ipsilateral
IN17A019,801313,17A,L,acetylcholine,1,lh,lh,491.9,2359.0,44.0,3178,0.155,324.8,120.9,46.2,lh->rh lh->lm,both
IN18B008,801593,18B,L,acetylcholine,1,rm|lm|lh,rm|rf,491.8,648.0,260.0,998,0.493,131.3,159.5,201.1,lm->rm lh->rm rh->rm,both
INXXX126,800644,XXX (unassigned),R,acetylcholine,1,lh,rf|rm|rh,491.5,543.0,77.0,1106,0.444,76.7,84.8,329.9,lh->rf lh->rm lh->rh,both
INXXX104,802398,XXX (unassigned),L,acetylcholine,1,lh|lm|rh,lh|rm,491.0,611.0,0.0,1019,0.482,140.1,175.6,175.2,lm->lh lh->rm lm->rm,both
IN19A027,801458,19A,R,acetylcholine,1,rh,rh|lh,490.7,1742.0,18.0,2955,0.166,483.7,6.8,0.2,rh->lh,contralateral
INXXX045,801632,XXX (unassigned),L,unclear,0,lh|lm|rh,lh|rh,490.1,797.0,0.0,1785,0.275,243.4,152.2,94.5,lh->rh lm->lh rh->lh,both
IN21A003,800677,21A,R,glutamate,-1,rh,rh,488.2,2389.0,234.0,3076,0.159,271.4,190.0,26.8,rh->lh rh->rm,both
IN01A012,801101,01A,R,acetylcholine,1,lf,lf,487.5,2160.0,295.0,2953,0.165,136.8,319.3,31.4,lf->lm lf->rf lh->lf,both
IN07B029,802866,07B,L,acetylcholine,1,lf|rf|lm,rf,487.2,732.0,0.0,1234,0.395,282.8,24.8,179.6,lf->rf lm->rf,both
IN08B058,806712,08B,R,acetylcholine,1,rm|rh,lm|lf|lh,487.2,489.0,141.0,517,0.942,212.2,7.4,267.7,rm->lm rh->lm rm->lf,both
IN18B045_b,803699,18B,R,acetylcholine,1,rm,lh|lm,487.0,570.0,33.0,1272,0.383,128.0,44.0,315.0,rm->lh rm->lm rm->lf,both
IN04B008,801630,04B,L,acetylcholine,1,lm,lm,486.7,2103.0,360.0,2515,0.194,1.2,472.7,12.8,lm->lf lf->lm,ipsilateral
IN08B056,801941,08B,R,acetylcholine,1,rh|lm,lm|lf,486.4,592.0,59.0,685,0.71,108.3,85.6,292.5,rh->lm rh->lf,both
IN21A003,801097,21A,R,glutamate,-1,rm,rm|rh,485.5,2587.0,864.0,3334,0.146,33.8,445.2,6.5,rm->rh,ipsilateral
IN03A019,903170,03A,R,acetylcholine,1,rm,rm,485.5,1796.0,55.0,2355,0.206,10.8,376.7,97.9,rm->rh rm->rf rm->lh,ipsilateral
IN02A011,903389,02A,R,glutamate,-1,rh,rm,485.5,532.0,170.0,842,0.577,43.2,402.3,40.1,rh->rm,ipsilateral
IN01A050,803975,01A,R,acetylcholine,1,lm|rm|lf,lm,485.2,956.0,45.0,1435,0.338,263.3,206.3,15.7,rm->lm lf->lm lh->lm,both
IN18B009,902445,18B,R,acetylcholine,1,lh|rh,lm|rm|lf,484.2,565.0,63.0,1854,0.261,76.6,203.2,204.3,lh->lm rh->lm lh->rm,both
IN04B005,800376,04B,R,acetylcholine,1,rh,rh|lh,483.3,1462.0,0.0,2863,0.169,470.4,3.6,9.3,rh->lh lh->rh,contralateral
INXXX143,800706,XXX (unassigned),R,acetylcholine,1,rh,rh|rm,483.2,1323.0,26.0,2095,0.231,96.8,379.2,7.2,rh->rm rh->lh rm->rh,ipsilateral
IN03A052,805684,03A,R,acetylcholine,1,rh|rm,rm|rh,481.6,834.0,45.0,934,0.516,20.7,403.9,56.9,rh->rm rm->rh lh->rm,ipsilateral
IN04B008,802953,04B,L,acetylcholine,1,lf,lf|rf,480.5,1136.0,91.0,1586,0.303,219.1,135.7,125.8,lf->rf lf->rm rf->lf,both
IN14B011,821584,14B,R,glutamate,-1,rf|lf,lf,480.4,766.0,37.0,853,0.563,480.4,0.0,0.0,rf->lf,contralateral
IN05B022,801282,05B,L,gaba,-1,rf|lf|rm|lm,lh|rm|rh,479.5,553.0,0.0,3262,0.147,73.8,202.4,203.3,,both
IN17A017,801133,17A,L,acetylcholine,1,lh,lh,476.6,2789.0,712.0,3473,0.137,231.4,241.6,3.6,lh->rh lh->lm,both
IN07B028,907282,07B,L,acetylcholine,1,lm,rh|lf|rm,476.2,490.0,0.0,1443,0.33,86.8,189.4,200.0,lm->rh lm->lf lm->rm,both
IN01A018,802975,01A,R,acetylcholine,1,lf,lf,474.5,2259.0,515.0,2523,0.188,56.2,169.3,249.0,rm->lf lf->lm,both
IN09A010,801663,09A,L,gaba,-1,lh,lh,470.3,2520.0,834.0,3312,0.142,314.2,147.3,8.8,lh->rh lh->lm,both
IN20A.22A006,801854,20A/22A,L,acetylcholine,1,lh,lh,469.9,1878.0,7.0,2108,0.223,130.5,258.9,80.5,lh->lm lh->rh lh->rf,both
IN03A029,805427,03A,L,acetylcholine,1,lm|lf,lf,468.6,835.0,0.0,1067,0.439,3.5,460.6,4.5,lm->lf lh->lf,ipsilateral
IN20A.22A006,801729,20A/22A,L,acetylcholine,1,lh,lh,468.1,2009.0,18.0,2284,0.205,151.6,249.1,67.4,lh->lm lh->rh lh->rf,both
IN01A054,807862,01A,L,acetylcholine,1,lm,rm,468.0,491.0,0.0,655,0.715,442.0,26.0,0.0,lm->rm,contralateral
INXXX122,801284,XXX (unassigned),R,acetylcholine,1,lh,lm|lh,467.6,765.0,276.0,1161,0.403,83.6,336.0,48.0,lh->lm rh->lm,ipsilateral
IN21A007,801510,21A,R,glutamate,-1,rh|rm,rh,467.5,2187.0,133.0,2288,0.204,20.7,426.1,20.7,rm->rh rh->rm,ipsilateral
IN09B018,809980,09B,R,glutamate,-1,rh|lh|lm|rm,lm|lh|rm|lf,467.4,569.0,0.0,979,0.477,102.3,181.7,183.4,,both
IN06B032,801863,06B,R,gaba,-1,lm|lh|rh,lm|lf,467.0,677.0,117.0,2450,0.191,10.1,342.3,114.6,lm->lf lh->lm lh->lf,ipsilateral
IN03B022,902529,03B,R,gaba,-1,rf|rm|rh,rh|rm,467.0,586.0,181.0,2276,0.205,15.0,406.0,46.0,rf->rh rf->rm rm->rh,ipsilateral
"IN17A043,IN17A046",903330,17A,L,acetylcholine,1,lh,lh|rh,466.2,1024.0,0.0,2010,0.232,229.9,201.2,35.1,lh->rh lh->lm lm->lh,both
IN09B005,903732,09B,L,glutamate,-1,rh,rh,466.1,2221.0,9.0,5303,0.088,173.9,167.1,125.1,rh->lh rh->rm rh->lf,both
IN12B003,941319,12B,L,gaba,-1,rf,rf,465.9,1621.0,0.0,2006,0.232,18.9,331.0,116.0,rh->rf rm->rf lm->rf,ipsilateral
IN19A004,800344,19A,L,gaba,-1,lm,lm,465.7,6389.0,367.0,6782,0.069,20.9,428.5,16.3,lm->lh lh->lm lm->lf,ipsilateral
IN20A.22A006,940081,20A/22A,L,acetylcholine,1,lm,lm,465.7,2614.0,417.0,2903,0.16,0.0,465.7,0.0,lm->lf lm->lh,ipsilateral
IN08B090,807939,08B,R,acetylcholine,1,rh,lh|lm,465.0,481.0,66.0,578,0.804,286.0,0.0,179.0,rh->lh rh->lm,both
IN04B006,800484,04B,R,acetylcholine,1,rh,rh|rm|lh,464.9,794.0,72.0,4681,0.099,118.9,304.3,41.7,rh->rm rh->lh rf->rh,both
IN01A025,803256,01A,L,acetylcholine,1,rh|lh,rh,464.5,1612.0,522.0,1980,0.235,350.0,60.1,54.3,lh->rh rh->lh rh->rm,contralateral
IN21A016,800605,21A,R,glutamate,-1,rf|rm,rf,464.3,1711.0,607.0,1880,0.247,0.0,443.4,21.0,rm->rf rh->rf,ipsilateral
IN01A035,800079,01A,R,acetylcholine,1,lf|rm,lf,463.9,1135.0,24.0,1254,0.37,188.0,121.9,154.0,rm->lf lf->lm rf->lf,both
IN06B003,800427,06B,R,gaba,-1,rh|rm,lm|lh|rh,463.0,526.0,0.0,5399,0.086,165.8,104.9,192.3,rh->lm rm->lm rh->lh,both
IN09B018,804001,09B,L,glutamate,-1,rh|lm|lh,lm|lh|rm,463.0,586.0,0.0,1027,0.451,112.7,184.6,165.8,rh->lm lh->lm,both
IN06A043,804353,06A,L,gaba,-1,lh,lh|rh,462.8,907.0,772.0,1813,0.255,409.3,20.4,33.0,lh->rh,contralateral
IN01A070,807567,01A,L,acetylcholine,1,lm|lf,rm,461.8,472.0,39.0,579,0.798,266.5,5.8,189.5,lm->rm lf->rm,both
IN13A004,800836,13A,L,gaba,-1,lh,lh|lm,461.6,1299.0,0.0,7369,0.063,0.0,461.6,0.0,lh->lm,ipsilateral
IN00A024,806213,00A,M,gaba,-1,lh,rh|lh,460.4,672.0,0.0,3140,0.147,340.6,48.4,71.4,lh->rh lf->rh,contralateral
IN03A019,903587,03A,L,acetylcholine,1,lh,lh,460.4,2093.0,7.0,3106,0.148,159.8,234.4,66.2,lh->lm lh->rh lh->rm,both
IN03A014,904282,03A,R,acetylcholine,1,rm,rm,460.3,1835.0,26.0,2130,0.216,0.0,460.3,0.0,rm->rf rm->rh,ipsilateral
IN01A040,810997,01A,R,acetylcholine,1,rf,lf,460.0,491.0,166.0,680,0.676,428.0,0.0,32.0,rf->lf,contralateral
IN19A007,800103,19A,R,gaba,-1,rm,rm,459.9,5369.0,1071.0,6139,0.075,12.3,407.3,40.4,rm->rh rm->rf,ipsilateral
IN21A011,802419,21A,R,glutamate,-1,rf|rm|rh,rf,459.5,890.0,5.0,1187,0.387,0.0,459.5,0.0,rm->rf rh->rf,ipsilateral
IN01A017,801571,01A,R,acetylcholine,1,lh|lm,lm|lh|rm,458.6,685.0,5.0,3247,0.141,29.3,333.1,96.2,lh->lm lh->rm,ipsilateral
IN01A035,804378,01A,L,acetylcholine,1,rf|lm|lf,rf|lf|rm,457.5,750.0,13.0,840,0.545,186.6,111.1,159.8,lm->rf rf->lf lf->rf,both
IN01A062_c,807845,01A,R,acetylcholine,1,rf|rm,lm,457.2,463.0,0.0,586,0.78,142.4,12.2,302.6,rf->lm rm->lm,both
IN03B021,802118,03B,R,gaba,-1,rh,rh,456.8,2594.0,234.0,4102,0.111,384.6,60.8,11.5,rh->lh rh->rm,contralateral
IN06B017,803881,06B,R,gaba,-1,lm|lh|rm,lh|lm|rh,456.7,624.0,6.0,1824,0.25,122.2,189.4,145.1,lm->lh lm->rh rm->lh,both
INXXX110,802748,XXX (unassigned),R,gaba,-1,rh|rm,rf|rm,456.4,507.0,0.0,1392,0.328,25.8,357.0,73.6,rh->rf rh->rm rm->rf,ipsilateral
IN08B017,800556,08B,L,acetylcholine,1,lf|rh|rf,lh|lm|rh|rm,456.3,485.0,0.0,2105,0.217,36.6,234.0,185.7,lf->lh lf->lm lf->rh,both
IN08A002,800340,08A,R,glutamate,-1,rh,rh,455.9,4822.0,688.0,5730,0.08,210.5,226.2,19.2,rh->lh rh->rm rm->rh,both
IN21A009,905896,21A,R,glutamate,-1,rm,rm,455.5,3050.0,74.0,3513,0.13,18.2,436.5,0.8,rm->rf rh->rm rm->rh,ipsilateral
IN19A032,802178,19A,R,acetylcholine,1,rf,rh|rm,454.3,493.0,227.0,1347,0.337,0.3,444.2,9.8,rf->rh rf->rm rm->rh,ipsilateral
IN20A.22A006,905042,20A/22A,R,acetylcholine,1,rh,rh,454.2,1882.0,14.0,1987,0.229,127.1,255.7,71.4,rh->rm rh->lh rh->lf,both
IN08B064,805948,08B,L,acetylcholine,1,lm,rm,453.1,454.0,0.0,590,0.768,345.6,27.1,80.4,lm->rm lm->rh,contralateral
IN03A020,802689,03A,L,acetylcholine,1,lm,lm,451.5,2131.0,57.0,2568,0.176,0.0,451.5,0.0,lm->lh lm->lf lh->lm,ipsilateral
IN06B017,800703,06B,R,gaba,-1,lh,rh,451.2,527.0,0.0,8539,0.053,245.5,84.7,120.9,lh->rh lh->lm lh->rf,both
IN08B058,805682,08B,L,acetylcholine,1,lh|lm,rm|rf,451.0,451.0,140.0,512,0.881,174.2,0.0,276.8,lh->rm lm->rm lh->rf,both
IN03A029,908289,03A,L,acetylcholine,1,lm|lf,lf|lm,450.9,764.0,0.0,916,0.492,23.5,394.2,33.2,lm->lf lf->lm,ipsilateral
INXXX122,905557,XXX (unassigned),L,acetylcholine,1,rh|lh,rh|rm,450.7,1002.0,531.0,1430,0.315,168.7,239.1,42.9,rh->rm lh->rh rh->lh,both
IN17A022,801961,17A,L,acetylcholine,1,lm,lm,450.1,2414.0,9.0,2828,0.159,14.9,433.1,2.1,lf->lm lm->lh,ipsilateral
IN21A018,801547,21A,L,acetylcholine,1,lf,lf,449.9,2001.0,108.0,2933,0.153,26.9,314.7,108.4,lf->lm lm->lf lf->rh,both
IN19A032,800750,19A,L,acetylcholine,1,lf,lm|lf|lh,448.4,669.0,254.0,1385,0.324,3.2,393.2,52.0,lf->lm lf->lh,ipsilateral
IN08B029,804002,08B,R,acetylcholine,1,rm|rf,lm|lh|lf,447.0,463.0,33.0,816,0.548,170.5,32.6,243.8,rm->lm rm->lh rf->lm,both
IN06B003,800485,06B,L,gaba,-1,lh|lf|lm,rh|rm,446.8,488.0,0.0,4761,0.094,151.4,66.8,228.6,lh->rh lh->rm lf->rh,both
INXXX307,928267,XXX (unassigned),L,acetylcholine,1,lh|lf|rh,rh,446.6,636.0,307.0,867,0.515,223.7,12.2,210.7,lh->rh lf->rh,both
IN09B008,800676,09B,R,glutamate,-1,lh,lh,444.9,1677.0,0.0,5139,0.087,150.2,165.9,128.7,lh->rh lh->lm lh->rm,both
IN19A003,801027,19A,R,gaba,-1,rf|rm,rf,444.5,1373.0,602.0,1656,0.268,33.3,380.3,30.9,rm->rf,ipsilateral
IN01A048,804513,01A,L,acetylcholine,1,rh|rm,rh|rm,442.4,857.0,5.0,2441,0.181,81.9,305.0,55.4,rh->rm rm->rh rh->lh,both
IN19A003,800596,19A,R,gaba,-1,rh,rh,442.3,2849.0,1851.0,2993,0.148,25.0,382.2,35.1,rm->rh,ipsilateral
IN13A012,801867,13A,R,gaba,-1,rh,rh,442.0,2163.0,57.0,2969,0.149,167.0,275.0,0.0,rh->rm rh->lh,both
INXXX464,902520,XXX (unassigned),R,acetylcholine,1,rh,rh,442.0,4966.0,754.0,5373,0.082,270.0,140.1,31.8,rh->lh rh->rm,both
INXXX242,802918,XXX (unassigned),L,acetylcholine,1,lh|lm|rh,lh|rh,441.8,735.0,0.0,1470,0.301,169.1,162.0,110.7,lm->lh rh->lh lh->rh,both
IN03A045,803598,03A,L,acetylcholine,1,lm|lh,lm,441.6,1392.0,183.0,1873,0.236,2.0,434.6,5.0,lh->lm,ipsilateral
IN01A066,808792,01A,L,acetylcholine,1,lf|rm|lh|lm,rh,441.4,452.0,0.0,551,0.801,72.2,102.9,266.3,lf->rh rm->rh lm->rh,both
IN08B058,806555,08B,R,acetylcholine,1,rm|rh,lm|lf,441.0,445.0,142.0,586,0.753,140.9,6.0,294.1,rm->lm rm->lf rh->lm,both
IN03B032,802423,03B,R,gaba,-1,rm|rh,rm,440.7,1558.0,176.0,1912,0.23,15.4,333.9,91.4,rh->rm lh->rm,ipsilateral
IN17B004,800943,17B,R,gaba,-1,rf|rh|lh,rm|lh|rh,440.3,518.0,9.0,4302,0.102,78.0,227.5,134.8,rf->rm rh->rm rf->lh,both
IN08B030,803757,08B,L,acetylcholine,1,lh|rh|lm,rm|rf,440.2,468.0,8.0,645,0.682,69.8,146.5,224.0,lh->rm lh->rf rh->rm,both
IN01A012,912079,01A,L,acetylcholine,1,rf,rf|rm,439.1,1400.0,163.0,1851,0.237,190.6,234.6,13.8,rf->rm rf->lf lf->rf,both
IN10B011,800413,10B,R,acetylcholine,1,lh|rh|lm,lh|rh,438.8,622.0,0.0,8848,0.05,172.7,136.0,130.1,lh->rh rh->lh lm->lh,both
IN02A014,903485,02A,L,glutamate,-1,lh,lh|rh,438.5,1153.0,15.0,2230,0.197,277.3,142.0,19.2,lh->rh lh->lm,both
IN01A046,803212,01A,R,acetylcholine,1,rh|lh,lh|rh,438.0,714.0,0.0,1483,0.295,387.0,18.8,32.2,rh->lh lh->rh,contralateral
IN14A001,903334,14A,L,gaba,-1,rf,rf|lf|rm,438.0,1241.0,0.0,2700,0.162,243.0,195.0,0.0,rf->lf rf->rm,both
IN03A007,801074,03A,L,acetylcholine,1,lf|lm,lf,436.8,1802.0,455.0,2416,0.181,18.8,385.8,32.1,lm->lf lh->lf,ipsilateral
IN06B027,802491,06B,R,gaba,-1,rh,lh|lm|lf,436.8,464.0,14.0,3017,0.145,163.6,41.8,231.4,rh->lh rh->lm rh->lf,both
IN01A070,807505,01A,L,acetylcholine,1,lf|lm,rm,436.8,448.0,16.0,638,0.685,141.0,18.8,277.0,lf->rm lm->rm,both
IN18B038,804628,18B,R,acetylcholine,1,lm|rh|rm,lm,436.4,703.0,333.0,827,0.528,164.6,95.4,176.5,rh->lm rm->lm,both
IN12A027,802567,12A,R,acetylcholine,1,lf|rf,rm|lm|lf|rh,436.2,522.0,168.0,903,0.483,80.3,172.6,183.2,lf->rm lf->lm lf->rh,both
IN19A007,800494,19A,L,gaba,-1,lh,lh,436.1,4101.0,143.0,4613,0.095,130.2,228.1,77.8,lh->lm lh->rh lh->rf,both
IN13A012,904741,13A,L,gaba,-1,lm,lm|lf,436.0,1702.0,28.0,2773,0.157,5.0,418.0,13.0,lm->lf lm->lh,ipsilateral
IN08B065,805856,08B,L,acetylcholine,1,lh,rh|rm,435.0,445.0,194.0,505,0.861,315.7,3.5,115.7,lh->rh lh->rm,contralateral
INXXX224,804404,XXX (unassigned),L,acetylcholine,1,rh|lh,rh|rm|lh,434.9,648.0,0.0,1765,0.246,168.7,181.9,84.4,rh->rm rh->lh lh->rh,both
IN07B065,810830,07B,R,acetylcholine,1,lm|rh,lm|lh|lf,434.8,571.0,32.0,655,0.664,96.4,178.9,159.4,rh->lm rh->lh lm->lh,both
IN19A008,800304,19A,R,gaba,-1,rm,rm,434.7,5328.0,2383.0,5638,0.077,4.9,403.2,26.6,rh->rm rf->rm,ipsilateral
IN20A.22A006,800338,20A/22A,L,acetylcholine,1,lm,lm,434.6,2329.0,332.0,2530,0.172,10.6,421.6,2.4,lm->lh lm->lf,ipsilateral
IN03B019,902880,03B,L,gaba,-1,lf|lm,lf,434.6,1031.0,125.0,1375,0.316,19.3,373.2,42.2,lm->lf,ipsilateral
IN08B065,903524,08B,L,acetylcholine,1,lh,rh,434.0,442.0,178.0,485,0.895,367.5,1.3,65.2,lh->rh lh->rm,contralateral
IN03A014,801524,03A,L,acetylcholine,1,lm,lm,433.9,2690.0,62.0,3233,0.134,13.1,418.6,2.2,lm->lf lm->lh,ipsilateral
IN08B056,805384,08B,R,acetylcholine,1,rh|lm|rm,lm,433.2,510.0,79.0,598,0.724,92.8,52.6,287.8,rh->lm rh->lf rm->lm,both
IN18B045_c,904006,18B,R,acetylcholine,1,rm|lh,lm|lh|rm,432.8,596.0,62.0,903,0.479,197.0,59.7,176.1,rm->lm rm->lh,both
INXXX468,802675,XXX (unassigned),L,acetylcholine,1,lm,lm,432.3,2224.0,43.0,2627,0.165,36.9,388.6,6.8,lm->lf lm->lh,ipsilateral
IN26X002,801996,26X,L,gaba,-1,rm,rm,432.2,2038.0,7.0,2802,0.154,15.0,207.7,209.6,lf->rm rh->rm rm->rh,both
IN09A003,800586,09A,L,gaba,-1,lh,lh,431.1,2793.0,104.0,3601,0.12,209.5,207.9,13.8,lh->rh lm->lh lf->lh,both
IN01A058,803538,01A,R,acetylcholine,1,rm|lf|lm,lm|rm,430.9,579.0,0.0,723,0.596,291.7,115.6,23.6,rm->lm lf->lm,both
IN19A020,906476,19A,R,gaba,-1,rf,rf|rm|lf,430.0,1187.0,15.0,1286,0.334,193.0,232.0,5.0,rf->rm rf->lf,both
IN01A044,803814,01A,L,acetylcholine,1,lh|rh,rh|lh,429.8,669.0,19.0,1045,0.411,386.8,13.3,29.7,lh->rh,contralateral
IN08B058,806690,08B,L,acetylcholine,1,lm|lh,rf|rm,429.8,433.0,138.0,601,0.715,129.0,4.8,296.0,lm->rf lm->rm lh->rf,both
IN01A036,805428,01A,R,acetylcholine,1,lh,lh|rh,429.0,1306.0,21.0,1984,0.216,354.0,60.0,15.0,lh->rh lh->lm,contralateral
IN08B064,808699,08B,L,acetylcholine,1,lm,rm|rh,428.7,429.0,6.0,600,0.714,249.4,33.7,145.6,lm->rm lm->rh,both
INXXX111,800961,XXX (unassigned),L,acetylcholine,1,lh|rh,lh|rh,428.4,713.0,0.0,5862,0.073,254.3,96.2,77.9,rh->lh lh->rh lf->lh,both
IN03A029,804871,03A,R,acetylcholine,1,rm|rf,rf|rm,428.4,630.0,5.0,763,0.561,29.2,346.5,52.8,rm->rf,ipsilateral
IN19A003,903602,19A,L,gaba,-1,lf|lm,lf,428.2,1871.0,1116.0,2153,0.199,12.7,415.4,0.1,lm->lf,ipsilateral
IN09A076,812912,09A,L,gaba,-1,lm|rf,lf,427.2,455.0,0.0,483,0.884,177.3,218.6,31.3,lm->lf rf->lf,both
IN16B037,805374,16B,L,glutamate,-1,lf,lm,427.1,505.0,21.0,948,0.451,0.0,427.1,0.0,lf->lm,ipsilateral
IN03B032,801798,03B,L,gaba,-1,lm|lh,lm,426.8,1808.0,122.0,2246,0.19,22.0,352.8,52.0,lh->lm rh->lm lm->lf,ipsilateral
IN13A003,912073,13A,L,gaba,-1,lf,lf,426.5,3016.0,57.0,5566,0.077,37.3,315.3,73.8,lf->lm lm->lf lf->rh,ipsilateral
GFC2,803601,-,R,acetylcholine,1,rm,rm|rh|lm|lh,426.4,773.0,215.0,1468,0.29,128.0,171.5,126.9,rm->rh rm->lm rm->lh,both
INXXX089,800118,XXX (unassigned),R,acetylcholine,1,lf,lf,424.8,3338.0,590.0,3551,0.12,358.8,59.2,6.8,rf->lf lf->lm,contralateral
IN08B060,805746,08B,R,acetylcholine,1,rm,lm|lh,424.8,442.0,0.0,738,0.576,225.8,49.5,149.5,rm->lm rm->lh,both
IN18B013,802020,18B,R,acetylcholine,1,rh,rh|lh,424.2,1156.0,709.0,2750,0.154,392.4,21.3,10.6,rh->lh,contralateral
IN08B090,809683,08B,L,acetylcholine,1,lh,rh|rm,424.2,436.0,70.0,458,0.926,269.9,7.2,147.1,lh->rh lh->rm,both
IN01A058,807399,01A,L,acetylcholine,1,lm,rm,424.1,483.0,0.0,548,0.774,359.0,15.1,50.0,lm->rm,contralateral
IN20A.22A006,801696,20A/22A,R,acetylcholine,1,rh,rh,423.5,1726.0,26.0,1862,0.227,121.8,242.5,59.2,rh->rm rh->lh rh->lf,both
INXXX161,803084,XXX (unassigned),R,gaba,-1,lm|lf,lf|lm,423.5,806.0,69.0,1178,0.359,8.0,383.5,32.0,lm->lf lf->lm,ipsilateral
IN12B003,800618,12B,R,gaba,-1,lf,lf,422.6,2592.0,37.0,3116,0.136,43.4,338.2,41.1,lm->lf lh->lf,ipsilateral
IN03B035,801713,03B,L,gaba,-1,lh,lh,422.5,2245.0,287.0,2504,0.169,167.0,122.2,133.3,lh->rh rm->lh lh->lm,both
IN10B013,802138,10B,R,acetylcholine,1,lm|lf,lm|lh,422.1,644.0,5.0,1847,0.229,40.0,320.7,61.3,lf->lm lm->lh lh->lm,ipsilateral
IN09A006,801758,09A,R,gaba,-1,rf,rf,421.3,1972.0,14.0,2867,0.147,136.2,271.6,13.4,rf->rm rf->lf,both
IN09B005,902280,09B,R,glutamate,-1,lh,lh,421.0,1544.0,0.0,5040,0.084,169.6,125.6,125.7,lh->rh lh->lm lh->rm,both
INXXX231,904816,XXX (unassigned),R,acetylcholine,1,rh,rh|lh,420.6,1142.0,42.0,2230,0.189,320.6,74.8,25.2,rh->lh lh->rh rm->rh,contralateral
INXXX045,801397,XXX (unassigned),R,unclear,0,rh,rh|lh,420.5,881.0,0.0,1743,0.241,261.4,105.7,53.4,rh->lh lh->rh rm->rh,both
IN11A008,804533,11A,L,acetylcholine,1,lm|lf,lm|lf,420.1,858.0,87.0,1131,0.371,9.9,401.1,9.1,lm->lf lf->lm,ipsilateral
IN01A037,804475,01A,L,acetylcholine,1,rh|rm,rh,419.9,1194.0,566.0,1284,0.327,102.6,256.3,61.0,rm->rh rh->lh rh->rm,both
IN04B018,802529,04B,R,acetylcholine,1,rm|lm,rm|rh,419.7,657.0,102.0,755,0.556,239.3,76.4,104.0,lm->rm rm->rh lm->rh,both
IN03A037,803093,03A,L,acetylcholine,1,lh,lh,419.1,1716.0,208.0,1921,0.218,229.5,184.1,5.5,lh->rh lh->lm,both
IN19A020,902420,19A,R,gaba,-1,rh,rh,419.1,1636.0,92.0,1691,0.248,123.3,181.1,114.7,rh->rm rh->lh rh->lf,both
IN14A016,904584,14A,R,glutamate,-1,lm|lh,lh|rh|rm,419.1,530.0,0.0,1182,0.355,120.6,165.1,133.4,lm->lh lm->rh lm->rm,both
IN19B003,800140,19B,L,acetylcholine,1,rm,rm,419.0,7937.0,508.0,8974,0.047,21.8,219.8,177.3,lh->rm rh->rm rf->rm,both
IN08B072,809993,08B,L,acetylcholine,1,lh,rh|rm,419.0,430.0,145.0,552,0.759,296.0,0.0,123.0,lh->rh lh->rm,contralateral
IN08B072,805627,08B,L,acetylcholine,1,lh,rh|rm,418.0,418.0,236.0,614,0.681,265.0,0.0,153.0,lh->rh lh->rm,both
IN06A014,906460,06A,L,gaba,-1,lm|rm,rm,417.6,589.0,19.0,1320,0.316,282.3,33.2,102.1,lm->rm,both
IN01A038,804529,01A,R,acetylcholine,1,lm|rm,lm,417.3,1068.0,313.0,1130,0.369,357.9,0.8,58.5,rm->lm rh->lm,contralateral
IN13B005,800514,13B,R,gaba,-1,lf,lf,417.1,2137.0,8.0,5695,0.073,7.0,295.1,115.0,lm->lf lh->lf lf->rh,ipsilateral
GFC2,802335,-,L,acetylcholine,1,lm,lm|rh|lh|rm,416.8,762.0,181.0,1537,0.271,132.3,142.9,141.6,lm->rh lm->lh lm->rm,both
IN00A021,804052,00A,M,gaba,-1,lh|rm|lf,lf|rf,416.1,498.0,0.0,1169,0.356,66.8,181.6,167.7,lh->lf lh->rf rm->lf,both
IN04B007,800240,04B,R,acetylcholine,1,rh,rh,413.7,1838.0,438.0,3408,0.121,61.4,345.3,7.1,rm->rh rh->rm,ipsilateral
IN06B035,1050938168,06B,L,gaba,-1,lm|rm|rh,lm|rm,413.6,658.0,122.0,1195,0.346,242.8,82.9,87.9,rm->lm lm->rm rh->lm,both
IN02A030,801572,02A,R,glutamate,-1,lh,lh,412.9,2212.0,0.0,4885,0.085,116.4,280.9,15.6,lm->lh lh->rh,both
vMS17,802289,-,L,unclear,0,rm,lm|lh,412.6,485.0,20.0,718,0.575,265.6,15.8,131.2,rm->lm rm->lh rm->lf,both
IN19B003,903572,19B,L,acetylcholine,1,rf,rf,412.6,4893.0,460.0,5626,0.073,146.3,128.9,137.4,rf->lf lh->rf rh->rf,both
IN19A002,800008,19A,R,gaba,-1,rh,rh,412.0,8674.0,84.0,9646,0.043,136.7,273.1,2.2,rh->rm rm->rh rh->lh,both
IN08A008,801441,08A,R,glutamate,-1,rf|lf,rf,411.9,1572.0,159.0,2002,0.206,362.2,38.1,11.5,lf->rf rf->lf,contralateral
INXXX153,802235,XXX (unassigned),L,acetylcholine,1,lh|rh,rm|rf,411.8,455.0,7.0,918,0.449,64.9,95.2,251.7,lh->rm lh->rf,both
IN01A028,801550,01A,R,acetylcholine,1,lh|rh|lm,lh|rh,411.7,753.0,121.0,1541,0.267,198.2,118.8,94.6,rh->lh lm->lh lh->rh,both
IN08B054,801051,08B,R,acetylcholine,1,rm,lm|lh,411.2,447.0,45.0,650,0.633,139.9,80.4,190.9,rm->lm rm->lh rm->rh,both
IN13A001,800116,13A,L,gaba,-1,lf,lf,411.0,3867.0,782.0,4499,0.091,278.0,132.1,0.9,lf->rf lf->lm,both
INXXX100,800835,XXX (unassigned),L,acetylcholine,1,lh|rh,lh|rh|rm,408.5,628.0,0.0,3147,0.13,189.8,117.4,101.3,rh->lh lh->rh lh->rm,both
IN13A001,800111,13A,L,gaba,-1,lh,lh,408.3,2774.0,628.0,3457,0.118,258.3,148.3,1.7,lh->rh lh->lm,both
IN01A073,806799,01A,R,acetylcholine,1,lm|rm,lm,408.1,782.0,76.0,844,0.484,229.8,71.5,106.8,rm->lm rh->lm,both
IN06A043,804997,06A,R,gaba,-1,rh,rh|lh,407.7,832.0,764.0,1682,0.242,372.2,21.2,14.4,rh->lh,contralateral
IN08B040,806660,08B,R,acetylcholine,1,lf|rf|rh,lf,407.7,598.0,81.0,746,0.547,176.5,66.9,164.3,rf->lf rh->lf,both
IN08B054,805253,08B,R,acetylcholine,1,rm,lm|lh,407.6,413.0,52.0,567,0.719,191.6,49.4,166.6,rm->lm rm->lh,both
IN17A020,801727,17A,R,acetylcholine,1,rm,rm,407.1,1200.0,34.0,2689,0.151,26.9,335.1,45.1,rm->rh rh->rm rm->rf,ipsilateral
IN08B029,804519,08B,L,acetylcholine,1,lm|lf,rm|rh,406.7,433.0,162.0,712,0.571,166.0,31.1,209.6,lm->rm lm->rh lf->rm,both
IN18B017,801829,18B,L,acetylcholine,1,lm|lf,rm|lm|rh,406.6,488.0,6.0,1850,0.22,121.9,77.6,207.1,lm->rm lm->rh lf->rm,both
IN03A054,801907,03A,L,acetylcholine,1,lm|lh,lm|lh,406.0,933.0,29.0,1104,0.368,4.8,391.0,10.2,lh->lm lm->lh,ipsilateral
IN13B019,804234,13B,L,gaba,-1,rh,rh|rm,405.7,1074.0,40.0,1531,0.265,20.4,236.6,148.7,rh->rm lf->rh rf->rh,both
IN17A022,802367,17A,R,acetylcholine,1,rh,rh,405.3,1822.0,0.0,2032,0.199,125.7,236.2,43.4,rm->rh rh->lh rf->rh,both
IN14A044,806529,14A,R,glutamate,-1,lh|lm|lf,lh,404.0,718.0,0.0,893,0.452,78.2,297.5,28.3,lm->lh lf->lh rh->lh,ipsilateral
IN07B065,810145,07B,R,acetylcholine,1,rm|lm,lh|lm|lf,403.4,448.0,22.0,562,0.718,123.0,91.8,188.5,rm->lh rm->lm rm->lf,both
INXXX140,803843,XXX (unassigned),L,gaba,-1,lh|lf,lh,403.3,908.0,16.0,1354,0.298,64.6,286.3,52.4,lf->lh lh->rh,ipsilateral
IN01A011,903613,01A,R,acetylcholine,1,lh,lh,403.2,1412.0,499.0,2571,0.157,100.1,118.0,185.1,rm->lh lh->rh lm->lh,both
IN14A023,805735,14A,L,glutamate,-1,rh|rm|rf,rh,403.1,895.0,0.0,1103,0.365,16.1,364.1,22.9,rm->rh rf->rh,ipsilateral
IN01A058,803777,01A,L,acetylcholine,1,lm|lf,rm|lm,402.7,506.0,0.0,563,0.715,177.2,97.7,127.8,lm->rm lf->rm lf->lm,both
IN16B020,800387,16B,L,glutamate,-1,lh,lh,402.3,2271.0,766.0,2728,0.147,94.4,293.3,14.6,lm->lh lh->rh,ipsilateral
INXXX270,802804,XXX (unassigned),R,gaba,-1,lh|rh,lh|rh,401.9,667.0,59.0,1228,0.327,230.7,97.0,74.1,rh->lh lh->rh,both
IN03B029,802067,03B,L,gaba,-1,rm|lm|lh|lf,lf|rm,401.8,487.0,0.0,2259,0.178,68.2,170.9,162.8,rm->lf lm->lf lh->lf,both
IN14B003,802134,14B,L,gaba,-1,lh,lh|rh,401.5,839.0,316.0,2426,0.165,202.9,134.8,63.8,lh->rh lh->lm lf->lh,both
IN17A007,904640,17A,R,acetylcholine,1,rh,rh|lh,401.3,1987.0,387.0,2630,0.153,331.1,67.3,2.9,rh->lh rh->rm,contralateral
INXXX161,803124,XXX (unassigned),L,gaba,-1,rm|rf|lf,rm|rf,401.2,675.0,91.0,979,0.41,44.3,259.1,97.8,rm->rf rf->rm lf->rm,both
IN14A020,904541,14A,L,glutamate,-1,rh|lm,rh,399.9,1163.0,0.0,2060,0.194,85.2,49.8,264.9,lm->rh rh->lh,both
IN13B009,800708,13B,R,gaba,-1,lh,lh|rh,398.5,1442.0,0.0,3609,0.11,214.3,102.5,81.7,lh->rh lh->rf lf->lh,both
IN01A060,807898,01A,L,acetylcholine,1,rh|lf|rm|rf,rm,397.3,523.0,0.0,647,0.614,0.0,272.8,124.5,rh->rm rf->rm lf->rm,both
IN19A002,903567,19A,L,gaba,-1,lh,lh,396.6,9151.0,43.0,10375,0.038,48.6,347.6,0.4,lh->lm lm->lh lh->rh,ipsilateral
IN03A017,804468,03A,R,acetylcholine,1,rm,rm,395.2,2026.0,347.0,2227,0.177,0.9,378.3,16.0,rm->rh rm->rf rh->rm,ipsilateral
IN01A040,805841,01A,R,acetylcholine,1,rf,lf,395.0,415.0,99.0,617,0.64,343.0,44.0,8.0,rf->lf rf->rm,contralateral
IN03A019,805073,03A,R,acetylcholine,1,rh,rh,394.4,2588.0,65.0,3415,0.116,120.2,266.4,7.8,rh->rm rh->lh,both
IN01A050,903849,01A,L,acetylcholine,1,rm|rh,rm,394.3,788.0,22.0,1107,0.356,51.9,251.6,90.8,rh->rm rf->rm lf->rm,both
IN04B004,800091,04B,R,acetylcholine,1,rh,rh,393.9,3244.0,44.0,5583,0.071,190.9,200.9,2.1,rh->lh rh->rm rh->rf,both
IN03A020,801802,03A,R,acetylcholine,1,rm,rm,393.8,1760.0,158.0,2076,0.19,0.0,393.8,0.0,rm->rh rm->rf rh->rm,ipsilateral
IN06B032,801962,06B,L,gaba,-1,rm|lm|lh,rm|rf,393.7,653.0,83.0,2227,0.177,111.9,142.6,139.2,lm->rm lh->rm rm->rf,both
IN19A007,800233,19A,L,gaba,-1,lm,lm,392.7,5695.0,931.0,6552,0.06,0.0,392.7,0.0,lm->lh lm->lf,ipsilateral
IN03A034,804664,03A,L,acetylcholine,1,lf|lh|lm,lf,392.7,754.0,22.0,1001,0.392,5.0,382.7,5.0,lh->lf lm->lf,ipsilateral
IN18B045_b,803519,18B,L,acetylcholine,1,lm,rh|lm|rm,391.0,526.0,33.0,1212,0.323,88.0,71.0,232.0,lm->rh lm->rm lm->lh,both
IN13B004,800391,13B,L,gaba,-1,rh,rh,390.5,3643.0,56.0,5124,0.076,154.0,217.8,18.8,rh->rm rh->lh rm->rh,both
IN09B008,800820,09B,R,glutamate,-1,lm,lm,389.8,1460.0,6.0,4719,0.083,72.0,292.1,25.7,lm->lh lm->lf lh->lm,ipsilateral
IN08B056,806183,08B,L,acetylcholine,1,lm|lf,rm|rf|lf,388.5,427.0,18.0,545,0.713,151.4,78.5,158.6,lm->rm lm->rf lm->lf,both
IN01A062_c,809170,01A,L,acetylcholine,1,lf,rm,388.0,400.0,11.0,437,0.888,5.0,30.0,353.0,lf->rm,both
IN20A.22A006,802135,20A/22A,R,acetylcholine,1,rm,rm,387.7,2120.0,348.0,2354,0.165,0.7,380.0,7.0,rm->rf rm->rh,ipsilateral
IN19A008,800236,19A,L,gaba,-1,lm,lm,386.8,4900.0,1780.0,5239,0.074,5.3,369.8,11.7,lh->lm lf->lm lm->lf,ipsilateral
IN03B019,800539,03B,R,gaba,-1,rf|rm|rh,rf,386.8,809.0,51.0,1160,0.333,32.0,310.1,44.7,rm->rf rh->rf,ipsilateral
IN13B005,800372,13B,R,gaba,-1,lm,lm,386.5,2827.0,17.0,6239,0.062,5.7,374.5,6.3,lh->lm lf->lm lm->lh,ipsilateral
IN14A012,802812,14A,R,glutamate,-1,lh|rh,lh|rh,386.5,1052.0,6.0,1423,0.272,381.5,3.8,1.2,rh->lh lh->rh,contralateral
IN09A003,902483,09A,L,gaba,-1,lm,lm,386.3,2657.0,238.0,4025,0.096,139.0,230.4,16.9,lm->rm lf->lm lm->lf,both
IN12A007,904746,12A,R,acetylcholine,1,rh,rh|rm,385.6,1242.0,74.0,2324,0.166,85.3,298.6,1.7,rh->rm rh->lh,ipsilateral
IN11A008,803466,11A,R,acetylcholine,1,lf|rm|lm,rm|rf,385.3,541.0,88.0,717,0.537,111.8,100.0,173.5,lf->rm lm->rm rf->rm,both
INXXX307,804980,XXX (unassigned),L,acetylcholine,1,rh|lh|lf,rh,385.3,697.0,324.0,859,0.449,225.9,19.0,140.4,lh->rh lf->rh,both
IN12B038,805235,12B,L,gaba,-1,rm|lm,rh|lh,385.0,385.0,0.0,1162,0.331,0.0,205.0,180.0,rm->rh rm->lh lm->rh,both
IN01A073,808310,01A,R,acetylcholine,1,lm|rm,lm,384.6,760.0,83.0,819,0.47,191.4,70.1,123.2,rm->lm rh->lm rf->lm,both
IN01A070,905625,01A,R,acetylcholine,1,rm,lm,384.0,403.0,12.0,641,0.599,374.0,0.0,10.0,rm->lm,contralateral
"IN17A043,IN17A046",802853,17A,L,acetylcholine,1,lh,lh|rh,383.3,1086.0,10.0,2250,0.17,225.0,144.3,14.0,lh->rh lh->lm,both
IN19A004,800335,19A,R,gaba,-1,rh,rh,381.6,5579.0,196.0,6047,0.063,87.2,291.9,2.5,rm->rh rh->rm rh->lh,ipsilateral
IN01A071,811421,01A,L,acetylcholine,1,lh|rh,rh,380.2,669.0,159.0,688,0.553,288.2,56.1,35.9,lh->rh rm->rh,contralateral
INXXX468,800946,XXX (unassigned),L,acetylcholine,1,lm,lm,380.0,2225.0,38.0,2598,0.146,0.0,380.0,0.0,lm->lf lm->lh,ipsilateral
IN12A015,801590,12A,L,acetylcholine,1,lm,lm|rm,379.7,674.0,10.0,1884,0.202,177.9,112.8,89.0,lm->rm lm->lh lm->rh,both
IN03B019,801598,03B,L,gaba,-1,lm,lm,379.7,1557.0,388.0,2008,0.189,23.3,285.9,70.6,lm->lf lh->lm lm->rh,ipsilateral
IN08B092,807522,08B,R,acetylcholine,1,rh,lh|lm,379.0,414.0,106.0,434,0.873,228.0,5.0,146.0,rh->lh rh->lm,both
IN05B032,802166,05B,R,gaba,-1,rh|rm,lm|rm|lh,378.9,446.0,0.0,2358,0.161,102.7,127.4,148.9,rh->lm rh->rm rh->lh,both
IN14A020,908962,14A,R,glutamate,-1,lm|lh,lh|rh,378.7,483.0,0.0,2123,0.178,48.8,224.7,105.2,lm->lh lm->rh lh->rh,both
IN14A006,802311,14A,R,glutamate,-1,lf,lf,378.0,1273.0,0.0,1960,0.193,52.6,276.9,48.5,lh->lf lf->lh lf->rh,ipsilateral
IN17A020,802075,17A,R,acetylcholine,1,rf|rh,rf|rm,377.0,792.0,0.0,1405,0.268,69.7,261.0,46.3,rh->rf rf->rm rf->lf,both
IN16B024,933157,16B,L,glutamate,-1,lh,lh,377.0,2836.0,466.0,3411,0.111,335.0,42.0,0.0,lh->rh lh->lm,contralateral
IN17A023,933729,17A,L,acetylcholine,1,lh|lf,lh|rm,376.9,771.0,0.0,5113,0.074,24.9,226.9,125.1,lf->lh lh->rm lm->lh,both
INXXX307,805002,XXX (unassigned),R,acetylcholine,1,lh|rh|lf,lh,376.5,574.0,269.0,880,0.428,197.5,166.9,12.1,rh->lh lf->lh,both
IN14A016,903499,14A,L,glutamate,-1,rh|rm,rh|rm,376.3,609.0,0.0,1144,0.329,67.1,233.3,75.9,rm->rh rh->rm rh->lh,both
IN13A012,801675,13A,R,gaba,-1,rf,rf,376.2,1146.0,42.0,1768,0.213,189.8,150.6,35.8,rf->lf rf->rm,both
IN19A004,800392,19A,R,gaba,-1,rm,rm,375.9,6329.0,712.0,6758,0.056,23.2,336.4,16.4,rm->rh rm->rf rh->rm,ipsilateral
IN03A052,808318,03A,L,acetylcholine,1,lm|lh,lm|lh,375.9,881.0,91.0,1006,0.374,0.0,375.9,0.0,lh->lm lm->lh,ipsilateral
IN11B002,801404,11B,R,gaba,-1,rm|rf,rh|rm|lh,375.7,499.0,0.0,2065,0.182,20.9,251.7,103.1,rm->rh rm->lh,both
IN05B034,800250,05B,R,gaba,-1,rh|lh,lh|rh,375.4,587.0,0.0,2239,0.168,220.6,79.0,75.8,rh->lh lh->rh,both
IN13A009,800446,13A,R,gaba,-1,rh,rh,374.5,4758.0,1407.0,5610,0.067,87.8,270.5,16.2,rh->rm rm->rh rh->lh,ipsilateral
IN01A050,804038,01A,L,acetylcholine,1,rm|rh,rm,374.5,942.0,60.0,1246,0.301,79.2,271.0,24.3,rh->rm lm->rm,ipsilateral
IN03B051,805766,03B,L,gaba,-1,lh|rh|lm,lm|lh,374.3,553.0,14.0,987,0.379,71.3,221.2,81.8,lh->lm rh->lm rh->lh,both
IN10B016,800938,10B,L,acetylcholine,1,rh,rh,373.8,2106.0,20.0,3869,0.097,175.9,185.6,12.2,rm->rh rh->lh lh->rh,both
IN03B035,801849,03B,R,gaba,-1,rm,rm,373.6,2019.0,85.0,2320,0.161,83.5,264.1,26.0,rh->rm rm->rh rm->lm,ipsilateral
IN14B012,804210,14B,R,gaba,-1,rh,rh|lh,372.5,646.0,0.0,947,0.393,134.7,124.2,113.6,rh->lh rh->lm rh->rm,both
IN13B015,906299,13B,L,gaba,-1,rf|lf,rf|lf,372.5,804.0,0.0,1333,0.279,320.5,33.6,18.4,rf->lf lf->rf,contralateral
IN13A018,803642,13A,L,gaba,-1,lh|lm,lh,372.4,1155.0,307.0,1463,0.255,111.7,215.3,45.5,lm->lh lh->rh,both
IN18B013,801574,18B,L,acetylcholine,1,lh,lh|rh,372.3,1185.0,655.0,2810,0.132,344.4,19.9,8.0,lh->rh,contralateral
IN08B060,803355,08B,L,acetylcholine,1,lm,rm|rh,372.1,380.0,0.0,581,0.64,219.8,29.1,123.2,lm->rm lm->rh,both
IN04B008,800333,04B,R,acetylcholine,1,rm,rm,371.2,1670.0,328.0,2045,0.182,11.0,330.3,29.9,rm->rf rf->rm rh->rm,ipsilateral
IN27X002,802371,27X,R,unclear,0,rh|lh,rh|rm,371.1,669.0,6.0,968,0.383,180.1,111.8,79.3,lh->rh rh->rm rm->rh,both
IN08A008,801629,08A,R,glutamate,-1,rh,rh,371.0,1801.0,95.0,2446,0.152,242.0,105.0,24.0,rh->lh rm->rh,both
IN03A052,807313,03A,R,acetylcholine,1,rm|rh,rm|rh,370.9,731.0,60.0,833,0.445,13.3,333.7,23.9,rh->rm rm->rh,ipsilateral
IN16B020,903903,16B,R,glutamate,-1,rh,rh,370.8,3036.0,1434.0,3443,0.108,69.6,293.8,7.4,rm->rh rh->lh,ipsilateral
IN00A024,803156,00A,M,gaba,-1,lh|rh,rh|lh,370.6,683.0,0.0,2002,0.185,359.6,8.4,2.6,lh->rh rh->lh,contralateral
IN13A003,800132,13A,L,gaba,-1,lm,lm,370.4,5376.0,84.0,8939,0.041,36.7,333.4,0.3,lm->lf lm->lh lh->lm,ipsilateral
IN17A020,801367,17A,L,acetylcholine,1,lm,lm,370.1,1585.0,98.0,3307,0.112,29.0,316.1,25.0,lm->lf lm->lh lh->lm,ipsilateral
INXXX087,800350,XXX (unassigned),R,acetylcholine,1,lh|rh,rh|lh,369.9,654.0,208.0,5072,0.073,354.9,8.8,6.2,lh->rh rh->lh,contralateral
IN21A011,801611,21A,L,glutamate,-1,lh,lh,369.2,1717.0,44.0,2028,0.182,16.2,350.9,2.1,lf->lh lm->lh,ipsilateral
INXXX425,801732,XXX (unassigned),L,acetylcholine,1,rh|lh,rh|lh,369.2,813.0,228.0,3877,0.095,314.2,43.2,11.8,rh->lh lh->rh rh->rm,contralateral
IN09A007,800876,09A,L,gaba,-1,lh,lh|rh,368.9,732.0,5.0,3317,0.111,219.5,104.4,45.0,lh->rh lh->lm lm->lh,both
IN12B009,801387,12B,R,gaba,-1,rm|lh,lh|rh,368.5,481.0,0.0,3012,0.122,81.7,126.9,159.9,rm->lh rm->rh lh->rh,both
IN08B056,805805,08B,L,acetylcholine,1,lh|rm,rm|rh|rf,368.5,455.0,33.0,504,0.731,78.9,87.9,201.6,lh->rm lh->rh lh->rf,both
IN08B056,807961,08B,R,acetylcholine,1,rm,lm|lf|rm,368.4,450.0,36.0,595,0.619,186.1,37.4,144.9,rm->lm rm->lf,both
INXXX468,803268,XXX (unassigned),R,acetylcholine,1,rm,rm,368.3,1772.0,51.0,2031,0.181,13.5,346.2,8.7,rm->rh rm->rf,ipsilateral
IN14A005,800990,14A,L,glutamate,-1,rh,rh,367.8,1873.0,0.0,3036,0.121,282.8,42.0,43.0,rh->lh rh->lf rh->rm,contralateral
IN17A013,800380,17A,L,acetylcholine,1,lh,lh|rm,367.5,649.0,15.0,3616,0.102,42.3,143.5,181.7,lh->rm lh->lm lh->lf,both
IN08B072,806673,08B,R,acetylcholine,1,rh,lh|lm,367.0,367.0,156.0,644,0.57,227.0,0.0,140.0,rh->lh rh->lm,both
INXXX347,806324,XXX (unassigned),L,gaba,-1,rh|lm,lh,366.7,412.0,37.0,839,0.437,240.2,117.1,9.3,rh->lh lm->lh,both
IN20A.22A006,903217,20A/22A,L,acetylcholine,1,lf,lf,366.5,1828.0,101.0,2039,0.18,154.3,201.4,10.8,lf->lm lf->rf,both
INXXX192,801892,XXX (unassigned),R,acetylcholine,1,lh|rh,lh|rh,365.2,607.0,30.0,2564,0.142,243.5,61.3,60.4,rh->lh lh->rh,both
IN19A004,800269,19A,L,gaba,-1,lh,lh,364.8,5368.0,54.0,6083,0.06,139.7,218.7,6.4,lh->lm lh->rh,both
IN16B037,806663,16B,R,glutamate,-1,rf|rm,rm,364.7,466.0,69.0,783,0.466,0.0,364.7,0.0,rf->rm,ipsilateral
INXXX231,802578,XXX (unassigned),R,acetylcholine,1,rh|lh,rh|lh,364.3,827.0,38.0,1948,0.187,322.3,28.0,14.0,lh->rh rh->lh,contralateral
IN01B043,810246,01B,L,gaba,-1,lm,lm|lh|lf,363.7,645.0,0.0,798,0.456,0.6,346.7,16.4,lm->lh lm->lf,ipsilateral
IN01A066,808707,01A,R,acetylcholine,1,lf|lm,lh,363.6,428.0,5.0,607,0.599,5.5,302.9,55.3,lf->lh lm->lh rm->lh,ipsilateral
IN08B054,805033,08B,R,acetylcholine,1,rm,lm|lh|lf,363.4,384.0,49.0,569,0.639,143.9,54.8,164.7,rm->lm rm->lh rm->lf,both
IN19B003,800159,19B,R,acetylcholine,1,lh,lh,362.8,7468.0,619.0,9057,0.04,75.5,285.8,1.5,lh->lm lm->lh lh->rh,ipsilateral
IN04B020,801763,04B,L,acetylcholine,1,lf|lm,lf|lm,362.1,1026.0,218.0,1291,0.28,13.3,331.0,17.8,lm->lf lf->lm,ipsilateral
IN03A052,807620,03A,R,acetylcholine,1,rm|rh,rm|rh,361.8,685.0,41.0,894,0.405,30.1,295.3,36.3,rh->rm rm->rh,ipsilateral
IN08B062,804254,08B,L,acetylcholine,1,lf,lh|rh|lf,361.6,446.0,15.0,1773,0.204,16.3,160.6,184.7,lf->lh lf->rh lf->rm,both
IN01A038,801579,01A,R,acetylcholine,1,lm|rm,lm,361.4,1148.0,321.0,1201,0.301,296.3,1.2,63.9,rm->lm rh->lm,contralateral
IN08B056,805683,08B,L,acetylcholine,1,lh|lm,rm|rf,361.4,413.0,25.0,461,0.784,76.6,65.5,219.4,lh->rm lm->rm lh->rf,both
IN00A033,802069,00A,M,gaba,-1,rh|rm|lh,rh|lh,361.0,549.0,0.0,2779,0.13,161.2,111.2,88.6,rh->lh rm->rh lh->rh,both
IN09A010,902278,09A,L,gaba,-1,lm,lm,360.6,2368.0,565.0,3186,0.113,9.3,327.0,24.2,lm->lh lh->lm,ipsilateral
IN03A057,905328,03A,R,acetylcholine,1,rm|rf,rm,360.3,1069.0,8.0,1209,0.298,0.0,318.3,42.0,rf->rm rm->rh rm->rf,ipsilateral
IN01A036,802604,01A,L,acetylcholine,1,rh,rh|lh,360.0,1211.0,35.0,1645,0.219,351.0,0.0,9.0,rh->lh,contralateral
IN17A013,800588,17A,R,acetylcholine,1,rh,rh|rm,359.8,646.0,7.0,3557,0.101,47.6,206.7,105.6,rh->rm rh->lm rh->lh,both
IN01A080_b,907975,01A,L,acetylcholine,1,lh|rh,rh,359.4,500.0,34.0,506,0.71,309.2,5.0,45.2,lh->rh lf->rh,contralateral
IN14B007,801861,14B,L,gaba,-1,lm,rm|lm,357.9,421.0,14.0,2751,0.13,242.7,44.9,70.3,lm->rm,both
IN03A018,905943,03A,R,acetylcholine,1,rf|lf,rf|lf,357.1,621.0,237.0,1085,0.329,225.6,82.8,48.7,lf->rf rf->lf rm->rf,both
IN00A009,801413,00A,M,gaba,-1,lm|rm,lm|rm,356.8,710.0,0.0,3445,0.104,344.2,6.7,5.9,rm->lm lm->rm,contralateral
IN05B020,902505,05B,R,gaba,-1,lm|lh,lm|lh|lf,356.8,512.0,0.0,1907,0.187,54.1,238.3,64.4,lh->lm lm->lh lm->lf,both
IN20A.22A006,801136,20A/22A,R,acetylcholine,1,rm,rm,356.7,2118.0,323.0,2392,0.149,0.0,356.7,0.0,rm->rf rm->rh,ipsilateral
IN13B007,800287,13B,R,gaba,-1,lh,lh,356.0,4149.0,183.0,7218,0.049,171.0,142.0,43.0,lh->rh lf->lh lh->rm,both
IN17B006,800593,17B,L,gaba,-1,lh,lm,355.9,376.0,0.0,8105,0.044,0.0,355.9,0.0,lh->lm,ipsilateral
IN04B018,805952,04B,L,acetylcholine,1,lm|rm,lm,355.3,675.0,69.0,805,0.441,185.4,132.0,37.9,rm->lm lh->lm lm->lh,both
IN03A040,803143,03A,L,acetylcholine,1,lm,lm,355.0,1631.0,96.0,2358,0.151,12.0,343.0,0.0,lm->lh lm->lf,ipsilateral
IN08A016,805582,08A,R,glutamate,-1,rh|lh,rh,354.8,745.0,61.0,1646,0.216,195.7,51.9,107.3,lh->rh lm->rh rh->lm,both
IN02A018,906206,02A,R,glutamate,-1,rh,rm|lh,354.0,354.0,0.0,2261,0.157,67.0,262.0,25.0,rh->rm rh->lh,ipsilateral
IN14A014,802778,14A,R,glutamate,-1,lh,lh|lm,353.8,1441.0,6.0,2564,0.138,94.8,238.2,20.8,lh->lm rh->lh,both
IN01A071,815744,01A,R,acetylcholine,1,lh|rh|rm,lh,353.8,556.0,116.0,556,0.636,184.4,46.1,123.3,rh->lh rm->lh,both
INXXX004,800281,XXX (unassigned),R,gaba,-1,rh|rm,rm|rh,353.7,576.0,6.0,5070,0.07,18.8,313.8,21.1,rh->rm rm->rh,ipsilateral
IN08B064,808080,08B,R,acetylcholine,1,rm,lm,353.0,353.0,0.0,537,0.657,277.0,35.0,41.0,rm->lm,contralateral
IN14A012,802790,14A,L,glutamate,-1,rh|lh,rh|lh,351.8,1166.0,0.0,1486,0.237,351.8,0.0,0.0,rh->lh lh->rh,contralateral
IN03B022,800737,03B,L,gaba,-1,lh|lf,lh|lm,351.6,550.0,141.0,2345,0.15,32.9,291.6,27.1,lh->lm lf->lh lf->lm,ipsilateral
IN27X002,803821,27X,L,unclear,0,lh|lm,lm|lh,351.4,576.0,23.0,749,0.469,25.5,307.4,18.5,lh->lm,ipsilateral
IN09B022,801452,09B,L,glutamate,-1,rm|rf,rm|rf,351.1,631.0,0.0,2661,0.132,5.2,328.1,17.9,rf->rm rm->rf,ipsilateral
IN14A012,801275,14A,L,glutamate,-1,rm|lm,rm|lm,351.0,868.0,23.0,1039,0.338,238.4,76.2,36.3,lm->rm rm->lm rm->rh,both
IN18B045_c,806710,18B,L,acetylcholine,1,lm|rh|rm,rm|rh|lm,351.0,476.0,21.0,886,0.396,128.4,113.0,109.6,lm->rm rh->rm lm->rh,both
IN11A008,905551,11A,L,acetylcholine,1,lm|lf|rf,lm|lf,350.8,656.0,25.0,906,0.387,34.5,241.6,74.8,lf->lm lm->lf rf->lm,both
IN09B008,800927,09B,L,glutamate,-1,rh,rh,350.7,1320.0,0.0,5260,0.067,189.5,76.7,84.6,rh->lh rh->lm rh->rm,both
IN01A079,809378,01A,L,acetylcholine,1,lm|lf,rm,350.6,367.0,0.0,483,0.726,219.1,16.4,115.0,lm->rm lf->rm,both
INXXX468,803063,XXX (unassigned),R,acetylcholine,1,rm,rm,350.4,1793.0,50.0,2084,0.168,0.8,341.3,8.3,rm->rf rm->rh,ipsilateral
IN12B009,902704,12B,L,gaba,-1,rm|lh,rh|lh,350.2,445.0,0.0,2823,0.124,103.6,128.4,118.2,rm->rh lh->rh rm->lh,both
IN07B033,802559,07B,R,acetylcholine,1,rh,lh,350.0,375.0,61.0,2011,0.174,336.0,6.0,8.0,rh->lh,contralateral
IN01A050,903850,01A,L,acetylcholine,1,rm|rh,rm,350.0,772.0,23.0,1111,0.315,80.0,222.8,47.3,rh->rm lm->rm,both
IN08B040,908080,08B,L,acetylcholine,1,lf,rf|rh|lf,350.0,429.0,98.0,592,0.591,203.0,21.0,126.0,lf->rf lf->rh,both
IN07B065,819046,07B,L,acetylcholine,1,lm|rh,rh|rm,349.7,436.0,40.0,525,0.666,89.3,111.1,149.4,lm->rh lm->rm rh->rm,both
IN08A008,802155,08A,R,glutamate,-1,rm,rm,349.5,1925.0,153.0,2237,0.156,24.9,281.5,43.1,rh->rm rf->rm,ipsilateral
IN17A016,801309,17A,R,acetylcholine,1,rm,rm,348.6,2299.0,261.0,3197,0.109,260.3,63.4,24.9,lm->rm rm->lm,contralateral
IN09B005,801118,09B,L,glutamate,-1,rm,rm,348.5,1249.0,8.0,4188,0.083,66.5,252.3,29.7,rm->rh rh->rm lm->rm,ipsilateral
IN14A014,805277,14A,L,glutamate,-1,rf|rh,rf|lh,348.4,611.0,0.0,1001,0.348,86.5,145.4,116.5,rf->lh rf->rm rf->lf,both
IN08B040,801237,08B,R,acetylcholine,1,rf,lf,348.0,374.0,46.0,590,0.59,237.0,29.0,82.0,rf->lf rf->lm rf->lh,both
IN08B054,804849,08B,L,acetylcholine,1,lm,rh|rm|lh|rf,348.0,368.0,13.0,493,0.706,76.9,86.1,185.0,lm->rh lm->rm lm->lh,both
IN11A008,902810,11A,R,acetylcholine,1,rm|rf|lm|lf,rm,347.7,518.0,41.0,724,0.48,92.4,158.0,97.4,rf->rm lm->rm lf->rm,both
IN21A021,905618,21A,R,acetylcholine,1,rh,rh,347.7,1234.0,323.0,1890,0.184,75.9,93.0,178.7,lm->rh rm->rh lh->rh,both
IN04B018,906260,04B,L,acetylcholine,1,lm|lh|rm,lm,347.5,707.0,94.0,797,0.436,139.2,179.2,29.1,rm->lm lh->lm lm->lh,both
IN05B039,800409,05B,L,gaba,-1,lh,lh|rm,346.5,818.0,0.0,2323,0.149,141.5,69.3,135.7,lh->rm lh->rh lh->lm,both
IN03A022,803274,03A,L,acetylcholine,1,lf,lf,346.4,1366.0,162.0,1675,0.207,214.5,99.0,32.9,rf->lf lf->lm lf->rf,both
IN12B048,807907,12B,R,gaba,-1,lf|rh,lh|lm|rh,346.4,362.0,0.0,630,0.55,53.3,225.7,67.4,lf->lh lf->lm rh->lh,both
IN03A019,802524,03A,R,acetylcholine,1,rf,rf|rm,346.1,928.0,11.0,1513,0.229,72.4,230.2,43.5,rf->rm rf->lf rh->rf,both
IN19A142,801102,19A,L,gaba,-1,lh|lf,lf,345.9,416.0,55.0,754,0.459,10.4,282.1,53.4,lh->lf,ipsilateral
IN17A025,802476,17A,R,acetylcholine,1,rf,rf,345.8,1277.0,32.0,1488,0.232,147.7,196.8,1.3,rf->rm rf->lf,both
IN01A054,808070,01A,R,acetylcholine,1,rm,lm,345.4,418.0,18.0,658,0.525,277.9,10.6,56.8,rm->lm rf->lm,contralateral
IN17A023,800822,17A,R,acetylcholine,1,rh,rh|lm,344.4,774.0,0.0,4580,0.075,70.0,113.1,161.3,rh->lm rm->rh rh->lh,both
IN01A038,804764,01A,L,acetylcholine,1,rh|lh,rh,344.3,1144.0,468.0,1185,0.291,246.3,0.0,98.0,lh->rh lm->rh lf->rh,contralateral
IN19A007,800119,19A,R,gaba,-1,rh,rh,343.9,4188.0,472.0,4636,0.074,86.1,195.9,61.9,rh->rm rh->lh rh->lf,both
IN01A058,807128,01A,R,acetylcholine,1,rm|lf,lm|rm,343.6,462.0,0.0,601,0.572,219.4,87.4,36.8,rm->lm lf->lm lf->rm,both
IN16B033,802283,16B,L,glutamate,-1,lm,lm,343.2,2697.0,63.0,3059,0.112,0.0,343.2,0.0,lm->lh lf->lm,ipsilateral
IN05B020,800763,05B,L,gaba,-1,rh|rm,rh|rm,343.0,547.0,0.0,1827,0.188,36.3,243.7,63.0,rh->rm rm->rh,ipsilateral
IN08B065,805159,08B,R,acetylcholine,1,rh,lh|lm,342.9,350.0,178.0,456,0.752,216.9,4.0,122.0,rh->lh rh->lm,both
IN01A050,803671,01A,R,acetylcholine,1,lm|lf,lm,342.3,1034.0,19.0,1587,0.216,100.7,230.0,11.6,lf->lm rm->lm,both
IN09B005,800984,09B,R,glutamate,-1,lm,lm,342.0,1529.0,0.0,4624,0.074,61.2,273.5,7.3,lm->lh lm->lf lh->lm,ipsilateral
IN01A070,808767,01A,R,acetylcholine,1,lf|rh,lm,342.0,342.0,11.0,489,0.699,0.0,211.0,131.0,lf->lm rh->lm,both
IN00A021,803850,00A,M,gaba,-1,lf|rf,lf|rf,341.9,545.0,8.0,1245,0.275,185.5,70.9,85.5,lf->rf rf->lf,both
IN00A021,803978,00A,M,gaba,-1,lh|lf|rf|rm,lf|rf,341.8,447.0,0.0,1133,0.302,102.4,114.6,124.8,lh->lf lh->rf lf->rf,both
IN03A020,802583,03A,L,acetylcholine,1,lh,lh,341.4,1701.0,57.0,2241,0.152,105.5,199.7,36.2,lh->lm lh->rh,both
IN04B020,805376,04B,R,acetylcholine,1,rf|rm,rf|rm,341.0,625.0,74.0,833,0.409,59.0,251.7,30.4,rm->rf rf->rm lf->rf,ipsilateral
IN01A038,804845,01A,L,acetylcholine,1,rm|lm,rm,340.8,821.0,214.0,849,0.401,222.5,1.0,117.3,lm->rm lh->rm,both
INXXX135,800321,XXX (unassigned),L,gaba,-1,lf|rf,rf|lf,340.6,665.0,222.0,1157,0.294,334.6,2.9,3.1,lf->rf rf->lf,contralateral
INXXX307,801109,XXX (unassigned),R,acetylcholine,1,lh|rh|lf,lh,340.4,559.0,279.0,771,0.442,201.8,120.8,17.8,rh->lh lf->lh,both
IN27X004,803748,27X,R,histamine,-1,lh|rh,lh|lm,340.3,548.0,29.0,670,0.508,123.6,153.9,62.8,lh->lm rh->lh rh->lm,both
IN20A.22A006,906284,20A/22A,L,acetylcholine,1,lf,lf,340.2,1756.0,80.0,1916,0.178,156.9,170.2,13.1,lf->rf lf->lm,both
IN09A063,810197,09A,L,gaba,-1,lm|lh,lm,340.1,871.0,0.0,911,0.373,0.0,340.1,0.0,lh->lm lm->lh lm->lf,ipsilateral
IN04B006,800795,04B,L,acetylcholine,1,lh|lf,lh|lm|rh,339.4,532.0,77.0,5354,0.063,97.3,195.4,46.7,lh->lm lh->rh lf->lh,both
INXXX089,904675,XXX (unassigned),L,acetylcholine,1,rf|lf,rf,339.4,1475.0,280.0,1705,0.199,275.4,52.4,11.6,lf->rf rf->rm,contralateral
IN08B067,801037,08B,R,acetylcholine,1,rm,lm|lh|rh|lf,339.2,378.0,44.0,737,0.46,105.7,93.6,139.8,rm->lm rm->lh rm->rh,both
IN01A057,806490,01A,R,acetylcholine,1,lh|rh,lh|rh,339.1,687.0,52.0,933,0.363,303.1,19.0,17.0,rh->lh lh->rh,contralateral
IN17A019,800154,17A,R,acetylcholine,1,rm,rm,339.0,2329.0,76.0,2925,0.116,6.0,323.0,10.0,rm->rh rm->rf,ipsilateral
IN13B004,800273,13B,R,gaba,-1,lh,lh,339.0,2757.0,39.0,4706,0.072,152.7,178.3,8.0,lh->lm lh->rh,both
IN21A011,800992,21A,R,glutamate,-1,rm|rh,rm,338.7,1992.0,102.0,2293,0.148,22.0,315.9,0.8,rh->rm,ipsilateral
IN05B016,800301,05B,R,gaba,-1,lh|rh,lh|rh,338.3,591.0,0.0,3560,0.095,246.8,49.3,42.2,rh->lh lh->rh,contralateral
IN07B029,803204,07B,R,acetylcholine,1,lm,lm,338.2,1512.0,0.0,2289,0.148,98.2,72.2,167.8,rh->lm rm->lm lf->lm,both
IN01A062_a,808663,01A,R,acetylcholine,1,lf|lm,lm,338.1,473.0,0.0,608,0.556,0.0,338.1,0.0,lf->lm,ipsilateral
IN01A062_b,811625,01A,R,acetylcholine,1,rm,lm,338.0,338.0,0.0,406,0.833,325.0,0.0,13.0,rm->lm,contralateral
IN03A007,903533,03A,L,acetylcholine,1,lh,lh,337.8,2056.0,52.0,3506,0.096,55.0,106.4,176.4,lh->rm lm->lh lh->rh,both
IN03B032,800202,03B,R,gaba,-1,rf|rm,rf,337.1,1075.0,42.0,1353,0.249,15.3,259.1,62.7,rm->rf rh->rf lm->rf,ipsilateral
IN04B068,805128,04B,R,acetylcholine,1,rh|rm,rh,337.1,1073.0,446.0,1150,0.293,85.9,234.5,16.7,rm->rh rh->lh rh->rm,both
IN23B007,801281,23B,R,acetylcholine,1,rh,rh,336.7,1312.0,6.0,2658,0.127,114.9,117.7,104.2,rh->rm rh->lh rh->lm,both
IN21A014,801564,21A,R,glutamate,-1,rh,rh,336.6,2760.0,392.0,3163,0.106,34.6,211.5,90.4,rh->rm lm->rh rm->rh,both
IN13B009,903081,13B,R,gaba,-1,lf,lf,336.6,1086.0,7.0,2597,0.13,16.0,193.6,127.0,lf->lm lf->rh lm->lf,both
IN14A006,801450,14A,R,glutamate,-1,lh|rh,lh,335.9,1875.0,0.0,3383,0.099,329.9,0.9,5.1,rh->lh lh->rh,contralateral
INXXX383,805759,XXX (unassigned),R,gaba,-1,lh|rh,lh,335.5,657.0,149.0,1057,0.317,280.5,28.2,26.8,rh->lh lh->rh,contralateral
IN20A.22A002,931204,20A/22A,L,acetylcholine,1,lf|lm,lf,335.1,871.0,121.0,1786,0.188,82.2,217.7,35.2,lf->lm lm->lf lf->rf,both
IN08B064,809590,08B,R,acetylcholine,1,rm,lm,335.0,341.0,0.0,556,0.603,235.0,43.0,57.0,rm->lm rm->lh rm->rf,contralateral
IN03A010,800736,03A,R,acetylcholine,1,rm,rm,333.9,2974.0,1033.0,3074,0.109,12.1,307.9,13.9,rm->rh rh->rm,ipsilateral
IN21A007,801666,21A,L,glutamate,-1,lh,lh,333.6,2025.0,50.0,2188,0.152,28.4,280.0,25.2,lf->lh lh->lm lm->lh,ipsilateral
IN03A018,804184,03A,R,acetylcholine,1,rf|lf,rf|rm,333.4,671.0,101.0,1020,0.327,200.9,92.8,39.7,lf->rf rf->rm rf->lf,both
INXXX468,803675,XXX (unassigned),R,acetylcholine,1,rf,rf|lf,332.9,1211.0,12.0,1359,0.245,186.9,134.1,11.9,rf->lf rf->rm rm->rf,both
IN11A007,804020,11A,R,acetylcholine,1,rf|rm,rf|rm,332.5,799.0,156.0,1284,0.259,32.7,285.5,14.3,rf->rm rm->rf,ipsilateral
IN12A009,800975,12A,R,acetylcholine,1,rh,rh,331.3,1676.0,32.0,3326,0.1,245.2,78.5,7.6,lh->rh rh->lh rh->rm,contralateral
IN06B028,811088,06B,L,gaba,-1,rm,rm|rh,331.3,667.0,134.0,2700,0.123,68.5,169.1,93.7,rm->rh rm->lm rm->rf,both
IN16B030,902349,16B,L,glutamate,-1,lh,lh,331.2,2573.0,24.0,3136,0.106,154.1,124.2,52.9,lh->rh lh->lm lh->rf,both
IN07B065,808210,07B,L,acetylcholine,1,rh|lm,rm|rh,331.1,476.0,18.0,583,0.568,68.8,187.3,74.9,rh->rm lm->rm lm->rh,both
IN17A019,801446,17A,L,acetylcholine,1,lm,lm,331.0,2912.0,116.0,3609,0.092,0.0,331.0,0.0,lm->lh lm->lf,ipsilateral
IN06A014,803337,06A,R,gaba,-1,rm|lm,lm|lf,330.5,430.0,13.0,1291,0.256,177.6,58.7,94.2,rm->lm rm->lf lm->lf,both
INXXX219,902446,XXX (unassigned),L,unclear,0,lh|lm,lm|lh,330.3,551.0,23.0,1043,0.317,9.7,313.3,7.3,lh->lm lm->lh,ipsilateral
IN11A005,803666,11A,L,acetylcholine,1,lf|lm,lf,330.0,1035.0,92.0,1494,0.221,9.2,303.0,17.8,lm->lf lf->lm,ipsilateral
INXXX402,802647,XXX (unassigned),L,acetylcholine,1,lh,rh|lh,329.4,550.0,0.0,2938,0.112,302.4,11.4,15.7,lh->rh,contralateral
IN18B038,804972,18B,L,acetylcholine,1,rm|rh|lm,rm,329.2,706.0,345.0,774,0.425,135.1,155.3,38.8,rh->rm lm->rm,both
IN11A008,905730,11A,L,acetylcholine,1,lm|lf,lm|lf,329.2,687.0,6.0,891,0.37,8.2,315.2,5.8,lf->lm lm->lf,ipsilateral
INXXX468,800100,XXX (unassigned),R,acetylcholine,1,rf,rf,329.1,1313.0,10.0,1445,0.228,194.0,126.9,8.2,rf->lf rf->rm,both
IN08A016,802738,08A,L,glutamate,-1,lh,lh|lm,328.8,748.0,35.0,1491,0.221,103.0,170.5,55.3,lh->lm lm->lh rh->lh,both
IN10B011,800363,10B,L,acetylcholine,1,lh|rh|lm,lh|rh,327.4,476.0,12.0,9137,0.036,143.5,93.3,90.7,lh->rh rh->lh lm->lh,both
IN08B067,805539,08B,L,acetylcholine,1,lm|lf,rm|rh,326.4,338.0,70.0,550,0.593,107.5,64.4,154.5,lm->rm lm->rh lf->rm,both
IN08B054,805465,08B,R,acetylcholine,1,rm,lm|lh,326.3,355.0,67.0,441,0.74,127.9,70.9,127.6,rm->lm rm->lh rm->lf,both
IN07B045,815455,07B,L,acetylcholine,1,lm|rf,rh|rm,325.7,334.0,32.0,408,0.798,85.4,51.6,188.7,lm->rh lm->rm,both
IN04B068,800585,04B,R,acetylcholine,1,rh|rm,rh|lh,325.4,1083.0,318.0,1157,0.281,150.0,146.4,29.0,rh->lh rm->rh,both
IN23B007,801363,23B,L,acetylcholine,1,lh,lh,324.9,1258.0,0.0,2440,0.133,84.8,157.8,82.2,lh->lm lh->rh lh->rm,both
IN01A038,906187,01A,L,acetylcholine,1,rm|lm,rm,324.9,731.0,198.0,753,0.431,221.8,0.8,102.2,lm->rm lh->rm,both
IN20A.22A002,903324,20A/22A,R,acetylcholine,1,rf,rf|rm|lf,324.8,576.0,94.0,1388,0.234,99.1,178.4,47.3,rf->rm rf->lf,both
INXXX126,800218,XXX (unassigned),L,acetylcholine,1,lh|lm,lf|lm,324.7,408.0,27.0,2236,0.145,29.6,237.9,57.2,lh->lf lh->lm lm->lf,ipsilateral
IN20A.22A002,903118,20A/22A,R,acetylcholine,1,rm,rm,324.7,1707.0,34.0,2578,0.126,9.2,241.8,73.8,rm->rh rm->rf,ipsilateral
IN27X002,801845,27X,L,unclear,0,lf|lm,lf|lm,324.5,596.0,11.0,785,0.413,39.1,242.5,42.9,lm->lf lf->lm,ipsilateral
AN05B036,903623,-,R,gaba,-1,lm|rm|lh,lm|lh|rm,323.8,417.0,0.0,1539,0.21,86.1,128.9,108.8,rm->lm,both
INXXX402,802629,XXX (unassigned),R,acetylcholine,1,rh,lh|rh,323.6,480.0,5.0,3053,0.106,304.7,6.4,12.6,rh->lh,contralateral
IN12A015,804891,12A,R,acetylcholine,1,rm|lm,rm|rh|lh,323.5,595.0,0.0,1673,0.193,106.7,117.0,99.8,rm->rh rm->lh lm->rm,both
IN07B023,936452,07B,L,glutamate,-1,rm|lh,rh|lh,323.5,375.0,0.0,2287,0.141,119.4,142.6,61.5,rm->rh lh->rh rm->lh,both
IN16B036,803183,16B,R,glutamate,-1,rf,rf,323.3,1948.0,0.0,2068,0.156,161.3,152.8,9.2,rf->rm lf->rf rf->lf,both
IN12B048,808742,12B,R,gaba,-1,lf|lm,lh|lm|rh,323.0,377.0,0.0,545,0.593,4.5,217.0,101.5,lm->lh lf->lh lf->lm,both
IN05B034,802987,05B,L,gaba,-1,rh|lh,rh|lh,322.7,556.0,0.0,2093,0.154,226.8,51.3,44.6,lh->rh rh->lh,contralateral
IN12B057,811062,12B,L,gaba,-1,lf|lm,lm|rm,322.3,362.0,27.0,444,0.726,24.2,185.3,112.8,lf->lm lf->rm,both
IN13A020,804017,13A,L,gaba,-1,lh|lm,lh,322.0,1135.0,353.0,1268,0.254,80.2,190.6,51.3,lm->lh lh->rh rm->lh,both
IN01A062_c,911454,01A,L,acetylcholine,1,lf,rm,322.0,337.0,0.0,346,0.931,6.0,26.0,290.0,lf->rm,both
IN01A070,810984,01A,R,acetylcholine,1,lf|rh|rm,lm,321.8,323.0,0.0,436,0.738,54.6,150.8,116.4,lf->lm rh->lm rm->lm,both
IN12B042,806990,12B,R,gaba,-1,lm,lh|lm,321.0,384.0,0.0,588,0.546,0.0,287.0,34.0,lm->lh lm->rh,ipsilateral
IN13B006,912122,13B,R,gaba,-1,lh|lm,lh,321.0,847.0,572.0,885,0.363,0.0,321.0,0.0,lm->lh lf->lh,ipsilateral
IN08A003,904989,08A,L,glutamate,-1,lf,lf,320.8,2284.0,240.0,3186,0.101,108.1,181.0,31.6,lm->lf rf->lf lf->rf,both
IN21A003,930012,21A,L,glutamate,-1,lf,lf|lm,319.9,1540.0,250.0,2090,0.153,51.5,259.0,9.4,lf->lm lf->rf,ipsilateral
IN01A046,803092,01A,L,acetylcholine,1,lh|rh,rh|lh,319.8,580.0,0.0,1271,0.252,291.8,6.9,21.1,lh->rh rh->lh,contralateral
IN04B068,904979,04B,L,acetylcholine,1,lh,lh,319.7,1234.0,409.0,1281,0.25,96.1,211.7,11.9,lm->lh lh->lm lh->rh,both
IN14A006,905263,14A,L,glutamate,-1,rf|rh,rf,319.5,605.0,0.0,1392,0.23,106.9,148.4,64.2,rh->rf rf->rh rf->lf,both
IN03A018,803391,03A,L,acetylcholine,1,lf|rf,lf,319.3,1003.0,408.0,1441,0.222,244.3,26.4,48.6,rf->lf lf->rf lf->rm,contralateral
IN08B033,805339,08B,R,acetylcholine,1,rf|rh,lm|lh,319.1,360.0,57.0,545,0.586,56.9,36.1,226.1,rf->lm rf->lh rf->lf,both
IN12B007,801940,12B,L,gaba,-1,rf|rm|rh,rf,317.7,525.0,0.0,1373,0.231,6.9,287.7,23.1,rm->rf rh->rf,ipsilateral
IN03A017,802609,03A,L,acetylcholine,1,lm,lm,316.8,2061.0,281.0,2390,0.133,0.0,316.8,0.0,lm->lh lh->lm lm->lf,ipsilateral
IN03A014,801592,03A,R,acetylcholine,1,rf,rf,316.2,1225.0,0.0,1419,0.223,96.7,214.4,5.2,rf->rm rf->lf,both
INXXX045,906686,XXX (unassigned),L,unclear,0,lm|lf,lm|rh|lh,315.9,455.0,0.0,1675,0.189,46.4,155.6,113.9,lm->rh lm->lh lf->lm,both
IN20A.22A006,802782,20A/22A,R,acetylcholine,1,rf,rf,315.0,1265.0,37.0,1483,0.212,123.0,181.8,10.3,rf->lf rf->rm rm->rf,both
IN01A079,804473,01A,R,acetylcholine,1,rm|lf,lm,315.0,315.0,0.0,472,0.667,148.9,137.5,28.6,rm->lm lf->lm,both
IN08B042,805468,08B,R,acetylcholine,1,rf,lf|rf|lh,315.0,384.0,70.0,723,0.436,150.0,65.0,100.0,rf->lf rf->lh rf->rh,both
IN07B033,806430,07B,L,acetylcholine,1,lh,rh|lm,315.0,357.0,111.0,2020,0.156,237.0,69.0,9.0,lh->rh lh->lm,contralateral
IN21A022,802621,21A,L,acetylcholine,1,lh,lh|lm,314.8,973.0,131.0,1281,0.246,37.3,270.2,7.3,lh->lm lm->lh,ipsilateral
IN03B031,902758,03B,L,gaba,-1,lh,lh,314.6,1632.0,424.0,1805,0.174,138.1,171.4,5.2,lh->lm lh->rh,both
IN19A028,801608,19A,L,acetylcholine,1,lh|rh,lh|rh,314.5,633.0,0.0,4080,0.077,289.9,16.8,7.8,lh->rh rh->lh,contralateral
IN16B036,801884,16B,L,glutamate,-1,lf,lf,314.2,2476.0,24.0,2563,0.123,101.2,208.6,4.4,lf->lm lf->rf rf->lf,both
IN12A002,800739,12A,L,acetylcholine,1,lf|lm|lh,lh|rm|lm,314.0,374.0,6.0,2994,0.105,44.9,174.0,95.1,lf->lh lm->lh lf->rm,both
IN17A022,802584,17A,R,acetylcholine,1,rm,rm,313.6,1824.0,17.0,2136,0.147,10.0,288.0,15.6,rf->rm rm->rh rh->rm,ipsilateral
"IN17A059,IN17A063",802079,17A,L,acetylcholine,1,lh|rh,lh|lm|rh,313.4,504.0,0.0,1822,0.172,103.6,171.3,38.5,lh->lm lh->rh rh->lh,both
IN14B012,807080,14B,L,gaba,-1,lh,lh|rh,312.9,507.0,0.0,879,0.356,118.9,105.5,88.5,lh->rh lh->lm lh->rm,both
IN07B065,810378,07B,R,acetylcholine,1,rh|lm|lh,lm|lh|lf,311.5,426.0,19.0,531,0.587,37.0,140.8,133.7,rh->lm lh->lm rh->lh,both
IN08A003,800468,08A,R,glutamate,-1,rf,rf,311.0,1842.0,255.0,2592,0.12,122.3,151.7,37.0,rm->rf lf->rf rf->rm,both
IN01A011,802677,01A,L,acetylcholine,1,rh,rh,311.0,1367.0,383.0,2353,0.132,122.7,166.0,22.3,rm->rh rh->lh,both
IN10B011,801544,10B,L,acetylcholine,1,rh|lm,lh,310.9,373.0,0.0,4582,0.068,232.2,54.9,23.8,rh->lh lm->lh,contralateral
GFC1,908466,-,L,acetylcholine,1,rm|rh,rh|rm|rf,310.7,445.0,290.0,596,0.521,11.3,262.1,37.2,rm->rh rm->rf,ipsilateral
IN12B063_b,807362,12B,R,gaba,-1,rh|rm|rf,lm,310.3,322.0,0.0,699,0.444,86.4,32.3,191.6,rh->lm rm->lm rf->lm,both
IN13A004,800433,13A,R,gaba,-1,rh,rh|rm,309.0,1194.0,0.0,7169,0.043,11.4,295.6,2.0,rh->rm rm->rh,ipsilateral
IN06B059,800774,06B,R,gaba,-1,rm|rf|rh,lh|rh,308.9,340.0,0.0,2763,0.112,41.9,81.4,185.6,rm->lh rf->lh rh->lh,both
IN02A014,905039,02A,R,glutamate,-1,rh,rh|lh,308.9,878.0,0.0,2018,0.153,167.9,111.4,29.7,rh->lh rh->rm,both
IN16B020,801283,16B,R,glutamate,-1,rf,rf,308.8,1379.0,639.0,1612,0.192,207.9,84.9,16.0,lf->rf rm->rf rf->lf,both
IN21A014,800480,21A,L,glutamate,-1,lh,lh,308.7,2439.0,373.0,3237,0.095,34.9,247.7,26.1,lh->lm lm->lh lh->rh,ipsilateral
IN13A012,800470,13A,R,gaba,-1,rm,rm,308.4,1368.0,24.0,2166,0.142,10.3,259.4,38.7,rm->rf rm->rh rm->lh,ipsilateral
IN03A030,804401,03A,L,acetylcholine,1,lm|lf,lm,307.8,1451.0,102.0,1914,0.161,12.1,292.8,2.9,lf->lm,ipsilateral
INXXX242,802673,XXX (unassigned),R,acetylcholine,1,rh|rm|lh,rh|lh,307.7,505.0,0.0,1298,0.237,117.2,115.7,74.8,rm->rh lh->rh rh->lh,both
IN05B032,802097,05B,L,gaba,-1,rh|lh|rm,rm|lm,307.5,373.0,5.0,2021,0.152,62.3,121.2,123.9,rh->rm lh->rm rh->lm,both
INXXX270,802984,XXX (unassigned),L,gaba,-1,rh|lh,rh|lh,307.2,523.0,50.0,1041,0.295,188.9,60.1,58.2,lh->rh rh->lh,both
IN10B013,801359,10B,L,acetylcholine,1,rm|rh|rf,rm|rh,306.7,504.0,0.0,1323,0.232,15.1,260.7,30.9,rm->rh rh->rm rf->rm,ipsilateral
IN03A030,804438,03A,L,acetylcholine,1,lm|lf,lm,306.2,1476.0,155.0,1862,0.164,0.0,306.2,0.0,lf->lm,ipsilateral
IN03A035,805079,03A,L,acetylcholine,1,lf|lm,lf,306.0,677.0,12.0,1001,0.306,34.7,253.0,18.3,lm->lf lf->rf lf->lm,ipsilateral
IN16B053,907240,16B,L,glutamate,-1,lh,lh|rh,306.0,1137.0,6.0,1321,0.232,273.0,33.0,0.0,lh->rh lh->lm,contralateral
IN13B011,801254,13B,R,gaba,-1,lf,lf,305.9,1351.0,432.0,1620,0.189,154.2,144.3,7.4,rf->lf lm->lf lh->lf,both
IN19A028,800839,19A,R,acetylcholine,1,rh|lh,lh|rh,305.8,569.0,0.0,3626,0.084,293.2,7.4,5.2,rh->lh lh->rh,contralateral
IN01A040,803794,01A,L,acetylcholine,1,lf,rf|lf,305.3,400.0,121.0,523,0.584,305.3,0.0,0.0,lf->rf,contralateral
IN04B018,804255,04B,R,acetylcholine,1,rm|lm,rm,304.5,548.0,129.0,615,0.495,221.5,43.7,39.3,lm->rm rm->lm rm->rh,contralateral
IN16B022,801838,16B,R,glutamate,-1,rm,rm,304.4,2985.0,466.0,3365,0.09,16.7,247.8,39.9,rm->rf rh->rm rm->rh,ipsilateral
IN09A003,800495,09A,R,gaba,-1,rm,rm,304.3,2464.0,140.0,3913,0.078,107.8,132.8,63.7,rm->lm rm->rh rm->lh,both
IN12A029_a,804122,12A,R,acetylcholine,1,rf|lf|rm,rh|lm|rm,304.3,339.0,7.0,792,0.384,19.2,186.5,98.7,rf->rh rf->lm rf->rm,both
IN19A002,809317,19A,R,gaba,-1,rf,rf,304.2,6376.0,8.0,7103,0.043,191.4,99.8,13.0,rf->lf rh->rf lf->rf,both
IN19B038,805608,19B,R,acetylcholine,1,lm|rm,lm,304.1,653.0,0.0,799,0.381,240.7,22.3,41.1,rm->lm,contralateral
IN01A036,803625,01A,L,acetylcholine,1,rm,rm|rh,303.9,778.0,26.0,1559,0.195,1.2,259.9,42.8,rm->rh rm->lh,ipsilateral
IN08B092,810155,08B,R,acetylcholine,1,rh,lh|lm,303.2,321.0,147.0,342,0.886,215.8,21.1,66.3,rh->lh rh->lm,contralateral
IN17A011,902294,17A,R,acetylcholine,1,rh,rh|lh|lf,303.1,459.0,6.0,3657,0.083,116.4,25.4,161.4,rh->lh rh->lf rh->lm,both
INXXX126,802606,XXX (unassigned),R,acetylcholine,1,rf,rm|rf|rh,303.0,368.0,0.0,2109,0.144,8.0,238.0,57.0,rf->rm rf->rh rf->lh,ipsilateral
IN03A054,908133,03A,R,acetylcholine,1,rm|rh,rm|rh,302.9,591.0,5.0,701,0.432,5.1,290.9,6.9,rh->rm rm->rh,ipsilateral
IN01A048,907251,01A,R,acetylcholine,1,lh|lm,rh|lh,302.8,456.0,0.0,1958,0.155,175.8,80.8,46.2,lh->rh lm->rh lh->lm,both
IN01A054,807725,01A,R,acetylcholine,1,rm|lf|lm,lm,302.3,372.0,33.0,584,0.518,189.7,99.8,12.9,rm->lm lf->lm,both
IN01A071,810731,01A,R,acetylcholine,1,lh|rm|rh,lh,301.9,623.0,125.0,659,0.458,94.7,60.4,146.8,rm->lh rh->lh lh->rf,both
IN13B033,804566,13B,L,gaba,-1,rh|rm,rh,301.8,1162.0,64.0,1577,0.191,0.0,301.8,0.0,rm->rh,ipsilateral
IN06B024,802402,06B,L,gaba,-1,lm|rh|lh|rm,lm|rm|lf,301.3,369.0,0.0,2151,0.14,65.1,120.7,115.4,lm->rm lm->lf,both
IN08B065,907005,08B,R,acetylcholine,1,rh,lh|lm,301.0,315.0,133.0,459,0.656,199.2,6.6,95.2,rh->lh rh->lm,both
IN19B038,806019,19B,L,acetylcholine,1,rm|lm,rm,300.9,602.0,6.0,683,0.441,257.5,19.0,24.4,lm->rm,contralateral
IN01A070,944236,01A,L,acetylcholine,1,lf,rm,300.5,331.0,20.0,375,0.801,23.4,75.1,202.0,lf->rm rh->rm,both
IN08B062,805022,08B,R,acetylcholine,1,rf,lh|rh,300.0,340.0,0.0,1415,0.212,11.0,100.0,189.0,rf->lh rf->rh,both
IN08B038,806300,08B,R,acetylcholine,1,rf,lm|lf|lh|rh,300.0,345.0,64.0,514,0.584,77.0,64.0,159.0,rf->lm rf->lf rf->lh,both
IN17A058,802901,17A,L,acetylcholine,1,lh,lh,299.4,1540.0,241.0,1711,0.175,46.9,237.4,15.1,lh->lm lm->lh lh->rh,ipsilateral
IN14A020,803646,14A,R,glutamate,-1,lm|lh,lh|rh,298.2,392.0,0.0,2213,0.135,19.7,230.2,48.3,lm->lh lm->rh,ipsilateral
IN16B033,802739,16B,R,glutamate,-1,rm,rm,297.8,2117.0,79.0,2382,0.125,0.0,274.8,23.0,rm->rh,ipsilateral
IN09B008,801096,09B,L,glutamate,-1,rm,rm|rh,297.6,1146.0,0.0,4595,0.065,61.6,220.7,15.3,rm->rh lm->rm rm->rf,ipsilateral
IN03B031,802272,03B,R,gaba,-1,rh,rh,297.3,1514.0,379.0,1828,0.163,175.4,119.6,2.3,rh->lh rh->rm,both
IN13A001,800224,13A,R,gaba,-1,rf,rf,297.2,2871.0,597.0,3436,0.087,185.1,110.6,1.5,rf->lf rf->rm,both
IN08B055,807126,08B,R,acetylcholine,1,rf|rm|rh,lh|lm|lf,297.2,319.0,0.0,737,0.403,76.5,58.2,162.6,rf->lh rf->lm rf->lf,both
IN01A036,802979,01A,R,acetylcholine,1,lm,lm|lh,296.6,1084.0,62.0,2384,0.124,0.0,296.6,0.0,lm->lh lh->lm,ipsilateral
IN01A038,804872,01A,L,acetylcholine,1,rh|lh,rh,296.0,1108.0,462.0,1154,0.256,242.1,0.0,53.8,lh->rh,contralateral
IN08B054,805370,08B,L,acetylcholine,1,lm,rh|rm,296.0,307.0,27.0,413,0.717,95.1,43.3,157.6,lm->rh lm->rm lm->rf,both
IN03A054,806274,03A,L,acetylcholine,1,lf|lm,lf,295.6,666.0,67.0,888,0.333,67.3,197.3,31.0,lm->lf lf->rf lf->lm,both
IN13B007,800264,13B,L,gaba,-1,rh,rh,295.4,4121.0,204.0,7322,0.04,209.7,75.4,10.3,rh->lh rm->rh rh->rm,contralateral
IN06B024,903846,06B,R,gaba,-1,lm|rm|rh|lh,rm|lm|lh,295.4,372.0,0.0,3240,0.091,78.0,109.6,107.7,lm->rm,both
IN01A025,803001,01A,R,acetylcholine,1,lm,lm,295.1,1568.0,416.0,1935,0.153,220.1,64.4,10.6,rm->lm lm->lh,contralateral
IN05B036,802783,05B,R,gaba,-1,lm|lh,lm|lh|lf,294.8,450.0,0.0,1579,0.187,29.5,228.3,37.0,lm->lh lh->lm lm->lf,ipsilateral
IN04B018,805711,04B,R,acetylcholine,1,rm|lm,rm,294.7,654.0,128.0,720,0.409,199.7,62.9,32.1,lm->rm rm->lm rm->rh,both
IN09A006,800655,09A,R,gaba,-1,rm,rm,294.5,2763.0,131.0,4867,0.061,0.7,241.2,52.6,rm->rh rh->rm lf->rm,ipsilateral
INXXX087,905069,XXX (unassigned),L,acetylcholine,1,lh|rh,lh,294.4,632.0,159.0,5420,0.054,233.1,39.5,21.8,rh->lh lh->rh,contralateral
IN14A005,800993,14A,R,glutamate,-1,lh,lh,294.0,1632.0,0.0,2980,0.099,221.0,73.0,0.0,lh->rh lh->lm,contralateral
IN01A050,803737,01A,L,acetylcholine,1,rm,rm,294.0,1061.0,58.0,1356,0.217,97.7,172.5,23.8,rh->rm lm->rm rm->lm,both
INXXX396,807573,XXX (unassigned),L,gaba,-1,lh|rh,rh|lh,293.5,493.0,121.0,1093,0.269,238.0,11.1,44.4,lh->rh lm->rh rh->lh,contralateral
IN16B030,801420,16B,R,glutamate,-1,rm,rm,293.4,2111.0,66.0,2517,0.117,54.5,229.4,9.5,rm->rh rm->rf rm->lm,ipsilateral
IN26X002,801807,26X,L,gaba,-1,rf,rf,293.4,1170.0,27.0,1998,0.147,102.7,177.5,13.2,rh->rf lf->rf rm->rf,both
IN12B048,940005,12B,R,gaba,-1,lf,lh|lm|rh,293.0,293.0,0.0,403,0.727,0.0,228.0,65.0,lf->lh lf->lm lf->rh,ipsilateral
TN1c_c,805369,-,R,acetylcholine,1,rf,rm|rf|rh,292.1,400.0,5.0,620,0.471,27.6,253.1,11.4,rf->rm rf->rh,ipsilateral
INXXX126,801951,XXX (unassigned),R,acetylcholine,1,rh,rm|rf,291.0,342.0,24.0,1975,0.147,49.0,236.0,6.0,rh->rm rh->rf rh->lh,ipsilateral
IN06B021,801280,06B,L,gaba,-1,lf|lm|lh,lh|rh|rm,289.8,345.0,0.0,1865,0.155,54.3,111.5,124.0,lf->lh lf->rh,both
IN05B016,904868,05B,L,gaba,-1,rh,rh|lh,289.2,618.0,0.0,3046,0.095,230.7,25.8,32.8,rh->lh lh->rh,contralateral
IN03A082,902451,03A,L,acetylcholine,1,lh,lh|rh,289.1,869.0,54.0,1154,0.251,190.3,88.1,10.7,lh->rh lh->lm,both
INXXX269,803139,XXX (unassigned),R,acetylcholine,1,rh|lh,rh|lh,288.2,639.0,75.0,1486,0.194,288.2,0.0,0.0,lh->rh rh->lh,contralateral
IN16B029,803020,16B,R,glutamate,-1,rm,rm,288.0,2291.0,76.0,2614,0.11,47.0,235.0,6.0,rm->rh rm->rf rm->lm,ipsilateral
INXXX396,939916,XXX (unassigned),R,gaba,-1,lh|rh,lh|rh,287.4,667.0,62.0,994,0.289,253.8,19.9,13.6,rh->lh lh->rh,contralateral
IN12A036,803911,12A,R,acetylcholine,1,rh|rm|rf,rm|lh|lm,287.2,345.0,12.0,1656,0.173,67.4,114.3,105.6,rh->rm rh->lh rh->lm,both
IN01A070,811071,01A,R,acetylcholine,1,rh|lf,lm,287.0,287.0,0.0,374,0.767,0.0,97.7,189.3,rh->lm lf->lm,both
IN03A057,803233,03A,L,acetylcholine,1,lm,lm,286.8,1609.0,226.0,1936,0.148,6.9,279.4,0.6,lh->lm lm->lh lf->lm,ipsilateral
IN04B018,937480,04B,R,acetylcholine,1,lm|rm|lf,rm,286.5,425.0,50.0,550,0.521,169.5,26.7,90.3,lm->rm lf->rm,both
IN19A007,800374,19A,L,gaba,-1,lf,lf,286.1,3368.0,353.0,3596,0.08,103.8,182.1,0.2,lf->lm lf->rf,both
IN03A028,905550,03A,L,acetylcholine,1,lf|rf,lf,286.1,797.0,313.0,1245,0.23,242.8,11.0,32.4,rf->lf lf->rf,contralateral
IN07B034,801782,07B,R,glutamate,-1,rh|rm|lf,lm|rh|rm|lh,286.0,352.0,10.0,2154,0.133,76.1,102.0,107.8,rh->lm rm->lm rm->rh,both
IN14A005,800789,14A,L,glutamate,-1,rm,rm,285.6,1598.0,0.0,2698,0.106,80.8,177.3,27.5,rm->rh rm->lm,both
IN17A025,800963,17A,L,acetylcholine,1,lf,lf,285.2,1933.0,59.0,2325,0.123,21.9,261.8,1.5,lf->lm,ipsilateral
IN17A020,903461,17A,L,acetylcholine,1,lf,lf,284.9,1408.0,61.0,2384,0.119,85.8,148.3,50.7,lf->lm lf->rf lh->lf,both
IN06B017,804443,06B,R,gaba,-1,lm|lh|rm,rh|lh|lm|rm,284.7,365.0,0.0,1745,0.163,85.4,97.1,102.2,lm->rh lm->lh lh->rh,both
IN01A038,804943,01A,R,acetylcholine,1,lh|rm,lh,284.5,708.0,236.0,829,0.343,77.6,0.0,206.9,rm->lh rh->lh,both
INXXX231,903938,XXX (unassigned),L,acetylcholine,1,lh,lh|rh,284.0,1406.0,5.0,2636,0.108,261.0,23.0,0.0,lh->rh,contralateral
INXXX230,903859,XXX (unassigned),R,gaba,-1,rh|lh,lh|lm|rh,283.3,410.0,0.0,2189,0.129,141.7,59.2,82.5,rh->lh rh->lm lh->rh,both
IN01B008,800727,01B,R,gaba,-1,rh,rh|lh,283.0,1060.0,0.0,2380,0.119,230.0,15.0,38.0,rh->lh rh->lf,contralateral
IN17A019,903457,17A,L,acetylcholine,1,lf,lf,283.0,1598.0,57.0,1905,0.149,101.0,173.0,9.0,lf->lm lf->rf,both
"IN11A015,IN11A027",807400,11A,R,acetylcholine,1,rh|rm,rh,282.8,479.0,121.0,516,0.548,0.0,253.9,28.9,rm->rh rf->rh lm->rh,ipsilateral
IN14A025,807724,14A,R,glutamate,-1,lm|rm,lm,282.5,704.0,0.0,742,0.381,258.5,14.9,9.1,rm->lm,contralateral
IN03A019,802702,03A,L,acetylcholine,1,lf,lf,282.4,1457.0,0.0,2053,0.138,79.3,134.8,68.3,lf->lm lf->rf rm->lf,both
IN03A037,802354,03A,L,acetylcholine,1,lh,lh,282.1,2014.0,36.0,2340,0.121,47.4,210.7,24.0,lh->lm lm->lh rh->lh,ipsilateral
IN08A002,800256,08A,L,glutamate,-1,lf,lf,281.2,5357.0,755.0,6270,0.045,173.3,94.0,13.9,rf->lf lf->lm lf->rf,both
IN18B044,807139,18B,R,acetylcholine,1,lm|lh|rm,lm|lh,281.1,452.0,97.0,492,0.571,75.1,145.8,60.2,lh->lm lm->lh rm->lm,both
IN08B040,802786,08B,L,acetylcholine,1,lf,lf|rf|rh,281.0,420.0,111.0,632,0.445,123.0,8.0,150.0,lf->rf lf->rh lf->rm,both
IN17A028,801823,17A,L,acetylcholine,1,lm,lm,280.7,2483.0,187.0,2765,0.102,0.0,280.7,0.0,lm->lh lh->lm lm->lf,ipsilateral
IN04B068,805334,04B,L,acetylcholine,1,lh,lh|rh,280.1,1087.0,142.0,1162,0.241,156.0,108.1,16.0,lh->rh lm->lh,both
IN08B062,805929,08B,L,acetylcholine,1,lf,rh|lh,280.0,305.0,22.0,1105,0.253,0.0,111.0,169.0,lf->rh lf->lh lf->rm,both
IN04B018,803300,04B,L,acetylcholine,1,lm|rm,lm,279.8,718.0,72.0,850,0.329,173.8,85.6,20.4,rm->lm lf->lm lm->lh,both
IN03A045,803918,03A,R,acetylcholine,1,rm,rm,279.5,1381.0,136.0,1606,0.174,2.6,258.5,18.4,rh->rm rm->rh,ipsilateral
IN18B051,807431,18B,R,acetylcholine,1,lh|rh,lm|lh,278.9,354.0,17.0,556,0.502,42.2,157.3,79.4,lh->lm rh->lm rh->lh,both
IN12A036,804188,12A,R,acetylcholine,1,rh|rf|rm,lh|rm|lm|rh,278.8,335.0,37.0,1523,0.183,63.9,118.2,96.7,rh->lh rh->rm rh->lm,both
IN01A057,807600,01A,L,acetylcholine,1,lh|rh,rh|lh,278.0,556.0,54.0,794,0.35,278.0,0.0,0.0,lh->rh rh->lh,contralateral
IN16B029,801485,16B,L,glutamate,-1,lh,lh,277.7,2486.0,28.0,2924,0.095,120.0,119.7,38.0,lh->rh lh->lm lh->rf,both
IN12B032,805350,12B,L,gaba,-1,lm|lh|rh,rh|lh,277.4,404.0,0.0,1013,0.274,124.4,60.0,93.0,lm->rh lh->rh lm->lh,both
IN03B019,801752,03B,R,gaba,-1,rm,rm,277.3,1111.0,210.0,1650,0.168,55.7,163.2,58.4,rm->rf rh->rm rm->lh,both
TN1c_c,902418,-,L,acetylcholine,1,lf,lm|lh|lf,277.0,343.0,40.0,659,0.42,22.0,238.0,17.0,lf->lm lf->lh,ipsilateral
IN16B032,801858,16B,L,glutamate,-1,lm,lm,276.9,3155.0,66.0,3562,0.078,0.0,276.9,0.0,lm->lh lm->lf lf->lm,ipsilateral
INXXX192,803076,XXX (unassigned),L,acetylcholine,1,lh|lf|rh,lh|rh|lm,276.9,358.0,0.0,1559,0.178,67.0,111.6,98.2,lf->lh lh->rh,both
IN08B092,807793,08B,L,acetylcholine,1,lh,rh|rm,276.7,295.0,96.0,323,0.857,151.7,20.4,104.6,lh->rh lh->rm,both
TN1c_b,905207,-,L,acetylcholine,1,lf,lf|lm,276.5,520.0,48.0,757,0.365,37.2,225.9,13.4,lf->lm lf->lh lf->rf,ipsilateral
IN14B003,801431,14B,R,gaba,-1,rh,rh|lh,276.2,569.0,220.0,2230,0.124,163.2,92.8,20.3,rh->lh rh->rm lh->rh,both
IN14A025,807023,14A,L,glutamate,-1,rh|lh,rh,276.2,919.0,0.0,1019,0.271,199.9,65.6,10.8,lh->rh rf->rh,contralateral
IN21A003,800675,21A,L,glutamate,-1,lm,lm,276.1,2005.0,385.0,3125,0.088,10.8,265.1,0.2,lm->lh lm->lf,ipsilateral
INXXX232,802209,XXX (unassigned),R,acetylcholine,1,rh,rh|lh,276.1,954.0,142.0,2876,0.096,243.4,30.1,2.6,rh->lh,contralateral
IN01A066,818970,01A,R,acetylcholine,1,lh|lf,lh,276.0,392.0,5.0,496,0.556,51.1,167.9,57.0,lf->lh rm->lh rh->lh,both
TN1c_b,908321,-,R,acetylcholine,1,rf,rm|rf|rh,275.6,436.0,13.0,590,0.467,25.9,248.6,1.1,rf->rm rf->rh,ipsilateral
INXXX231,802497,XXX (unassigned),R,acetylcholine,1,rh,rh|lh,275.4,953.0,56.0,1996,0.138,237.4,34.3,3.7,rh->lh lh->rh rh->rm,contralateral
IN01A070,860565,01A,L,acetylcholine,1,lf,rm,274.3,276.0,0.0,336,0.816,30.0,33.4,210.9,lf->rm lm->rm,both
IN08B038,803302,08B,L,acetylcholine,1,lf,rh|lf|rm,274.2,359.0,97.0,596,0.46,52.2,34.1,187.9,lf->rh lf->rm lf->rf,both
IN16B024,801503,16B,R,glutamate,-1,rh,rh,274.0,2334.0,532.0,2793,0.098,191.0,83.0,0.0,rh->lh rh->rm,both
IN13B013,904634,13B,R,gaba,-1,lm,lm,274.0,1503.0,0.0,4056,0.068,0.0,274.0,0.0,lm->lh lm->lf,ipsilateral
IN07B034,939660,07B,L,glutamate,-1,lh|lf|rh,lm|rm|lh,273.5,326.0,0.0,2291,0.119,38.4,130.9,104.2,lh->lm lh->rm lf->lm,both
IN06B024,801187,06B,L,gaba,-1,lm|rh|lh,rm|lm|lh,273.4,339.0,0.0,3010,0.091,67.5,107.5,98.3,lm->rm,both
IN07B023,802156,07B,R,glutamate,-1,rh,lh|rh,272.6,417.0,0.0,2878,0.095,203.7,49.9,18.9,rh->lh rh->rm,contralateral
IN03A040,803779,03A,R,acetylcholine,1,rm,rm,272.0,1451.0,274.0,1890,0.144,0.0,272.0,0.0,rm->rh rm->rf,ipsilateral
IN13B005,903947,13B,L,gaba,-1,rf,rf,272.0,1411.0,0.0,4646,0.059,9.4,220.0,42.6,rf->rm rh->rf rm->rf,ipsilateral
IN18B032,801956,18B,L,acetylcholine,1,rm|rh,rh|rm,271.5,400.0,106.0,1777,0.153,28.7,193.2,49.5,rm->rh rh->rm,ipsilateral
IN06B017,802431,06B,L,gaba,-1,lm|rm,lh|lm|rh|rm,271.3,349.0,0.0,1378,0.197,75.8,98.7,96.8,lm->lh rm->lh lm->rm,both
IN08B054,807150,08B,R,acetylcholine,1,rm,lh|lm,271.1,296.0,72.0,381,0.712,80.3,51.4,139.5,rm->lh rm->lm rm->rh,both
IN07B065,809922,07B,L,acetylcholine,1,rh,rm|rh,271.0,436.0,24.0,527,0.514,15.0,242.0,14.0,rh->rm rh->rf,ipsilateral
IN19A034,939006,19A,L,acetylcholine,1,lh,lh,270.2,1449.0,133.0,4226,0.064,39.3,211.2,19.7,lm->lh lh->lm lh->rh,ipsilateral
IN13A002,800139,13A,L,gaba,-1,lh,lh,269.9,4284.0,149.0,6186,0.044,70.6,176.9,22.4,lh->lm lh->rh lf->lh,both
IN08B060,806564,08B,L,acetylcholine,1,lm|lf,rh|rm,269.9,300.0,0.0,435,0.62,74.5,37.9,157.5,lm->rh lm->rm lf->rh,both
IN01A060,805866,01A,R,acetylcholine,1,lm|lf,lm,269.8,633.0,0.0,896,0.301,0.0,269.8,0.0,lf->lm,ipsilateral
INXXX468,904926,XXX (unassigned),L,acetylcholine,1,lf,lf,269.6,1944.0,11.0,2220,0.121,119.8,133.1,16.7,lf->lm lf->rf,both
IN19A029,803951,19A,R,gaba,-1,rf|rm,rf,269.5,815.0,39.0,995,0.271,3.7,199.5,66.3,rm->rf rf->lh,ipsilateral
IN01A045,908084,01A,L,acetylcholine,1,lh,lh,269.5,1857.0,12.0,4421,0.061,177.2,86.4,5.9,lh->rh rh->lh lf->lh,both
IN00A001,803566,00A,M,unclear,0,lh|rh,lh|rh,268.8,403.0,15.0,570,0.472,125.3,71.0,72.5,rh->lh lh->rh rm->lh,both
IN03A007,903285,03A,R,acetylcholine,1,rf|rm,rf,268.7,1139.0,309.0,1680,0.16,21.0,230.7,17.0,rm->rf rh->rf,ipsilateral
IN09A006,801019,09A,R,gaba,-1,rm,rm,268.6,2692.0,144.0,4771,0.056,0.1,195.9,72.6,rm->rh rh->rm lf->rm,ipsilateral
IN12B044_c,811536,12B,R,gaba,-1,lf|rm,lm,268.5,292.0,16.0,523,0.513,57.2,185.5,25.8,lf->lm rm->lm,both
IN16B022,801554,16B,L,glutamate,-1,lm,lm,268.3,3609.0,542.0,4100,0.065,0.0,268.3,0.0,lm->lf lm->lh lh->lm,ipsilateral
IN11A008,803866,11A,L,acetylcholine,1,lm|lf,lm|lf,268.3,508.0,12.0,856,0.313,37.4,194.5,36.4,lf->lm lm->lf rm->lm,ipsilateral
IN08B054,806100,08B,L,acetylcholine,1,lm,rh|rm,267.7,280.0,14.0,356,0.752,90.1,37.8,139.8,lm->rh lm->rm lm->rf,both
IN03A029,804057,03A,R,acetylcholine,1,rm|rf,rf|rm,267.3,405.0,0.0,572,0.467,21.4,213.6,32.2,rm->rf rf->rm,ipsilateral
IN08B076,806748,08B,R,acetylcholine,1,rh,lh|lm,267.0,267.0,228.0,267,1.0,153.3,19.1,94.6,rh->lh rh->lm,both
INXXX122,801808,XXX (unassigned),L,acetylcholine,1,rh|lf|lh|rm,rh|rm,266.9,419.0,241.0,1008,0.265,68.6,100.1,98.2,lh->rh lf->rh rh->rm,both
IN01A061,803264,01A,R,acetylcholine,1,lh|rh,lh|rh,266.5,534.0,0.0,905,0.294,239.5,19.9,7.1,lh->rh rh->lh,contralateral
INXXX414,804779,XXX (unassigned),L,acetylcholine,1,lh|lm,rh|lh,266.5,335.0,0.0,1614,0.165,158.6,46.1,61.8,lh->rh lm->rh,both
IN04B032,805219,04B,L,acetylcholine,1,lh|rh,lh,266.5,617.0,99.0,875,0.305,213.5,30.6,22.4,rh->lh lh->rh,contralateral
IN01A053,806827,01A,R,acetylcholine,1,rm|lf|lm,lm|rm,266.5,393.0,0.0,493,0.541,176.0,52.4,38.1,rm->lm lf->lm,both
IN16B036,903139,16B,L,glutamate,-1,lm,lm,266.4,4157.0,71.0,4591,0.058,0.0,266.4,0.0,lf->lm lm->lh lm->lf,ipsilateral
IN01B014,801737,01B,L,gaba,-1,lm|rm,lm|rh|rm,266.2,403.0,0.0,1688,0.158,85.7,90.9,89.6,lm->rh lm->rm rm->lm,both
IN08B054,813684,08B,R,acetylcholine,1,rm|rf,lh|lm|lf,266.2,284.0,51.0,357,0.746,54.9,36.1,175.3,rm->lh rf->lh rm->lm,both
IN19A005,800527,19A,L,gaba,-1,lf,lf,266.1,3562.0,1504.0,3653,0.073,14.7,242.7,8.6,lm->lf lh->lf,ipsilateral
IN13A021,803280,13A,L,gaba,-1,lh,lh,266.1,1451.0,448.0,1736,0.153,57.9,206.1,2.1,lh->lm lh->rh lm->lh,ipsilateral
IN16B036,904079,16B,R,glutamate,-1,rm,rm,266.0,3460.0,117.0,3629,0.073,0.0,266.0,0.0,rm->rh rm->rf,ipsilateral
IN08A008,801993,08A,L,glutamate,-1,lf,lf,265.8,1789.0,138.0,2295,0.116,228.2,25.4,12.3,rf->lf lf->rf,contralateral
IN20A.22A044,807693,20A/22A,L,acetylcholine,1,lh,lh|lm|rh,265.8,506.0,41.0,718,0.37,98.3,142.8,24.7,lh->lm lh->rh,both
IN05B001,801143,05B,L,gaba,-1,lh|rm,lm|lh|rm|rh,265.1,343.0,0.0,9113,0.029,79.0,119.0,67.1,lh->lm lh->rm lh->rh,both
IN03A052,806989,03A,R,acetylcholine,1,rm|rh,rm|rh,265.1,667.0,142.0,756,0.351,1.7,259.1,4.3,rh->rm rm->rh,ipsilateral
IN08B067,810604,08B,R,acetylcholine,1,rm,lm|rh,265.0,300.0,0.0,663,0.4,86.2,89.7,89.2,rm->rh rm->lm rm->lf,both
IN01A062_b,909985,01A,L,acetylcholine,1,rf,rm,265.0,273.0,0.0,316,0.839,0.0,265.0,0.0,rf->rm,ipsilateral
IN13B005,800422,13B,R,gaba,-1,lh,lh,264.9,2477.0,5.0,6529,0.041,115.4,46.2,103.3,lh->rh lh->rf lh->lm,both
IN04B012,804738,04B,L,acetylcholine,1,lm,lm,264.9,737.0,134.0,859,0.308,71.2,178.8,14.8,lh->lm lm->lh lm->rm,both
IN12B044_e,812119,12B,R,gaba,-1,lf|lm,lm,264.1,342.0,24.0,491,0.538,3.3,235.1,25.7,lf->lm,ipsilateral
IN02A004,800476,02A,R,glutamate,-1,rh,rh,264.0,1930.0,150.0,5352,0.049,154.1,94.9,15.0,rh->lh rh->rm,both
IN08B006,800688,08B,R,acetylcholine,1,rm|rh,lh|rh|lm,263.7,313.0,20.0,4585,0.058,80.8,78.8,104.1,rm->lh rm->rh rh->lh,both
IN16B029,802440,16B,R,glutamate,-1,rh,rh,263.6,2425.0,37.0,2987,0.088,151.1,46.7,65.8,rh->lh rh->lf rh->rm,both
IN19A008,800252,19A,L,gaba,-1,lh,lh,263.2,1008.0,5.0,2323,0.113,92.2,46.6,124.4,lh->rh lh->rf lh->rm,both
IN03A045,804232,03A,R,acetylcholine,1,rm|rh,rm,263.1,1056.0,177.0,1377,0.191,1.1,258.1,3.9,rh->rm rf->rm,ipsilateral
IN12A036,804109,12A,R,acetylcholine,1,rh|rf|rm,lm|rm|lh,263.0,309.0,15.0,1408,0.187,64.2,85.1,113.6,rh->lm rh->rm rh->lh,both
IN16B032,801083,16B,R,glutamate,-1,rm,rm,262.6,2784.0,56.0,3030,0.087,0.0,262.6,0.0,rm->rh rm->rf,ipsilateral
IN09A045,810739,09A,L,gaba,-1,rh|lf|lh,lh|rh,262.6,361.0,0.0,485,0.541,134.8,68.6,59.2,rh->lh lf->lh rm->lh,both
IN03A057,804831,03A,L,acetylcholine,1,lm,lm,262.2,1264.0,79.0,1642,0.16,23.7,234.5,4.0,lm->lh lm->lf lf->lm,ipsilateral
IN01A040,805906,01A,R,acetylcholine,1,rf,lf,262.0,297.0,73.0,551,0.475,256.0,0.0,6.0,rf->lf,contralateral
IN19A002,902552,19A,R,gaba,-1,rm,rm,261.7,8543.0,138.0,9211,0.028,15.0,216.1,30.6,rh->rm rm->rf,ipsilateral
IN01A032,802463,01A,L,acetylcholine,1,rh,rh,261.0,1384.0,0.0,2927,0.089,22.0,158.0,81.0,rh->rm rh->lm rh->lf,both
IN03A027,928947,03A,L,acetylcholine,1,lh,lh,261.0,1643.0,11.0,1909,0.137,105.0,151.0,5.0,lh->lm lh->rh,both
IN19B003,800075,19B,R,acetylcholine,1,lf,lf,260.8,7051.0,751.0,7927,0.033,41.7,132.0,87.2,lm->lf rh->lf lh->lf,both
IN27X004,800415,27X,L,histamine,-1,rh|lh,rh,260.8,532.0,17.0,667,0.391,135.1,95.0,30.8,lh->rh rh->rm rh->lh,both
IN01A016,800904,01A,R,acetylcholine,1,lh,lh,260.5,2315.0,919.0,2627,0.099,84.6,152.5,23.4,lh->lm lh->rh,both
IN19A008,904812,19A,R,gaba,-1,rh,rh,260.4,991.0,0.0,2170,0.12,111.5,42.8,106.2,rh->lh rh->lf rm->rh,both
IN23B005,800180,23B,R,acetylcholine,1,rm,rm|rh|lm|lh,260.0,398.0,0.0,3358,0.077,87.0,106.0,67.0,rm->rh rm->lm rm->lh,both
IN08B042,803008,08B,R,acetylcholine,1,rf,rf|lf|rh,260.0,384.0,92.0,794,0.327,80.0,79.0,101.0,rf->lf rf->rh rf->lm,both
INXXX355,802323,XXX (unassigned),R,gaba,-1,rh|lh|rm,lh|rh,259.8,359.0,169.0,2081,0.125,107.1,74.9,77.8,rh->lh rm->lh lh->rh,both
IN04B008,803052,04B,R,acetylcholine,1,rh,rh|lh,259.7,886.0,56.0,1388,0.187,238.5,18.9,2.3,rh->lh,contralateral
IN17A028,903611,17A,L,acetylcholine,1,lf,lf,259.7,1459.0,80.0,1617,0.161,113.4,133.3,13.0,lf->rf lm->lf lf->lm,both
IN11A040,908291,11A,L,acetylcholine,1,lm|rm|lh,lh,259.5,330.0,28.0,370,0.701,7.3,154.9,97.4,lm->lh rm->lh,both
INXXX126,801430,XXX (unassigned),L,acetylcholine,1,lm|lh|rh,lm|lf|lh,259.3,362.0,18.0,2174,0.119,26.5,173.6,59.2,lm->lf lm->lh lh->lm,both
IN17A058,803075,17A,R,acetylcholine,1,rm,rm,259.3,1491.0,241.0,1633,0.159,23.7,85.0,150.6,lf->rm rf->rm rh->rm,both
IN00A009,805654,00A,M,gaba,-1,lh|rh,lh|rh,259.3,426.0,0.0,3210,0.081,165.6,47.2,46.5,lh->rh rh->lh,both
IN01A025,902619,01A,L,acetylcholine,1,rf|lm,rf,259.3,697.0,309.0,712,0.364,30.0,102.0,127.3,lm->rf rm->rf,both
INXXX044,800272,XXX (unassigned),L,gaba,-1,lh,lh,259.1,668.0,0.0,5856,0.044,38.8,147.1,73.2,lm->lh lf->lh lh->rm,both
IN06B029,802486,06B,R,gaba,-1,lh,lh,258.9,2240.0,0.0,2491,0.104,144.5,73.9,40.5,lh->rh lh->lm lh->rf,both
IN20A.22A003,906407,20A/22A,R,acetylcholine,1,rf,rf,258.6,848.0,288.0,955,0.271,23.3,229.9,5.4,rm->rf rh->rf rf->rm,ipsilateral
IN19A005,800430,19A,L,gaba,-1,lh,lh,258.5,2542.0,412.0,2932,0.088,108.9,144.7,4.9,lm->lh rh->lh lh->rh,both
IN16B030,903395,16B,R,glutamate,-1,rf,rf,258.5,1665.0,0.0,2086,0.124,105.5,151.7,1.3,rf->rm rf->lf,both
IN19A029,801885,19A,R,gaba,-1,rh,rh,258.3,1603.0,118.0,2083,0.124,0.4,252.2,5.7,rm->rh rh->rm,ipsilateral
INXXX232,801150,XXX (unassigned),L,acetylcholine,1,lh,lh|rh,258.0,883.0,92.0,2667,0.097,238.0,20.0,0.0,lh->rh,contralateral
IN14A005,801409,14A,L,glutamate,-1,rf,rf|lf,257.7,838.0,0.0,1725,0.149,234.7,7.2,15.8,rf->lf lf->rf,contralateral
IN08B060,804629,08B,R,acetylcholine,1,lf|rm,lh|lm|lf,257.0,292.0,5.0,548,0.469,38.0,111.0,108.0,rm->lh lf->lh rm->lm,both
IN02A020,803330,02A,L,glutamate,-1,lm|rh,lf|lm,256.9,360.0,0.0,1319,0.195,5.7,134.6,116.7,lm->lf rh->lf rh->lm,both
IN04B032,805433,04B,L,acetylcholine,1,lh|rh,lh,256.9,654.0,187.0,769,0.334,181.7,59.7,15.5,rh->lh lm->lh,contralateral
IN09A042,811478,09A,L,gaba,-1,rh|lh|lf,lh|rh,256.8,395.0,10.0,546,0.47,146.1,69.9,40.7,rh->lh lf->lh lh->rh,both
IN05B042,802914,05B,R,gaba,-1,rh|lh,lm|rm|lh,256.7,325.0,0.0,1498,0.171,70.9,91.0,94.8,rh->lm rh->rm rh->lh,both
INXXX122,904655,XXX (unassigned),R,acetylcholine,1,lh,lm|lh|rh,256.5,405.0,211.0,907,0.283,63.1,183.5,9.9,lh->lm lh->rh,ipsilateral
GFC3,807833,-,R,acetylcholine,1,rm|rh|lm,rh,256.2,417.0,194.0,430,0.596,0.0,185.3,70.9,rm->rh lm->rh,ipsilateral
INXXX355,802410,XXX (unassigned),L,gaba,-1,lh|rh,lh|rh,256.1,380.0,200.0,2104,0.122,115.5,70.2,70.4,rh->lh lh->rh,both
IN08A002,800353,08A,R,glutamate,-1,rf,rf,256.0,3575.0,498.0,4790,0.053,190.4,63.9,1.7,rf->lf lf->rf rf->rm,contralateral
IN11A010,806467,11A,L,acetylcholine,1,lf|lm,lf,255.9,466.0,5.0,577,0.444,11.4,171.9,72.6,lm->lf rm->lf,both
IN09A003,903280,09A,R,gaba,-1,rh,rh,255.9,2900.0,189.0,3755,0.068,142.5,108.3,5.1,rh->lh rm->rh,both
INXXX124,804258,XXX (unassigned),R,gaba,-1,rh,rh|lh,255.5,713.0,91.0,2453,0.104,207.2,19.2,29.1,rh->lh lh->rh lf->rh,contralateral
IN04B016,802846,04B,L,acetylcholine,1,lm|rm,lm,254.8,579.0,10.0,769,0.331,191.3,33.5,29.9,rm->lm lm->rm,contralateral
IN08B054,806233,08B,L,acetylcholine,1,lm|lf,rh|rm,254.8,269.0,43.0,331,0.77,52.2,46.3,156.3,lm->rh lm->rm lm->rf,both
INXXX269,803607,XXX (unassigned),R,acetylcholine,1,rh|rm,rh|lh,254.5,459.0,0.0,1683,0.151,96.9,110.5,47.1,rh->lh rm->rh rh->rm,both
IN17A028,801883,17A,L,acetylcholine,1,lh,lh,254.0,1481.0,26.0,1628,0.156,88.0,130.0,36.0,lh->lm lh->rh,both
IN01A047,806240,01A,R,acetylcholine,1,rf,lf|rf,253.6,324.0,38.0,426,0.595,128.7,57.2,67.7,rf->lf rh->lf,both
INXXX230,802644,XXX (unassigned),L,gaba,-1,lh|rh,lh|rh|rm,253.4,397.0,0.0,2248,0.113,119.2,62.9,71.3,lh->rh rh->lh lh->rm,both
IN01A080_b,809446,01A,R,acetylcholine,1,lh|rm|rh,lh,253.4,530.0,68.0,539,0.47,107.6,13.9,131.9,rm->lh rh->lh,both
IN14A014,802836,14A,R,glutamate,-1,lm,lm,253.2,1383.0,5.0,2145,0.118,0.0,253.2,0.0,lm->lh lm->lf lh->lm,ipsilateral
IN08B040,808840,08B,L,acetylcholine,1,lf,rf|lf|rh,253.0,335.0,59.0,572,0.442,126.0,18.0,109.0,lf->rf lf->rh lf->rm,both
IN01A089,815721,01A,R,acetylcholine,1,rh|lh,lh|rh,252.7,352.0,74.0,415,0.609,231.7,3.6,17.4,rh->lh,contralateral
INXXX133,906654,XXX (unassigned),R,acetylcholine,1,rh,rh|rm,252.6,786.0,0.0,1570,0.161,93.6,144.1,14.9,rh->rm lh->rh rh->lh,both
INXXX396,805454,XXX (unassigned),R,gaba,-1,rh|lh,lh|rh,252.5,444.0,32.0,964,0.262,209.1,17.3,26.2,rh->lh lh->rh,contralateral
IN13B005,800377,13B,L,gaba,-1,rh,rh,252.4,2637.0,25.0,6274,0.04,110.3,53.4,88.7,rh->lh rh->lf rh->rm,both
IN05B002,800040,05B,R,gaba,-1,rm|lm|rh,rm,252.3,331.0,0.0,12269,0.021,61.4,97.9,93.0,lm->rm rh->rm lh->rm,both
dPR1,800329,-,L,acetylcholine,1,lf|rf,rh|lh,252.1,259.0,0.0,7562,0.033,28.7,84.7,138.7,lf->rh rf->rh lh->rh,both
IN17A019,905506,17A,R,acetylcholine,1,rf,rf,252.1,1017.0,38.0,1141,0.221,108.1,140.1,3.9,rf->rm rf->lf rm->rf,both
IN01A070,811287,01A,L,acetylcholine,1,lm|lf,rm,252.0,252.0,0.0,325,0.775,127.8,0.0,124.2,lm->rm lf->rm,both
IN18B032,801809,18B,R,acetylcholine,1,lm|lf|lh,lm|lh,251.9,351.0,72.0,2301,0.109,21.9,192.6,37.5,lm->lh lf->lm lh->lm,ipsilateral
IN08A008,801789,08A,L,glutamate,-1,lm,lm,251.7,2219.0,130.0,2782,0.09,46.9,153.7,51.1,lf->lm lm->rm lm->rh,both
IN04B036,804034,04B,L,acetylcholine,1,lm,lm,251.0,1049.0,27.0,1507,0.167,0.0,251.0,0.0,lm->lf lm->lh lf->lm,ipsilateral
IN05B002,800035,05B,L,gaba,-1,lm|rh|rm,rm|lm,250.3,306.0,0.0,12111,0.021,63.4,96.7,90.2,lm->rm rh->rm lf->rm,both
IN19A021,905463,19A,L,gaba,-1,lm,lm,250.1,1662.0,454.0,1728,0.145,0.0,250.1,0.0,lm->lh lm->lf,ipsilateral
INXXX161,803308,XXX (unassigned),L,gaba,-1,rf,rf|rm,250.0,621.0,36.0,904,0.277,0.0,221.0,29.0,rf->rm,ipsilateral
IN01A051,805557,01A,L,acetylcholine,1,rf,lh|rh,250.0,250.0,0.0,1075,0.233,0.0,100.0,150.0,rf->lh rf->rh,both
IN08B065,813966,08B,L,acetylcholine,1,lh,rh|rm,249.9,264.0,101.0,270,0.926,186.4,3.5,60.0,lh->rh lh->rm,contralateral
IN16B053,805601,16B,L,glutamate,-1,lh,lh|rh,249.8,950.0,8.0,1152,0.217,214.9,31.8,3.1,lh->rh,contralateral
IN09B038,810729,09B,L,acetylcholine,1,rh,rm,249.2,297.0,0.0,604,0.413,0.0,249.2,0.0,rh->rm,ipsilateral
IN12B072,833689,12B,R,gaba,-1,rh|lh,lh,249.2,464.0,0.0,610,0.409,249.2,0.0,0.0,rh->lh,contralateral
IN02A012,800443,02A,L,glutamate,-1,lm,lm,249.0,1346.0,0.0,3106,0.08,71.0,163.9,14.1,lm->rm lf->lm lm->lh,both
INXXX341,804298,XXX (unassigned),R,gaba,-1,rh,lm|lh|rh,248.8,308.0,63.0,881,0.282,91.2,26.8,130.8,rh->lm rh->lh,both
IN03A014,905926,03A,R,acetylcholine,1,rh,rh,248.6,1205.0,13.0,1352,0.184,85.4,135.5,27.7,rh->rm rh->lh rh->lf,both
IN03A007,801710,03A,R,acetylcholine,1,rh,rh,248.5,2078.0,88.0,3219,0.077,25.6,91.8,131.1,rh->lm rm->rh rh->lf,both
IN19A007,800411,19A,R,gaba,-1,rf,rf,248.3,2102.0,170.0,2274,0.109,117.0,129.6,1.7,rf->rm rf->lf,both
INXXX269,803935,XXX (unassigned),R,acetylcholine,1,rh|lh,rh|lh,248.2,564.0,60.0,1986,0.125,167.2,58.7,22.3,lh->rh rh->lh rm->rh,both
IN12A029_a,902510,12A,L,acetylcholine,1,lh|lm|lf,lm|lf|rm,248.2,322.0,15.0,736,0.337,19.8,181.2,47.2,lh->lm lh->lf lf->lm,ipsilateral
IN19A003,800622,19A,L,gaba,-1,lh,lh,248.1,2755.0,1987.0,2867,0.087,18.6,224.8,4.7,lm->lh,ipsilateral
INXXX230,800801,XXX (unassigned),L,gaba,-1,lh|rh,rh|lh,248.1,422.0,0.0,2159,0.115,175.1,36.2,36.8,lh->rh rh->lh,contralateral
IN09A006,800505,09A,L,gaba,-1,lh,lh,247.7,2525.0,39.0,4434,0.056,91.4,142.1,14.3,lh->rh lm->lh lh->lm,both
IN03A013,802640,03A,L,acetylcholine,1,lf,lf,247.5,1909.0,510.0,2139,0.116,95.8,146.5,5.2,lf->rf lf->lm lh->lf,both
INXXX281,905231,XXX (unassigned),R,acetylcholine,1,lh|lm|rm,lh|lm|rh,247.3,339.0,56.0,1767,0.14,61.3,101.6,84.4,lm->lh lh->lm rm->lh,both
IN11A010,808618,11A,L,acetylcholine,1,lm,lf,247.0,247.0,0.0,327,0.755,0.0,247.0,0.0,lm->lf,ipsilateral
IN05B039,802160,05B,R,gaba,-1,rh,rh|lh,246.8,628.0,12.0,2082,0.119,104.0,105.3,37.5,rh->lh rh->rm rh->lm,both
IN06B029,802961,06B,L,gaba,-1,rm,rm,246.6,2153.0,51.0,2223,0.111,0.8,231.5,14.3,rm->rh rm->rf rh->rm,ipsilateral
IN14A014,802720,14A,L,glutamate,-1,rh,rh|rm,246.0,1311.0,12.0,2227,0.11,7.0,232.0,7.0,rh->rm,ipsilateral
IN08B056,809331,08B,R,acetylcholine,1,rf|rm,lf|rm,245.9,273.0,0.0,462,0.532,95.6,84.9,65.4,rf->lf rf->rm rm->lf,both
IN06B064,909410,06B,R,gaba,-1,lh,lh|lm|rh|rm,245.8,339.0,0.0,605,0.406,83.4,84.8,77.6,lh->rh lh->lm lh->rm,both
IN03A044,907487,03A,R,acetylcholine,1,rm|rh,rm,245.4,947.0,501.0,1041,0.236,4.3,226.4,14.7,rh->rm rm->rh,ipsilateral
IN11A040,909038,11A,R,acetylcholine,1,rm|lm,rh,245.4,287.0,35.0,360,0.682,6.3,140.4,98.7,rm->rh lm->rh,both
IN13A002,800471,13A,R,gaba,-1,rh,rh,245.0,4491.0,196.0,6509,0.038,78.0,154.0,13.0,rh->rm rh->lh,both
IN03A010,800787,03A,R,acetylcholine,1,rf,rf,244.9,1693.0,636.0,1831,0.134,55.5,180.5,8.9,rh->rf rm->rf rf->rm,ipsilateral
IN08B067,907427,08B,L,acetylcholine,1,lm|lf,rm|rf,244.6,253.0,17.0,489,0.5,94.4,51.6,98.6,lm->rm lm->rf lm->lh,both
IN13B009,801512,13B,L,gaba,-1,rm,rm,244.5,1202.0,0.0,3175,0.077,6.7,177.7,60.2,rf->rm rm->rh lf->rm,ipsilateral
IN03A004,902551,03A,R,acetylcholine,1,rm,rm,244.4,3561.0,1034.0,3808,0.064,1.3,89.2,153.9,lf->rm rh->rm rm->rf,both
IN01A073,809135,01A,L,acetylcholine,1,rm|lm,rm,244.1,587.0,70.0,614,0.398,135.4,39.2,69.5,lm->rm lf->rm,both
IN21A003,801386,21A,R,glutamate,-1,rf,rf,243.8,1387.0,171.0,1924,0.127,105.8,137.8,0.2,rf->rm rf->lf,both
IN16B029,919551,16B,L,glutamate,-1,lf,lf,243.4,1979.0,9.0,2452,0.099,44.2,198.2,1.0,lf->lm lf->rf,ipsilateral
TN1c_c,804198,-,L,acetylcholine,1,lf,lf|lm|lh,243.3,365.0,27.0,762,0.319,26.5,197.1,19.7,lf->lm lf->lh,ipsilateral
IN12B057,811573,12B,R,gaba,-1,lf|rm,lm|rm,243.2,275.0,14.0,374,0.65,95.1,110.9,37.2,lf->lm rm->lm lf->rm,both
IN07B080,807815,07B,R,acetylcholine,1,lm|rm,lm,243.1,429.0,65.0,470,0.517,131.4,45.6,66.0,rm->lm rh->lm lh->lm,both
IN17A028,800786,17A,L,acetylcholine,1,lh,lh,243.0,1399.0,24.0,1637,0.148,127.0,101.0,15.0,lh->rh lh->lm,both
IN01A047,807059,01A,R,acetylcholine,1,rf|rh,lf|rf,243.0,293.0,27.0,414,0.587,122.3,42.0,78.7,rf->lf rh->lf,both
IN01A068,810251,01A,L,acetylcholine,1,rh|lh|lf,rh,242.6,435.0,0.0,573,0.423,107.0,25.1,110.5,lh->rh lf->rh,both
IN01B014,802876,01B,L,gaba,-1,lh,lh|rh|rm,242.5,415.0,0.0,1941,0.125,128.0,40.7,73.8,lh->rh lh->rm rh->lh,both
IN12B037_c,806367,12B,R,gaba,-1,lh,lh|lm|rh,242.1,370.0,5.0,564,0.429,97.6,135.1,9.4,lh->lm lh->rh,both
IN08B092,811870,08B,L,acetylcholine,1,lh,rh|rm,242.1,255.0,91.0,273,0.887,115.1,19.7,107.2,lh->rh lh->rm,both
IN13B004,800348,13B,R,gaba,-1,lm,lm,242.0,3545.0,18.0,5503,0.044,16.6,225.0,0.4,lm->lf lh->lm,ipsilateral
IN08B076,811669,08B,L,acetylcholine,1,lh,rh|rm,242.0,242.0,222.0,242,1.0,127.9,5.1,109.0,lh->rh lh->rm,both
IN08B006,800574,08B,L,acetylcholine,1,lm|lh|lf,rh|lh,241.8,283.0,36.0,4575,0.053,62.5,68.8,110.5,lm->rh lh->rh lm->lh,both
IN08B056,808619,08B,L,acetylcholine,1,lm|lf,rf|lf,241.5,268.0,0.0,456,0.53,62.5,59.5,119.5,lm->rf lm->lf lf->rf,both
IN03A067,806093,03A,L,acetylcholine,1,lh,lh|lm|rf,241.2,495.0,0.0,595,0.405,43.6,115.2,82.4,lh->lm lh->rf lh->rh,both
IN16B029,907515,16B,R,glutamate,-1,rf,rf,241.0,1663.0,0.0,2023,0.119,106.0,135.0,0.0,rf->rm rf->lf,both
IN03A057,805091,03A,L,acetylcholine,1,lm,lm,240.5,1184.0,0.0,1500,0.16,0.0,240.5,0.0,lm->lh lm->lf,ipsilateral
IN11A005,904126,11A,R,acetylcholine,1,rf|rm,rf,240.5,818.0,73.0,1189,0.202,12.1,225.5,2.9,rm->rf rf->rm,ipsilateral
IN19B003,903653,19B,R,acetylcholine,1,lm,lm,240.4,8756.0,504.0,10060,0.024,35.2,128.8,76.4,rh->lm lh->lm lf->lm,both
INXXX044,800305,XXX (unassigned),L,gaba,-1,lm|lf|lh,lh|lm|lf,240.2,325.0,0.0,5018,0.048,22.1,180.1,38.0,lm->lh lf->lh lm->lf,ipsilateral
IN03A085,810288,03A,L,acetylcholine,1,lm|lf|lh|rm,lf,240.2,341.0,74.0,375,0.64,2.6,180.0,57.5,lm->lf lh->lf rm->lf,ipsilateral
IN08B055,1050135559,08B,L,acetylcholine,1,lf|lm|lh,rh|rm|rf,240.2,248.0,0.0,653,0.368,68.9,27.1,144.2,lf->rh lf->rm lf->rf,both
IN17A037,805697,17A,R,acetylcholine,1,rm|rh,rh|lf|rf|lh|rm,239.9,300.0,0.0,675,0.355,29.2,122.9,87.8,rm->rh rm->lf rm->rf,both
IN16B053,805708,16B,R,glutamate,-1,rh,rh|lh,239.9,769.0,36.0,962,0.249,137.9,57.2,44.8,rh->lh rm->rh lm->rh,both
IN07B080,808003,07B,L,acetylcholine,1,rm|lf,rm,239.9,413.0,86.0,477,0.503,59.0,59.0,121.9,lf->rm lm->rm lh->rm,both
IN14B007,801982,14B,R,gaba,-1,rm|lm,lm|rm,239.7,384.0,5.0,2467,0.097,161.4,42.9,35.4,rm->lm lm->rm lh->lm,both
IN17A028,803825,17A,R,acetylcholine,1,rf,rf,239.6,854.0,109.0,983,0.244,116.1,115.1,8.4,rm->rf lf->rf rf->lf,both
IN05B043,802859,05B,R,gaba,-1,lh|rh,lh,239.5,483.0,84.0,1449,0.165,144.0,81.7,13.8,rh->lh lm->lh,both
IN03B029,802254,03B,R,gaba,-1,rh|lf|rm,rm|rh,239.4,288.0,23.0,1986,0.121,39.0,108.6,91.8,rh->rm lf->rm rf->rm,both
IN03A004,800492,03A,L,acetylcholine,1,lm,lm,239.2,3814.0,831.0,4078,0.059,18.7,220.4,0.2,lf->lm,ipsilateral
IN06B024,802385,06B,R,gaba,-1,rh|rm|lm,rm|lm|rf|lf,239.2,290.0,0.0,2127,0.112,48.4,98.2,92.7,rh->rm rh->lm,both
IN01A062_c,801333,01A,L,acetylcholine,1,lf,rm,239.0,239.0,8.0,276,0.866,0.0,16.0,223.0,lf->rm,both
IN19A034,801516,19A,R,acetylcholine,1,rh,rh,238.9,1533.0,126.0,3634,0.066,159.0,61.9,18.0,rh->lh rh->rm,both
IN01A083_b,809665,01A,R,acetylcholine,1,rf|lm,lf|rf,238.8,280.0,0.0,422,0.566,100.5,97.5,40.8,rf->lf lm->lf lm->rf,both
IN03A045,803113,03A,L,acetylcholine,1,lm,lm,238.6,1579.0,127.0,1918,0.124,0.0,238.6,0.0,lh->lm lm->lh lf->lm,ipsilateral
IN01A045,801110,01A,L,acetylcholine,1,rh,rh|lh,237.1,517.0,38.0,2156,0.11,211.1,23.8,2.2,rh->lh lh->rh rh->rm,contralateral
IN17A058,802548,17A,L,acetylcholine,1,lm,lm,237.1,1833.0,280.0,2059,0.115,8.0,228.1,1.0,lf->lm,ipsilateral
IN16B033,802669,16B,L,glutamate,-1,lh,lh,236.7,2245.0,127.0,2429,0.097,211.6,11.2,13.8,lh->rh,contralateral
IN01A029,802845,01A,R,acetylcholine,1,lh,lh,236.6,895.0,238.0,1618,0.146,109.9,97.6,29.1,lh->rh lh->lm lh->rm,both
IN17B006,800826,17B,R,gaba,-1,rh,rm,236.5,259.0,0.0,6809,0.035,1.5,234.9,0.1,rh->rm,ipsilateral
vPR9_b,803290,-,M,gaba,-1,lh|rf,lf|rf,236.1,279.0,0.0,1697,0.139,48.3,99.0,88.7,lh->lf lh->rf,both
IN01A036,805475,01A,R,acetylcholine,1,lf,lf|lm,235.8,746.0,6.0,1205,0.196,5.7,229.8,0.3,lf->lm lm->lf,ipsilateral
IN01A036,802989,01A,L,acetylcholine,1,rf,rf|rm|lf,235.7,428.0,29.0,628,0.375,95.7,135.7,4.3,rf->rm rf->lf,both
INXXX044,800201,XXX (unassigned),R,gaba,-1,rh,rh,235.5,891.0,0.0,5123,0.046,56.1,103.9,75.5,rm->rh rh->lm rh->lh,both
IN21A008,800554,21A,L,glutamate,-1,lh,lh,235.1,1248.0,101.0,1711,0.137,39.5,190.1,5.5,lh->lm lh->rh,ipsilateral
IN03A057,803899,03A,R,acetylcholine,1,rm,rm,234.9,1371.0,275.0,1588,0.148,1.9,212.9,20.1,rh->rm rm->rh,ipsilateral
IN17A037,903331,17A,L,acetylcholine,1,lh|lm|rm,lm|lh|lf,234.8,308.0,0.0,648,0.362,43.7,127.7,63.3,lh->lm lm->lh lh->lf,both
INXXX468,801127,XXX (unassigned),L,acetylcholine,1,lf,lf,234.7,1772.0,22.0,2106,0.111,96.5,127.2,11.0,lf->lm lf->rf,both
IN04B082,907243,04B,L,acetylcholine,1,lm|lh,lm|lh,234.2,583.0,30.0,928,0.252,0.0,234.2,0.0,lh->lm lm->lh lm->lf,ipsilateral
IN03A014,801762,03A,L,acetylcholine,1,lf,lf,234.0,1793.0,22.0,2087,0.112,104.0,122.0,8.0,lf->lm lf->rf,both
IN01A048,802526,01A,R,acetylcholine,1,lh|rh,lh|rh|lm,234.0,445.0,0.0,1735,0.135,166.0,53.8,14.2,lh->rh lh->lm rh->lh,contralateral
IN01A038,816201,01A,R,acetylcholine,1,lh|rh|rm,lh,233.8,649.0,201.0,769,0.304,132.3,0.0,101.5,rh->lh rm->lh,both
IN17A028,803393,17A,R,acetylcholine,1,rh,rh,233.6,1234.0,8.0,1412,0.165,119.6,86.9,27.1,rh->lh rh->rm,both
IN03A030,805056,03A,R,acetylcholine,1,rm,rm,233.4,1049.0,133.0,1272,0.183,0.0,188.4,45.0,rf->rm rm->rh rm->lh,ipsilateral
IN01A073,934946,01A,R,acetylcholine,1,lm,lm,233.4,688.0,72.0,749,0.312,69.1,70.1,94.3,rh->lm rm->lm lm->lf,both
IN17A011,800564,17A,L,acetylcholine,1,lh,lh|rm|rf,233.3,466.0,7.0,3977,0.059,47.2,31.4,154.7,lh->rm lh->rf lh->rh,both
IN04B036,805831,04B,L,acetylcholine,1,lm,lm|lh,233.1,744.0,234.0,983,0.237,0.0,233.1,0.0,lm->lh lh->lm,ipsilateral
IN14A001,800997,14A,R,gaba,-1,lf,lf,233.0,1883.0,8.0,3617,0.064,82.0,151.0,0.0,lf->lm lf->rf,both
IN13B019,802892,13B,R,gaba,-1,lf,lf|lm,233.0,1028.0,8.0,1497,0.156,43.0,175.0,15.0,lf->lm lf->rf,ipsilateral
IN12B071,809556,12B,L,gaba,-1,lm,lh|rh,233.0,252.0,0.0,430,0.542,14.0,130.0,89.0,lm->lh lm->rh,both
IN00A001,800809,00A,M,unclear,0,lm|rh|rm|lh,rh|lm|rm|lh,232.5,296.0,37.0,463,0.502,60.5,84.1,88.0,,both
IN14A025,805515,14A,L,glutamate,-1,rh,rh,232.5,1096.0,0.0,1184,0.196,15.1,202.5,14.9,rf->rh rm->rh,ipsilateral
INXXX231,802104,XXX (unassigned),L,acetylcholine,1,lh,lh|rh,232.0,561.0,0.0,1923,0.121,177.0,55.0,0.0,lh->rh lh->lm,contralateral
IN07B080,812188,07B,R,acetylcholine,1,rh|rm|lm|rf,lm,232.0,301.0,45.0,330,0.703,81.5,0.0,150.5,rh->lm rm->lm rf->lm,both
IN03A030,804396,03A,R,acetylcholine,1,rm|rh,rm,231.3,891.0,78.0,1136,0.204,0.0,231.3,0.0,rh->rm rm->rf rm->rh,ipsilateral
IN06B029,800657,06B,R,gaba,-1,lf,lf,231.0,1805.0,11.0,1925,0.12,149.0,82.0,0.0,lf->rf lf->lm,both
IN07B065,809819,07B,L,acetylcholine,1,rh|lf|lm,rm|rh,231.0,307.0,18.0,357,0.647,36.0,111.0,84.0,rh->rm lf->rm,both
IN01A039,906419,01A,L,acetylcholine,1,rh,rh,231.0,2428.0,8.0,2901,0.08,115.0,116.0,0.0,rh->rm rh->lh,both
IN08B033,805343,08B,L,acetylcholine,1,lf,lf|rh|rm|rf,230.8,320.0,61.0,497,0.464,66.8,11.4,152.6,lf->rh lf->rm lf->rf,both
IN10B006,800884,10B,R,acetylcholine,1,lh|lf|rh,rh|lm|lh,230.5,292.0,0.0,4121,0.056,69.5,95.6,65.4,lh->rh lh->lm lf->rh,both
IN23B006,800916,23B,L,acetylcholine,1,rh|lh|lf,lh|rm|lm,230.3,269.0,0.0,3776,0.061,73.8,91.4,65.1,rh->lh rh->rm rh->lm,both
INXXX219,903317,XXX (unassigned),R,unclear,0,rh,rh|rm,230.3,591.0,49.0,1093,0.211,5.4,219.3,5.6,rh->rm rm->rh,ipsilateral
IN01A053,807531,01A,L,acetylcholine,1,lm|lf,rm|lm,230.2,337.0,0.0,397,0.58,122.0,62.9,45.3,lm->rm lf->rm lf->lm,both
INXXX058,801700,XXX (unassigned),R,gaba,-1,rh|rm|lh,lh|rh,230.1,308.0,12.0,3059,0.075,101.1,60.3,68.7,rh->lh rm->lh lm->lh,both
IN17A028,802925,17A,R,acetylcholine,1,rh,rh,230.0,1386.0,40.0,1587,0.145,116.0,90.0,24.0,rh->lh rh->rm,both
IN12B048,814090,12B,L,gaba,-1,lf,rh|rm,230.0,230.0,0.0,343,0.671,0.0,23.0,207.0,lf->rh lf->rm,both
IN02A023,805338,02A,L,glutamate,-1,lm,lf,229.9,233.0,0.0,680,0.338,25.0,167.2,37.7,lm->lf rf->lf lh->lf,ipsilateral
IN03A057,806193,03A,R,acetylcholine,1,rm,rm,229.8,876.0,5.0,1028,0.224,0.6,214.8,14.4,rm->rh rm->rf rh->rm,ipsilateral
IN16B032,802977,16B,R,glutamate,-1,rf,rf,229.7,1751.0,65.0,1930,0.119,80.8,146.7,2.2,rf->rm rf->lf rh->rf,both
IN01A045,903622,01A,R,acetylcholine,1,rh,rh,229.7,1592.0,72.0,3944,0.058,204.5,23.7,1.5,rh->lh,contralateral
IN12B048,808787,12B,L,gaba,-1,rh|lf|rm,rh|rm,229.6,351.0,5.0,582,0.394,19.9,111.1,98.6,rh->rm lf->rh rm->rh,both
IN06B029,902282,06B,L,gaba,-1,rh,rh,229.2,2006.0,19.0,2092,0.11,123.4,65.2,40.6,rh->lh rh->rm rh->lf,both
INXXX230,904108,XXX (unassigned),R,gaba,-1,lh|rh,lh|rh|lm,229.1,357.0,0.0,2322,0.099,110.1,63.4,55.6,lh->rh rh->lh lh->lm,both
IN06B029,801639,06B,R,gaba,-1,lh,lh,229.0,2259.0,0.0,2494,0.092,122.0,65.0,42.0,lh->rh lh->lm lh->rf,both
IN07B032,803544,07B,L,acetylcholine,1,lm|lf,rm|lm,229.0,260.0,0.0,1977,0.116,129.7,27.0,72.3,lm->rm lf->rm,both
IN13B009,800815,13B,L,gaba,-1,rh,rh,228.9,1655.0,17.0,3391,0.067,22.6,111.4,94.9,rf->rh rh->lf rh->rm,both
AN10B015,801035,-,L,acetylcholine,1,rh|lh,lh,228.6,287.0,0.0,3569,0.064,63.6,92.4,72.6,rh->lh,both
IN17A037,801402,17A,R,acetylcholine,1,rm|rh,rh|rf|lf|rm,228.5,286.0,0.0,600,0.381,9.7,153.5,65.3,rm->rh rm->rf rm->lf,both
AN10B015,800951,-,R,acetylcholine,1,rh|lh|lf,lh|rm,228.2,269.0,0.0,3492,0.065,53.5,95.2,79.6,rh->lh rh->rm,both
IN09A063,810839,09A,L,gaba,-1,lm|lh,lm,228.2,633.0,0.0,754,0.303,0.0,228.2,0.0,lh->lm,ipsilateral
IN17A016,801059,17A,L,acetylcholine,1,lm,lm,228.0,3220.0,346.0,4263,0.053,163.0,63.9,1.1,rm->lm lh->lm lm->rm,contralateral
IN23B007,801297,23B,L,acetylcholine,1,lf,lf,227.7,685.0,22.0,1672,0.136,49.8,106.8,71.1,lf->lm lf->rm lf->rf,both
IN06B029,803484,06B,L,gaba,-1,rf,rf,227.5,1502.0,0.0,1617,0.141,125.5,94.4,7.6,rf->lf rf->rm,both
IN01A073,808620,01A,R,acetylcholine,1,lm|rm,lm,227.5,567.0,12.0,712,0.32,199.5,0.0,28.0,rm->lm rh->lm,contralateral
IN09A054,820075,09A,R,gaba,-1,rf|rh|lf,rh,227.3,322.0,0.0,408,0.557,9.0,147.8,70.5,rf->rh lf->rh rm->rh,both
IN01A066,810887,01A,L,acetylcholine,1,rh|lf|lm,rh,227.0,432.0,0.0,523,0.434,68.1,14.2,144.7,lm->rh lf->rh lh->rh,both
IN14A030,819968,14A,R,glutamate,-1,lf|rf,lf,226.9,773.0,7.0,823,0.276,215.9,8.0,3.0,rf->lf,contralateral
IN12A036,804251,12A,L,acetylcholine,1,lh|lm|lf,lh|rm|lm,226.8,290.0,10.0,1590,0.143,44.6,103.5,78.7,lh->rm lh->lm lm->lh,both
IN04B068,804837,04B,R,acetylcholine,1,rh,rh,226.8,1026.0,187.0,1190,0.191,115.2,100.8,10.8,rm->rh rh->lh lh->rh,both
IN05B022,800925,05B,L,gaba,-1,rh|lh,lm|rm|lh,226.4,266.0,0.0,1329,0.17,49.3,84.2,92.8,rh->lm rh->rm rh->lh,both
IN13A018,802226,13A,R,gaba,-1,rh,rh,225.9,882.0,336.0,1068,0.212,58.4,112.5,54.9,rm->rh rh->lh lm->rh,both
IN16B030,904434,16B,R,glutamate,-1,rh,rh,225.9,2419.0,43.0,2881,0.078,95.1,49.6,81.2,rh->lh rh->lf lm->rh,both
IN19A029,800694,19A,L,gaba,-1,lf,lf,225.8,1373.0,62.0,1556,0.145,23.8,84.8,117.2,lf->rh lm->lf lf->lm,both
IN17A020,801456,17A,R,acetylcholine,1,rh,rh|lm,225.3,694.0,0.0,1571,0.143,17.1,14.3,193.9,rh->lm rh->lf,both
IN04B032,803851,04B,L,acetylcholine,1,lh|rh,lh,225.1,486.0,60.0,733,0.307,202.1,12.6,10.4,rh->lh lh->rh,contralateral
IN08B046,803940,08B,R,acetylcholine,1,rf,lf|lm,225.0,256.0,76.0,618,0.364,110.0,30.0,85.0,rf->lf rf->lm rf->rh,both
IN16B022,802270,16B,R,glutamate,-1,rf,rf,224.8,2042.0,163.0,2390,0.094,29.8,176.6,18.5,rm->rf rh->rf,ipsilateral
IN13A011,803807,13A,R,gaba,-1,rf,rf,224.2,1113.0,489.0,1154,0.194,78.2,73.0,73.0,rm->rf lf->rf lm->rf,both
IN03A020,801739,03A,L,acetylcholine,1,lf,lf,223.9,1351.0,47.0,1791,0.125,44.8,162.9,16.2,lf->lm lf->rf lh->lf,ipsilateral
ANXXX318,804636,-,R,acetylcholine,1,rm|rh,rh|lf|lh,223.9,277.0,36.0,1353,0.165,35.0,89.9,99.0,rm->rh rm->lh rm->lf,both
IN14A014,803218,14A,L,glutamate,-1,rm,rm,223.8,1106.0,65.0,1828,0.122,1.8,177.8,44.2,rm->rh rh->rm rm->rf,ipsilateral
IN10B006,801064,10B,L,acetylcholine,1,rh,lh|rm|rh,223.3,282.0,0.0,3635,0.061,93.3,77.2,52.8,rh->lh rh->rm rh->lm,both
IN19A021,906451,19A,R,gaba,-1,rm,rm,223.2,1395.0,483.0,1481,0.151,0.0,223.2,0.0,rm->rh rm->rf,ipsilateral
IN02A015,804311,02A,R,acetylcholine,1,lf,lf,222.8,1397.0,822.0,1418,0.157,0.0,122.1,100.7,lh->lf rh->lf,both
IN12A036,804181,12A,L,acetylcholine,1,lh|lm|lf,lh|lm|rm,222.7,293.0,41.0,1496,0.149,34.4,130.3,58.0,lm->lh lh->lm lf->lh,both
IN09A006,800848,09A,R,gaba,-1,rh,rh,222.5,2450.0,28.0,4390,0.051,103.9,115.6,2.9,rh->lh rm->rh rh->rm,both
IN12B030,806121,12B,R,gaba,-1,lh,lh|lm|rh,222.3,479.0,78.0,520,0.427,81.2,130.4,10.7,lh->lm lh->rh,both
TN1c_c,804903,-,R,acetylcholine,1,rf,rh|rm|rf,222.0,263.0,38.0,467,0.475,6.0,203.0,13.0,rf->rh rf->rm,ipsilateral
IN12B044_d,812171,12B,R,gaba,-1,lf|lm,lm,221.8,331.0,23.0,390,0.569,6.8,205.8,9.2,lf->lm,ipsilateral
dMS5,912055,-,R,acetylcholine,1,lm|rm|rh,rh|lh,221.8,267.0,37.0,5691,0.039,26.6,84.7,110.5,lm->rh rm->rh lm->lh,both
IN17A017,932581,17A,L,acetylcholine,1,lf,lf,221.7,2368.0,695.0,2833,0.078,103.2,93.4,25.0,lf->lm rf->lf lf->rf,both
IN03A032,804146,03A,L,acetylcholine,1,lm,lm,221.4,1388.0,572.0,1662,0.133,2.8,202.4,16.2,lh->lm,ipsilateral
IN09B038,807964,09B,R,acetylcholine,1,lh,lm|lh,221.2,342.0,0.0,868,0.255,0.0,221.2,0.0,lh->lm,ipsilateral
INXXX414,805344,XXX (unassigned),R,acetylcholine,1,rh|rm,lh|rh,221.1,273.0,0.0,1376,0.161,105.4,39.1,76.6,rh->lh rm->lh rm->rh,both
IN01A032,802417,01A,R,acetylcholine,1,lh,lh,221.0,1043.0,0.0,2767,0.08,47.0,121.0,53.0,lh->lm lh->rh lh->rm,both
IN11A046,804402,11A,L,acetylcholine,1,rh,rh,220.9,891.0,820.0,896,0.247,106.0,61.2,53.7,lh->rh lm->rh rm->rh,both
IN04B032,902422,04B,R,acetylcholine,1,rh|lh,rh,220.6,627.0,118.0,888,0.248,208.6,8.3,3.7,lh->rh rh->lh,contralateral
IN09A063,904867,09A,L,gaba,-1,lm|lh,lm,220.5,719.0,0.0,824,0.268,0.0,220.5,0.0,lh->lm lm->lf lm->lh,ipsilateral
IN12A015,802344,12A,L,acetylcholine,1,lf|rf,lf|rm|lm,220.4,290.0,58.0,1666,0.132,61.5,76.5,82.4,lf->rm rf->lf rf->rm,both
IN05B036,806318,05B,L,gaba,-1,rh|rm,rh|rm,220.2,401.0,0.0,1236,0.178,3.5,214.2,2.5,rh->rm rm->rh,ipsilateral
IN14A023,911042,14A,R,glutamate,-1,lf|lm|rf,lf,220.0,605.0,0.0,652,0.337,110.0,110.0,0.0,rf->lf lm->lf,both
IN14A010,801294,14A,L,glutamate,-1,rm,rm,219.9,1260.0,28.0,1634,0.135,16.9,103.5,99.5,rh->rm rm->lf,both
IN21A016,801210,21A,L,glutamate,-1,lh,lh,219.8,1848.0,662.0,2282,0.096,41.7,121.6,56.5,lm->lh rm->lh lh->lm,both
IN01A080_a,820267,01A,R,acetylcholine,1,rh|lh,lh,219.7,407.0,0.0,483,0.455,219.7,0.0,0.0,rh->lh,contralateral
IN21A019,801697,21A,L,glutamate,-1,lm,lm,219.6,1722.0,24.0,2697,0.081,6.9,212.6,0.1,lm->lf,ipsilateral
IN01A071,817067,01A,L,acetylcholine,1,rh,rh,219.4,715.0,176.0,774,0.283,86.9,50.9,81.5,lh->rh rm->rh rh->lf,both
IN08B054,803066,08B,L,acetylcholine,1,lm,rh|rm,219.3,237.0,13.0,364,0.602,60.5,31.3,127.5,lm->rh lm->rm lm->rf,both
IN11A040,816659,11A,L,acetylcholine,1,rm|lm|lh,lh,219.0,261.0,49.0,314,0.697,0.0,101.6,117.3,rm->lh lm->lh,both
IN14A004,800905,14A,L,glutamate,-1,rm,rm,218.4,2262.0,342.0,2566,0.085,0.0,177.9,40.5,rh->rm lf->rm,ipsilateral
IN17A028,803537,17A,R,acetylcholine,1,rf,rf,218.3,962.0,72.0,1066,0.205,61.7,148.3,8.3,rm->rf rf->lf rf->rm,both
IN03A050,804805,03A,R,acetylcholine,1,rh,rh|lh,218.1,598.0,113.0,788,0.277,170.1,40.4,7.6,rh->lh rh->rm,contralateral
IN03A040,800569,03A,L,acetylcholine,1,lh,lh,218.0,1318.0,21.0,1673,0.13,68.0,144.0,6.0,lh->lm lh->rh,both
IN21A016,801164,21A,R,glutamate,-1,rh,rh,218.0,2425.0,941.0,2882,0.076,0.1,211.1,6.8,rm->rh rh->rm,ipsilateral
IN21A019,801634,21A,R,glutamate,-1,rh,rh,218.0,1803.0,113.0,2803,0.078,87.0,130.0,1.0,rh->rm rh->lh,both
IN13B019,804031,13B,R,gaba,-1,lm,lm,217.8,959.0,9.0,1530,0.142,9.5,206.8,1.5,lf->lm lm->lh lm->lf,ipsilateral
IN02A012,800818,02A,L,glutamate,-1,lh,lh|lm,217.7,612.0,31.0,2430,0.09,69.8,133.7,14.2,lh->lm lh->rh,both
IN08A007,912966,08A,R,glutamate,-1,rh,rh,217.7,1885.0,458.0,1942,0.112,128.7,85.7,3.3,rh->lh rh->rm rm->rh,both
IN16B045,803874,16B,L,glutamate,-1,lm|lf,lm,217.6,915.0,80.0,1343,0.162,0.0,217.6,0.0,lf->lm lh->lm,ipsilateral
IN12B015,926518,12B,R,gaba,-1,lm|rm,rh|lm|lh,217.2,269.0,0.0,2893,0.075,44.0,82.8,90.4,lm->rh lm->lh,both
IN13B013,801668,13B,L,gaba,-1,rm,rm,217.0,1159.0,0.0,3403,0.064,25.0,132.0,60.0,rm->rh rm->lh rm->rf,both
IN21A014,801797,21A,L,glutamate,-1,lm,lm,216.9,2792.0,250.0,3343,0.065,11.6,204.9,0.4,lm->lh lf->lm,ipsilateral
IN26X003,803934,26X,R,gaba,-1,lm,lm,216.7,1805.0,187.0,1978,0.11,22.6,193.8,0.3,lf->lm rm->lm,ipsilateral
IN07B080,808174,07B,R,acetylcholine,1,lm|rm,lm,216.4,430.0,74.0,480,0.451,113.9,19.9,82.6,rm->lm rf->lm rh->lm,both
IN12B038,805258,12B,R,gaba,-1,lm|rh|lh,lh|rh,216.1,281.0,0.0,1143,0.189,75.6,88.5,52.0,lm->lh rh->lh lm->rh,both
IN01A059,801912,01A,L,acetylcholine,1,rm,rh|lh,216.0,216.0,0.0,493,0.438,0.0,134.0,82.0,rm->rh rm->lh,both
IN13A020,804374,13A,R,gaba,-1,rh,rh,215.9,836.0,294.0,952,0.227,83.4,74.3,58.1,rh->lh lm->rh rm->rh,both
IN26X002,801227,26X,L,gaba,-1,rh,rh,215.3,1929.0,11.0,2970,0.072,100.8,81.3,33.2,rh->lh rh->rm rh->lf,both
IN04B068,803758,04B,L,acetylcholine,1,lh,lh,215.2,800.0,150.0,1229,0.175,84.4,118.2,12.6,lm->lh lh->rh lh->lm,both
IN10B011,801179,10B,R,acetylcholine,1,rh|lh,lh,215.1,295.0,0.0,4380,0.049,215.1,0.0,0.0,rh->lh,contralateral
IN08B042,940696,08B,L,acetylcholine,1,lf,lf|rh|rm,215.0,334.0,66.0,819,0.263,34.0,36.0,145.0,lf->rh lf->rm lf->lh,both
INXXX269,907986,XXX (unassigned),R,acetylcholine,1,rh|rm,rh|lh,214.8,428.0,0.0,1380,0.156,87.9,87.8,39.1,rh->lh rm->rh rh->rm,both
IN01A061,803432,01A,L,acetylcholine,1,rh|lh,rh|lh,214.7,479.0,0.0,808,0.266,214.7,0.0,0.0,rh->lh lh->rh,contralateral
IN20A.22A044,807345,20A/22A,L,acetylcholine,1,lh,lh|lm|rh,214.6,451.0,48.0,624,0.344,90.8,115.6,8.2,lh->lm lh->rh,both
IN21A018,903288,21A,R,acetylcholine,1,rf,rf,214.2,1274.0,7.0,2233,0.096,13.8,179.9,20.4,rh->rf rm->rf,ipsilateral
IN01B036,808821,01B,L,gaba,-1,lh,lh|lm,214.0,721.0,0.0,904,0.237,53.0,148.0,13.0,lh->lm lh->rh,both
IN13A003,800778,13A,R,gaba,-1,rf,rf,213.9,1410.0,6.0,2990,0.072,23.8,187.9,2.2,rm->rf rf->rm rf->lf,ipsilateral
IN04B028,904433,04B,L,acetylcholine,1,lf|rf,lf,213.6,451.0,99.0,646,0.331,108.9,57.6,47.2,rf->lf lf->rf lf->lm,both
IN12A041,805104,12A,L,acetylcholine,1,lf,lf|lm,213.4,397.0,0.0,584,0.365,32.1,143.0,38.3,lf->lm lm->lf lh->lf,both
IN01A071,811187,01A,L,acetylcholine,1,rh|lh,rh,213.4,627.0,166.0,634,0.337,158.9,23.5,31.1,lh->rh,contralateral
IN19A021,902676,19A,L,gaba,-1,lh,lh,213.4,721.0,19.0,763,0.28,84.4,95.8,33.2,lh->lm lh->rh lh->rf,both
IN13A011,800597,13A,L,gaba,-1,lf,lf,213.2,1318.0,518.0,1339,0.159,74.3,121.6,17.2,lm->lf rf->lf lh->lf,both
IN12B037_f,903179,12B,R,gaba,-1,lh,lh|rh|lm,213.2,357.0,67.0,542,0.393,91.8,105.2,16.2,lh->rh lh->lm,both
IN03B035,800093,03B,R,gaba,-1,rh,rh,213.1,1467.0,332.0,1575,0.135,67.0,139.1,7.0,rm->rh rh->lh,both
IN07B065,805754,07B,R,acetylcholine,1,lm|rm|lf,lm|lh|rh,213.1,273.0,11.0,478,0.446,58.8,88.4,65.9,rm->lm lf->lm,both
IN03A010,800705,03A,L,acetylcholine,1,lm,lm,213.0,3413.0,1138.0,3759,0.057,18.3,194.0,0.7,lh->lm lm->lh,ipsilateral
IN03A060,803366,03A,L,acetylcholine,1,lm|lh,lm,213.0,875.0,291.0,984,0.216,0.0,213.0,0.0,lh->lm,ipsilateral
INXXX414,805635,XXX (unassigned),L,acetylcholine,1,lm,rh|lh,213.0,213.0,0.0,1420,0.15,0.0,54.0,159.0,lm->rh lm->lh,both
IN12B044_e,908981,12B,L,gaba,-1,lf|rf,rm,212.9,215.0,37.0,294,0.724,2.9,91.3,118.7,lf->rm rf->rm,both
IN03A020,803775,03A,R,acetylcholine,1,rf,rf|rm,212.8,728.0,7.0,1041,0.204,72.6,137.8,2.4,rf->rm rf->lf,both
IN12A031,906431,12A,L,acetylcholine,1,lf,lf|lm,212.7,458.0,50.0,719,0.296,46.5,147.9,18.4,lf->lm lf->rf rf->lf,both
IN16B033,801539,16B,L,glutamate,-1,lf,lf,212.5,2051.0,17.0,2385,0.089,61.5,140.8,10.2,lf->lm lf->rf,both
IN04B018,808791,04B,L,acetylcholine,1,lm|rm,lm,212.4,461.0,23.0,627,0.339,196.8,0.4,15.2,rm->lm,contralateral
IN19B008,800084,19B,L,acetylcholine,1,lh|rf|lf,lh|rh,212.3,365.0,166.0,4582,0.046,39.8,92.0,80.5,rf->lh lf->lh lh->rh,both
IN19B007,800814,19B,L,acetylcholine,1,lh|rh,lh|rh|rm,212.0,359.0,16.0,4485,0.047,145.0,23.7,43.3,lh->rh rh->lh lh->rm,both
IN01A053,908892,01A,L,acetylcholine,1,lf|lm,rm|lm|lh,211.8,229.0,5.0,365,0.58,68.3,56.8,86.7,lf->rm lm->rm lf->lm,both
IN08B003,932493,08B,L,gaba,-1,lh,rf|lf,211.5,237.0,0.0,5737,0.037,6.3,84.0,121.2,lh->rf lh->lf lh->rm,both
INXXX231,802292,XXX (unassigned),L,acetylcholine,1,lh,lh,211.0,1149.0,13.0,2246,0.094,110.0,101.0,0.0,lh->rh lh->lm,both
IN06B064,808334,06B,R,gaba,-1,lm|lh,lh|lm|rh,211.0,314.0,0.0,600,0.352,43.6,113.6,53.8,lm->lh lm->rh lh->rh,both
IN08B042,907973,08B,L,acetylcholine,1,lf,lf|rm|lh,211.0,409.0,88.0,703,0.3,29.0,63.0,119.0,lf->rm lf->lh lf->rh,both
IN18B051,910241,18B,R,acetylcholine,1,lh,lm|lh,211.0,305.0,29.0,428,0.493,0.0,193.0,18.0,lh->lm,ipsilateral
IN08A024,807743,08A,L,glutamate,-1,lm,lm,210.9,783.0,0.0,828,0.255,0.0,210.9,0.0,lf->lm lm->lf lh->lm,ipsilateral
IN06B017,804879,06B,L,gaba,-1,lm|rm,lh|rm|lm|rh,210.4,270.0,0.0,1554,0.135,59.4,79.9,71.1,lm->lh rm->lh lm->rm,both
IN12B011,801780,12B,R,gaba,-1,lh,lh,210.2,923.0,5.0,4516,0.047,110.5,85.8,13.9,lh->rh lh->lm lm->lh,both
IN21A022,802619,21A,R,acetylcholine,1,rh,rh,210.2,1001.0,213.0,1251,0.168,52.4,154.4,3.4,rh->rm rh->lh,ipsilateral
IN06A038,802065,06A,L,glutamate,-1,lh,lh|rh|rm,210.0,346.0,27.0,1057,0.199,136.0,7.0,67.0,lh->rh lh->rm,both
INXXX231,802206,XXX (unassigned),L,acetylcholine,1,lh,lh,210.0,1244.0,24.0,2499,0.084,127.0,83.0,0.0,lh->rh lh->lm,both
IN03A025,905090,03A,R,acetylcholine,1,rh,rh,210.0,1305.0,130.0,1447,0.145,68.0,138.0,4.0,rh->rm rh->lh rm->rh,both
IN19A005,800501,19A,R,gaba,-1,rf,rf,209.7,2399.0,903.0,2499,0.084,12.2,176.5,20.9,rm->rf rh->rf,ipsilateral
IN11A007,805329,11A,R,acetylcholine,1,rf,rf|rm,209.6,525.0,82.0,977,0.214,18.5,177.6,13.5,rf->rm rm->rf,ipsilateral
INXXX231,929673,XXX (unassigned),R,acetylcholine,1,rh,rh|lh,209.4,543.0,5.0,1711,0.122,201.4,7.1,0.9,rh->lh lh->rh,contralateral
IN21A020,802197,21A,L,acetylcholine,1,lf,lf,209.2,1049.0,235.0,1130,0.185,2.1,156.4,50.7,lm->lf lf->lm lf->rh,ipsilateral
IN12B032,802636,12B,R,gaba,-1,lh|lm,lh|rh,209.2,315.0,0.0,981,0.213,92.6,62.2,54.4,lh->rh lm->lh lm->rh,both
IN03A025,932756,03A,L,acetylcholine,1,lh,lh,209.2,1181.0,138.0,1340,0.156,82.1,120.9,6.1,lh->lm rh->lh lm->lh,both
IN07B073_a,803754,07B,R,acetylcholine,1,rm|rf,rm,209.1,485.0,200.0,924,0.226,60.3,123.5,25.4,rf->rm lm->rm rh->rm,both
IN23B006,801377,23B,R,acetylcholine,1,rh,rh|lm|rm,209.0,316.0,0.0,3676,0.057,38.0,78.0,93.0,rh->lm rh->rm rh->lh,both
IN12B029,806210,12B,L,gaba,-1,rm,lm|rm,209.0,386.0,0.0,912,0.229,196.0,0.0,13.0,rm->lm,contralateral
INXXX365,804684,XXX (unassigned),L,acetylcholine,1,lh|rh,rh|lh,208.9,402.0,20.0,1143,0.183,208.9,0.0,0.0,lh->rh rh->lh,contralateral
IN06B017,800859,06B,L,gaba,-1,rh,rh|rm|lf|lh,208.7,276.0,0.0,7269,0.029,48.8,78.4,81.5,rh->rm rh->lf rh->lh,both
IN14A005,801190,14A,R,glutamate,-1,lm,lm,208.6,1867.0,0.0,3381,0.062,156.3,51.6,0.7,lm->rm lm->lf,contralateral
INXXX100,800713,XXX (unassigned),R,acetylcholine,1,rh|rf,rh,208.4,549.0,0.0,2828,0.074,67.9,111.4,29.1,rh->lh rf->rh rh->rm,both
IN26X002,902906,26X,R,gaba,-1,lf,lf,208.0,1395.0,0.0,2425,0.086,22.9,162.1,23.1,lh->lf lf->lm lm->lf,ipsilateral
IN12B011,903446,12B,L,gaba,-1,rh,rh,208.0,1054.0,18.0,4876,0.043,132.3,69.5,6.2,rh->lh rm->rh rh->rm,both
IN08B003,801805,08B,R,gaba,-1,rh|lh,lf|lm,207.7,223.0,7.0,5168,0.04,20.2,64.3,123.2,rh->lf rh->lm,both
IN17B015,801657,17B,L,gaba,-1,lm|lh,lh|rh,207.5,247.0,0.0,3076,0.067,31.4,125.3,50.8,lm->lh lm->rh,both
dPR1,800323,-,R,acetylcholine,1,rf|rh|lf,rh,207.3,273.0,0.0,8079,0.026,7.8,123.2,76.3,rf->rh lf->rh,both
IN07B073_c,805307,07B,R,acetylcholine,1,rm|rf|lm,rm|lh|rh,207.2,259.0,12.0,921,0.225,50.3,99.0,57.8,rf->rm lm->rm,both
INXXX281,803654,XXX (unassigned),L,acetylcholine,1,rh|lh|rm,rh|rm,206.8,299.0,58.0,1679,0.123,70.2,94.5,42.0,lh->rh rm->rh rh->rm,both
IN12B072,903540,12B,L,gaba,-1,rh|lh,rh,206.8,423.0,0.0,518,0.399,206.8,0.0,0.0,lh->rh rh->lh,contralateral
IN14A007,801134,14A,R,glutamate,-1,lh,lh,206.7,2312.0,73.0,2748,0.075,81.6,122.7,2.4,lh->rh lm->lh lh->lm,both
IN12B044_a,808094,12B,L,gaba,-1,lf|rm|rh,rm,206.5,250.0,20.0,516,0.4,21.3,61.8,123.4,lf->rm rh->rm,both
IN12B044_d,812825,12B,R,gaba,-1,lf|rm,lm,206.5,232.0,28.0,310,0.666,32.7,144.5,29.3,lf->lm rm->lm,both
IN03A030,907393,03A,L,acetylcholine,1,lm,lm,206.3,1241.0,21.0,1471,0.14,27.3,174.4,4.6,lm->lf lm->lh rm->lm,ipsilateral
IN01A079,811201,01A,R,acetylcholine,1,lm|rm,lm,206.2,395.0,0.0,507,0.407,141.3,0.8,64.1,rm->lm rh->lm rf->lm,both
IN02A015,903109,02A,L,acetylcholine,1,rf,rf,206.2,900.0,534.0,927,0.222,50.6,108.8,46.9,rh->rf lf->rf lh->rf,both
IN16B045,904785,16B,R,glutamate,-1,rm,rm,206.1,896.0,68.0,1124,0.183,0.0,108.9,97.2,rm->rh lf->rm,both
IN16B030,802236,16B,L,glutamate,-1,lf,lf,206.0,1748.0,10.0,2191,0.094,50.0,151.0,5.0,lf->lm lf->rf,ipsilateral
INXXX414,805409,XXX (unassigned),R,acetylcholine,1,rm,lh|rh,206.0,206.0,0.0,1430,0.144,0.0,51.0,155.0,rm->lh rm->rh,both
INXXX359,805417,XXX (unassigned),R,gaba,-1,lh,lh|lm,206.0,1055.0,13.0,1402,0.147,0.0,206.0,0.0,lh->lm,ipsilateral
IN02A023,806326,02A,R,glutamate,-1,rh,rm|rf|lh,206.0,206.0,9.0,591,0.349,33.0,173.0,0.0,rh->rm rh->rf rh->lh,ipsilateral
IN16B032,903945,16B,L,glutamate,-1,lf,lf,206.0,2445.0,167.0,2581,0.08,75.0,131.0,0.0,lf->lm lf->rf,both
IN01A040,803584,01A,L,acetylcholine,1,lf,rf|lf,205.0,291.0,62.0,439,0.467,199.0,6.0,0.0,lf->rf,contralateral
IN09A049,923170,09A,L,gaba,-1,lm|lh,lm,204.9,672.0,31.0,719,0.285,0.0,204.9,0.0,lh->lm lm->lh,ipsilateral
IN01A041,803328,01A,R,acetylcholine,1,rf|lf,lf|rf,204.8,287.0,51.0,543,0.377,196.8,1.3,6.7,rf->lf,contralateral
IN07B073_c,806522,07B,R,acetylcholine,1,rm|rf,lh|rh,204.8,230.0,11.0,635,0.322,8.5,83.8,112.5,rm->lh rm->rh rf->lh,both
IN13A009,801609,13A,L,gaba,-1,lh,lh,204.5,2350.0,736.0,3059,0.067,82.5,121.5,0.5,lh->lm lh->rh,both
GFC3,803795,-,R,acetylcholine,1,rm|rh|lm,rh,204.5,311.0,182.0,332,0.616,0.0,141.1,63.4,rm->rh lm->rh,both
IN12B007,800760,12B,L,gaba,-1,rm,rm,204.4,1739.0,0.0,4882,0.042,0.0,197.4,7.0,rm->rh rh->rm,ipsilateral
IN04B034,802460,04B,L,acetylcholine,1,lf,lf|rf,204.4,840.0,208.0,1020,0.2,127.7,65.0,11.7,lf->rf lm->lf,both
IN06A103,815600,06A,L,gaba,-1,lh,lm|rm|rh,204.0,204.0,0.0,549,0.372,32.0,96.0,76.0,lh->lm lh->rm lh->rh,both
INXXX347,911615,XXX (unassigned),R,gaba,-1,rh|rm,rh,204.0,387.0,43.0,822,0.248,10.5,183.0,10.5,rm->rh,ipsilateral
IN01A050,803624,01A,R,acetylcholine,1,lm,lm,203.8,1062.0,60.0,1522,0.134,203.8,0.0,0.0,rm->lm lm->rm,contralateral
IN16B045,803344,16B,R,glutamate,-1,rm,rm,203.7,927.0,67.0,1130,0.18,0.3,121.9,81.6,rm->rh lf->rm,both
IN16B056,808726,16B,R,glutamate,-1,lf|rf,rf,203.5,347.0,75.0,432,0.471,194.6,7.7,1.3,lf->rf,contralateral
IN01A031,905558,01A,R,acetylcholine,1,lh|rh,lh|rh,203.5,461.0,0.0,1692,0.12,161.9,30.6,11.0,rh->lh lh->rh,contralateral
IN12A029_b,804908,12A,L,acetylcholine,1,lh|lf,lm|lf|lh,203.3,286.0,0.0,712,0.285,11.7,179.3,12.3,lh->lm lf->lm lh->lf,ipsilateral
IN16B074,909310,16B,R,glutamate,-1,rm,rm,203.1,940.0,218.0,964,0.211,7.0,97.7,98.5,lf->rm rm->rf rm->rh,both
IN19A029,802043,19A,L,gaba,-1,lh,lh,203.0,1365.0,61.0,1812,0.112,0.0,203.0,0.0,lh->lm lm->lh,ipsilateral
IN03B042,802842,03B,L,gaba,-1,lh,lh,203.0,1549.0,872.0,1767,0.115,123.8,77.0,2.2,lh->rh lh->lm lm->lh,both
IN17A053,806384,17A,L,acetylcholine,1,lm|lf|lh,lh|lm|lf,203.0,264.0,0.0,563,0.361,24.2,125.3,53.5,lm->lh lm->lf,both
IN16B077,811648,16B,R,glutamate,-1,rf|rm,rf|rm,202.7,361.0,76.0,361,0.561,3.9,167.3,31.4,rm->rf rf->rm rh->rf,ipsilateral
IN13B015,903720,13B,R,gaba,-1,lf,lf|rf,202.5,762.0,0.0,1341,0.151,152.1,41.7,8.7,lf->rf lm->lf rf->lf,contralateral
INXXX198,803130,XXX (unassigned),R,gaba,-1,lh,lh|rh|lm,202.3,359.0,41.0,1821,0.111,93.2,91.8,17.3,lh->rh lh->lm,both
IN01A051,803262,01A,R,acetylcholine,1,lh,rh|lh,202.0,331.0,0.0,1424,0.142,195.0,7.0,0.0,lh->rh,contralateral
IN16B053,806320,16B,R,glutamate,-1,rh,rh|lh,202.0,763.0,9.0,889,0.227,183.0,19.0,0.0,rh->lh,contralateral
IN12B048,806441,12B,R,gaba,-1,rh,lh|lm|rh,202.0,259.0,0.0,378,0.534,118.0,6.0,78.0,rh->lh rh->lm,both
IN13A001,800389,13A,R,gaba,-1,rm,rm,201.6,3000.0,411.0,3747,0.054,15.0,136.6,50.0,rm->rf rm->lh rm->rh,both
IN09A015,810650,09A,L,gaba,-1,lh,rh|rm,201.4,237.0,0.0,1755,0.115,108.3,31.0,62.2,lh->rh lh->rm lh->lm,both
IN12A037,910291,12A,L,acetylcholine,1,lf|rf,lf|lm,201.4,408.0,55.0,645,0.312,86.5,74.3,40.6,rf->lf lf->lm,both
IN04B028,804904,04B,R,acetylcholine,1,rf|lf,rf|lf,201.3,359.0,79.0,571,0.353,139.3,30.2,31.8,lf->rf rf->lf,both
IN04B039,802465,04B,L,acetylcholine,1,lf,lf,201.2,1066.0,353.0,1129,0.178,80.1,115.2,5.9,lf->rf lm->lf lf->lm,both
IN08B065,809374,08B,R,acetylcholine,1,rh,lh,201.0,212.0,95.0,314,0.64,190.9,0.4,9.7,rh->lh,contralateral
IN06B059,905147,06B,L,gaba,-1,lm|lh|lf,lh|rh,200.8,251.0,0.0,2648,0.076,30.7,106.3,63.7,lm->lh lf->lh lm->rh,both
INXXX230,902931,XXX (unassigned),R,gaba,-1,rh|lh,lh|rh|lm,200.7,288.0,0.0,2290,0.088,96.5,48.3,55.9,rh->lh rh->lm lh->rh,both
IN23B032,802906,23B,L,acetylcholine,1,lh,lh|lm,200.5,610.0,0.0,1094,0.183,59.8,133.9,6.9,lh->lm lh->rh rh->lh,both
IN03A035,905485,03A,L,acetylcholine,1,lf,lf,200.5,568.0,17.0,875,0.229,66.2,115.1,19.2,lf->rf lf->lm lm->lf,both
IN16B020,801106,16B,L,glutamate,-1,lm,lm,200.4,3703.0,1438.0,4172,0.048,13.5,186.6,0.4,lm->lh lf->lm lh->lm,ipsilateral
IN01A052_a,804516,01A,R,acetylcholine,1,rf|lf,lf,200.4,270.0,20.0,376,0.533,121.2,43.0,36.2,rf->lf lm->lf,both
IN16B033,801814,16B,R,glutamate,-1,rh,rh,200.2,1730.0,109.0,1903,0.105,147.1,50.7,2.4,rh->lh rh->rm rm->rh,contralateral
IN18B027,804569,18B,R,acetylcholine,1,rm|rh|lh,lh|rh,200.0,264.0,29.0,1269,0.158,72.6,48.7,78.7,rm->lh rh->lh rm->rh,both
IN18B050,906300,18B,L,acetylcholine,1,lh,rh|lh,200.0,265.0,137.0,274,0.73,192.0,0.0,8.0,lh->rh,contralateral
IN27X014,905303,27X,L,gaba,-1,lm|rf,lf|rf,199.5,252.0,0.0,2234,0.089,73.5,73.5,52.5,rf->lf lm->lf lm->rf,both
INXXX287,802654,XXX (unassigned),R,gaba,-1,rh,lh|rh,199.4,284.0,0.0,3025,0.066,189.5,2.3,7.6,rh->lh,contralateral
IN16B042,906550,16B,R,glutamate,-1,rh,rh,199.1,1137.0,38.0,1574,0.126,117.6,33.1,48.4,rh->lh rh->lf,both
INXXX058,801578,XXX (unassigned),L,gaba,-1,lh,lh|rh,199.0,358.0,10.0,3186,0.062,147.7,23.6,27.7,lh->rh,contralateral
IN08B046,807846,08B,R,acetylcholine,1,rf,lm|rh|lf,199.0,213.0,35.0,506,0.393,36.0,68.0,95.0,rf->lm rf->rh rf->lf,both
IN02A020,803207,02A,R,glutamate,-1,lh|rm,rf|rm,198.7,224.0,0.0,1165,0.171,12.3,60.0,126.5,lh->rf lh->rm rm->rf,both
INXXX230,906092,XXX (unassigned),L,gaba,-1,lh|rh,rh|lh|lm|rm,198.5,288.0,0.0,1915,0.104,99.5,50.2,48.8,lh->rh lh->lm lh->rm,both
IN11A007,804217,11A,L,acetylcholine,1,lf,lf,198.2,712.0,134.0,1297,0.153,15.7,149.2,33.3,lf->lm lm->lf lf->rm,ipsilateral
IN03A054,903980,03A,L,acetylcholine,1,lm,lm,198.1,846.0,83.0,1056,0.188,1.0,189.1,8.0,lm->lh lh->lm,ipsilateral
IN08B042,801405,08B,L,acetylcholine,1,lf,lf,198.0,402.0,49.0,724,0.273,54.0,40.0,104.0,lf->rf lf->rm lf->rh,both
IN01A068,803435,01A,R,acetylcholine,1,lh|lf,lh,197.8,437.0,0.0,680,0.291,18.0,159.8,20.0,lf->lh lh->lm,ipsilateral
IN19B054,809886,19B,R,acetylcholine,1,lm|lh|rh,lm,197.5,460.0,45.0,598,0.33,0.0,118.9,78.6,lh->lm rh->lm,both
IN04B028,828481,04B,L,acetylcholine,1,lf|rf,lf,197.4,456.0,112.0,731,0.27,121.4,40.7,35.3,rf->lf lf->rf lf->lm,both
IN11A017,806720,11A,L,acetylcholine,1,rf|lf|lm|rm,lm|lf,197.1,257.0,0.0,470,0.419,60.5,65.5,71.1,rf->lm lf->lm rm->lm,both
IN20A.22A049,807386,20A/22A,R,acetylcholine,1,rh,rh|rm,197.0,645.0,21.0,772,0.255,85.0,104.0,8.0,rh->rm rh->lh,both
IN16B074,806188,16B,L,glutamate,-1,lm,lm,196.8,1138.0,118.0,1150,0.171,0.0,196.8,0.0,lh->lm lm->lh lm->lf,ipsilateral
IN03A055,803600,03A,L,acetylcholine,1,lh|lm,lh,196.5,1064.0,437.0,1324,0.148,9.1,178.4,9.1,lm->lh,ipsilateral
IN19A005,800259,19A,L,gaba,-1,lm,lm,196.4,3313.0,974.0,3584,0.055,37.0,148.4,11.0,lh->lm rm->lm,ipsilateral
IN06B029,803425,06B,L,gaba,-1,rm,rm,196.1,1817.0,43.0,1906,0.103,4.6,175.3,16.1,rm->rh rm->rf rh->rm,ipsilateral
IN03B035,804769,03B,R,gaba,-1,rf,rf,195.6,650.0,36.0,710,0.276,29.4,148.6,17.6,rh->rf rm->rf rf->rm,ipsilateral
IN01A062_a,819300,01A,L,acetylcholine,1,rm|rf,rm,195.6,450.0,0.0,547,0.358,0.0,195.6,0.0,rf->rm,ipsilateral
IN04B053,905266,04B,R,acetylcholine,1,rf|lf|rh,rf|lf,195.4,382.0,79.0,433,0.451,109.6,71.4,14.4,lf->rf rh->rf rf->lf,both
IN21A006,912085,21A,L,glutamate,-1,lh,lh,195.4,1010.0,176.0,1562,0.125,56.3,138.4,0.7,lh->lm lh->rh,ipsilateral
IN16B045,803961,16B,L,glutamate,-1,lm,lm,195.3,990.0,82.0,1463,0.134,0.0,195.3,0.0,lf->lm lh->lm,ipsilateral
IN05B001,902566,05B,R,gaba,-1,rh|lm,rm|lm|lh,195.3,236.0,0.0,9394,0.021,56.5,76.3,62.6,rh->rm rh->lm rh->lh,both
IN06B064,909328,06B,R,gaba,-1,lm,lh|lm|rm,195.0,257.0,0.0,1398,0.139,52.0,95.0,48.0,lm->lh lm->rm lm->rh,both
INXXX159,802744,XXX (unassigned),R,acetylcholine,1,rh|lh,lh|rh,194.9,316.0,10.0,2395,0.081,151.9,12.8,30.3,rh->lh rm->lh lh->rh,contralateral
IN23B058,902818,23B,L,acetylcholine,1,lh,lh|lm,194.9,401.0,6.0,681,0.286,59.9,131.6,3.4,lh->lm lh->rh,both
IN14A023,806064,14A,R,glutamate,-1,lh,lh,194.8,912.0,0.0,990,0.197,20.2,146.8,27.8,lf->lh,ipsilateral
IN03A072,807289,03A,L,acetylcholine,1,lf|lm,lf,194.8,573.0,140.0,665,0.293,13.0,173.9,8.0,lm->lf lf->lm,ipsilateral
IN18B027,804204,18B,L,acetylcholine,1,lm|lh|lf,lh|rh,194.6,240.0,16.0,1375,0.141,38.9,91.5,64.2,lm->lh lm->rh lh->rh,both
IN16B020,904280,16B,L,glutamate,-1,lf,lf,194.6,1727.0,933.0,1882,0.103,111.2,80.8,2.5,rf->lf lm->lf lf->rf,both
IN12A036,804706,12A,L,acetylcholine,1,lf|lh|lm,lh|rm|lm,194.4,239.0,9.0,1369,0.142,32.4,92.8,69.2,lf->lh lf->rm lh->rm,both
INXXX045,801030,XXX (unassigned),R,unclear,0,rm|rh,rm|rh,194.3,295.0,0.0,1064,0.183,37.2,95.9,61.2,rm->rh rh->rm rm->lh,both
IN14A004,902943,14A,R,glutamate,-1,lm,lm,194.3,2885.0,442.0,3272,0.059,4.7,189.3,0.3,lf->lm lh->lm,ipsilateral
IN12B015,801828,12B,L,gaba,-1,lm,lh|lm|rh|rm,193.9,237.0,0.0,3054,0.063,39.4,83.7,70.8,lm->lh lm->rh lm->rm,both
IN09A054,811584,09A,L,gaba,-1,lh|lf,lh|rh,193.5,352.0,0.0,571,0.339,29.9,140.5,23.1,lf->lh lh->rh lf->rh,ipsilateral
IN05B064_a,807246,05B,L,gaba,-1,lm|lf,lm,193.4,339.0,0.0,504,0.384,0.3,184.4,8.7,lf->lm,ipsilateral
IN21A007,801638,21A,R,glutamate,-1,rm,rm,193.1,2661.0,207.0,3029,0.064,0.0,193.1,0.0,rm->rf rh->rm rm->rh,ipsilateral
IN16B033,801454,16B,R,glutamate,-1,rf,rf,193.0,1475.0,5.0,1800,0.107,27.0,166.0,0.0,rf->rm rf->lf,ipsilateral
IN18B033,802396,18B,L,acetylcholine,1,lh,rh,193.0,213.0,0.0,3526,0.055,193.0,0.0,0.0,lh->rh,contralateral
IN03A067,805378,03A,R,acetylcholine,1,rh,rh,193.0,560.0,48.0,639,0.302,48.8,83.0,61.2,rh->rm rh->lf rh->lh,both
IN19A003,800687,19A,R,gaba,-1,rm,rm,192.9,2767.0,1901.0,2853,0.068,0.4,169.9,22.6,rh->rm rf->rm,ipsilateral
IN03A007,800483,03A,L,acetylcholine,1,lm,lm,192.8,3142.0,567.0,4138,0.047,31.9,118.1,42.9,lh->lm lm->lh lm->rh,both
IN09A045,813926,09A,L,gaba,-1,lm|lh|rf|rh,lf|lm,192.7,216.0,5.0,306,0.63,29.0,105.7,58.0,lm->lf lh->lf rf->lf,both
IN21A016,801193,21A,L,glutamate,-1,lm,lm,192.4,2630.0,591.0,3084,0.062,21.0,151.4,20.1,lh->lm lm->lf rm->lm,ipsilateral
IN17A028,802888,17A,L,acetylcholine,1,lf,lf,192.4,1309.0,132.0,1441,0.134,110.6,77.3,4.5,lf->rf lm->lf rf->lf,both
IN03A067,801473,03A,L,acetylcholine,1,lh,lh|lm|rf,192.0,502.0,6.0,684,0.281,17.0,93.0,82.0,lh->lm lh->rf,both
IN03A067,803861,03A,L,acetylcholine,1,lm,lm|lh,192.0,493.0,78.0,692,0.277,23.0,169.0,0.0,lm->lh lm->lf lm->rm,ipsilateral
IN08B055,806312,08B,R,acetylcholine,1,rh|rf,lm|lf|rm,191.8,202.0,0.0,511,0.375,32.4,47.8,111.6,rh->lm rf->lm rh->rm,both
IN08B062,800550,08B,R,acetylcholine,1,rf|lf|rh,lh|lf,191.6,236.0,18.0,1332,0.144,57.3,60.0,74.3,rf->lh rf->lf lf->lh,both
IN04B029,804271,04B,L,acetylcholine,1,lh,lh,191.6,703.0,20.0,1051,0.182,52.6,131.0,8.0,lm->lh lf->lh lh->rh,both
IN21A020,801195,21A,L,acetylcholine,1,lh,lh,191.5,1201.0,271.0,1387,0.138,51.0,137.2,3.2,lh->lm lm->lh rh->lh,ipsilateral
IN02A023,805132,02A,R,glutamate,-1,lm|lh,lf|rf,191.3,197.0,19.0,751,0.255,1.3,102.2,87.7,lm->lf lm->rf lh->lf,both
IN04B068,805725,04B,L,acetylcholine,1,lh|lm,lh,191.2,631.0,27.0,725,0.264,45.0,134.2,12.0,lm->lh lh->rh,ipsilateral
IN05B087,806973,05B,R,gaba,-1,rh|lf,lh|rm,191.2,196.0,0.0,742,0.258,98.2,57.3,35.7,rh->lh rh->rm rh->lm,both
IN18B020,903400,18B,R,acetylcholine,1,rh|lh|rm,lh|rh|rm,191.2,284.0,38.0,1829,0.105,79.2,50.2,61.8,rh->lh rm->lh lh->rh,both
IN05B042,803340,05B,L,gaba,-1,rh|lh|rm,lh|rh|lm,191.0,252.0,0.0,1345,0.142,88.5,44.5,58.0,rh->lh rh->lm rm->lh,both
IN18B050,912503,18B,R,acetylcholine,1,rh,lh|rh,191.0,332.0,137.0,343,0.557,191.0,0.0,0.0,rh->lh,contralateral
IN12B068_b,806395,12B,L,gaba,-1,lm|lh|rh,rh,190.9,232.0,0.0,661,0.289,79.9,12.0,99.0,lm->rh lh->rh,both
IN19B054,809464,19B,R,acetylcholine,1,lf|lh|rh,lf,190.8,340.0,26.0,407,0.469,6.7,94.1,90.0,lh->lf rh->lf rm->lf,both
IN12B048,812880,12B,L,gaba,-1,lf|rh,rh|rm|lh,190.5,270.0,0.0,409,0.466,25.0,55.5,110.0,lf->rh rh->rm lf->rm,both
IN04B060,805389,04B,R,acetylcholine,1,rh|lh,rh,190.4,627.0,50.0,902,0.211,190.4,0.0,0.0,lh->rh rh->lh,contralateral
IN21A014,903073,21A,L,glutamate,-1,lf,lf,190.0,2361.0,168.0,2704,0.07,51.0,65.0,74.0,lf->rh lf->lm lf->rf,both
IN19B038,903108,19B,L,acetylcholine,1,rf|lf,rf,189.9,432.0,5.0,534,0.356,129.3,13.3,47.4,lf->rf lh->rf lm->rf,both
IN01A054,808186,01A,L,acetylcholine,1,rm|lf|lm,rm,189.8,283.0,5.0,403,0.471,74.3,30.9,84.5,lf->rm lm->rm,both
IN09A042,934635,09A,L,gaba,-1,rh|lh,lh|rh,189.6,311.0,0.0,460,0.412,160.6,7.6,21.4,rh->lh lh->rh rh->lm,contralateral
IN01A041,802472,01A,R,acetylcholine,1,rf,lf|rf,189.5,336.0,0.0,457,0.415,173.5,7.2,8.8,rf->lf,contralateral
IN03A034,802805,03A,R,acetylcholine,1,rf|rh|rm,rf,189.2,450.0,6.0,624,0.303,2.8,176.2,10.2,rh->rf rm->rf rf->rm,ipsilateral
IN19A021,802148,19A,R,gaba,-1,rh,rh,189.1,1052.0,205.0,1067,0.177,78.9,73.5,36.7,rh->lh rh->rm rh->lf,both
IN06B029,802993,06B,L,gaba,-1,rh,rh,189.0,2001.0,0.0,2110,0.09,116.0,46.8,26.2,rh->lh rh->rm rh->lf,both
IN06B029,803528,06B,R,gaba,-1,lf,lf,189.0,1708.0,6.0,1799,0.105,129.0,60.0,0.0,lf->rf lf->lm,both
IN04B036,802942,04B,R,acetylcholine,1,rm,rm,188.8,749.0,19.0,1187,0.159,16.4,170.1,2.4,rh->rm rm->rf rm->rh,ipsilateral
IN12B007,800773,12B,L,gaba,-1,rh,rh,188.6,1827.0,0.0,4688,0.04,4.5,169.3,14.8,rm->rh,ipsilateral
IN09A006,801120,09A,L,gaba,-1,lf,lf,188.6,1705.0,45.0,2580,0.073,35.1,147.6,5.9,lf->lm lm->lf lf->rf,ipsilateral
IN03A044,804933,03A,R,acetylcholine,1,rm,rm,188.6,969.0,374.0,1055,0.179,4.3,158.6,25.7,rh->rm rm->rh rm->lh,ipsilateral
IN12B063_b,806501,12B,L,gaba,-1,rh|lm|lf,rm,188.2,220.0,0.0,810,0.232,55.0,69.7,63.6,rh->rm lm->rm lf->rm,both
IN06B064,807771,06B,L,gaba,-1,rm|rh,rh|lh|rm,188.1,265.0,0.0,579,0.325,49.5,80.8,57.8,rm->rh rm->lh rh->lh,both
IN14A015,803885,14A,R,glutamate,-1,lh,lh,188.0,1357.0,99.0,1860,0.101,167.0,21.0,0.0,lh->rh lh->lm,contralateral
IN01A078,812931,01A,L,acetylcholine,1,lf,rf,188.0,200.0,12.0,216,0.87,188.0,0.0,0.0,lf->rf,contralateral
IN19B038,907728,19B,R,acetylcholine,1,lf|rf,lf,188.0,615.0,0.0,660,0.285,107.0,24.4,56.5,rf->lf rh->lf lh->lf,both
IN01B003,801126,01B,L,gaba,-1,lh,lh,187.9,1258.0,0.0,5931,0.032,137.6,48.9,1.4,lh->rh lh->lf,contralateral
IN09A054,919511,09A,L,gaba,-1,lm|lf,lm|lh,187.8,411.0,0.0,503,0.373,0.0,187.7,0.0,lm->lh lf->lm lf->lh,ipsilateral
INXXX119,906697,XXX (unassigned),L,gaba,-1,rh|lh,rh,187.5,404.0,0.0,1728,0.108,158.8,14.3,14.3,lh->rh,contralateral
INXXX365,805020,XXX (unassigned),R,acetylcholine,1,rh|lh,rh|lh,187.4,383.0,33.0,985,0.19,187.4,0.0,0.0,rh->lh lh->rh,contralateral
IN01B043,810172,01B,R,gaba,-1,rm,rm|rf,187.4,548.0,0.0,615,0.305,0.0,187.4,0.0,rm->rf rm->rh,ipsilateral
IN14A025,807363,14A,R,glutamate,-1,lh|rh,lh,187.0,708.0,0.0,746,0.251,142.7,33.3,11.1,rh->lh lf->lh,contralateral
IN21A019,801723,21A,L,glutamate,-1,lh,lh,186.9,1432.0,89.0,2655,0.07,100.9,85.5,0.5,lh->rh lh->lm,both
IN02A023,803747,02A,R,glutamate,-1,rh|rm,rm|rf|lm|lh,186.8,212.0,0.0,920,0.203,32.9,119.8,34.1,rh->rm rh->rf rh->lm,both
"IN17A059,IN17A063",803549,17A,L,acetylcholine,1,lh,lh|lm|rh,186.6,327.0,0.0,1672,0.112,57.7,107.0,21.9,lh->lm lh->rh,both
IN23B005,903667,23B,R,acetylcholine,1,rm|rf,lm|rm,186.4,256.0,0.0,3687,0.051,67.2,61.4,57.8,rm->lm rf->lm rf->rm,both
IN12B007,904093,12B,R,gaba,-1,lf,lf,186.3,948.0,30.0,2427,0.077,1.5,143.3,41.5,lf->lh lm->lf lf->rh,ipsilateral
IN04B018,904132,04B,R,acetylcholine,1,lm|rm,rm,186.3,347.0,34.0,428,0.435,172.7,1.6,12.0,lm->rm rm->lm,contralateral
IN03B042,803533,03B,R,gaba,-1,rh,rh,186.1,1335.0,691.0,1534,0.121,118.8,64.8,2.5,rh->lh rh->rm rm->rh,both
IN13A021,803632,13A,R,gaba,-1,rh,rh,186.0,1608.0,665.0,1830,0.102,48.0,138.0,0.0,rh->rm rh->lh,ipsilateral
IN12B038,809638,12B,L,gaba,-1,lh|rh|rm,rh|lh,186.0,295.0,0.0,598,0.311,115.8,43.6,26.7,lh->rh rm->rh rh->lh,both
IN13A027,902860,13A,L,gaba,-1,lf|lm,lf,186.0,656.0,289.0,673,0.276,27.3,155.3,3.5,lm->lf,ipsilateral
IN08B062,913946,08B,L,acetylcholine,1,lf,lf|lh|rf|rm,186.0,252.0,17.0,1174,0.158,50.0,59.0,77.0,lf->lh lf->rf lf->rm,both
IN17A017,801342,17A,R,acetylcholine,1,rf,rf,185.9,1735.0,550.0,2108,0.088,39.0,102.1,44.8,lh->rf rf->rm lf->rf,both
IN01B014,803186,01B,R,gaba,-1,rm|lm,rm|lh|lm,185.9,300.0,0.0,1629,0.114,67.5,62.0,56.3,lm->rm rm->lh rm->lm,both
IN19A021,821933,19A,L,gaba,-1,lf,lf|lm,185.7,587.0,89.0,631,0.294,71.6,113.7,0.4,lf->lm lf->rf,both
IN12A015,905572,12A,R,acetylcholine,1,rf|lf,rm|lf|rf|lm,185.7,231.0,28.0,1402,0.132,43.1,77.3,65.4,rf->rm lf->rm rf->lf,both
GFC2,803025,-,R,acetylcholine,1,rm,rm,185.3,618.0,12.0,1338,0.138,51.4,81.3,52.5,rm->rf rm->lm rm->rh,both
IN12B068_b,805773,12B,R,gaba,-1,rh|lh,lh,185.2,250.0,0.0,751,0.247,150.4,25.0,9.8,rh->lh lm->lh,contralateral
IN08B062,804746,08B,L,acetylcholine,1,lf,lh|rm|rh|lf,185.0,233.0,13.0,1072,0.173,5.0,68.0,112.0,lf->lh lf->rm lf->rh,both
TN1c_d,806772,-,R,acetylcholine,1,rf,rh|rm,185.0,193.0,37.0,427,0.433,0.0,185.0,0.0,rf->rh rf->rm,ipsilateral
IN08B054,809005,08B,L,acetylcholine,1,lf|lm,rf|rm,185.0,197.0,30.0,248,0.746,93.5,14.0,77.5,lf->rf lf->rm lm->rf,both
IN01B050_b,909384,01B,L,gaba,-1,lh,lh|lm,185.0,535.0,0.0,720,0.257,68.0,115.0,2.0,lh->lm lh->rh,both
IN18B048,811964,18B,R,acetylcholine,1,rh,lh|rh,184.7,263.0,81.0,289,0.639,153.8,9.2,21.8,rh->lh,contralateral
IN02A012,801803,02A,R,glutamate,-1,rm,rm,184.2,1176.0,12.0,2863,0.064,23.7,79.3,81.2,lf->rm rh->rm rm->rf,both
IN17B004,801395,17B,L,gaba,-1,lh,lh|rh,184.1,342.0,11.0,4088,0.045,62.5,56.5,65.2,lh->rh lh->rm rh->lh,both
IN03A045,803963,03A,L,acetylcholine,1,lm,lm,184.1,1222.0,153.0,1606,0.115,0.0,184.1,0.0,lh->lm,ipsilateral
INXXX135,804853,XXX (unassigned),R,gaba,-1,lf|rf,lf,184.0,555.0,102.0,940,0.196,179.0,1.2,3.8,rf->lf lf->rf,contralateral
IN08B042,805232,08B,R,acetylcholine,1,rf,rf|lh|rh|rm,184.0,248.0,48.0,852,0.216,18.0,90.0,76.0,rf->lh rf->rh rf->rm,both
IN02A035,808659,02A,R,glutamate,-1,rm,rh|rm,183.2,248.0,94.0,319,0.574,9.2,173.2,0.8,rm->rh,ipsilateral
IN01A080_a,811265,01A,L,acetylcholine,1,rh|lh,rh,183.2,363.0,0.0,452,0.405,155.8,6.7,20.7,lh->rh,contralateral
IN03A050,804630,03A,L,acetylcholine,1,lh,lh|rh,183.1,457.0,60.0,694,0.264,141.1,11.1,30.9,lh->rh lh->rm,contralateral
IN04B068,805462,04B,L,acetylcholine,1,lh,lh,183.1,774.0,52.0,860,0.213,54.5,119.1,9.5,lm->lh lh->rh,both
IN13B013,914246,13B,R,gaba,-1,lf,lf|rh,183.0,841.0,0.0,2143,0.085,0.0,30.0,153.0,lf->rh lf->lm,both
IN08A007,905000,08A,L,glutamate,-1,lh,lh,182.7,1445.0,336.0,1611,0.113,101.9,79.7,1.1,lh->rh lh->lm,both
IN11A005,804027,11A,L,acetylcholine,1,lf|lm,lf,182.6,779.0,48.0,1150,0.159,2.3,168.6,11.7,lm->lf lf->lm,ipsilateral
IN09B038,809708,09B,L,acetylcholine,1,rh,rm|rh,182.6,275.0,0.0,557,0.328,0.0,182.6,0.0,rh->rm,ipsilateral
IN13B019,1053955095,13B,L,gaba,-1,rm,rm,182.6,804.0,37.0,1270,0.144,16.5,109.2,56.9,lf->rm rm->rh rm->rf,both
IN19B008,800752,19B,R,acetylcholine,1,lh|rf,lh|rh,182.5,286.0,138.0,4039,0.045,56.4,52.8,73.4,lh->rh rf->lh,both
IN13A018,800775,13A,R,gaba,-1,rf|rm,rf,182.5,636.0,106.0,768,0.238,50.7,120.5,11.3,rm->rf rf->lf,both
IN01A039,803059,01A,L,acetylcholine,1,rm,rm,182.4,2069.0,0.0,2454,0.074,142.4,37.2,2.8,lm->rm rm->rf,contralateral
IN03B035,804442,03B,R,gaba,-1,rf,rf,182.3,647.0,47.0,706,0.258,39.4,134.8,8.1,rh->rf rm->rf rf->lf,ipsilateral
IN01A029,803255,01A,L,acetylcholine,1,rh,rh,182.0,874.0,288.0,1420,0.128,103.0,41.9,37.1,rh->lh rh->rm rh->lm,both
IN19A005,814625,19A,R,gaba,-1,rh,rh,181.9,2620.0,658.0,2877,0.063,100.5,79.8,1.6,rm->rh lh->rh rh->lh,both
IN05B064_b,810651,05B,R,gaba,-1,rf|rm,rm,181.5,242.0,15.0,326,0.557,0.0,181.5,0.0,rf->rm,ipsilateral
IN01A051,905149,01A,L,acetylcholine,1,rh|lh,lh|rh,181.5,330.0,0.0,1740,0.104,158.5,14.2,8.8,rh->lh lh->rh,contralateral
IN16B030,933867,16B,L,glutamate,-1,lm,lm,181.4,2343.0,59.0,3023,0.06,42.8,138.4,0.2,lm->lh lm->rm lm->lf,ipsilateral
IN12A002,805368,12A,R,acetylcholine,1,rm|rh,rh|lm,181.3,283.0,0.0,2838,0.064,36.5,111.3,33.5,rm->rh rm->lm rh->lm,both
IN13B021,800592,13B,R,gaba,-1,lh|lf,lh,181.0,507.0,0.0,2773,0.065,64.3,104.6,12.2,lf->lh lh->rh rh->lh,both
INXXX405,802100,XXX (unassigned),L,acetylcholine,1,lh,rh|lh,181.0,308.0,0.0,1691,0.107,181.0,0.0,0.0,lh->rh,contralateral
INXXX133,803042,XXX (unassigned),L,acetylcholine,1,lh,lh|lm,181.0,591.0,0.0,1735,0.104,16.0,153.0,12.0,lh->lm,ipsilateral
IN06B053,803773,06B,L,gaba,-1,rh|rm,lm|rh|rm|lh,180.9,238.0,0.0,745,0.243,61.0,56.9,63.0,rh->lm rm->lm rh->rm,both
IN23B005,800401,23B,L,acetylcholine,1,lm|lf,rm|lm,180.7,205.0,0.0,3498,0.052,84.0,22.7,74.0,lm->rm lf->rm,both
IN12B071,808670,12B,R,gaba,-1,lh|lm|rm,lm|rh|lh,180.7,243.0,0.0,461,0.392,60.5,69.8,50.4,lh->lm lh->rh lm->rh,both
IN11A011,804018,11A,R,acetylcholine,1,rm|rf|rh,rm,180.2,270.0,91.0,718,0.251,12.5,146.5,21.3,rf->rm rh->rm,ipsilateral
IN01A025,804551,01A,R,acetylcholine,1,lf,lf,180.2,991.0,493.0,1023,0.176,2.0,96.0,82.3,rm->lf lm->lf lf->lm,both
IN14A030,807637,14A,L,glutamate,-1,rf|lf,rf,180.1,448.0,10.0,488,0.369,168.1,7.4,4.6,lf->rf,contralateral
IN08B046,801317,08B,L,acetylcholine,1,lf,lf|rm|rh,180.0,270.0,104.0,563,0.32,29.0,40.0,111.0,lf->rm lf->rh lf->lh,both
IN12B060,811481,12B,R,gaba,-1,lf|lm,lf|rf,180.0,264.0,27.0,333,0.541,48.0,84.0,48.0,lm->lf lm->rf lf->rf,both
IN19A002,800141,19A,L,gaba,-1,lm,lm,179.8,10466.0,220.0,11270,0.016,6.1,173.6,0.1,lm->lf lh->lm lf->lm,ipsilateral
IN21A010,801822,21A,L,acetylcholine,1,lf,lf,179.7,1306.0,590.0,1369,0.131,0.0,179.7,0.0,lm->lf,ipsilateral
IN11A025,803660,11A,R,acetylcholine,1,rf|rm,lm|rm|rh,179.7,205.0,0.0,741,0.243,37.4,80.7,61.6,rf->lm rm->lm rf->rm,both
IN01A053,807489,01A,R,acetylcholine,1,rm|lf|lm,lm|rm,179.6,244.0,0.0,422,0.426,98.3,49.7,31.6,rm->lm lf->lm lf->rm,both
IN09A054,813413,09A,R,gaba,-1,rm|lm,rm|rh,179.6,329.0,0.0,376,0.478,78.6,66.2,34.8,lm->rm rm->rh lm->rh,both
IN12B048,811777,12B,R,gaba,-1,lf|rh,lh|rh|lm,179.5,219.0,0.0,342,0.525,44.0,70.0,65.5,rh->lh lf->lh lf->rh,both
IN08A006,800856,08A,L,gaba,-1,lh,lh,179.3,3358.0,1051.0,3516,0.051,37.4,141.5,0.5,lh->lm lh->rh lm->lh,ipsilateral
IN03A034,803341,03A,R,acetylcholine,1,rf|rm,rf,179.0,494.0,42.0,647,0.277,5.7,162.0,11.3,rm->rf rh->rf,ipsilateral
IN03A035,806905,03A,R,acetylcholine,1,rf|rm,rf|rm|lf,179.0,356.0,7.0,483,0.371,49.0,116.0,14.0,rf->rm rf->lf rm->rf,both
INXXX269,801056,XXX (unassigned),L,acetylcholine,1,lh|rh,lh|rh,178.8,608.0,85.0,1741,0.103,178.8,0.0,0.0,rh->lh lh->rh,contralateral
IN14B012,1081918207,14B,R,gaba,-1,rm,rm,178.7,348.0,0.0,871,0.205,38.4,84.8,55.6,rm->rf rm->rh rm->lm,both
IN13B031,805653,13B,L,gaba,-1,rh,rh,178.5,796.0,82.0,936,0.191,26.8,148.5,3.2,rh->rm rm->rh rh->lh,ipsilateral
IN01A059,805533,01A,L,acetylcholine,1,rm|rh,rh|lh,178.3,236.0,0.0,735,0.243,49.5,69.3,59.5,rm->rh rm->lh rh->lh,both
IN01B054,811470,01B,R,gaba,-1,rm,rm|rf,178.0,467.0,0.0,559,0.318,0.0,178.0,0.0,rm->rf rm->rh,ipsilateral
IN12B035,813891,12B,R,gaba,-1,rf,lf,178.0,188.0,0.0,225,0.791,178.0,0.0,0.0,rf->lf,contralateral
IN12A031,804894,12A,R,acetylcholine,1,rf,rf|rm,177.8,374.0,44.0,545,0.326,10.9,165.8,1.1,rf->rm,ipsilateral
IN13B008,800920,13B,R,gaba,-1,lm,lm,177.7,871.0,39.0,3188,0.056,49.8,123.5,4.5,lf->lm lm->rm lm->lf,both
IN23B009,902308,23B,L,acetylcholine,1,lm,lm,177.6,1435.0,0.0,6137,0.029,129.6,46.0,2.0,lm->rm rm->lm lm->lf,contralateral
IN03B071,808631,03B,L,gaba,-1,lh|lf,lh|rh|lm,177.5,242.0,0.0,918,0.193,40.8,110.5,26.2,lh->rh lh->lm lf->lh,both
IN03A055,803119,03A,L,acetylcholine,1,lh,lh,177.4,1168.0,92.0,1437,0.123,81.8,91.4,4.2,lh->rh lm->lh lh->lm,both
IN23B032,803776,23B,L,acetylcholine,1,lm,lm|lh,177.4,652.0,0.0,894,0.198,0.0,177.4,0.0,lm->lh lf->lm lm->lf,ipsilateral
IN12B048,813309,12B,L,gaba,-1,rm|lf,rh|lh|rm,177.3,212.0,0.0,301,0.589,0.0,74.0,103.3,rm->rh lf->rh rm->lh,both
IN11A008,804546,11A,R,acetylcholine,1,rm|lm,rm,177.2,454.0,35.0,638,0.278,85.2,66.6,25.4,lm->rm rm->rf rm->rh,both
IN01B050_a,811969,01B,L,gaba,-1,lh,lh|lm|rh,177.1,406.0,0.0,617,0.287,77.6,95.1,4.4,lh->lm lh->rh,both
IN13A001,904685,13A,L,gaba,-1,lm,lm,177.1,3776.0,496.0,4373,0.041,60.6,116.1,0.4,lm->lf lm->rm lf->lm,both
IN21A017,802330,21A,R,acetylcholine,1,rh,rh,176.9,1727.0,1239.0,1825,0.097,76.0,98.2,2.8,rm->rh rh->lh lh->rh,both
INXXX341,804874,XXX (unassigned),L,gaba,-1,lh,rm|rh,176.7,192.0,26.0,665,0.266,63.8,24.4,88.5,lh->rm lh->rh,both
IN12B032,805739,12B,R,gaba,-1,lh|rh|lm,rh|lh,176.6,284.0,0.0,1011,0.175,108.8,33.5,34.3,lh->rh rh->lh lm->rh,both
IN01A015,801804,01A,R,acetylcholine,1,lm,lm,176.5,2840.0,1490.0,2992,0.059,0.0,176.5,0.0,lh->lm lm->lh lf->lm,ipsilateral
IN13A019,802499,13A,L,gaba,-1,lf,lf,176.5,1008.0,116.0,1275,0.138,33.5,99.8,43.3,lm->lf lf->rh rf->lf,both
IN09A043,806139,09A,R,gaba,-1,lh|rh,rh|rm|rf,176.5,223.0,0.0,432,0.409,46.5,65.0,65.0,lh->rh rh->rm lh->rm,both
IN14A017,806566,14A,R,glutamate,-1,lm|lf,lm,176.5,685.0,0.0,910,0.194,13.1,159.5,3.9,lf->lm,ipsilateral
INXXX306,803157,XXX (unassigned),L,gaba,-1,lh|lf|rh,lh|rh|rm,176.4,232.0,0.0,1342,0.131,51.2,52.5,72.6,lh->rh lf->rh lf->lh,both
IN21A014,802021,21A,R,glutamate,-1,rm,rm,176.2,2383.0,151.0,2855,0.062,29.4,145.8,0.9,rm->rh rh->rm rf->rm,ipsilateral
IN20A.22A003,802383,20A/22A,L,acetylcholine,1,lm,lm,176.2,1430.0,249.0,1749,0.101,0.0,176.2,0.0,lf->lm lh->lm lm->lf,ipsilateral
IN06B029,802734,06B,R,gaba,-1,lm,lm,176.2,2411.0,30.0,2605,0.068,0.0,176.2,0.0,lm->lh lm->lf,ipsilateral
IN03A045,905302,03A,R,acetylcholine,1,rm,rm,176.2,1125.0,166.0,1365,0.129,1.1,167.2,7.9,rh->rm,ipsilateral
IN07B080,807993,07B,R,acetylcholine,1,lm|rm,lm,176.1,303.0,34.0,451,0.391,102.9,22.8,50.4,rm->lm rh->lm lf->lm,both
IN03A021,800681,03A,L,acetylcholine,1,lh,lh,176.0,2016.0,87.0,3447,0.051,38.0,138.0,0.0,lh->lm lh->rh,ipsilateral
IN23B024,803488,23B,L,acetylcholine,1,lf,lf|rh,176.0,324.0,5.0,1276,0.138,41.0,55.0,80.0,lf->rh lf->rf lf->lm,both
IN13B010,903189,13B,R,gaba,-1,lm,lm,176.0,2963.0,221.0,5104,0.034,24.0,152.0,0.0,lm->lh lm->lf lm->rm,ipsilateral
IN03A075,805984,03A,L,acetylcholine,1,lm|lh,lm,175.8,550.0,79.0,761,0.231,0.0,175.8,0.0,lh->lm lf->lm lm->lf,ipsilateral
IN09A064,810819,09A,L,gaba,-1,rh|lh,lh|rh|lm,175.8,278.0,9.0,379,0.464,126.8,18.7,30.3,rh->lh rh->lm lh->rh,contralateral
IN13B009,903575,13B,L,gaba,-1,rf,rf|rm,175.7,656.0,5.0,1844,0.095,13.5,146.7,15.5,rf->rm rm->rf,ipsilateral
IN03B042,802705,03B,L,gaba,-1,lm,lm,175.5,1515.0,303.0,1781,0.099,0.1,170.2,5.3,lh->lm,ipsilateral
IN12B066_c,803980,12B,R,gaba,-1,rh|lm|rm,lh,175.3,196.0,0.0,397,0.442,65.2,64.0,46.2,rh->lh lm->lh rm->lh,both
IN07B073_b,806197,07B,L,acetylcholine,1,lm|lh|lf,lm|lh|rh,175.2,257.0,5.0,701,0.25,30.4,89.8,55.0,lh->lm lf->lm lm->lh,both
IN04B028,807103,04B,R,acetylcholine,1,rf|lf,rf|lf,175.2,347.0,115.0,490,0.358,111.2,29.8,34.2,lf->rf rf->lf rf->lh,both
IN12B035,940255,12B,L,gaba,-1,rm|lf,lm|rm,175.2,252.0,0.0,749,0.234,105.7,40.3,29.2,rm->lm lf->lm lf->rm,both
IN26X002,801836,26X,R,gaba,-1,lh,lh,175.1,1826.0,14.0,3290,0.053,91.7,64.1,19.3,lh->rh lh->lm lm->lh,both
IN21A011,801985,21A,L,glutamate,-1,lf,lf,175.0,1516.0,25.0,1708,0.102,0.0,175.0,0.0,lh->lf lm->lf,ipsilateral
IN14A010,802927,14A,R,glutamate,-1,lf,lf,175.0,1069.0,21.0,1350,0.13,7.0,28.0,140.0,lf->rm lf->rh lf->lm,both
IN03A070,805908,03A,L,acetylcholine,1,lh,lh,175.0,773.0,53.0,860,0.203,104.0,66.0,5.0,lh->rh lh->lm,both
INXXX425,905425,XXX (unassigned),R,acetylcholine,1,lh,lh|rh,175.0,705.0,246.0,3623,0.048,152.0,1.6,21.4,lh->rh rh->lh lh->rm,contralateral
IN08A006,800722,08A,R,gaba,-1,rh,rh,174.6,2940.0,941.0,3025,0.058,30.9,143.0,0.7,rh->rm rm->rh rh->lh,ipsilateral
IN01A071,808667,01A,R,acetylcholine,1,lh,lh,174.1,509.0,83.0,556,0.313,61.1,32.9,80.1,rh->lh rm->lh lh->rf,both
IN12A002,800804,12A,R,acetylcholine,1,rh|rm,rm|rh,174.0,290.0,146.0,4010,0.043,22.1,139.0,12.9,rh->rm rm->rh rh->lh,ipsilateral
IN06B064,808069,06B,L,gaba,-1,rm,rh|rm|lh,174.0,257.0,0.0,980,0.178,23.0,112.0,39.0,rm->rh rm->lh rm->lm,both
IN12B036,908883,12B,R,gaba,-1,lf,lf|lm,174.0,387.0,0.0,694,0.251,30.0,105.0,39.0,lf->lm lf->rf lf->rh,both
INXXX328,939961,XXX (unassigned),L,gaba,-1,lh,rh|lh,174.0,285.0,0.0,2298,0.076,169.0,0.0,5.0,lh->rh,contralateral
INXXX121,803165,XXX (unassigned),R,acetylcholine,1,rh|rm,lh,173.9,177.0,11.0,1651,0.105,144.2,0.0,29.7,rh->lh rm->lh,contralateral
IN05B064_b,809615,05B,L,gaba,-1,lf|lm|lh,lm,173.8,219.0,0.0,319,0.545,1.1,166.8,5.9,lf->lm lh->lm,ipsilateral
IN13A020,903106,13A,L,gaba,-1,lf,lf,173.8,954.0,340.0,999,0.174,12.1,159.8,1.9,lm->lf lf->lm,ipsilateral
IN04B056,805599,04B,L,acetylcholine,1,lm|lh,lm,173.7,527.0,82.0,764,0.227,9.8,163.0,0.9,lh->lm lm->lh,ipsilateral
"IN17A043,IN17A046",904319,17A,R,acetylcholine,1,rh,rh,173.7,952.0,6.0,1970,0.088,146.5,24.4,2.8,rh->lh lh->rh,contralateral
IN05B028,800532,05B,R,gaba,-1,lf|lm,lm|rm|lh,173.4,206.0,0.0,4473,0.039,29.8,77.6,65.9,lf->lm lf->rm lf->lh,both
IN01A073,809110,01A,L,acetylcholine,1,rm,rm,173.4,530.0,51.0,549,0.316,83.5,22.3,67.6,lf->rm lm->rm rm->lm,both
IN12A036,801358,12A,R,acetylcholine,1,rh|rf|rm,lh|rm|lm,173.2,207.0,24.0,1370,0.126,42.1,70.2,60.9,rh->lh rh->rm rh->lm,both
TN1c_d,805638,-,L,acetylcholine,1,lf,lh|lm,173.2,185.0,52.0,545,0.318,0.0,173.2,0.0,lf->lh lf->lm,ipsilateral
IN04B016,807644,04B,R,acetylcholine,1,rm|lm,rm|lm,173.2,372.0,0.0,482,0.359,173.3,0.0,0.0,lm->rm rm->lm,contralateral
IN11A025,804634,11A,L,acetylcholine,1,lm|lf,rm|lh|lm,173.1,197.0,0.0,781,0.222,71.6,65.1,36.4,lm->rm lf->rm lm->lh,both
IN01A045,802462,01A,L,acetylcholine,1,rm,lh|rh,173.0,173.0,0.0,2133,0.081,0.0,74.0,99.0,rm->lh rm->rh,both
IN14A015,803988,14A,R,glutamate,-1,lh,lh,173.0,1294.0,59.0,1795,0.096,147.0,26.0,0.0,lh->rh lh->lm,contralateral
IN13A018,904262,13A,R,gaba,-1,rm,rm,173.0,876.0,248.0,1180,0.147,105.0,61.1,6.9,lm->rm rm->rf,both
IN12B038,908495,12B,L,gaba,-1,rm|lf|rf,lf|rf,173.0,239.0,11.0,289,0.599,58.7,37.3,77.0,rm->lf rm->rf rf->lf,both
IN12B044_a,806951,12B,R,gaba,-1,lf|lm,lm,172.9,239.0,18.0,554,0.312,4.1,157.9,10.9,lf->lm,ipsilateral
IN03A020,800151,03A,R,acetylcholine,1,rh,rh,172.7,1245.0,55.0,1636,0.106,70.8,98.7,3.2,rh->lh rh->rm rm->rh,both
IN09A043,810936,09A,L,gaba,-1,lf|lh,lh|lm,172.5,228.0,0.0,452,0.382,18.0,136.5,18.0,lf->lh lh->lm lf->lm,ipsilateral
IN04B095,910547,04B,L,acetylcholine,1,lf,rh|lf,172.5,266.0,0.0,622,0.277,3.9,41.5,127.1,lf->rh lf->lm lf->rm,both
IN19B016,801442,19B,L,acetylcholine,1,lh,rh|lh,172.4,236.0,88.0,4021,0.043,116.3,32.5,23.6,lh->rh lh->lm,both
IN13B056,914504,13B,L,gaba,-1,rf|rm,rf,172.4,336.0,0.0,357,0.483,17.1,140.2,15.1,rm->rf,ipsilateral
IN03A035,802026,03A,R,acetylcholine,1,rf|rm,rf|rm,172.3,381.0,0.0,609,0.283,33.3,130.3,8.7,rf->rm rm->rf rf->lf,ipsilateral
IN18B044,808449,18B,L,acetylcholine,1,rm|lm,rm|rh,172.1,322.0,81.0,329,0.523,59.8,83.9,28.3,lm->rm rm->rh rh->rm,both
IN20A.22A044,808472,20A/22A,R,acetylcholine,1,rh,rh,172.1,545.0,101.0,583,0.295,71.4,96.1,4.6,rh->rm rh->lh rm->rh,both
IN13A009,904736,13A,L,gaba,-1,lm,lm,172.1,4245.0,776.0,5212,0.033,14.7,157.1,0.3,lm->lf lh->lm lf->lm,ipsilateral
IN13A009,800546,13A,R,gaba,-1,rm,rm,172.0,3587.0,817.0,4733,0.036,9.3,129.0,33.7,rm->rf rh->rm rm->rh,ipsilateral
IN03A037,903091,03A,R,acetylcholine,1,rh,rh,171.8,1710.0,209.0,1830,0.094,44.3,125.8,1.7,rh->rm rm->rh rh->lh,ipsilateral
IN01A051,907233,01A,R,acetylcholine,1,lh,rh|lh,171.6,265.0,0.0,1769,0.097,150.6,18.2,2.8,lh->rh lh->lm,contralateral
IN21A006,801565,21A,R,glutamate,-1,rh,rh,171.4,1414.0,278.0,1550,0.111,39.4,127.6,4.3,rh->rm rh->lh rm->rh,ipsilateral
IN02A035,811932,02A,L,glutamate,-1,lm|lh,lh|lm,171.4,245.0,77.0,319,0.537,9.1,155.4,6.9,lm->lh,ipsilateral
IN01B003,800440,01B,L,gaba,-1,lm,lm,171.0,1750.0,0.0,7539,0.023,2.0,168.8,0.2,lm->lf lf->lm lm->lh,ipsilateral
IN21A013,802498,21A,L,glutamate,-1,lm,lm,171.0,1996.0,426.0,2074,0.082,11.0,159.8,0.2,lf->lm lh->lm lm->lf,ipsilateral
IN13B031,804564,13B,L,gaba,-1,rh,rh,170.8,1011.0,118.0,1249,0.137,7.0,162.8,1.0,rm->rh rh->rm,ipsilateral
TN1c_a,805357,-,L,acetylcholine,1,lf|lm,lh|lm,170.8,184.0,5.0,769,0.222,0.0,161.8,9.0,lf->lh lf->lm lm->lh,ipsilateral
IN08B055,806012,08B,L,acetylcholine,1,lf|lm,rm|rh,170.8,183.0,0.0,553,0.309,37.2,32.8,100.7,lf->rm lf->rh lm->rm,both
IN04B030,807336,04B,L,acetylcholine,1,lm|rm,lm,170.8,519.0,15.0,705,0.242,170.8,0.0,0.0,rm->lm lm->rm,contralateral
IN04B100,903513,04B,L,acetylcholine,1,lh,lh,170.4,789.0,253.0,856,0.199,23.5,145.4,1.5,lh->lm lm->lh lh->rh,ipsilateral
INXXX269,933415,XXX (unassigned),L,acetylcholine,1,lh,lh|rh,170.3,499.0,61.0,1911,0.089,114.3,47.0,9.0,lh->rh lh->lm rh->lh,both
IN08A028,815425,08A,L,glutamate,-1,lh,lh|rh,170.2,369.0,0.0,450,0.378,99.1,61.6,9.5,lh->rh lh->lm,both
IN17A028,802180,17A,R,acetylcholine,1,rm,rm,170.0,1584.0,248.0,1776,0.096,0.0,159.0,11.0,rm->rh rm->rf,ipsilateral
IN16B077,807090,16B,L,glutamate,-1,lf|rh,lf,170.0,473.0,98.0,497,0.342,6.0,47.8,116.2,rh->lf lf->lm,both
IN02A035,810480,02A,L,glutamate,-1,lm|lh,lh,170.0,241.0,75.0,317,0.536,7.0,161.0,2.0,lm->lh,ipsilateral
INXXX008,801347,XXX (unassigned),R,unclear,0,lm|lf,lm|lh,169.8,252.0,0.0,451,0.376,18.6,133.8,17.3,lm->lh lf->lm lf->lh,ipsilateral
IN01A062_c,810146,01A,R,acetylcholine,1,lm|lf,lm,169.8,369.0,0.0,445,0.382,0.0,169.8,0.0,lf->lm,ipsilateral
IN14A080,811788,14A,R,glutamate,-1,lm|lf|lh,lm,169.7,369.0,0.0,409,0.415,0.0,169.7,0.0,lf->lm lh->lm,ipsilateral
INXXX027,800517,XXX (unassigned),R,acetylcholine,1,lh,rm|lh|lm,169.5,223.0,0.0,3142,0.054,28.9,53.5,87.1,lh->rm lh->lm lh->rh,both
IN04B021,805366,04B,R,acetylcholine,1,rf|lf,rf|lf,169.5,306.0,51.0,516,0.329,126.0,23.4,20.1,lf->rf rf->lf,contralateral
IN07B073_b,807500,07B,R,acetylcholine,1,rm|rh|rf,rm,169.4,308.0,55.0,814,0.208,32.8,104.1,32.5,rh->rm rf->rm lm->rm,both
IN16B077,808952,16B,L,glutamate,-1,lm|lf,lm,169.4,501.0,174.0,501,0.338,0.0,157.8,11.6,lf->lm lh->lm,ipsilateral
IN13A022,936362,13A,R,gaba,-1,rm|rh,rm|lm,169.4,319.0,15.0,777,0.218,85.5,53.4,30.5,rm->lm rh->rm rh->lm,both
IN03A028,804721,03A,R,acetylcholine,1,rf|lf,rf|lf,169.3,393.0,117.0,694,0.244,164.3,3.6,1.4,rf->lf lf->rf,contralateral
IN04B105,809186,04B,R,acetylcholine,1,rh|rm,rh,169.3,446.0,130.0,455,0.372,0.0,169.3,0.0,rm->rh rh->rm,ipsilateral
INXXX230,914054,XXX (unassigned),R,gaba,-1,lh|rh,lh|rh|lm,169.3,256.0,0.0,1725,0.098,86.3,49.3,33.7,lh->rh lh->lm rh->lh,both
IN01A038,805543,01A,R,acetylcholine,1,lf,lf,169.2,707.0,284.0,744,0.227,49.9,0.0,119.3,rm->lf rf->lf rh->lf,both
IN09A006,819028,09A,L,gaba,-1,lf,lf,169.2,1587.0,74.0,2544,0.067,22.0,146.2,1.0,lf->lm lm->lf lf->rf,ipsilateral
IN14A008,800692,14A,L,glutamate,-1,rm,rm,169.1,2435.0,234.0,2742,0.062,0.1,144.5,24.4,rm->rh rh->rm,ipsilateral
IN07B061,804660,07B,R,glutamate,-1,rh|lh,lh|rh,169.1,270.0,62.0,1368,0.124,150.1,4.8,14.2,rh->lh lh->rh,contralateral
IN16B074,807260,16B,R,glutamate,-1,rh,rh,169.1,998.0,43.0,1014,0.167,49.8,96.1,23.2,rm->rh rh->lh rh->rm,both
INXXX297,802535,XXX (unassigned),R,acetylcholine,1,rh,lh|rh,169.0,326.0,0.0,3103,0.054,169.0,0.0,0.0,rh->lh,contralateral
INXXX198,803239,XXX (unassigned),L,gaba,-1,rh,rh|lh|rm,169.0,281.0,29.0,2037,0.083,107.0,62.0,0.0,rh->lh rh->rm,both
IN16B098,807078,16B,L,glutamate,-1,lm|lf,lm,168.9,729.0,140.0,757,0.223,0.0,168.9,0.0,lf->lm lh->lm lm->lh,ipsilateral
IN09A042,812950,09A,R,gaba,-1,rh|lf|rm,rh,168.7,267.0,19.0,392,0.43,16.0,78.5,74.2,rm->rh lf->rh,both
IN21A008,904021,21A,L,glutamate,-1,lf,lf,168.7,1084.0,98.0,1408,0.12,0.4,119.7,48.6,lf->lm lf->rh lm->lf,ipsilateral
IN16B041,803721,16B,L,glutamate,-1,lh,lh,168.5,734.0,178.0,840,0.201,45.5,116.5,6.5,lm->lh lh->rh lh->lm,both
IN06B029,803718,06B,L,gaba,-1,rf,rf,168.4,1273.0,0.0,1403,0.12,96.6,67.1,4.6,rf->lf rf->rm,both
IN14A043,804890,14A,R,glutamate,-1,lm|lf,lm,168.3,509.0,0.0,689,0.244,4.1,162.3,1.9,lf->lm lh->lm,ipsilateral
IN01A041,805794,01A,R,acetylcholine,1,rf,lf|rf,168.2,254.0,29.0,429,0.392,168.2,0.0,0.0,rf->lf,contralateral
IN03A017,802586,03A,L,acetylcholine,1,lf,lf,168.1,1283.0,69.0,1578,0.107,79.3,88.1,0.7,lf->rf lf->lm,both
IN01A040,904426,01A,L,acetylcholine,1,lf,rf|lf,168.0,304.0,95.0,503,0.334,168.0,0.0,0.0,lf->rf,contralateral
IN16B057,907810,16B,R,glutamate,-1,rf,rf|rm,168.0,491.0,19.0,654,0.257,23.0,145.0,0.0,rf->rm rf->lf,ipsilateral
IN04B060,806495,04B,L,acetylcholine,1,lh|rh,lh,167.9,396.0,0.0,632,0.266,155.9,7.6,4.4,rh->lh lh->rh,contralateral
IN19A040,801771,19A,R,acetylcholine,1,rh,rh,167.8,1775.0,116.0,2286,0.073,97.4,68.1,2.4,rh->lh lh->rh rm->rh,both
IN16B064,807956,16B,L,glutamate,-1,lf,lf|lm,167.7,438.0,162.0,772,0.217,42.7,115.0,10.0,lf->lm rf->lf lf->rf,both
IN16B098,906649,16B,R,glutamate,-1,rm|lf,rm,167.5,544.0,134.0,544,0.308,3.4,24.3,139.8,lf->rm,both
IN12B011,800651,12B,L,gaba,-1,rm,rm,167.3,951.0,19.0,4238,0.039,30.3,118.3,18.8,rh->rm rf->rm lm->rm,ipsilateral
IN02A035,811430,02A,R,glutamate,-1,rm|rh,rh|rm,167.3,248.0,129.0,325,0.515,1.9,159.3,6.1,rm->rh,ipsilateral
IN27X014,802566,27X,R,gaba,-1,rf|lm|lh,lf|rf,167.1,218.0,0.0,2076,0.081,72.3,55.7,39.1,rf->lf lm->lf lh->lf,both
IN01A039,802656,01A,R,acetylcholine,1,lm,lm,167.0,2388.0,0.0,2888,0.058,0.0,167.0,0.0,lm->lf lm->lh,ipsilateral
IN07B073_b,805461,07B,L,acetylcholine,1,lm|lf,lm|rm,167.0,293.0,25.0,857,0.195,52.3,70.8,43.9,lf->lm lm->rm lm->rh,both
IN14B012,806314,14B,L,gaba,-1,lm,lm,166.9,436.0,0.0,1008,0.166,6.4,111.6,48.9,lm->lf lm->lh lm->rf,both
IN08A002,800318,08A,R,glutamate,-1,rm,rm,166.8,4340.0,426.0,5398,0.031,11.9,154.8,0.1,rm->rh rm->rf rf->rm,ipsilateral
IN23B007,801515,23B,R,acetylcholine,1,rm,rm,166.8,1291.0,13.0,2506,0.067,103.1,41.1,22.7,rm->lm,both
IN12B072,804496,12B,R,gaba,-1,lm|rm,lm,166.8,366.0,0.0,478,0.349,128.3,36.5,2.0,rm->lm lf->lm,contralateral
IN19B054,810863,19B,L,acetylcholine,1,rm|rh|lh,rm,166.8,339.0,68.0,445,0.375,0.0,87.1,79.7,rh->rm lh->rm,both
IN06B029,904101,06B,R,gaba,-1,lm,lm,166.7,2239.0,8.0,2375,0.07,0.0,166.7,0.0,lm->lh lm->lf lh->lm,ipsilateral
IN18B051,904387,18B,L,acetylcholine,1,rh|rm|lf,rm|rh,166.7,252.0,19.0,500,0.333,6.4,106.8,53.5,rh->rm lf->rm rm->rh,both
IN08A028,905987,08A,L,glutamate,-1,lh,lh|rh,166.6,618.0,12.0,804,0.207,143.6,20.9,2.1,lh->rh rh->lh lh->lm,contralateral
IN05B042,802614,05B,R,gaba,-1,lh|lm|rm|rf,lh|lm,166.3,228.0,0.0,1668,0.1,31.1,59.7,75.4,lm->lh rm->lh rf->lh,both
IN21A043,811574,21A,R,glutamate,-1,rh|rm,rh,166.2,352.0,52.0,403,0.412,0.0,132.0,34.2,rm->rh rf->rh lm->rh,ipsilateral
INXXX369,804499,XXX (unassigned),L,gaba,-1,rm,rh|lh,166.0,166.0,0.0,969,0.171,13.0,78.0,75.0,rm->rh rm->lh,both
IN16B077,808006,16B,L,glutamate,-1,lf,lf|lm,166.0,497.0,12.0,540,0.307,31.0,135.0,0.0,lf->lm lf->rf,ipsilateral
IN14A010,802514,14A,L,glutamate,-1,rf,rf,165.9,550.0,19.0,702,0.236,22.3,61.1,82.4,rf->lm rh->rf rf->lh,both
IN04B018,806484,04B,L,acetylcholine,1,lm|rm,lm,165.8,592.0,12.0,748,0.222,96.7,12.3,56.8,rm->lm rf->lm,both
IN19A013,801682,19A,R,gaba,-1,rf,rf,165.7,1420.0,687.0,1432,0.116,17.1,147.8,0.9,rm->rf rf->rm,ipsilateral
ANXXX318,804043,-,L,acetylcholine,1,rm|lm,rm|rh|lm,165.5,225.0,7.0,1342,0.123,55.2,54.1,56.2,lm->rm rm->rh rm->lm,both
IN06B053,807211,06B,R,gaba,-1,lh|lm,lh|rm|rh|lm,165.5,220.0,0.0,715,0.231,57.8,48.5,59.2,lh->rm lh->rh lh->lm,both
IN07B073_c,808596,07B,L,acetylcholine,1,lm|lf,lm|rh,165.5,243.0,27.0,652,0.254,21.1,75.5,68.9,lm->rh lf->lm lm->lh,both
IN12B068_a,906084,12B,L,gaba,-1,lh|rh|lm,rh,165.2,232.0,0.0,736,0.224,83.2,26.3,55.7,lh->rh lm->rh rm->rh,both
IN12A041,812078,12A,L,acetylcholine,1,lf|lh,lf|lm,165.1,308.0,0.0,500,0.33,25.0,90.7,49.4,lh->lf lf->lm lf->rm,both
INXXX334,804004,XXX (unassigned),L,gaba,-1,lh,rh|lh,165.0,320.0,0.0,1497,0.11,165.0,0.0,0.0,lh->rh,contralateral
IN21A018,903519,21A,R,acetylcholine,1,rm,rm,164.9,2077.0,331.0,3758,0.044,5.9,158.8,0.2,rh->rm rm->rh rm->rf,ipsilateral
IN13B004,910912,13B,L,gaba,-1,rm,rm,164.9,2796.0,32.0,4590,0.036,20.4,130.5,14.0,rm->rh rm->rf rh->rm,ipsilateral
IN12B030,909537,12B,R,gaba,-1,lh,lh|rh|lm,164.6,394.0,48.0,424,0.388,64.1,93.6,6.9,lh->rh lh->lm lf->lh,both
INXXX215,802848,XXX (unassigned),R,acetylcholine,1,lh|rh,rh|lh,164.5,253.0,0.0,1463,0.112,148.7,11.4,4.4,lh->rh,contralateral
IN08A048,811028,08A,L,glutamate,-1,lh|lm,lh,164.5,569.0,209.0,591,0.278,12.6,147.5,4.4,lm->lh,ipsilateral
IN09A077,815651,09A,L,gaba,-1,rf|lm|lf,lf|lm,164.3,212.0,14.0,261,0.629,56.7,58.3,49.3,rf->lf lm->lf rf->lm,both
IN13A006,800642,13A,L,gaba,-1,lh,lh,164.0,2515.0,339.0,3309,0.05,122.0,37.0,5.0,lh->rh lh->lm,contralateral
INXXX405,804380,XXX (unassigned),R,acetylcholine,1,lh,rh|lh,164.0,249.0,0.0,1499,0.109,164.0,0.0,0.0,lh->rh,contralateral
IN01A079,805168,01A,L,acetylcholine,1,lf|rf,rf,164.0,223.0,0.0,223,0.735,130.1,1.4,32.5,lf->rf lm->rf,contralateral
IN16B077,808872,16B,L,glutamate,-1,lh|lf,lh,164.0,393.0,98.0,450,0.364,8.5,150.0,5.5,lf->lh,ipsilateral
IN01B054,812708,01B,R,gaba,-1,rm,rm|rf|rh,164.0,362.0,0.0,483,0.34,0.0,164.0,0.0,rm->rf rm->rh,ipsilateral
IN20A.22A007,942770,20A/22A,L,acetylcholine,1,lm,lm,164.0,2086.0,620.0,2397,0.068,16.2,146.7,1.1,lm->lf lm->lh,ipsilateral
INXXX341,804457,XXX (unassigned),R,gaba,-1,rh|lh|rm,lh|lm|rh,163.8,207.0,42.0,768,0.213,74.0,29.0,60.7,rh->lh rh->lm lh->lm,both
IN03A004,800155,03A,L,acetylcholine,1,lf,lf,163.7,2583.0,541.0,2745,0.06,145.2,14.3,4.2,lf->rf rf->lf,contralateral
INXXX100,801365,XXX (unassigned),L,acetylcholine,1,lh|rh,lh|rh,163.5,324.0,0.0,2760,0.059,122.5,14.5,26.5,rh->lh lh->rh lh->rm,contralateral
IN03B053,805663,03B,L,gaba,-1,lh,rh|lh,163.3,246.0,0.0,1041,0.157,129.1,22.4,11.8,lh->rh,contralateral
IN13A020,805855,13A,R,gaba,-1,rf,rf,163.3,658.0,233.0,684,0.239,48.3,111.0,4.0,rm->rf lf->rf rf->rm,both
IN03A072,809497,03A,R,acetylcholine,1,rm|rf,rf,163.0,272.0,46.0,301,0.542,13.8,132.0,17.2,rm->rf rm->lf,ipsilateral
INXXX269,903491,XXX (unassigned),R,acetylcholine,1,rh|lh,rh|lh,163.0,315.0,18.0,1867,0.087,124.3,24.7,13.9,lh->rh rh->lh rm->rh,contralateral
IN03A013,905729,03A,R,acetylcholine,1,rf,rf,163.0,1402.0,535.0,1554,0.105,130.0,26.0,7.0,rf->lf rf->rm,contralateral
IN01A072,909597,01A,R,acetylcholine,1,rf|lm|lf,lf,162.8,195.0,6.0,337,0.483,71.1,69.3,22.4,rf->lf lm->lf rm->lf,both
IN16B053,803248,16B,R,glutamate,-1,rh,rh|lh,162.6,744.0,7.0,940,0.173,146.8,3.2,12.6,rh->lh,contralateral
IN01B008,802348,01B,L,gaba,-1,lm,lm|rm,162.4,653.0,10.0,2215,0.073,142.4,18.4,1.6,lm->rm,contralateral
IN01A068,808359,01A,R,acetylcholine,1,lh|lf,lh,162.4,320.0,0.0,485,0.335,29.4,99.0,34.0,lf->lh rh->lh rf->lh,both
IN12B051,903739,12B,R,gaba,-1,lf|lm|lh,lh,162.3,200.0,71.0,207,0.784,28.9,105.5,27.9,lf->lh lm->lh rh->lh,both
IN13B056,807768,13B,L,gaba,-1,rh|rm,rh,162.2,657.0,0.0,721,0.225,14.5,132.7,15.0,rm->rh,ipsilateral
IN01A080_c,807492,01A,L,acetylcholine,1,lf|lm|rf,rf,162.1,208.0,23.0,230,0.705,82.3,3.3,76.5,lf->rf lm->rf,both
IN16B042,803473,16B,R,glutamate,-1,rh,rh,162.0,1078.0,49.0,1562,0.104,116.0,9.0,37.0,rh->lh rh->lf,contralateral
IN03A010,804063,03A,R,acetylcholine,1,rh,rh,162.0,3898.0,1688.0,4221,0.038,101.7,59.3,0.9,rh->lh lh->rh rm->rh,both
INXXX365,805472,XXX (unassigned),R,acetylcholine,1,rh,lh|rh,162.0,297.0,12.0,1013,0.16,162.0,0.0,0.0,rh->lh,contralateral
IN03A067,806834,03A,R,acetylcholine,1,rh,rh,162.0,531.0,5.0,689,0.235,22.0,69.0,71.0,rh->lf rh->rm rh->lh,both
INXXX237,812632,XXX (unassigned),L,acetylcholine,1,rh,rh|lh,162.0,553.0,98.0,3240,0.05,133.0,5.0,24.0,rh->lh rh->lm,contralateral
IN12B072,809158,12B,R,gaba,-1,lh|rh,lh,161.9,282.0,6.0,387,0.418,112.7,27.7,21.5,rh->lh lh->rm lh->rh,both
IN17A058,904363,17A,R,acetylcholine,1,rh,rh,161.9,1268.0,189.0,1340,0.121,17.9,130.9,13.1,rm->rh rh->rm rh->lh,ipsilateral
IN08B062,909441,08B,R,acetylcholine,1,rf|lf,lh|lf|lm|rm|rh,161.8,179.0,30.0,1106,0.146,24.8,67.0,70.0,rf->lh rf->lf rf->lm,both
IN09A064,909557,09A,L,gaba,-1,lm|rf|lh,lf|lm,161.8,209.0,10.0,260,0.622,26.2,94.3,41.3,lm->lf rf->lf lh->lf,both
IN21A022,803901,21A,L,acetylcholine,1,lf,lf,161.7,648.0,233.0,905,0.179,2.6,122.5,36.5,lf->lm lh->lf lm->lf,ipsilateral
IN03B035,803287,03B,L,gaba,-1,lf,lf,161.2,828.0,68.0,892,0.181,10.0,126.1,25.1,lh->lf lf->lm rm->lf,ipsilateral
IN17A028,802377,17A,L,acetylcholine,1,lm,lm,161.0,1994.0,237.0,2217,0.073,0.0,161.0,0.0,lm->lh lm->lf,ipsilateral
IN08B077,806857,08B,R,acetylcholine,1,rf,lh|rh,161.0,161.0,0.0,685,0.235,0.0,65.0,96.0,rf->lh rf->rh,both
IN03A037,902459,03A,L,acetylcholine,1,lh,lh,161.0,1179.0,311.0,1296,0.124,91.0,70.0,0.0,lh->rh lh->lm,both
INXXX333,902735,XXX (unassigned),R,gaba,-1,lh,rh|lh,161.0,263.0,0.0,1412,0.114,161.0,0.0,0.0,lh->rh,contralateral
IN18B020,802766,18B,L,acetylcholine,1,lh,lh|rh|lm,160.9,254.0,24.0,1666,0.097,62.5,75.9,22.5,lh->rh lh->lm lh->lf,both
INXXX217,800849,XXX (unassigned),L,gaba,-1,lh|rh,lh|rh,160.5,329.0,0.0,4235,0.038,160.5,0.0,0.0,lh->rh rh->lh,contralateral
IN17B004,800998,17B,R,gaba,-1,rh,rh|lh,160.5,300.0,0.0,3624,0.044,66.6,41.2,52.7,rh->lh rh->lm rh->rm,both
IN01A038,903125,01A,L,acetylcholine,1,rf|lm,rf,160.5,486.0,209.0,510,0.315,37.3,6.1,117.1,lm->rf lf->rf,both
GFC1,805471,-,R,acetylcholine,1,lm|lf|rm,lm|lh|lf,160.4,229.0,145.0,326,0.492,22.7,110.4,27.3,lm->lh lm->lf rm->lm,both
IN16B058,807277,16B,R,glutamate,-1,rf|lf,rf,160.3,493.0,0.0,515,0.311,160.3,0.0,0.0,lf->rf rf->lf,contralateral
IN16B058,808800,16B,R,glutamate,-1,rf|lf,rf|lf,160.2,438.0,14.0,468,0.342,151.2,6.5,2.5,lf->rf rf->lf,contralateral
IN07B055,801529,07B,R,acetylcholine,1,rm,rm|lm,160.1,277.0,0.0,628,0.255,95.8,12.7,51.6,rm->lm rm->lh rm->lf,both
IN11A025,805321,11A,L,acetylcholine,1,lf|lm,rm|lh|lm,160.1,172.0,0.0,684,0.234,41.6,54.1,64.4,lf->rm lm->rm lf->lh,both
IN20A.22A084,813642,20A/22A,L,acetylcholine,1,lh|lm,lm,159.8,233.0,0.0,358,0.446,0.0,159.8,0.0,lh->lm,ipsilateral
IN04B036,804794,04B,L,acetylcholine,1,lm,lm,159.7,1072.0,218.0,1359,0.118,0.0,159.7,0.0,lm->lh,ipsilateral
IN19B031,802558,19B,L,acetylcholine,1,lm,rh|lh|lf,159.4,173.0,8.0,2094,0.076,14.4,77.0,68.0,lm->rh lm->lh lm->lf,both
IN04B012,804269,04B,L,acetylcholine,1,lm,lm,159.4,775.0,186.0,999,0.16,35.3,120.4,3.7,lm->lh lm->rm lf->lm,ipsilateral
INXXX365,805257,XXX (unassigned),L,acetylcholine,1,lh|rh,lh|rh,159.4,323.0,10.0,1018,0.157,159.4,0.0,0.0,lh->rh rh->lh,contralateral
IN03A030,804956,03A,R,acetylcholine,1,rm,rm,159.3,1021.0,81.0,1288,0.124,0.6,119.3,39.4,rf->rm rm->lh,ipsilateral
INXXX230,905905,XXX (unassigned),L,gaba,-1,lh|rh,rh|lh|rm,159.3,239.0,0.0,1790,0.089,87.3,30.6,41.4,lh->rh lh->rm rh->lh,both
IN04B092,809486,04B,L,acetylcholine,1,lm|lh,lm,159.2,374.0,174.0,390,0.408,0.0,159.2,0.0,lh->lm lf->lm,ipsilateral
IN04B108,903445,04B,L,acetylcholine,1,lm|lh,lm,159.2,424.0,82.0,471,0.338,0.0,159.2,0.0,lh->lm,ipsilateral
IN12B038,808513,12B,L,gaba,-1,rm|lm,rm|lm,159.0,319.0,0.0,632,0.252,159.0,0.0,0.0,rm->lm lm->rm,contralateral
IN12B071,810002,12B,R,gaba,-1,lh,lh|rh,159.0,297.0,0.0,456,0.349,118.0,32.0,9.0,lh->rh lh->lm,contralateral
IN03B035,804272,03B,L,gaba,-1,lf,lf,158.9,725.0,58.0,789,0.201,15.0,113.8,30.1,lh->lf lf->lm rm->lf,ipsilateral
IN19A003,800461,19A,L,gaba,-1,lm,lm,158.7,2762.0,1826.0,2860,0.056,6.4,142.8,9.5,lh->lm lf->lm,ipsilateral
INXXX251,806542,XXX (unassigned),L,acetylcholine,1,rh|lh,rh,158.7,393.0,20.0,502,0.316,91.0,17.9,49.7,lh->rh lm->rh rh->lh,both
IN09A006,903116,09A,L,gaba,-1,lm,lm,158.7,2978.0,198.0,5111,0.031,0.0,158.7,0.0,lf->lm lm->lh lm->lf,ipsilateral
IN13B010,800624,13B,L,gaba,-1,rh,rh,158.5,2509.0,282.0,4165,0.038,52.8,30.5,75.2,rh->lf rh->lh rh->rm,both
IN16B018,801094,16B,R,gaba,-1,rm,rm,158.5,2334.0,1155.0,2393,0.066,1.0,124.9,32.6,rm->rf rm->rh lf->rm,ipsilateral
IN01B008,801160,01B,R,gaba,-1,rm,rm|lm,158.5,594.0,0.0,1906,0.083,124.9,32.5,1.1,rm->lm rm->rh,contralateral
IN01A068,808794,01A,L,acetylcholine,1,rh|rm,rh,158.4,287.0,0.0,464,0.341,37.1,71.2,50.1,rm->rh lf->rh lh->rh,both
IN20A.22A039,906412,20A/22A,L,acetylcholine,1,lm,lm,158.1,761.0,19.0,957,0.165,17.7,131.5,8.9,lm->lh lm->lf lm->rm,ipsilateral
IN01A061,804395,01A,R,acetylcholine,1,lh|rh,lh|rh,157.9,329.0,0.0,694,0.228,147.9,7.5,2.5,lh->rh rh->lh,contralateral
IN01A038,805352,01A,R,acetylcholine,1,lf,lf,157.8,715.0,285.0,750,0.21,27.9,0.0,129.9,rm->lf rh->lf rf->lf,both
IN03A037,802132,03A,L,acetylcholine,1,lh,lh,157.7,2019.0,247.0,2348,0.067,26.2,130.8,0.7,lh->lm lh->rh,ipsilateral
IN12B044_e,813542,12B,R,gaba,-1,lf|lm,lm|rm,157.2,243.0,30.0,320,0.491,17.4,106.2,33.6,lf->lm lf->rm lm->rm,both
IN07B073_b,806267,07B,R,acetylcholine,1,rm|rh|rf,rm|lh,157.1,224.0,17.0,677,0.232,31.7,99.6,25.9,rh->rm rf->rm lm->rm,both
IN03A027,803240,03A,L,acetylcholine,1,lm,lm,157.0,1781.0,40.0,2102,0.075,12.0,145.0,0.0,lm->lf lm->lh,ipsilateral
IN03A073,805736,03A,L,acetylcholine,1,lh,lh,157.0,600.0,30.0,697,0.225,65.0,83.0,9.0,lh->lm lh->rh,both
IN06B064,808339,06B,L,gaba,-1,rh|rm,rh|lh|rm|lm,157.0,227.0,0.0,491,0.32,47.1,66.0,43.9,rm->rh rh->lh rh->rm,both
INXXX328,905077,XXX (unassigned),R,gaba,-1,lh,rh|lh,157.0,276.0,0.0,2278,0.069,157.0,0.0,0.0,lh->rh,contralateral
IN20A.22A039,803720,20A/22A,L,acetylcholine,1,lm,lm,156.9,693.0,33.0,882,0.178,26.9,120.9,9.1,lm->lh lm->lf lm->rm,ipsilateral
IN12B007,800745,12B,R,gaba,-1,lh,lh,156.8,1717.0,0.0,4517,0.035,12.0,132.8,12.0,lm->lh,ipsilateral
IN08A048,822437,08A,R,glutamate,-1,rh|rm,rh,156.6,547.0,238.0,552,0.284,3.6,151.6,1.4,rm->rh,ipsilateral
IN17A066,801400,17A,L,acetylcholine,1,lh|lm,lf|lm|lh,156.5,197.0,0.0,470,0.333,16.9,109.9,29.7,lh->lf lm->lf,ipsilateral
IN01A016,802101,01A,L,acetylcholine,1,rh,rh,156.4,2639.0,1209.0,2855,0.055,60.4,73.9,22.1,rh->rm rh->lh rh->lf,both
IN06B049,803160,06B,L,gaba,-1,lh|rh,rh|lh,156.4,232.0,13.0,1364,0.115,77.7,38.9,39.7,lh->rh rh->lh,both
INXXX217,936773,XXX (unassigned),R,gaba,-1,lh|rh,rh|lh,156.4,303.0,0.0,4052,0.039,156.4,0.0,0.0,lh->rh rh->lh,contralateral
IN12B066_d,808743,12B,L,gaba,-1,rh|lh,rh,156.3,398.0,0.0,472,0.331,142.3,9.3,4.7,lh->rh rh->lh,contralateral
IN21A016,801497,21A,R,glutamate,-1,rm,rm,156.1,2133.0,540.0,2745,0.057,11.8,137.1,7.3,rh->rm rm->rf,ipsilateral
IN13B009,801249,13B,R,gaba,-1,lm,lm,156.0,1668.0,6.0,3878,0.04,15.0,141.0,0.0,lm->lh lm->lf,ipsilateral
"IN17A043,IN17A046",803014,17A,R,acetylcholine,1,rh,rh,156.0,945.0,0.0,1855,0.084,140.0,16.0,0.0,rh->lh rh->rm,contralateral
IN01B054,810357,01B,L,gaba,-1,lm,lm|lf,156.0,469.0,0.0,643,0.243,10.0,146.0,0.0,lm->lf lm->lh,ipsilateral
IN07B073_a,804931,07B,L,acetylcholine,1,lm,lm,155.9,523.0,158.0,972,0.16,43.4,97.8,14.7,lf->lm lh->lm lm->rm,both
IN20A.22A044,807741,20A/22A,R,acetylcholine,1,rh,rh,155.7,598.0,184.0,652,0.239,55.8,93.7,6.2,rh->lh rm->rh rh->rm,both
INXXX246,904243,XXX (unassigned),R,acetylcholine,1,lh|rh,rh|lh,155.7,311.0,0.0,2444,0.064,155.7,0.0,0.0,lh->rh rh->lh,contralateral
IN16B045,803423,16B,L,glutamate,-1,lh,lh,155.6,823.0,184.0,1123,0.139,12.5,140.6,2.5,lm->lh lf->lh,ipsilateral
IN13A027,807503,13A,R,gaba,-1,rf|lf,rf,155.6,578.0,211.0,608,0.256,90.0,61.2,4.5,lf->rf rm->rf rf->rm,both
IN21A017,903463,21A,L,acetylcholine,1,lh,lh,155.6,1644.0,1024.0,1755,0.089,83.8,68.6,3.2,lh->rh lm->lh,both
IN12B066_e,909212,12B,L,gaba,-1,lm|rm,rm,155.4,251.0,0.0,277,0.561,118.0,21.7,15.7,lm->rm,contralateral
IN06A103,810689,06A,R,gaba,-1,lh|lm,rm|lm|rh,155.3,175.0,0.0,603,0.258,50.3,44.3,60.7,lh->rm lh->lm lh->rh,both
IN13A027,802248,13A,L,gaba,-1,lf|lm,lf,155.2,718.0,330.0,742,0.209,23.0,130.4,1.8,lm->lf rf->lf,ipsilateral
IN01A073,810506,01A,L,acetylcholine,1,rm|lm,rm,155.1,399.0,41.0,430,0.361,65.5,16.3,73.3,lm->rm lf->rm lh->rm,both
IN26X003,802404,26X,R,gaba,-1,lh,lh,155.0,1996.0,172.0,2128,0.073,7.0,148.0,0.0,lh->lm,ipsilateral
IN14A013,802563,14A,L,glutamate,-1,rh,rh,155.0,1945.0,198.0,2331,0.066,155.0,0.0,0.0,rh->lh,contralateral
IN01A047,806881,01A,L,acetylcholine,1,lf|lm,lf|rf,155.0,271.0,0.0,414,0.374,78.9,40.0,36.1,lf->rf lm->lf lm->rf,both
IN12B029,908041,12B,L,gaba,-1,rm,lm|rm,155.0,290.0,0.0,630,0.246,150.0,0.0,5.0,rm->lm,contralateral
IN12B044_e,907998,12B,L,gaba,-1,rh|lf|lm,rm,154.5,165.0,14.0,272,0.568,25.4,68.0,61.1,rh->rm lf->rm lm->rm,both
IN09A055,810629,09A,L,gaba,-1,lh|lm,lh|rh,154.4,276.0,0.0,496,0.311,58.9,73.4,22.1,lh->rh lm->lh rh->lh,both
IN12B066_c,905172,12B,L,gaba,-1,lh|rh,rh|lh,154.4,210.0,5.0,375,0.412,84.1,29.9,40.4,lh->rh rm->rh,both
IN08B082,817750,08B,R,acetylcholine,1,rh,lh|lm,154.3,165.0,165.0,182,0.848,101.1,4.7,48.5,rh->lh rh->lm,both
IN01A038,806370,01A,L,acetylcholine,1,rf|lm,rf,154.0,473.0,205.0,498,0.309,39.5,16.3,98.2,lm->rf lf->rf rf->rm,both
IN03A056,904044,03A,L,acetylcholine,1,lm,lm,154.0,714.0,291.0,793,0.194,0.0,154.0,0.0,lm->lh lm->lf,ipsilateral
IN03A004,801355,03A,R,acetylcholine,1,rf,rf,153.9,1506.0,309.0,1644,0.094,137.9,11.9,4.1,lf->rf rf->lf,contralateral
IN09A043,902404,09A,L,gaba,-1,lh|lf,lm|lh|lf,153.7,212.0,0.0,420,0.366,8.7,132.7,12.3,lh->lm lf->lm lh->lf,ipsilateral
IN19A002,800163,19A,L,gaba,-1,lf,lf,153.6,8617.0,43.0,9218,0.017,146.5,7.0,0.1,lf->rf rf->lf,contralateral
IN23B024,801142,23B,R,acetylcholine,1,rh,rh,153.4,827.0,21.0,2454,0.062,71.6,81.4,0.4,rh->rm rh->lh,both
IN16B029,801660,16B,L,glutamate,-1,lm,lm,153.4,2509.0,86.0,3125,0.049,50.9,102.4,0.1,lm->lh lm->rm lm->lf,both
IN01A052_b,807872,01A,R,acetylcholine,1,lf|lm|rf|rm,lf,153.3,221.0,6.0,354,0.433,42.8,67.7,42.8,lm->lf rm->lf rf->lf,both
IN07B073_a,805215,07B,R,acetylcholine,1,rm,rm,153.2,441.0,161.0,933,0.164,10.0,110.2,33.0,rf->rm rh->rm rm->lf,ipsilateral
IN04B063,806356,04B,R,acetylcholine,1,rh,rh|lh,153.1,595.0,143.0,686,0.223,153.1,0.0,0.0,rh->lh,contralateral
IN09A043,820586,09A,R,gaba,-1,rf|rh|lh,rh|rm,153.1,187.0,0.0,342,0.448,17.0,121.0,15.1,rf->rh rf->rm rh->rm,ipsilateral
IN03A058,925306,03A,R,acetylcholine,1,rm,rm,153.1,649.0,224.0,662,0.231,2.2,106.8,44.1,rh->rm lh->rm rf->rm,both
IN13B010,800530,13B,L,gaba,-1,rm,rm,153.0,2470.0,202.0,4399,0.035,15.0,115.0,23.0,rm->rh rm->rf rm->lh,ipsilateral
INXXX237,802538,XXX (unassigned),R,acetylcholine,1,lh,lh|rh,153.0,738.0,100.0,3122,0.049,119.0,0.0,34.0,lh->rh lh->rm,contralateral
INXXX146,803138,XXX (unassigned),R,gaba,-1,rh|lh,lm|rm,153.0,157.0,0.0,2878,0.053,5.0,74.0,74.0,rh->rm rh->lm lh->rm,both
IN09A064,912316,09A,L,gaba,-1,rf|lm|lf,lf|lm|rf,152.9,208.0,14.0,254,0.602,51.3,58.9,42.7,rf->lf lm->lf rf->lm,both
IN07B073_b,805246,07B,L,acetylcholine,1,lm,lm,152.7,412.0,103.0,846,0.181,33.8,81.7,37.2,lh->lm lf->lm lm->rm,both
IN17A052,802780,17A,L,acetylcholine,1,lm,lm,152.1,1410.0,417.0,1534,0.099,0.0,152.1,0.0,lm->lh lf->lm,ipsilateral
IN13A019,803136,13A,R,gaba,-1,rh,rh,152.1,1156.0,70.0,1441,0.106,25.7,119.2,7.2,rh->rm rm->rh rh->lh,ipsilateral
IN14A044,910433,14A,L,glutamate,-1,rh,rh,151.8,545.0,6.0,703,0.216,61.1,86.4,4.3,rf->rh lh->rh rm->rh,both
IN11A009,804103,11A,R,acetylcholine,1,rf|rm|lm,rm,151.7,201.0,32.0,517,0.293,30.4,93.3,28.0,rf->rm lm->rm rh->rm,both
IN16B045,804667,16B,L,glutamate,-1,lh,lh,151.5,918.0,149.0,1248,0.121,7.7,142.5,1.3,lm->lh lf->lh,ipsilateral
IN14A012,806936,14A,L,glutamate,-1,rf|lf|rh,lh|rf|rh|lf,151.5,199.0,0.0,287,0.528,45.6,51.2,54.7,rf->lh rf->rh rf->lf,both
INXXX251,804363,XXX (unassigned),R,acetylcholine,1,lh|rh,lh,151.4,289.0,9.0,441,0.343,92.4,17.0,42.0,rh->lh rm->lh lh->rh,both
IN08B063,801959,08B,R,acetylcholine,1,rh|rf|lh,lm|lf|rm,151.1,163.0,0.0,453,0.334,20.2,48.8,82.1,rh->lm rf->lm lh->lm,both
INXXX405,803166,XXX (unassigned),L,acetylcholine,1,lh,rh|lh,151.0,286.0,0.0,1876,0.08,151.0,0.0,0.0,lh->rh,contralateral
IN06B064,811926,06B,L,gaba,-1,rm,rh|lm|lh,151.0,168.0,0.0,1145,0.132,46.0,64.0,41.0,rm->rh rm->lm rm->lh,both
IN12B048,906518,12B,R,gaba,-1,lh,lh|lm,151.0,345.0,5.0,544,0.278,50.0,95.0,6.0,lh->lm lh->rh,both
IN16B016,800345,16B,R,glutamate,-1,rh,rh,150.8,1159.0,848.0,1911,0.079,58.2,83.5,9.1,rm->rh rh->lh rh->rm,both
IN09A045,812582,09A,R,gaba,-1,rh|rf|rm,rh|lh,150.7,276.0,0.0,400,0.377,28.6,101.7,20.4,rm->rh rf->rh rh->lh,both
IN17A052,802555,17A,L,acetylcholine,1,lm,lm,150.5,1421.0,433.0,1579,0.095,0.0,150.5,0.0,lm->lh lf->lm lm->lf,ipsilateral
IN05B022,803445,05B,R,gaba,-1,lh|rh,lm|lh,150.3,195.0,0.0,1354,0.111,37.0,64.2,49.2,lh->lm rh->lm rh->lh,both
IN14A013,802639,14A,R,glutamate,-1,lm,lm,150.1,2465.0,29.0,2618,0.057,0.0,150.1,0.0,lm->lh lf->lm lm->lf,ipsilateral
IN17A028,800924,17A,R,acetylcholine,1,rm,rm,150.0,1438.0,176.0,1600,0.094,0.0,137.0,13.0,rm->rh rm->rf,ipsilateral
IN21A014,801875,21A,R,glutamate,-1,rf,rf,150.0,1966.0,112.0,2252,0.067,49.9,41.1,59.0,rf->lf rf->rm rf->lm,both
IN03A067,806991,03A,L,acetylcholine,1,lm,lm,150.0,515.0,19.0,801,0.187,32.0,118.0,0.0,lm->lh lm->lf lm->rm,ipsilateral
IN23B032,906078,23B,L,acetylcholine,1,lm,lm|lh,150.0,717.0,0.0,972,0.154,5.0,145.0,0.0,lm->lh lm->lf,ipsilateral
IN06A025,803406,06A,R,gaba,-1,rh,lh|rh,149.9,243.0,212.0,1929,0.078,124.1,12.5,13.3,rh->lh,contralateral
IN01A083_b,810956,01A,R,acetylcholine,1,lm|rf,lf,149.9,161.0,0.0,335,0.448,45.6,95.4,8.9,lm->lf rf->lf,both
IN14A015,804169,14A,L,glutamate,-1,rh,rh,149.7,1475.0,116.0,1973,0.076,131.7,17.6,0.4,rh->lh lh->rh rh->rm,contralateral
IN12B034,806840,12B,R,gaba,-1,lm,lm|lh|lf,149.3,358.0,40.0,589,0.253,2.4,138.9,8.0,lm->lh lm->lf,ipsilateral
IN13A019,904085,13A,R,gaba,-1,rf,rf,149.3,595.0,135.0,822,0.182,55.1,91.1,3.1,rm->rf lf->rf rh->rf,both
IN13A006,800749,13A,R,gaba,-1,rh,rh,149.2,2813.0,492.0,3533,0.042,143.7,5.2,0.3,rh->lh,contralateral
IN17A053,820102,17A,R,acetylcholine,1,rf|rm|rh,rh|lf|rf,149.2,184.0,0.0,427,0.349,23.8,84.2,41.2,rf->rh rm->rh rf->lf,both
IN03A030,800325,03A,L,acetylcholine,1,lm,lm,149.1,1245.0,68.0,1684,0.089,13.5,134.1,1.5,lf->lm,ipsilateral
IN02A024,803873,02A,R,glutamate,-1,rh,lh|rh|lm,149.1,212.0,0.0,1008,0.148,69.8,33.9,45.4,rh->lh rh->lm,both
INXXX333,804137,XXX (unassigned),L,gaba,-1,rh,lh|rh,149.0,273.0,0.0,1751,0.085,149.0,0.0,0.0,rh->lh,contralateral
IN03A040,804293,03A,L,acetylcholine,1,lf,lf,149.0,1039.0,60.0,1375,0.108,62.0,87.0,0.0,lf->lm lf->rf,both
IN03A027,904943,03A,R,acetylcholine,1,rm,rm,148.9,1353.0,44.0,1544,0.096,0.0,148.9,0.0,rm->rh rm->rf rf->rm,ipsilateral
IN09A043,909593,09A,L,gaba,-1,lm|lf|lh,lh|lm,148.9,214.0,0.0,427,0.349,0.0,148.9,0.0,lm->lh lf->lh lf->lm,ipsilateral
IN12B038,810374,12B,R,gaba,-1,lm|lf,lm|rm,148.8,344.0,0.0,456,0.326,96.7,34.8,17.3,lm->rm lf->lm lf->rm,both
GFC3,810947,-,L,acetylcholine,1,lh,lh,148.6,378.0,71.0,429,0.346,48.5,74.3,25.8,rh->lh lm->lh lf->lh,both
IN14A005,801472,14A,R,glutamate,-1,lf,lf,148.3,1439.0,0.0,2322,0.064,125.3,0.6,22.4,lf->rf rf->lf lf->rh,contralateral
IN12B044_c,809195,12B,L,gaba,-1,lf|rm|rh,rm|rh,148.3,212.0,20.0,447,0.332,7.9,72.3,68.1,lf->rm rh->rm,both
vPR9_b,905247,-,M,gaba,-1,lh|lf,lf|rf,148.3,171.0,0.0,1856,0.08,15.1,81.6,51.6,lh->lf lh->rf,both
IN08A048,803441,08A,R,glutamate,-1,rh|rm,rh,148.2,491.0,196.0,510,0.291,5.1,141.2,1.9,rm->rh,ipsilateral
INXXX405,804654,XXX (unassigned),R,acetylcholine,1,lh,rh|lh,148.0,241.0,0.0,1507,0.098,148.0,0.0,0.0,lh->rh,contralateral
IN21A011,801580,21A,R,glutamate,-1,rh,rh,147.9,1950.0,53.0,2059,0.072,27.1,120.5,0.4,rm->rh lh->rh,ipsilateral
IN01A079,820012,01A,L,acetylcholine,1,rh|lh,rh,147.9,324.0,0.0,416,0.356,129.9,9.0,9.0,lh->rh,contralateral
GFC2,802599,-,L,acetylcholine,1,lm,lm,147.8,789.0,16.0,1580,0.094,40.8,71.8,35.2,lm->lf lm->rm lm->rf,both
IN12B029,806483,12B,R,gaba,-1,lm|rm,lm|rm,147.8,326.0,0.0,919,0.161,147.8,0.0,0.0,rm->lm lm->rm,contralateral
IN04B047,903551,04B,L,acetylcholine,1,lf,lf,147.6,1037.0,326.0,1137,0.13,102.4,43.6,1.6,lf->rf lf->lm,both
IN12A006,801414,12A,R,acetylcholine,1,rh|rm,rh|lh|lm,147.5,224.0,12.0,2706,0.055,51.6,48.9,47.0,rh->lh rm->rh rh->lm,both
INXXX045,904898,XXX (unassigned),L,unclear,0,lh,lh|rh,147.4,398.0,0.0,881,0.167,68.2,53.8,25.3,lh->rh lm->lh lh->lm,both
IN13A018,802458,13A,L,gaba,-1,lf,lf,147.2,932.0,147.0,1073,0.137,51.6,91.2,4.4,lm->lf lf->rf lf->lm,both
IN04B012,804922,04B,R,acetylcholine,1,rm,rm,147.0,673.0,214.0,766,0.192,32.4,107.0,7.6,rm->rh rh->rm rm->lm,ipsilateral
IN20A.22A007,802013,20A/22A,L,acetylcholine,1,lm,lm,146.7,2078.0,602.0,2314,0.063,20.2,125.4,1.1,lm->lf lm->lh rm->lm,ipsilateral
IN14A010,802736,14A,R,glutamate,-1,lm,lm,146.6,1345.0,22.0,1853,0.079,44.7,94.3,7.6,lf->lm lh->lm lm->rm,both
IN03A017,804478,03A,R,acetylcholine,1,rf,rf,146.3,690.0,15.0,885,0.165,43.0,102.3,1.0,rf->rm rf->lf,both
IN03A010,800134,03A,L,acetylcholine,1,lh,lh,146.2,3564.0,1369.0,3930,0.037,101.8,43.6,0.8,lh->rh lm->lh,both
INXXX306,803453,XXX (unassigned),R,gaba,-1,lf|rh|lh,rh|lh,146.2,201.0,0.0,1129,0.129,51.5,43.4,51.2,lf->rh lf->lh rh->lh,both
IN16B041,803659,16B,R,glutamate,-1,rh|rm,rh,146.2,707.0,188.0,814,0.18,11.2,126.7,8.2,rm->rh rh->rm,ipsilateral
vMS11,805553,-,L,glutamate,-1,lh,lm,146.0,146.0,78.0,1098,0.133,0.0,146.0,0.0,lh->lm,ipsilateral
IN01A052_a,806167,01A,L,acetylcholine,1,lf|rf,rf|lf,146.0,205.0,17.0,319,0.458,87.7,21.1,37.2,lf->rf,both
IN09A064,809206,09A,L,gaba,-1,lh,lh|rh,146.0,419.0,17.0,535,0.273,97.0,49.0,0.0,lh->rh lh->lm,both
IN11A005,928294,11A,R,acetylcholine,1,rf,rf|rm,146.0,450.0,36.0,651,0.224,10.0,122.0,14.0,rf->rm,ipsilateral
IN04B053,806613,04B,L,acetylcholine,1,lf,lf,145.9,671.0,156.0,767,0.19,122.9,20.8,2.2,rf->lf lf->rf lm->lf,contralateral
IN06B064,808109,06B,R,gaba,-1,lm|lh,lh|lm|rh,145.9,208.0,0.0,494,0.295,32.7,69.5,43.7,lm->lh lm->rh lh->lm,both
IN21A010,801002,21A,R,acetylcholine,1,rh,rh,145.8,1747.0,769.0,1890,0.077,14.2,131.5,0.1,rm->rh,ipsilateral
IN20A.22A008,802811,20A/22A,R,acetylcholine,1,rh,rh,145.8,2347.0,566.0,3207,0.045,133.3,11.8,0.7,rh->lh,contralateral
IN16B042,907378,16B,R,glutamate,-1,rf,rf|lf,145.7,483.0,5.0,823,0.177,121.6,17.7,6.4,rf->lf rh->rf,contralateral
IN04B103,810614,04B,R,acetylcholine,1,rm|rh,rm,145.2,287.0,131.0,320,0.454,0.0,145.2,0.0,rh->rm rf->rm,ipsilateral
IN08B082,811141,08B,L,acetylcholine,1,lh|rm,rm|rh|rf,145.2,170.0,56.0,318,0.457,42.2,17.5,85.6,lh->rm lh->rh lh->rf,both
IN17B015,801272,17B,R,gaba,-1,rh,rh|lh,145.0,333.0,0.0,2696,0.054,115.0,25.0,5.0,rh->lh rh->rm,contralateral
IN27X002,802080,27X,R,unclear,0,lf,lf|rf,145.0,356.0,5.0,510,0.284,123.0,5.0,17.0,lf->rf,contralateral
IN09A049,808191,09A,L,gaba,-1,lh,lh,145.0,647.0,0.0,758,0.191,53.0,87.0,5.0,lh->lm lh->rh,both
IN12B057,811496,12B,R,gaba,-1,rh,lh|rh,145.0,243.0,0.0,356,0.407,130.0,10.0,5.0,rh->lh,contralateral
IN01A015,902504,01A,L,acetylcholine,1,rh,rh,145.0,2518.0,1548.0,2615,0.055,0.0,103.2,41.8,rm->rh lm->rh,ipsilateral
IN01A039,903566,01A,R,acetylcholine,1,lh,lh,145.0,2027.0,0.0,2349,0.062,71.0,74.0,0.0,lh->lm lh->rh,both
IN01A032,907730,01A,L,acetylcholine,1,rf,rf|rm,145.0,427.0,0.0,1000,0.145,0.0,145.0,0.0,rf->rm,ipsilateral
IN18B039,803609,18B,L,acetylcholine,1,lm,lh|rh|lf|lm,144.9,177.0,0.0,1654,0.088,17.9,89.9,37.1,lm->lh lm->rh lm->lf,both
TN1c_a,805479,-,R,acetylcholine,1,rf|rh,rh|rm,144.9,171.0,17.0,826,0.175,2.5,132.9,9.5,rf->rh rf->rm,ipsilateral
IN16B058,905945,16B,R,glutamate,-1,rf|lf,rf,144.9,312.0,41.0,328,0.442,117.9,15.4,11.6,lf->rf rf->lf,contralateral
IN03A054,907950,03A,R,acetylcholine,1,rf|rm,rf|lf,144.9,323.0,39.0,390,0.371,58.4,69.9,16.6,rf->lf rm->rf rf->rm,both
INXXX217,805778,XXX (unassigned),L,gaba,-1,lh|lm,rh|lh,144.7,208.0,0.0,816,0.177,83.0,26.7,35.0,lh->rh lm->rh lm->lh,both
IN20A.22A007,800955,20A/22A,R,acetylcholine,1,rm,rm,144.6,1824.0,485.0,2112,0.068,8.2,135.8,0.6,rm->rf rm->rh rh->rm,ipsilateral
IN13A038,803590,13A,L,gaba,-1,lh,lh,144.4,694.0,5.0,909,0.159,54.6,84.1,5.7,lm->lh lh->rh lh->lm,both
IN04B061,804993,04B,L,acetylcholine,1,lm,lm,144.4,643.0,63.0,942,0.153,0.0,144.4,0.0,lh->lm lm->lh,ipsilateral
IN04B030,808710,04B,R,acetylcholine,1,rm|lm,rm,144.2,306.0,0.0,400,0.36,120.6,2.6,20.9,lm->rm lf->rm rm->lm,contralateral
IN09A015,801784,09A,R,gaba,-1,rh|lh,rh|lm|rm,144.1,220.0,0.0,1575,0.091,42.1,51.7,50.3,rh->lm rh->rm rh->lh,both
IN06A038,804677,06A,R,glutamate,-1,rh,rh|lh,144.0,276.0,18.0,1004,0.143,102.0,9.0,33.0,rh->lh rh->lm,contralateral
IN12B075,809883,12B,L,gaba,-1,rm,rm|lm,144.0,358.0,0.0,438,0.329,126.0,7.0,11.0,rm->lm,contralateral
IN06A103,810493,06A,R,gaba,-1,lh,rm|rh|lm|lf,144.0,144.0,0.0,613,0.235,34.0,56.0,54.0,lh->rm lh->rh lh->lm,both
IN02A038,811512,02A,R,glutamate,-1,rm,rh,144.0,144.0,0.0,323,0.446,0.0,133.0,11.0,rm->rh,ipsilateral
IN19A142,804205,19A,R,gaba,-1,rh,rf,143.9,152.0,5.0,894,0.161,0.8,117.0,26.0,rh->rf lm->rf,ipsilateral
IN09A055,809442,09A,L,gaba,-1,lh|lm,lh|rh,143.9,250.0,0.0,507,0.284,82.8,41.0,20.0,lh->rh lm->lh lh->lm,both
IN21A013,801357,21A,R,glutamate,-1,rh,rh,143.8,1796.0,782.0,1820,0.079,64.1,66.9,12.8,rm->rh lh->rh rh->lh,both
IN20A.22A008,803311,20A/22A,R,acetylcholine,1,rm,rm,143.8,1277.0,278.0,1414,0.102,1.2,107.1,35.5,rh->rm rm->rh lh->rm,ipsilateral
IN01A075,808790,01A,R,acetylcholine,1,lf,lf,143.8,498.0,170.0,522,0.276,73.8,11.7,58.4,rf->lf rh->lf rm->lf,both
IN19A008,800127,19A,R,gaba,-1,rh,rh,143.6,3280.0,747.0,4051,0.035,70.5,60.5,12.6,rh->lh rm->rh rh->rm,both
IN13B008,802063,13B,L,gaba,-1,rm,rm,143.5,804.0,24.0,2173,0.066,60.1,68.9,14.5,rm->lm rm->rf rh->rm,both
INXXX217,804547,XXX (unassigned),R,gaba,-1,rh,lh|rh,143.4,241.0,0.0,1192,0.12,143.4,0.0,0.0,rh->lh,contralateral
IN09A043,812303,09A,L,gaba,-1,lh|lf,lf|lh|lm,143.4,223.0,0.0,369,0.389,3.5,138.4,1.5,lh->lf lh->lm lf->lh,ipsilateral
INXXX405,802473,XXX (unassigned),R,acetylcholine,1,lh,rh|lh,143.0,243.0,0.0,1465,0.098,143.0,0.0,0.0,lh->rh,contralateral
IN12B063_c,806271,12B,R,gaba,-1,rh|lm,lm,143.0,171.0,0.0,907,0.158,10.6,12.4,120.0,rh->lm,both
IN11A043,814551,11A,R,acetylcholine,1,rm,rh,143.0,157.0,29.0,455,0.314,11.0,132.0,0.0,rm->rh,ipsilateral
IN17A052,803196,17A,L,acetylcholine,1,lh,lh,142.9,1653.0,607.0,1739,0.082,20.4,121.9,0.6,lh->lm lm->lh lh->rh,ipsilateral
IN04B100,806411,04B,R,acetylcholine,1,rh,rh,142.9,719.0,255.0,808,0.177,24.2,116.3,2.4,rh->rm rm->rh,ipsilateral
IN16B083,808930,16B,L,glutamate,-1,lm|lh,lm,142.6,459.0,190.0,467,0.305,0.2,130.1,12.3,lh->lm lf->lm,ipsilateral
IN20A.22A044,806927,20A/22A,L,acetylcholine,1,lh,lh|rh|lm,142.5,318.0,81.0,420,0.339,67.1,66.5,8.9,lh->rh lh->lm lm->lh,both
IN11A007,804977,11A,R,acetylcholine,1,rf,rf|rm,142.4,442.0,49.0,965,0.148,14.5,95.4,32.5,rf->rm rf->lh rf->lf,both
IN23B021,805115,23B,L,acetylcholine,1,lm,lm|lh,142.4,276.0,5.0,651,0.219,30.5,101.4,10.5,lm->lh lm->rm lm->lf,ipsilateral
IN12A037,906948,12A,R,acetylcholine,1,rf|lf,rf|rm,142.4,291.0,47.0,503,0.283,61.7,60.5,20.2,rf->rm lf->rf rf->lf,both
IN06B056,805827,06B,L,gaba,-1,lf|lh,lm|rm,142.3,155.0,0.0,795,0.179,9.7,78.9,53.7,lf->lm lf->rm lh->lm,both
IN12B035,800436,12B,R,gaba,-1,lm|lf,lm|rm,142.2,312.0,0.0,843,0.169,50.0,71.2,21.0,lf->lm lm->rm lf->rm,both
INXXX044,800575,XXX (unassigned),L,gaba,-1,lh|lf,lh|lf|lm,142.2,230.0,0.0,5260,0.027,5.1,118.8,18.3,lh->lf lh->lm lf->lh,ipsilateral
IN09B038,804222,09B,R,acetylcholine,1,lm,lm|lf,142.1,261.0,0.0,790,0.18,17.1,118.1,6.9,lm->lf lm->lh lm->rm,ipsilateral
IN14A012,808302,14A,R,glutamate,-1,lf,lf|rh,142.0,431.0,0.0,470,0.302,0.0,60.0,82.0,lf->rh lf->lh,both
IN16B042,803050,16B,L,glutamate,-1,lm,lm,141.9,1288.0,16.0,2052,0.069,83.5,54.9,3.5,lm->rm lf->lm lh->lm,both
IN12A037,805829,12A,R,acetylcholine,1,rf|lf,rf|rm,141.6,271.0,19.0,460,0.308,71.5,43.9,26.2,lf->rf rf->rm,both
IN08A005,800699,08A,L,glutamate,-1,lh,lh,141.5,2838.0,212.0,3184,0.044,83.4,56.6,1.5,lh->rh lm->lh,both
IN01A017,801640,01A,L,acetylcholine,1,rh,rh|lm,141.5,359.0,12.0,2396,0.059,16.4,54.5,70.6,rh->lm rh->rm rm->rh,both
IN04B029,802488,04B,L,acetylcholine,1,lh,lh,141.5,719.0,46.0,1231,0.115,44.6,93.3,3.7,lh->lm lm->lh lh->rh,both
IN14A043,940719,14A,R,glutamate,-1,lm|lf,lm,141.5,462.0,0.0,559,0.253,0.0,141.5,0.0,lf->lm lh->lm,ipsilateral
IN21A008,800317,21A,R,glutamate,-1,rh,rh,141.4,1317.0,184.0,1621,0.087,15.9,125.4,0.1,rh->rm rh->lh,ipsilateral
IN20A.22A003,803035,20A/22A,L,acetylcholine,1,lf,lf,141.2,984.0,354.0,1168,0.121,23.2,112.0,6.0,lm->lf rf->lf,ipsilateral
IN12A029_b,803856,12A,R,acetylcholine,1,rf,rm|rf|rh,141.2,186.0,0.0,622,0.227,17.0,93.6,30.7,rf->rm rf->rh,both
IN03A081,808270,03A,R,acetylcholine,1,rf|rh,rf,141.2,429.0,85.0,507,0.278,5.4,126.2,9.6,rh->rf rm->rf,ipsilateral
IN11A043,810925,11A,R,acetylcholine,1,rm|lm|rh,rh,141.2,170.0,46.0,295,0.479,1.1,94.6,45.5,rm->rh lm->rh,both
dMS5,800948,-,L,acetylcholine,1,lm|rh|rm,rh,141.1,189.0,52.0,5830,0.024,23.2,42.8,75.1,lm->rh rm->rh,both
IN12A006,801138,12A,L,acetylcholine,1,lh|lm,lh|rh,141.0,241.0,0.0,3399,0.041,40.8,69.2,31.1,lm->lh lh->rh lh->lm,both
INXXX269,803395,XXX (unassigned),L,acetylcholine,1,lh,lh|rh,141.0,450.0,0.0,1817,0.078,98.0,43.0,0.0,lh->rh lh->lm,both
IN08B046,804134,08B,L,acetylcholine,1,lf,rm|lf|rf,141.0,193.0,63.0,491,0.287,33.0,17.0,91.0,lf->rm lf->rf lf->rh,both
IN00A033,805843,00A,M,gaba,-1,lh,rh,141.0,157.0,0.0,1156,0.122,120.0,21.0,0.0,lh->rh lh->lm,contralateral
IN10B002,807433,10B,L,acetylcholine,1,rf|rm,rf|rm,141.0,259.0,12.0,548,0.257,12.0,117.0,12.0,rm->rf rf->rm,ipsilateral
IN12B042,810866,12B,L,gaba,-1,rh|rm,rm|rh,141.0,254.0,0.0,552,0.256,9.0,118.0,14.0,rh->rm rm->rh,ipsilateral
IN12B044_e,814334,12B,L,gaba,-1,lf,rm|rf|rh,141.0,146.0,6.0,234,0.603,44.0,0.0,97.0,lf->rm lf->rf lf->rh,both
IN03B042,801582,03B,R,gaba,-1,rf,rf,140.9,922.0,501.0,1037,0.136,25.4,111.9,3.6,rm->rf rf->lf rh->rf,ipsilateral
IN18B054,811447,18B,R,acetylcholine,1,lh|rh|lm,lm|lh,140.8,196.0,0.0,369,0.382,24.5,65.3,51.0,lh->lm rh->lm rh->lh,both
IN12B066_c,908438,12B,L,gaba,-1,lh|lm|rm,rh|lh|rm,140.6,168.0,0.0,322,0.437,49.4,36.0,55.2,lh->rh rm->rh lm->rh,both
IN01A079,811909,01A,R,acetylcholine,1,lf|rf,lf,140.5,395.0,0.0,459,0.306,72.2,0.0,68.4,rf->lf rm->lf rh->lf,both
IN12B032,902277,12B,L,gaba,-1,lh|lf|rh|rm,rh|lh,140.5,193.0,69.0,237,0.593,52.5,44.0,44.0,lh->rh lf->rh rh->lh,both
IN19A032,803319,19A,L,acetylcholine,1,lh|lm,rh|lh,140.4,202.0,8.0,2587,0.054,102.7,14.0,23.7,lh->rh lm->rh,contralateral
IN12B057,810968,12B,L,gaba,-1,lh|rh,rh|lh,140.4,277.0,0.0,406,0.346,140.4,0.0,0.0,lh->rh rh->lh,contralateral
IN14A008,802306,14A,R,glutamate,-1,lf,lf,140.3,2289.0,239.0,2551,0.055,134.3,5.7,0.3,rf->lf lf->rf,contralateral
IN01B021,803009,01B,R,gaba,-1,rm,rm,140.3,706.0,0.0,1158,0.121,3.8,118.0,18.6,rm->rh rh->rm rm->lh,ipsilateral
IN12A036,803128,12A,L,acetylcholine,1,lh|lm|lf,lh|lm|lf|rh,140.3,189.0,32.0,1258,0.112,21.4,86.3,32.6,lh->lm lm->lh lh->lf,both
IN07B055,806981,07B,L,acetylcholine,1,lm,rm|lm,140.3,233.0,0.0,549,0.256,103.4,12.7,24.2,lm->rm lm->rh,contralateral
INXXX332,802147,XXX (unassigned),L,gaba,-1,lh,rh,140.2,163.0,41.0,3735,0.038,126.5,0.0,13.7,lh->rh,contralateral
IN17A016,800643,17A,L,acetylcholine,1,lf,lf,140.0,2469.0,309.0,2675,0.052,123.0,0.3,16.7,lf->rf rf->lf lf->rh,contralateral
IN01A015,803587,01A,L,acetylcholine,1,rf,rf,140.0,1404.0,637.0,1474,0.095,21.6,118.0,0.4,rf->rm rf->lf rm->rf,ipsilateral
INXXX405,908221,XXX (unassigned),R,acetylcholine,1,lh,rh|lh,140.0,199.0,0.0,1955,0.072,140.0,0.0,0.0,lh->rh,contralateral
IN23B013,801623,23B,L,acetylcholine,1,lh,lh|lm|rm,139.9,285.0,0.0,1606,0.087,17.4,69.9,52.6,lh->lm lh->rm lh->rh,both
IN09A055,811731,09A,L,gaba,-1,lh|lf,lh|rh,139.9,275.0,0.0,462,0.303,49.0,73.9,17.0,lh->rh lf->lh lh->lm,both
IN04B019,903833,04B,L,acetylcholine,1,lf,lf,139.9,801.0,295.0,934,0.15,36.7,60.7,42.5,lf->lm lf->rh lf->rf,both
IN09A077,908927,09A,L,gaba,-1,lm|lf,lf|lm,139.9,231.0,26.0,293,0.477,9.1,101.9,28.9,lm->lf lf->lm,ipsilateral
IN09A007,800402,09A,R,gaba,-1,rh,rh|rm,139.8,356.0,0.0,4500,0.031,24.6,106.9,8.4,rh->rm lh->rh,ipsilateral
IN21A018,904236,21A,L,acetylcholine,1,lm,lm,139.7,2367.0,309.0,4255,0.033,15.8,99.1,24.8,lh->lm lm->lf rh->lm,ipsilateral
IN13B020,804823,13B,L,gaba,-1,rh,rh,139.6,1270.0,16.0,1336,0.105,92.1,45.7,1.8,rh->lh lh->rh rh->rm,both
IN01B023_c,804789,01B,R,gaba,-1,rm,rm|rh,139.4,683.0,0.0,1207,0.115,0.0,139.4,0.0,rm->rh,ipsilateral
IN02A038,811172,02A,R,glutamate,-1,rm|rf,rh,139.1,143.0,0.0,344,0.404,0.0,134.1,5.0,rm->rh rf->rh,ipsilateral
IN03A037,806701,03A,R,acetylcholine,1,rh,rh,139.0,949.0,90.0,1093,0.127,124.0,15.0,0.0,rh->lh rh->rm,contralateral
IN17A053,807325,17A,L,acetylcholine,1,lf|lm|lh,lf|lm|lh,139.0,194.0,6.0,387,0.359,12.8,100.4,25.8,lm->lf lf->lm,ipsilateral
TN1c_a,810032,-,L,acetylcholine,1,lf|lm,lh|lm|rh,139.0,154.0,0.0,1048,0.133,0.0,111.0,28.0,lf->lh lm->lh lf->lm,ipsilateral
IN21A054,810817,21A,L,glutamate,-1,lh|lf|lm,lh,139.0,248.0,8.0,391,0.355,3.5,129.0,6.5,lf->lh lm->lh,ipsilateral
INXXX044,800912,XXX (unassigned),R,gaba,-1,rh|rm,rh|lm|lh,138.9,193.0,0.0,4467,0.031,31.5,57.6,49.9,rh->lm rm->rh rh->lh,both
IN09B008,801596,09B,L,glutamate,-1,rf|lf,rf|rm,138.8,290.0,0.0,1630,0.085,63.8,53.5,21.5,lf->rf rf->rm lf->rm,both
INXXX300,803430,XXX (unassigned),L,gaba,-1,rh|lh,rh|lh,138.7,284.0,0.0,2335,0.059,133.7,2.9,2.1,lh->rh rh->lh,contralateral
IN08B063,908854,08B,L,acetylcholine,1,lh|lf,rm|lm|rh,138.7,162.0,0.0,404,0.343,24.8,52.6,61.4,lh->rm lh->lm lh->rh,both
IN17A092,808157,17A,L,acetylcholine,1,lh|lm,lm|lh,138.5,201.0,5.0,303,0.457,18.2,103.5,16.7,lh->lm lm->lh,ipsilateral
IN13B011,801378,13B,R,gaba,-1,lh,lh,138.4,2049.0,450.0,2683,0.052,61.2,75.4,1.8,lh->rh lm->lh lh->lm,both
IN04B089,804719,04B,R,acetylcholine,1,rm,rm|rh,138.3,392.0,23.0,697,0.198,0.6,128.3,9.4,rm->rh rh->rm rf->rm,ipsilateral
IN04B103,811614,04B,R,acetylcholine,1,rh|rm|rf,rm,138.3,203.0,73.0,209,0.662,0.0,138.3,0.0,rh->rm rf->rm,ipsilateral
IN03A044,905299,03A,L,acetylcholine,1,lm,lm,138.3,1346.0,717.0,1524,0.091,0.7,131.3,6.3,lh->lm,ipsilateral
IN18B038,806440,18B,R,acetylcholine,1,lm|rm,lm,138.2,320.0,104.0,457,0.302,56.3,40.0,41.9,rm->lm rh->lm lh->lm,both
IN03A059,805094,03A,L,acetylcholine,1,lh,lh,138.1,661.0,11.0,784,0.176,68.2,64.9,5.0,rh->lh lh->lm lm->lh,both
IN07B080,809291,07B,L,acetylcholine,1,rm|lh,rm,138.0,276.0,73.0,306,0.451,39.2,17.0,81.8,lh->rm lm->rm lf->rm,both
GFC3,810440,-,R,acetylcholine,1,rh|rm|lm,rh,138.0,337.0,75.0,394,0.35,0.0,76.9,61.1,rm->rh lm->rh,both
GFC3,807558,-,L,acetylcholine,1,lh|lf|lm,lh,137.9,293.0,94.0,313,0.441,0.0,120.6,17.2,lf->lh lm->lh rm->lh,ipsilateral
IN12B072,809033,12B,L,gaba,-1,rm|lm,rm|lm,137.9,286.0,0.0,337,0.409,110.2,6.8,20.9,lm->rm rm->lm lf->rm,contralateral
IN16B045,805248,16B,R,glutamate,-1,rh,rh,137.8,773.0,156.0,1040,0.133,10.5,118.8,8.5,rm->rh rh->rm,ipsilateral
IN13A007,800278,13A,R,gaba,-1,rh,rh,137.6,1251.0,46.0,4287,0.032,19.6,109.6,8.4,rh->rm rh->lh,ipsilateral
IN21A020,802112,21A,R,acetylcholine,1,rh,rh,137.6,1301.0,286.0,1429,0.096,14.6,97.6,25.5,rh->rm rm->rh lf->rh,ipsilateral
IN12B063_a,806858,12B,R,gaba,-1,rh|lh,lm|rm,137.6,154.0,0.0,687,0.2,16.4,51.2,70.0,rh->lm lh->lm rh->rm,both
IN08A005,800707,08A,L,glutamate,-1,lm,lm,137.5,3486.0,412.0,3777,0.036,46.0,90.9,0.7,lm->lh lm->rm lf->lm,both
IN14A018,807231,14A,R,glutamate,-1,lh,lh,137.2,589.0,0.0,787,0.174,113.2,22.2,1.8,lh->rh rh->lh lh->lm,contralateral
IN04B034,805351,04B,L,acetylcholine,1,lf,lf,137.1,921.0,348.0,1011,0.136,137.1,0.0,0.0,lf->rf,contralateral
INXXX076,801870,XXX (unassigned),L,acetylcholine,1,lh,rh|lh,137.0,175.0,33.0,2557,0.054,103.0,12.0,22.0,lh->rh lh->rm,contralateral
IN12B033,806939,12B,R,gaba,-1,lf,lf|lm,137.0,308.0,30.0,674,0.203,6.0,126.0,5.0,lf->lm,ipsilateral
IN20A.22A017,807377,20A/22A,R,acetylcholine,1,rm|rh,rm,136.9,439.0,17.0,522,0.262,5.9,110.5,20.4,rh->rm rf->rm lf->rm,ipsilateral
IN03A067,808319,03A,L,acetylcholine,1,lf,lf|lm,136.9,343.0,58.0,410,0.334,52.9,83.0,1.0,lf->lm lf->rf,both
IN01A030,904831,01A,R,acetylcholine,1,lf|lm,lf,136.9,578.0,189.0,661,0.207,7.6,119.9,9.4,lm->lf lf->lm lh->lf,ipsilateral
IN19B016,801538,19B,R,acetylcholine,1,lh|rh,rh|lh,136.7,212.0,79.0,3962,0.035,75.1,32.5,29.1,lh->rh rh->lh lh->lm,both
IN09A013,801744,09A,L,gaba,-1,lh,lh,136.7,1493.0,0.0,2943,0.046,84.5,50.2,2.0,lh->rh lf->lh rh->lh,both
IN18B048,807940,18B,L,acetylcholine,1,lh,lh|rh,136.7,290.0,102.0,335,0.408,126.0,6.0,4.7,lh->rh,contralateral
IN01A069,940391,01A,R,acetylcholine,1,lf|lh|lm,lf,136.7,218.0,0.0,343,0.398,26.4,106.9,3.3,lh->lf lm->lf rf->lf,ipsilateral
IN23B012,802415,23B,R,acetylcholine,1,rh|lh,lh|rh|lm,136.4,189.0,0.0,1326,0.103,73.5,28.6,34.2,rh->lh rh->lm rh->rm,both
IN20A.22A039,806760,20A/22A,R,acetylcholine,1,rm,rm,136.3,529.0,13.0,780,0.175,8.5,127.3,0.5,rm->rh rm->rf rh->rm,ipsilateral
IN14A007,801690,14A,L,glutamate,-1,rh,rh,136.2,2665.0,151.0,2945,0.046,60.1,75.2,0.9,rh->lh rh->rm rm->rh,both
IN03A075,805265,03A,L,acetylcholine,1,lh,lh,136.2,748.0,396.0,791,0.172,60.8,74.2,1.2,lh->lm lh->rh,both
IN19B054,810345,19B,L,acetylcholine,1,rh|rf|lh,rf,136.2,198.0,17.0,302,0.451,0.0,77.3,58.9,rh->rf lh->rf,both
IN01A047,906682,01A,L,acetylcholine,1,lf|lm,lf|rf,136.1,217.0,26.0,318,0.428,59.3,38.7,38.0,lf->rf lm->lf rf->lf,both
INXXX246,803188,XXX (unassigned),R,acetylcholine,1,rh,rh|lh,136.0,288.0,0.0,2256,0.06,136.0,0.0,0.0,rh->lh,contralateral
IN06B083,806919,06B,L,gaba,-1,rm|rh,rh|rm,136.0,182.0,0.0,992,0.137,20.3,103.0,12.7,rm->rh rm->lm,ipsilateral
GFC1,811175,-,R,acetylcholine,1,lm|rm,lm|lf,136.0,207.0,155.0,336,0.405,29.9,77.1,29.0,lm->lf rm->lm rm->lf,both
IN08A034,813389,08A,R,glutamate,-1,rf|rh|rm,rf,135.9,326.0,49.0,343,0.396,3.6,129.9,2.4,rh->rf rm->rf,ipsilateral
IN09A043,811740,09A,R,gaba,-1,rf|rm,rh|rm,135.8,152.0,0.0,302,0.45,0.0,135.8,0.0,rf->rh rf->rm rm->rh,ipsilateral
INXXX400,805358,XXX (unassigned),R,acetylcholine,1,rh|rm,lh|rh,135.7,190.0,0.0,1289,0.105,72.3,25.7,37.7,rh->lh rm->lh rm->rh,both
IN12B068_b,807606,12B,R,gaba,-1,rh|lh,lh,135.7,201.0,0.0,517,0.263,105.8,20.0,9.9,rh->lh lm->lh,contralateral
IN20A.22A017,805740,20A/22A,R,acetylcholine,1,rh,rh,135.6,653.0,6.0,773,0.175,26.8,46.3,62.5,lm->rh lf->rh rh->rm,both
IN13B018,802725,13B,L,gaba,-1,rh,rh,135.5,1702.0,622.0,1978,0.069,10.9,124.5,0.1,rh->rm rf->rh,ipsilateral
IN14A008,802810,14A,L,glutamate,-1,rf,rf,135.4,1430.0,214.0,1714,0.079,135.4,0.0,0.0,lf->rf,contralateral
IN13A004,800394,13A,L,gaba,-1,lm,lm,135.2,1217.0,5.0,7078,0.019,6.3,128.4,0.5,lm->lf lf->lm,ipsilateral
IN03A085,811096,03A,L,acetylcholine,1,lf|lh,lf,135.2,298.0,71.0,331,0.409,0.0,135.2,0.0,lh->lf lm->lf,ipsilateral
IN13A006,904707,13A,L,gaba,-1,lf,lf,135.1,2770.0,918.0,3148,0.043,90.8,33.9,10.3,rf->lf lf->rf lf->lm,both
IN03A022,804415,03A,R,acetylcholine,1,rf,rf,135.0,830.0,68.0,956,0.141,53.4,80.0,1.6,rf->rm rf->lf rm->rf,both
IN13B033,804771,13B,R,gaba,-1,lm,lm,135.0,1178.0,114.0,1474,0.092,17.0,118.0,0.0,lm->lf lm->lh lm->rm,ipsilateral
IN03A067,807470,03A,R,acetylcholine,1,rm,rm|rh,135.0,442.0,84.0,583,0.232,0.0,135.0,0.0,rm->rh rm->rf,ipsilateral
IN01B062,909572,01B,L,gaba,-1,lh,lh,135.0,733.0,0.0,1350,0.1,26.0,90.0,19.0,lh->lm lh->rh lh->rm,both
IN02A036,813282,02A,R,glutamate,-1,rm|lm|rf,rm|rf,134.7,203.0,0.0,283,0.476,47.6,69.5,17.7,rf->rm lm->rm rm->rf,both
IN18B054,811794,18B,L,acetylcholine,1,lh|rm,rm,134.6,178.0,0.0,330,0.408,6.5,22.5,105.6,lh->rm rh->rm,both
IN17A022,804294,17A,R,acetylcholine,1,rf,rf,134.5,835.0,0.0,959,0.14,45.9,84.1,4.5,rf->rm rf->lf rh->rf,both
IN01A082,812467,01A,R,acetylcholine,1,lh,lh,134.5,423.0,80.0,493,0.273,45.3,31.7,57.5,rh->lh rm->lh lh->rf,both
IN14A039,810330,14A,R,glutamate,-1,lh,lh,134.3,477.0,12.0,615,0.218,16.8,81.8,35.7,lf->lh lm->lh rm->lh,both
IN06B064,807242,06B,R,gaba,-1,lm|lh,lh|lm,134.2,224.0,0.0,1073,0.125,13.5,104.2,16.5,lm->lh lh->lm,ipsilateral
IN01A075,809744,01A,L,acetylcholine,1,lf|lm|rf,rf,134.2,179.0,64.0,196,0.685,69.2,0.0,65.1,lf->rf lm->rf,both
IN19A024,801786,19A,R,gaba,-1,rf,rf,134.1,1269.0,43.0,1379,0.097,75.3,46.2,12.6,rf->lf rm->rf lf->rf,both
IN23B032,905134,23B,R,acetylcholine,1,rm,rm|rh,134.1,523.0,0.0,808,0.166,0.0,134.1,0.0,rm->rh,ipsilateral
INXXX297,801169,XXX (unassigned),L,acetylcholine,1,lh,lh|rh,134.0,276.0,0.0,3278,0.041,134.0,0.0,0.0,lh->rh,contralateral
IN14A010,802718,14A,L,glutamate,-1,rh,rh,134.0,1499.0,36.0,2061,0.065,63.1,48.5,22.4,rh->lh rm->rh rh->lf,both
IN21A063,805064,21A,R,glutamate,-1,rf|rm,rm,134.0,231.0,97.0,291,0.46,0.0,134.0,0.0,rf->rm rh->rm,ipsilateral
IN12B029,806399,12B,R,gaba,-1,lm,lm|rm,134.0,433.0,0.0,884,0.152,119.0,15.0,0.0,lm->rm lm->lf,contralateral
IN09A049,808815,09A,R,gaba,-1,rh,rh,134.0,728.0,5.0,819,0.164,56.0,73.0,5.0,rh->rm rh->lh,both
IN01B024,804290,01B,R,gaba,-1,rm|lf,rm,133.8,520.0,28.0,860,0.156,0.0,3.8,130.0,lf->rm,both
IN17A051,805607,17A,R,acetylcholine,1,rm|rh,lf|rm|lh|rh,133.7,166.0,8.0,574,0.233,19.2,51.7,62.8,rm->lf rh->lf rm->lh,both
IN04B034,800487,04B,R,acetylcholine,1,rf,rf|lf,133.6,513.0,136.0,632,0.211,97.7,31.8,4.0,rf->lf rf->rh rm->rf,contralateral
IN04B049_a,804920,04B,L,acetylcholine,1,lm,lm,133.4,1039.0,195.0,1192,0.112,0.0,133.4,0.0,lm->lh lh->lm,ipsilateral
IN13A022,1050765441,13A,R,gaba,-1,rm|rh,rm,133.4,444.0,44.0,816,0.164,46.3,79.1,8.0,rh->rm rm->lm lm->rm,both
IN05B087,808299,05B,L,gaba,-1,lh,lh|rh|lm,133.3,212.0,0.0,555,0.24,59.9,50.3,23.1,lh->rh lh->lm lh->rm,both
IN12A037,902257,12A,L,acetylcholine,1,lf,lf,133.3,310.0,0.0,483,0.276,42.7,52.8,37.8,rf->lf lf->rh lm->lf,both
IN09B005,800813,09B,R,glutamate,-1,lf,lf,133.0,614.0,0.0,2415,0.055,35.2,86.8,11.0,lf->lm rf->lf,both
IN06A063,801108,06A,R,glutamate,-1,rh,lh|rh,133.0,228.0,0.0,1598,0.083,117.0,16.0,0.0,rh->lh rh->rm,contralateral
IN09A037,808443,09A,L,gaba,-1,lh,lh|lm,133.0,678.0,5.0,782,0.17,11.0,122.0,0.0,lh->lm,ipsilateral
IN01B052,808983,01B,L,gaba,-1,lh,lh|rh,133.0,395.0,0.0,663,0.201,82.0,45.0,6.0,lh->rh lh->lm,both
IN06A063,904940,06A,L,glutamate,-1,lh,lh|rh,133.0,261.0,0.0,1718,0.077,113.0,0.0,20.0,lh->rh lh->rm,contralateral
IN03B036,801384,03B,R,gaba,-1,rm|lm,rm|lm,132.9,262.0,138.0,708,0.188,121.8,5.7,5.4,lm->rm rm->lm,contralateral
IN03A075,805852,03A,L,acetylcholine,1,lh,lh,132.9,602.0,248.0,730,0.182,75.7,54.9,2.3,lh->rh lh->lm lf->lh,both
"IN17A088,IN17A089",905632,17A,L,acetylcholine,1,lh|lm|lf,lm|lh,132.9,200.0,64.0,562,0.236,12.9,98.9,21.1,lh->lm lm->lh lf->lm,ipsilateral
IN23B007,800027,23B,L,acetylcholine,1,lm,lm,132.8,1317.0,15.0,2592,0.051,48.8,82.8,1.2,lm->rm lm->lf lm->lh,both
IN03A027,806961,03A,R,acetylcholine,1,rh,rh,132.8,1419.0,16.0,1672,0.079,71.4,60.8,0.6,rh->lh rh->rm,both
IN12B068_a,805126,12B,R,gaba,-1,rh|lm|lh,lh|rh,132.7,172.0,0.0,796,0.167,64.8,50.0,17.9,rh->lh lm->lh,both
IN01A064,809847,01A,L,acetylcholine,1,rh,rh,132.7,657.0,251.0,689,0.193,94.4,7.3,31.0,lh->rh lm->rh,contralateral
IN18B040,804469,18B,R,acetylcholine,1,rh,rh|lm,132.6,303.0,125.0,904,0.147,17.7,4.8,110.1,rh->lm rh->lh rh->lf,both
IN11A043,815564,11A,L,acetylcholine,1,rm|lm|lh,lh,132.6,181.0,68.0,336,0.395,6.8,54.9,70.9,rm->lh lm->lh,both
IN12B072,809900,12B,L,gaba,-1,rm|lm,rm,132.4,239.0,6.0,327,0.405,76.5,17.6,38.3,lm->rm lf->rm lh->rm,both
IN12B066_f,810795,12B,L,gaba,-1,lm|rm,rm|lm,132.4,192.0,0.0,302,0.438,98.1,13.6,20.6,lm->rm lf->rm,contralateral
IN13A007,801018,13A,L,gaba,-1,lh,lh,132.0,1030.0,103.0,3393,0.039,10.0,122.0,0.0,lh->lm,ipsilateral
IN11A027_b,811125,11A,L,acetylcholine,1,rm,lh,132.0,132.0,0.0,246,0.537,0.0,0.0,132.0,rm->lh,both
IN04B095,805546,04B,L,acetylcholine,1,lh,lh|rh,131.9,311.0,26.0,593,0.222,100.0,14.9,17.0,lh->rh,contralateral
IN12B072,808358,12B,R,gaba,-1,lm|rm,lm,131.8,374.0,0.0,427,0.309,98.8,12.7,20.3,rm->lm lm->rm rh->lm,contralateral
INXXX340,902652,XXX (unassigned),L,gaba,-1,lh|rh,lh|rh,131.8,216.0,5.0,906,0.146,68.3,33.7,29.9,lh->rh rh->lh,both
IN04B064,804379,04B,L,acetylcholine,1,lh,lh,131.7,618.0,32.0,1082,0.122,71.3,56.0,4.4,lh->rh lm->lh rh->lh,both
IN20A.22A008,802481,20A/22A,R,acetylcholine,1,rh,rh,131.6,2022.0,584.0,2766,0.048,111.9,18.6,1.1,rh->lh rm->rh,contralateral
INXXX294,803857,XXX (unassigned),R,acetylcholine,1,rh|rm,lh|rh,131.6,173.0,6.0,2775,0.047,103.6,6.1,21.8,rh->lh rm->lh,contralateral
IN03A022,804497,03A,R,acetylcholine,1,rf,rf,131.6,624.0,46.0,790,0.167,50.7,79.6,1.3,rf->rm rf->lf,both
IN14A017,806670,14A,L,glutamate,-1,rm|lf,rm,131.5,680.0,11.0,849,0.155,10.0,12.0,109.5,lf->rm,both
IN13A028,804599,13A,L,gaba,-1,lh,lh,131.4,660.0,13.0,831,0.158,51.8,74.3,5.2,lm->lh lh->rh,both
IN12B068_a,805102,12B,L,gaba,-1,rh|lh|rm,rh,131.4,220.0,0.0,941,0.14,57.6,40.7,33.2,lh->rh rm->rh lm->rh,both
IN09A064,903784,09A,R,gaba,-1,rm|lm,rm|rh,131.4,213.0,34.0,327,0.402,71.4,32.0,28.0,lm->rm rm->rh lm->rh,both
IN05B038,801250,05B,R,gaba,-1,lh|rh,rm|lm,131.1,132.0,0.0,2893,0.045,4.1,36.2,90.8,lh->rm rh->rm lh->lm,both
IN23B060,805196,23B,L,acetylcholine,1,lm,lm|lf,131.1,263.0,0.0,659,0.199,26.9,94.0,10.3,lm->lf lm->lh lm->rm,ipsilateral
IN08B077,806081,08B,L,acetylcholine,1,lm|lf,lh|rm|rh,131.1,136.0,0.0,734,0.179,29.3,47.6,54.2,lm->lh lm->rm lm->rh,both
IN01A083_b,904699,01A,L,acetylcholine,1,lf,rf|lf,131.1,201.0,23.0,344,0.381,97.7,12.1,21.3,lf->rf lm->rf,contralateral
IN01B034,806739,01B,R,gaba,-1,rh,rh,131.0,676.0,0.0,1126,0.116,38.0,93.0,0.0,rh->rm rh->lh,ipsilateral
IN01B050_a,809830,01B,R,gaba,-1,rh,rh|lh,131.0,507.0,0.0,696,0.188,89.0,42.0,0.0,rh->lh rh->rm,both
IN05B041,802716,05B,L,gaba,-1,rh|lf,rh|lh|rm,130.6,172.0,6.0,2498,0.052,31.4,45.0,54.2,lf->rh rh->lh lh->rh,both
IN05B064_b,812355,05B,L,gaba,-1,lf|lm,lm,130.6,155.0,0.0,345,0.379,0.0,130.6,0.0,lf->lm lh->lm,ipsilateral
IN04B017,902944,04B,L,acetylcholine,1,lm,lm,130.6,886.0,168.0,1209,0.108,0.0,130.6,0.0,lf->lm lh->lm,ipsilateral
IN08A048,808749,08A,R,glutamate,-1,rh|rm,rh,130.3,637.0,383.0,637,0.205,7.4,121.3,1.6,rm->rh rf->rh,ipsilateral
IN08B045,809082,08B,L,acetylcholine,1,lm|lf,rm|rf|rh,130.2,144.0,59.0,393,0.331,53.2,14.6,62.5,lm->rm lf->rm lm->rf,both
IN12B066_e,809310,12B,R,gaba,-1,lm|rm,lm|rm,130.2,327.0,5.0,352,0.37,114.7,13.0,2.5,rm->lm lm->rm,contralateral
IN01A064,812344,01A,R,acetylcholine,1,lh|rh,lh,130.1,330.0,114.0,342,0.381,130.1,0.0,0.0,rh->lh,contralateral
IN13B033,807194,13B,R,gaba,-1,lm,lm,130.0,742.0,36.0,958,0.136,10.0,120.0,0.0,lm->lh lm->lf,ipsilateral
"IN14A042,IN14A047",809660,14A,L,glutamate,-1,rm,rm,130.0,643.0,0.0,713,0.182,130.0,0.0,0.0,lm->rm rm->lm,contralateral
IN19A021,903413,19A,R,gaba,-1,rf,rf|rm,130.0,417.0,61.0,476,0.273,34.0,96.0,0.0,rf->rm rf->lf,ipsilateral
vMS11,906107,-,R,glutamate,-1,rh,rm,130.0,130.0,61.0,988,0.132,0.0,130.0,0.0,rh->rm,ipsilateral
IN23B049,909568,23B,L,acetylcholine,1,lh,lh|lm|rh,130.0,374.0,0.0,928,0.14,62.0,68.0,0.0,lh->lm lh->rh,both
IN04B032,805506,04B,L,acetylcholine,1,lh,lh,129.9,700.0,173.0,818,0.159,58.5,64.9,6.5,rh->lh lm->lh lh->lm,both
IN04B030,934194,04B,R,acetylcholine,1,rm|lm,rm,129.9,271.0,0.0,344,0.378,119.5,0.6,9.8,lm->rm,contralateral
IN02A023,806297,02A,R,glutamate,-1,rm|rh,rh,129.6,211.0,37.0,818,0.158,18.2,91.6,19.8,rm->rh rm->lh rh->lh,ipsilateral
INXXX044,800660,XXX (unassigned),R,gaba,-1,rm|rh,rh|rf|rm,129.5,170.0,0.0,3224,0.04,13.0,112.5,4.0,rm->rh rm->rf rm->lm,ipsilateral
IN03A023,800396,03A,L,acetylcholine,1,lf,lf,129.4,973.0,260.0,1059,0.122,47.4,78.5,3.5,lm->lf lf->rf,both
IN14A043,810415,14A,R,glutamate,-1,lm|lf,lm,129.4,448.0,0.0,582,0.222,0.0,129.4,0.0,lf->lm lh->lm,ipsilateral
IN04B064,908338,04B,R,acetylcholine,1,rh,rh,129.2,511.0,34.0,919,0.141,48.0,64.6,16.6,rm->rh rh->lh rh->rm,both
INXXX217,803987,XXX (unassigned),R,gaba,-1,rh|rm,lh|rh,129.0,182.0,0.0,939,0.137,84.8,17.0,27.2,rh->lh rm->lh rm->rh,both
IN23B053,807173,23B,R,acetylcholine,1,rh,rh|rm,129.0,314.0,0.0,596,0.216,46.0,83.0,0.0,rh->rm rh->lh,both
IN20A.22A049,807225,20A/22A,L,acetylcholine,1,lf,lf,129.0,540.0,56.0,603,0.214,58.0,71.0,0.0,lf->lm lf->rf,both
IN21A062,909769,21A,R,glutamate,-1,rh|rm,rh,129.0,443.0,113.0,500,0.258,6.5,120.0,2.5,rm->rh,ipsilateral
IN21A019,802128,21A,R,glutamate,-1,rm,rm,128.7,1161.0,22.0,1998,0.064,0.9,83.4,44.4,rm->rf rm->lh rh->rm,both
IN14A025,807474,14A,L,glutamate,-1,rm,rm,128.6,918.0,0.0,948,0.136,71.6,53.3,3.7,lm->rm rm->rh rm->lm,both
IN14A009,802082,14A,R,glutamate,-1,lh,lh,128.5,1657.0,10.0,2051,0.063,47.8,80.5,0.2,lh->lm lh->rh,both
IN20A.22A017,806084,20A/22A,R,acetylcholine,1,rm,rm,128.4,571.0,9.0,680,0.189,0.3,101.7,26.4,rh->rm lf->rm rf->rm,ipsilateral
IN23B011,800528,23B,L,acetylcholine,1,lh,lh|rm|lf|lm,128.3,218.0,0.0,1308,0.098,4.4,78.7,45.2,lh->rm lh->lf lh->lm,both
IN05B041,802714,05B,R,gaba,-1,rh|lf|lh,lh|rm|rh,128.2,157.0,21.0,2642,0.049,35.4,51.5,41.3,rh->lh rh->rm,both
IN03A059,804562,03A,L,acetylcholine,1,lh,lh,128.2,706.0,36.0,792,0.162,54.1,71.4,2.8,rh->lh lm->lh lh->lm,both
IN20A.22A044,807439,20A/22A,L,acetylcholine,1,lh,lh|lm,128.2,341.0,80.0,398,0.322,43.1,79.2,5.9,lh->lm lh->rh lm->lh,both
IN07B044,808271,07B,R,acetylcholine,1,rm,rm|lm,128.1,287.0,5.0,545,0.235,44.6,27.6,56.0,rm->lm rm->lf lf->rm,both
IN00A050,800690,00A,M,gaba,-1,lm|lh|rm,rm|lm,128.0,176.0,0.0,787,0.163,54.1,32.1,41.8,lm->rm lh->rm lh->lm,both
IN19B020,802168,19B,R,acetylcholine,1,rh,lh|rh|lm,128.0,204.0,27.0,2498,0.051,94.0,0.0,34.0,rh->lh rh->lm,contralateral
IN12B036,804092,12B,R,gaba,-1,lh,lh,128.0,669.0,0.0,1381,0.093,57.0,71.0,0.0,lh->lm lh->rh,both
INXXX217,805342,XXX (unassigned),L,gaba,-1,lh,rh|lh,128.0,241.0,0.0,934,0.137,128.0,0.0,0.0,lh->rh,contralateral
IN11A021,805604,11A,L,acetylcholine,1,lf|lm,rm|lm|lh,128.0,141.0,0.0,920,0.139,23.9,49.0,55.1,lf->rm lf->lm lm->rm,both
IN12B043,808197,12B,R,gaba,-1,lf,lf|lm,128.0,300.0,7.0,412,0.311,31.0,89.0,8.0,lf->lm lf->rf,both
IN12B043,903586,12B,R,gaba,-1,lh,lh|lm|rh,128.0,331.0,19.0,451,0.284,61.0,61.0,6.0,lh->rh lh->lm,both
IN17A022,800792,17A,L,acetylcholine,1,lf,lf,127.8,1277.0,6.0,1620,0.079,50.8,69.6,7.4,lf->lm rf->lf lf->rf,both
IN20A.22A015,805210,20A/22A,L,acetylcholine,1,lf|lm,lf,127.6,414.0,127.0,441,0.289,7.7,93.6,26.3,lm->lf lh->lf lf->rh,ipsilateral
IN09A007,801202,09A,L,gaba,-1,lh,lh|lm,127.5,264.0,0.0,3686,0.035,16.9,99.0,11.6,lh->lm lm->lh,ipsilateral
IN21A020,803175,21A,R,acetylcholine,1,rf,rf,127.3,485.0,61.0,646,0.197,1.6,96.0,29.7,rm->rf rh->rf rf->rm,ipsilateral
IN19B007,801028,19B,R,acetylcholine,1,lh|rh,lh|rh,127.1,241.0,0.0,4056,0.031,101.9,11.1,14.2,lh->rh rh->lh,contralateral
IN20A.22A003,803228,20A/22A,R,acetylcholine,1,rm,rm,127.1,1248.0,210.0,1481,0.086,0.0,127.1,0.0,rf->rm rh->rm,ipsilateral
IN04B105,808467,04B,L,acetylcholine,1,lh|lm,lh,127.1,353.0,11.0,415,0.306,0.0,127.1,0.0,lm->lh lf->lh,ipsilateral
IN12B050,812799,12B,R,gaba,-1,rh|rm,lm|rm,127.1,156.0,111.0,191,0.665,43.9,33.1,50.1,rh->lm rm->lm rh->rm,both
IN03A075,908615,03A,R,acetylcholine,1,rm|rh,rm,127.1,371.0,79.0,442,0.288,7.3,60.0,59.9,rh->rm rm->lh lf->rm,both
IN14A013,802536,14A,R,glutamate,-1,lh,lh,127.0,1862.0,113.0,2302,0.055,127.0,0.0,0.0,lh->rh,contralateral
IN20A.22A049,806755,20A/22A,L,acetylcholine,1,lm,lm,127.0,721.0,9.0,941,0.135,25.0,102.0,0.0,lm->lf lm->lh lm->rm,ipsilateral
IN01B054,808290,01B,R,gaba,-1,rm,rm|rh,127.0,354.0,0.0,508,0.25,0.0,117.0,10.0,rm->rh rm->rf,ipsilateral
IN09A049,808481,09A,L,gaba,-1,lf|lm,lf,127.0,360.0,0.0,416,0.305,16.5,105.0,5.5,lm->lf lf->lm lf->rf,ipsilateral
IN16B077,808784,16B,R,glutamate,-1,rf,rf|rm,127.0,415.0,5.0,468,0.271,19.0,108.0,0.0,rf->rm rf->lf,ipsilateral
IN09A042,809499,09A,L,gaba,-1,lh,lh,127.0,513.0,0.0,658,0.193,51.0,76.0,0.0,lh->lm lh->rh,both
IN23B053,810804,23B,L,acetylcholine,1,lh,lh|lm,127.0,314.0,0.0,666,0.191,41.0,86.0,0.0,lh->lm lh->rh,both
IN03B034,903847,03B,L,gaba,-1,lf|rh|rf,rh|lh|lm,127.0,149.0,0.0,2615,0.049,20.0,49.8,57.1,lf->rh lf->lh rf->rh,both
IN13A021,907793,13A,L,gaba,-1,lm,lm,126.9,1153.0,252.0,1479,0.086,15.9,109.3,1.7,lm->lf rm->lm,ipsilateral
IN23B024,802420,23B,L,acetylcholine,1,lh,lh,126.8,507.0,16.0,2001,0.063,54.6,62.3,9.9,lh->lm lh->rh,both
IN13B056,807057,13B,L,gaba,-1,rh,rh,126.8,680.0,0.0,725,0.175,12.0,99.4,15.4,rm->rh rh->rm lm->rh,ipsilateral
IN07B066,809891,07B,L,acetylcholine,1,lh|lm|rm,rm|rh|lm,126.8,148.0,0.0,510,0.249,44.1,29.5,53.2,lh->rm lh->rh lh->lm,both
IN09A016,801935,09A,L,gaba,-1,lf,lf|lh,126.7,224.0,0.0,1948,0.065,31.7,65.7,29.3,lf->lh lf->rf lf->rh,both
IN03A081,807598,03A,R,acetylcholine,1,rm,rm,126.7,407.0,101.0,487,0.26,3.7,57.2,65.8,rm->lh rm->rh rh->rm,both
IN16B056,808575,16B,L,glutamate,-1,lf|rf,lf,126.6,507.0,96.0,629,0.201,126.6,0.0,0.0,rf->lf lf->rf,contralateral
IN11A046,803169,11A,R,acetylcholine,1,lh,lh,126.4,554.0,464.0,577,0.219,26.0,29.4,71.0,rm->lh rh->lh rf->lh,both
IN09B046,934616,09B,R,glutamate,-1,lh|rh,lh|rh,126.4,194.0,0.0,745,0.17,61.4,38.5,26.5,lh->rh lh->lm rh->lh,both
IN06A005,801053,06A,L,gaba,-1,lh|rf|lf,rh|lh|rm,126.2,150.0,0.0,3350,0.038,36.5,44.5,45.2,lh->rh rf->rh,both
IN06A117,807318,06A,R,gaba,-1,rh|lh,lh,126.2,162.0,0.0,752,0.168,123.1,0.3,2.8,rh->lh,contralateral
IN01A059,804320,01A,R,acetylcholine,1,lh,lh|rh,126.0,277.0,0.0,648,0.194,121.0,0.0,5.0,lh->rh,contralateral
IN23B053,807679,23B,L,acetylcholine,1,lh,lh|lm,126.0,304.0,0.0,565,0.223,34.0,86.0,6.0,lh->lm lh->rh,both
IN03B071,808496,03B,L,gaba,-1,lh,rh|lm|lh,126.0,179.0,0.0,866,0.145,60.0,66.0,0.0,lh->rh lh->lm,both
IN04B108,809612,04B,L,acetylcholine,1,lm|lh,lm,125.9,380.0,83.0,434,0.29,0.0,125.9,0.0,lh->lm,ipsilateral
IN12B027,807323,12B,R,gaba,-1,lf|lh,lf|lm,125.8,237.0,84.0,489,0.257,0.0,125.8,0.0,lh->lf lf->lm lm->lf,ipsilateral
IN07B055,807919,07B,R,acetylcholine,1,rm,rm|lm|lh,125.8,229.0,6.0,514,0.245,60.2,26.8,38.9,rm->lm rm->lh rh->rm,both
IN21A052,808655,21A,L,glutamate,-1,lm|lf|lh,lm,125.7,384.0,63.0,407,0.309,0.0,125.7,0.0,lh->lm lf->lm,ipsilateral
GFC3,906088,-,L,acetylcholine,1,lh|rm,lh,125.6,298.0,57.0,356,0.353,0.0,78.9,46.7,rm->lh lm->lh lf->lh,both
IN08A007,931203,08A,L,glutamate,-1,lf,lf,125.6,1702.0,571.0,1746,0.072,62.4,62.1,1.0,lf->rf lf->lm lh->lf,both
IN04B089,804858,04B,L,acetylcholine,1,lm,lm|lh,125.5,335.0,18.0,750,0.167,0.0,125.5,0.0,lm->lh lm->lf,ipsilateral
IN07B065,808687,07B,L,acetylcholine,1,rh|rm|lm,rm|rh,125.5,167.0,6.0,239,0.525,31.8,50.5,43.2,rh->rm,both
IN20A.22A036,808866,20A/22A,R,acetylcholine,1,rm,rm,125.5,388.0,95.0,388,0.324,34.8,87.4,3.3,rh->rm lm->rm rm->rh,both
IN01A084,816078,01A,R,acetylcholine,1,lh|rh|lf,lh|lm|rm,125.5,175.0,0.0,279,0.45,30.7,58.8,36.0,rh->lh lf->lh lh->lm,both
IN12A002,800684,12A,L,acetylcholine,1,lh,lh|lm|rm,125.4,194.0,72.0,5011,0.025,26.8,65.4,33.2,lh->lm lh->rm lh->rh,both
IN20A.22A054,908937,20A/22A,R,acetylcholine,1,rh,rh,125.4,728.0,37.0,907,0.138,4.4,120.4,0.6,rm->rh rh->rm,ipsilateral
IN19A015,800162,19A,L,gaba,-1,lm,lm,125.3,2981.0,686.0,3326,0.038,17.7,92.3,15.3,lf->lm lm->lf lh->lm,ipsilateral
IN05B064_b,811798,05B,R,gaba,-1,rf|rm,rm,125.3,188.0,0.0,357,0.351,0.0,125.3,0.0,rf->rm,ipsilateral
INXXX257,800885,XXX (unassigned),R,gaba,-1,lh|rh,lh|rh,125.2,251.0,0.0,2395,0.052,125.2,0.0,0.0,rh->lh lh->rh,contralateral
IN08B077,807588,08B,L,acetylcholine,1,lf|lm,lh|rh|rm,125.2,133.0,0.0,565,0.222,8.6,49.7,66.9,lf->lh lf->rh lf->rm,both
IN05B043,803227,05B,L,gaba,-1,rh,rh,125.1,787.0,147.0,1616,0.077,10.5,94.1,20.5,rm->rh rh->rm rh->lm,ipsilateral
IN11A011,803411,11A,L,acetylcholine,1,lm|lf,lm|lf,125.1,257.0,12.0,787,0.159,10.5,102.1,12.5,lf->lm lm->lf,ipsilateral
IN02A030,802495,02A,L,glutamate,-1,lh,lh|rh,125.0,301.0,0.0,3526,0.035,125.0,0.0,0.0,lh->rh,contralateral
IN13B018,803111,13B,R,gaba,-1,lh,lh,125.0,1139.0,408.0,1528,0.082,18.0,107.0,0.0,lh->lm lh->rh,ipsilateral
IN11A047,804589,11A,L,acetylcholine,1,rh,rh,125.0,589.0,408.0,608,0.206,76.2,22.3,26.5,lh->rh lm->rh rm->rh,both
IN11A014,805138,11A,L,acetylcholine,1,lf|lm|lh,lm|lh,125.0,191.0,0.0,807,0.155,3.9,116.0,5.1,lf->lm lh->lm lf->lh,ipsilateral
INXXX400,806132,XXX (unassigned),R,acetylcholine,1,rm,lh|rh,125.0,125.0,0.0,1162,0.108,0.0,52.0,73.0,rm->lh rm->rh,both
IN09A037,808922,09A,R,gaba,-1,rh,rh,125.0,715.0,0.0,858,0.146,22.0,103.0,0.0,rh->rm rh->lh,ipsilateral
IN16B053,912088,16B,L,glutamate,-1,lh,lh|rh,125.0,651.0,35.0,792,0.158,113.0,12.0,0.0,lh->rh,contralateral
IN12B037_c,807453,12B,L,gaba,-1,rh,rh|rm,124.6,306.0,16.0,512,0.243,13.8,95.3,15.5,rh->rm rh->lh,ipsilateral
IN08B063,806521,08B,L,acetylcholine,1,lh|lm|lf,rm|rh,124.5,144.0,0.0,443,0.281,31.4,38.5,54.7,lh->rm lh->rh,both
IN11A025,805603,11A,R,acetylcholine,1,rf|rm,lm|rh|rm,124.4,141.0,0.0,691,0.18,29.1,49.4,45.9,rf->lm rm->lm rf->rh,both
INXXX235,803283,XXX (unassigned),R,gaba,-1,rh|lh,lh|rh,124.3,229.0,26.0,1059,0.117,107.8,8.3,8.2,rh->lh lh->rh,contralateral
IN04B074,809152,04B,L,acetylcholine,1,lh|lm,lh,124.3,442.0,246.0,451,0.276,19.9,98.3,6.1,lm->lh lh->rh,ipsilateral
IN03A071,902438,03A,L,acetylcholine,1,lm,lm,124.3,834.0,117.0,928,0.134,0.0,124.3,0.0,lm->lh lh->lm lf->lm,ipsilateral
IN07B031,804541,07B,R,glutamate,-1,rf|lf|rh|lh,lm|rm,124.1,128.0,0.0,2008,0.062,3.7,59.3,61.1,rf->lm lf->lm rf->rm,both
IN01B051_b,803541,01B,R,gaba,-1,rf,rf|lf|rm,124.0,332.0,0.0,385,0.322,64.0,60.0,0.0,rf->lf rf->rm,both
IN23B049,805318,23B,R,acetylcholine,1,rh,rh|rm,124.0,356.0,0.0,869,0.143,37.0,87.0,0.0,rh->rm rh->lh,ipsilateral
IN03A041,805455,03A,L,acetylcholine,1,lh,lh,124.0,422.0,51.0,445,0.279,44.0,60.0,20.0,lh->lm lh->rh lh->rf,both
IN03A046,809236,03A,L,acetylcholine,1,lf,lf,124.0,552.0,143.0,601,0.206,2.3,50.4,71.3,rm->lf lh->lf lf->lm,both
IN03A085,810623,03A,R,acetylcholine,1,rf|rh|rm,rf,124.0,242.0,71.0,249,0.498,0.0,124.0,0.0,rh->rf rm->rf,ipsilateral
IN13B019,805222,13B,L,gaba,-1,rf,rf,123.8,642.0,0.0,1071,0.116,71.8,46.8,5.2,lf->rf rf->rm rf->lf,both
IN12B051,907847,12B,L,gaba,-1,rh|lf|lh,rh,123.8,250.0,130.0,256,0.484,53.2,26.2,44.4,lf->rh lh->rh rm->rh,both
IN13A017,803158,13A,L,gaba,-1,lm,lm,123.7,1371.0,198.0,1724,0.072,0.0,123.7,0.0,lf->lm lh->lm lm->lf,ipsilateral
IN17A052,803959,17A,R,acetylcholine,1,rh,rh,123.7,1478.0,551.0,1532,0.081,18.3,104.7,0.7,rh->rm rm->rh rh->lh,ipsilateral
IN16B073,905300,16B,L,glutamate,-1,lm,lm,123.7,1054.0,125.0,1229,0.101,0.0,123.7,0.0,lm->lh lf->lm lm->lf,ipsilateral
IN06A025,803213,06A,L,gaba,-1,lh,lh|rh,123.5,230.0,179.0,2101,0.059,85.8,16.9,20.8,lh->rh rh->lh,both
IN13B022,803513,13B,R,gaba,-1,lm,lm,123.5,1584.0,0.0,1732,0.071,14.4,108.7,0.3,lf->lm lh->lm,ipsilateral
IN03A077,804584,03A,L,acetylcholine,1,lh,lh,123.5,946.0,212.0,1194,0.103,6.9,103.7,12.9,lm->lh lh->lm,ipsilateral
IN11A007,804572,11A,L,acetylcholine,1,lf,lf,123.4,650.0,150.0,1319,0.094,17.9,90.4,15.1,lf->lm lm->lf lf->rf,ipsilateral
IN03A078,806763,03A,L,acetylcholine,1,lh,lh,123.4,557.0,202.0,708,0.174,64.8,54.4,4.2,lh->rh lf->lh lh->lm,both
IN17A017,902722,17A,R,acetylcholine,1,rm,rm,123.4,2776.0,418.0,3368,0.037,5.3,59.0,59.1,lh->rm rm->rf rh->rm,both
IN20A.22A007,802189,20A/22A,R,acetylcholine,1,rm,rm,123.3,1698.0,468.0,1999,0.062,5.4,117.6,0.3,rm->rf rm->rh rh->rm,ipsilateral
IN12B061,812996,12B,R,gaba,-1,rm|lf,lm,123.3,139.0,0.0,250,0.493,57.3,36.9,29.0,rm->lm lf->lm rh->lm,both
IN21A063,909556,21A,L,glutamate,-1,lm|lf,lm,123.3,313.0,132.0,350,0.352,0.0,123.3,0.0,lf->lm lh->lm,ipsilateral
IN19A032,800590,19A,R,acetylcholine,1,rh|rm,lh|rh,123.2,185.0,5.0,2526,0.049,81.6,21.5,20.1,rh->lh rm->lh rm->rh,both
IN19A016,801787,19A,L,gaba,-1,lm,lm,123.0,2040.0,1597.0,2073,0.059,0.0,123.0,0.0,lf->lm lh->lm,ipsilateral
INXXX306,803615,XXX (unassigned),R,gaba,-1,lh|rh|lf,lh|rh,123.0,184.0,0.0,1170,0.105,61.0,39.1,22.8,rh->lh lf->lh lh->rh,both
IN12B072,903436,12B,L,gaba,-1,rh|lh,rh,123.0,321.0,0.0,404,0.305,118.0,1.8,3.2,lh->rh,contralateral
IN23B012,802935,23B,L,acetylcholine,1,lh|rh,lh|lm|rm,122.8,166.0,0.0,1095,0.112,29.0,54.3,39.6,lh->lm rh->lh rh->lm,both
IN04B090,800874,04B,R,acetylcholine,1,rm|rh,rm,122.6,241.0,21.0,279,0.439,0.0,122.6,0.0,rh->rm,ipsilateral
IN07B061,805555,07B,R,glutamate,-1,rh|lh,lh|rh,122.4,199.0,25.0,1158,0.106,98.0,11.3,13.1,rh->lh lh->rh,contralateral
IN04B068,806195,04B,R,acetylcholine,1,rh|rm,rh,122.3,545.0,51.0,671,0.182,35.3,80.3,6.7,rm->rh rh->lh,both
IN16B119,808469,16B,R,glutamate,-1,rh,rh|lh,122.3,302.0,0.0,463,0.264,71.1,18.3,32.9,rh->lh rh->lm rm->rh,both
IN23B060,807295,23B,R,acetylcholine,1,rh,rm|rh,122.2,173.0,0.0,664,0.184,0.2,105.2,16.8,rh->rm rh->lm,ipsilateral
IN16B052,804218,16B,R,glutamate,-1,rm|lf,rm,122.1,603.0,138.0,632,0.193,1.5,24.3,96.4,lf->rm rm->rh,both
IN03A070,806377,03A,R,acetylcholine,1,rh,rh,122.1,774.0,138.0,879,0.139,82.1,38.7,1.3,rh->lh rh->rm lh->rh,both
IN20A.22A008,801422,20A/22A,L,acetylcholine,1,lh,lh,122.0,2123.0,453.0,3145,0.039,117.0,5.0,0.0,lh->rh,contralateral
IN14A028,804722,14A,R,glutamate,-1,lh,lh|rh,122.0,496.0,0.0,638,0.191,95.0,27.0,0.0,lh->rh lh->lm,contralateral
IN16B054,806925,16B,R,glutamate,-1,rh,rh,122.0,861.0,84.0,942,0.13,83.0,39.0,0.0,rh->lh rh->rm,both
IN20A.22A022,808004,20A/22A,L,acetylcholine,1,lm,lm|lh,122.0,382.0,51.0,514,0.237,0.0,122.0,0.0,lm->lh lf->lm lm->lf,ipsilateral
IN12B038,908926,12B,R,gaba,-1,lh,lh|rh,122.0,371.0,0.0,571,0.214,122.0,0.0,0.0,lh->rh,contralateral
IN07B073_c,806831,07B,L,acetylcholine,1,lm,rh|lh|lm,121.9,154.0,5.0,646,0.189,0.0,50.9,71.0,lm->rh lm->lh,both
IN12A041,910562,12A,R,acetylcholine,1,rf|rm,rf,121.8,306.0,0.0,470,0.259,38.6,51.2,32.0,rm->rf lf->rf rf->lh,both
IN11A017,806957,11A,R,acetylcholine,1,rf|rm,rm|rf,121.7,200.0,0.0,371,0.328,4.0,115.7,2.0,rf->rm rm->rf,ipsilateral
IN09A064,812907,09A,L,gaba,-1,lm|lh,lm|lh,121.7,317.0,0.0,394,0.309,0.0,121.7,0.0,lh->lm lm->lh,ipsilateral
IN20A.22A084,813272,20A/22A,L,acetylcholine,1,lh|lm,lm,121.7,205.0,0.0,434,0.28,0.0,121.7,0.0,lh->lm,ipsilateral
IN13B017,804110,13B,R,gaba,-1,lh,lh,121.6,1116.0,183.0,1320,0.092,68.6,51.8,1.2,lh->lm lh->rh rh->lh,both
INXXX215,803024,XXX (unassigned),R,acetylcholine,1,lh,rh|lh,121.5,219.0,11.0,1529,0.079,97.9,9.1,14.5,lh->rh,contralateral
IN12B044_b,807499,12B,R,gaba,-1,lm|lh,lm|lh,121.5,221.0,0.0,609,0.2,11.0,99.5,11.0,lh->lm lm->lh,ipsilateral
IN07B073_a,810128,07B,R,acetylcholine,1,rm,rm,121.5,363.0,109.0,691,0.176,54.9,44.7,21.9,lm->rm rh->rm rm->lh,both
IN01A084,816537,01A,L,acetylcholine,1,rh|lf,rh,121.5,170.0,0.0,302,0.402,12.4,41.4,67.7,lf->rh,both
IN01A073,806122,01A,L,acetylcholine,1,rm,rm,121.4,383.0,25.0,423,0.287,33.0,15.9,72.4,lh->rm lm->rm lf->rm,both
IN13A026,903207,13A,L,gaba,-1,lh|lm,lh,121.3,487.0,174.0,533,0.228,18.2,79.8,23.3,lm->lh rm->lh rh->lh,both
IN01A015,802743,01A,R,acetylcholine,1,lf,lf,121.1,1604.0,715.0,1643,0.074,6.0,115.1,0.0,lf->lm,ipsilateral
IN13A007,801256,13A,R,gaba,-1,rm,rm,121.0,1034.0,84.0,3691,0.033,1.1,101.0,18.9,rm->rf rm->rh lf->rm,ipsilateral
IN03A067,807704,03A,R,acetylcholine,1,rm,rm|rh|rf,121.0,340.0,80.0,490,0.247,0.0,121.0,0.0,rm->rh rm->rf,ipsilateral
IN12B037_e,808520,12B,R,gaba,-1,lf,lf|lm,121.0,320.0,14.0,394,0.307,34.7,71.5,14.8,lf->lm lf->rf,both
IN03A080,802434,03A,R,acetylcholine,1,rf|rm,rf,120.9,313.0,158.0,354,0.342,0.0,120.9,0.0,rm->rf,ipsilateral
IN14A012,803142,14A,R,glutamate,-1,lm,lm,120.9,812.0,14.0,1079,0.112,93.5,25.4,2.0,rm->lm lm->rm lm->lh,contralateral
IN11A014,806316,11A,L,acetylcholine,1,lm|lf,lm|lf,120.9,264.0,0.0,540,0.224,4.5,100.6,15.8,lf->lm lm->lf rf->lm,ipsilateral
IN03A044,804511,03A,L,acetylcholine,1,lm,lm,120.7,1373.0,643.0,1526,0.079,0.0,120.7,0.0,lh->lm,ipsilateral
IN16B085,807457,16B,L,glutamate,-1,lh|lf,lh,120.7,427.0,115.0,516,0.234,35.6,76.7,8.4,lf->lh lh->rh,both
"IN17A059,IN17A063",804610,17A,R,acetylcholine,1,rh|rf,rh,120.5,283.0,0.0,1345,0.09,29.7,85.2,5.6,rf->rh lh->rh,ipsilateral
IN07B058,935149,07B,R,acetylcholine,1,lm|rm,lm|rm,120.5,206.0,6.0,379,0.318,77.1,15.7,27.7,rm->lm rh->lm lm->rm,both
IN12B012,802173,12B,L,gaba,-1,rm,rm,120.4,1839.0,317.0,2168,0.056,27.1,81.6,11.8,rh->rm lm->rm,both
IN08A038,808149,08A,R,glutamate,-1,rm,rm,120.4,600.0,127.0,677,0.178,0.0,120.4,0.0,rm->rf rh->rm,ipsilateral
IN04B060,805983,04B,L,acetylcholine,1,lh|rh,lh,120.2,458.0,21.0,714,0.168,120.2,0.0,0.0,rh->lh lh->rh,contralateral
IN23B032,803774,23B,R,acetylcholine,1,rh,rh|rm,120.1,414.0,0.0,713,0.168,32.1,87.1,0.9,rh->rm rh->lh,ipsilateral
IN16B058,807702,16B,L,glutamate,-1,lf,lf,120.1,649.0,25.0,701,0.171,104.1,14.3,1.7,rf->lf lf->rf lf->lm,contralateral
IN14A018,805513,14A,L,glutamate,-1,rh,rh,120.0,708.0,0.0,853,0.141,85.0,35.0,0.0,rh->lh rh->rm,contralateral
IN23B060,807955,23B,R,acetylcholine,1,rh,rh|rm,120.0,233.0,0.0,509,0.236,27.0,69.0,24.0,rh->rm rh->lh rh->lm,both
IN01A083_a,824329,01A,R,acetylcholine,1,lm|rf,lf,120.0,120.0,0.0,264,0.455,22.2,97.8,0.0,lm->lf rf->lf,ipsilateral
IN03A037,904181,03A,R,acetylcholine,1,rh,rh,120.0,879.0,175.0,1044,0.115,115.0,5.0,0.0,rh->lh,contralateral
IN06B063,805182,06B,R,gaba,-1,rh,lh|rh|lm|rf,119.9,162.0,0.0,904,0.133,48.9,27.6,43.4,rh->lh rh->lm rh->rf,both
IN13B056,808525,13B,R,gaba,-1,lh|lm,lh,119.8,539.0,0.0,580,0.207,16.5,99.8,3.5,lm->lh lh->rh,ipsilateral
IN08B087,804953,08B,R,acetylcholine,1,rh|rm|lm|lh,lh|rm|rh,119.7,152.0,5.0,812,0.147,40.7,44.0,35.1,rh->lh rh->rm rm->lh,both
IN04B038,803588,04B,L,acetylcholine,1,lf,lf,119.6,892.0,373.0,980,0.122,113.6,5.8,0.2,lf->rf rf->lf,contralateral
IN09B008,801760,09B,R,glutamate,-1,lf,lf|lm,119.4,478.0,0.0,2080,0.057,16.2,100.1,3.2,lf->lm rf->lf lh->lf,ipsilateral
IN16B039,804701,16B,L,glutamate,-1,lm,lm,119.4,1355.0,74.0,1489,0.08,0.0,119.4,0.0,lf->lm,ipsilateral
IN03A007,902439,03A,R,acetylcholine,1,rm,rm,119.4,2524.0,519.0,3432,0.035,17.2,50.7,51.5,rm->lh rh->rm rm->lm,both
IN12B030,805961,12B,L,gaba,-1,rh,rh|rm,119.3,437.0,123.0,519,0.23,0.0,103.0,16.3,rh->rm lf->rh,ipsilateral
"IN14A042,IN14A047",811100,14A,L,glutamate,-1,rm|lm,rm,119.2,507.0,0.0,576,0.207,119.2,0.0,0.0,lm->rm rm->lm,contralateral
IN08B082,804333,08B,L,acetylcholine,1,lh,rh|rm,119.0,119.0,119.0,140,0.85,71.0,0.0,48.0,lh->rh lh->rm,both
IN20A.22A017,806361,20A/22A,R,acetylcholine,1,rh,rh,119.0,548.0,8.0,650,0.183,22.5,76.9,19.6,rm->rh rh->rm rh->lh,both
IN02A038,810363,02A,L,glutamate,-1,lm,lh,119.0,119.0,5.0,396,0.301,0.0,112.0,7.0,lm->lh,ipsilateral
IN01B050_b,810543,01B,R,gaba,-1,rh,rh,119.0,574.0,0.0,742,0.16,67.0,52.0,0.0,rh->lh rh->rm,both
"IN14A042,IN14A047",816246,14A,R,glutamate,-1,lf|rf,lf,119.0,395.0,0.0,437,0.272,119.0,0.0,0.0,rf->lf lf->rf,contralateral
IN01A087_b,817715,01A,L,acetylcholine,1,lf,rh|rm|lm,119.0,119.0,0.0,248,0.48,0.0,21.0,98.0,lf->rh lf->rm lf->lm,both
INXXX334,902689,XXX (unassigned),L,gaba,-1,rh,lh|rh,119.0,221.0,0.0,1033,0.115,119.0,0.0,0.0,rh->lh,contralateral
INXXX328,905259,XXX (unassigned),L,gaba,-1,lh,rh|lh,119.0,228.0,0.0,3942,0.03,119.0,0.0,0.0,lh->rh,contralateral
IN02A038,907945,02A,L,glutamate,-1,lm,lh,119.0,119.0,0.0,429,0.277,0.0,112.0,7.0,lm->lh,ipsilateral
IN14A006,801396,14A,L,glutamate,-1,rh,rh,118.9,2189.0,0.0,3641,0.033,101.1,11.9,5.9,lh->rh rh->lh,contralateral
IN04B078,802445,04B,L,acetylcholine,1,lh|lf,lh,118.9,701.0,134.0,1196,0.099,5.9,111.9,1.1,lf->lh,ipsilateral
IN07B058,807517,07B,L,acetylcholine,1,rm|lm|lh,rm|lm,118.9,210.0,10.0,397,0.299,71.0,16.9,31.0,rm->lm lm->rm lh->rm,both
IN03A075,808430,03A,R,acetylcholine,1,rf|rh,rf,118.8,391.0,37.0,426,0.279,3.0,107.8,8.0,rh->rf,ipsilateral
IN18B054,812128,18B,R,acetylcholine,1,lm|rh|lh,lm,118.7,189.0,0.0,328,0.362,8.4,53.7,56.6,rh->lm lh->lm,both
IN03A010,801111,03A,L,acetylcholine,1,lf,lf,118.6,1989.0,826.0,2186,0.054,11.5,106.9,0.3,lm->lf lf->lm,ipsilateral
INXXX281,803363,XXX (unassigned),R,acetylcholine,1,lh|rh,rh|lh,118.6,211.0,0.0,2022,0.059,96.2,13.9,8.5,lh->rh rh->lh rm->rh,contralateral
IN16B034,803518,16B,R,glutamate,-1,rf,rf,118.6,1229.0,898.0,1320,0.09,5.4,112.6,0.6,rh->rf,ipsilateral
IN01A025,803427,01A,L,acetylcholine,1,rm,rm,118.5,1226.0,446.0,1415,0.084,41.6,61.2,15.7,rm->rh lm->rm rm->lm,both
IN03A059,804462,03A,L,acetylcholine,1,lh,lh,118.4,858.0,140.0,1086,0.109,10.5,107.4,0.5,lh->lm lm->lh,ipsilateral
IN16B045,804884,16B,R,glutamate,-1,rh,rh,118.4,899.0,180.0,1189,0.1,11.0,97.4,10.0,rm->rh rh->rm,ipsilateral
IN03A058,806608,03A,L,acetylcholine,1,lm,lm,118.4,785.0,320.0,859,0.138,5.3,113.1,0.0,lh->lm lf->lm,ipsilateral
IN14A017,807264,14A,L,glutamate,-1,rm|lf,rm,118.3,647.0,0.0,775,0.153,11.7,2.3,104.3,lf->rm,both
IN20A.22A008,800670,20A/22A,R,acetylcholine,1,rm,rm,118.2,1319.0,337.0,1487,0.079,6.0,97.4,14.7,rh->rm rm->rh lh->rm,ipsilateral
IN11A021,805365,11A,L,acetylcholine,1,lm|rm|lf,rm|lm,118.2,166.0,0.0,980,0.121,51.4,33.7,33.1,lm->rm lf->rm rm->lm,both
IN07B065,806471,07B,R,acetylcholine,1,lm|lf|rh|rm,lm|lf,118.2,160.0,23.0,199,0.594,24.5,56.4,37.3,rh->lm lf->lm rm->lm,both
IN01A073,808844,01A,R,acetylcholine,1,lm,lm,118.1,586.0,67.0,649,0.182,34.2,81.0,2.8,lf->lm rm->lm lm->rm,both
IN08A024,805748,08A,L,glutamate,-1,lh,lh,118.0,704.0,104.0,1059,0.111,92.0,25.3,0.7,lh->rh lh->lm rh->lh,contralateral
IN12A041,806618,12A,R,acetylcholine,1,rf|rm,rf|lh,118.0,203.0,0.0,362,0.326,15.1,51.0,51.8,rm->rf lh->rf rf->lh,both
IN01A078,908870,01A,L,acetylcholine,1,lf,rf,118.0,118.0,0.0,130,0.908,118.0,0.0,0.0,lf->rf,contralateral
IN04B061,802373,04B,R,acetylcholine,1,rm,rm,117.9,454.0,22.0,686,0.172,0.0,117.9,0.0,rm->rh rh->rm rm->rf,ipsilateral
IN09B038,803742,09B,R,acetylcholine,1,lm,lm|lh|lf,117.8,314.0,0.0,834,0.141,10.8,106.8,0.2,lm->lh lm->lf,ipsilateral
IN02A019,802741,02A,R,glutamate,-1,rh|lh,lh|rh|lf,117.7,158.0,0.0,2264,0.052,51.7,26.0,40.0,rh->lh rh->lf rh->rm,both
IN03A048,804340,03A,L,acetylcholine,1,lh,lh,117.7,1019.0,557.0,1170,0.101,69.0,48.7,0.0,rh->lh lm->lh,both
IN18B047,953896,18B,R,acetylcholine,1,lf|lm,lh|lm,117.6,127.0,5.0,251,0.469,1.0,105.6,11.0,lf->lh lf->lm lm->lh,ipsilateral
IN04B055,803806,04B,L,acetylcholine,1,lm,lm,117.5,625.0,191.0,1132,0.104,10.5,105.5,1.5,lf->lm lm->lf lh->lm,ipsilateral
IN09A055,904766,09A,R,gaba,-1,rh|lh|rm,rh|lh,117.4,218.0,0.0,402,0.292,67.3,35.5,14.6,rh->lh lh->rh rm->rh,both
IN03A015,802102,03A,R,acetylcholine,1,rh,lh|rh,117.3,175.0,102.0,3068,0.038,105.1,4.3,7.9,rh->lh,contralateral
IN03A073,805807,03A,R,acetylcholine,1,rh,rh,117.0,672.0,60.0,758,0.154,59.0,51.0,7.0,rh->lh rh->rm,both
IN01B034,907022,01B,L,gaba,-1,lh,lh,117.0,809.0,0.0,1328,0.088,40.0,61.0,16.0,lh->lm lh->rh lh->rm,both
INXXX306,800811,XXX (unassigned),L,gaba,-1,lf|rh,rh|lh,116.7,165.0,0.0,1140,0.102,38.6,32.1,46.0,lf->rh lf->lh rh->lh,both
IN13B023,803243,13B,L,gaba,-1,rh,rh,116.6,1079.0,25.0,1352,0.086,0.0,116.6,0.0,rm->rh rh->rm,ipsilateral
IN12B037_e,809373,12B,L,gaba,-1,rf,rf|rm,116.5,247.0,36.0,362,0.322,26.2,77.2,13.2,rf->rm rh->rf rf->lf,both
IN12B041,907896,12B,R,gaba,-1,lh,lh|rh,116.5,368.0,0.0,874,0.133,83.9,16.5,16.1,lh->rh,contralateral
IN17A052,801975,17A,R,acetylcholine,1,rm,rm,116.4,1231.0,522.0,1371,0.085,0.0,108.8,7.5,rm->rh rf->rm,ipsilateral
IN07B055,808493,07B,R,acetylcholine,1,rm|rh,rm|lm,116.4,188.0,6.0,474,0.246,69.4,21.0,26.0,rm->lm rh->rm rh->lm,both
IN08A007,800239,08A,L,glutamate,-1,lm,lm,116.3,2282.0,641.0,2395,0.049,3.6,112.5,0.1,lm->lf lf->lm lm->lh,ipsilateral
IN07B055,807885,07B,L,acetylcholine,1,lm,lm|rm,116.3,209.0,8.0,581,0.2,88.9,13.5,13.8,lm->rm,contralateral
IN14A080,812484,14A,L,glutamate,-1,rm|rh|lf,rm,116.3,283.0,0.0,352,0.33,0.4,64.5,51.4,rh->rm lf->rm rf->rm,both
IN06B056,909435,06B,R,gaba,-1,rf|lh|rh,rm|lm,116.2,121.0,0.0,578,0.201,6.6,57.3,52.3,rf->rm lh->rm rh->rm,both
IN06A058,806655,06A,R,gaba,-1,lh|rh,lf|rh|lm,116.1,137.0,0.0,736,0.158,29.1,53.9,33.1,lh->lf lh->rh lh->lm,both
IN20A.22A054,807255,20A/22A,R,acetylcholine,1,rh,rh,116.1,644.0,90.0,796,0.146,0.0,116.1,0.0,rm->rh rf->rh rh->rm,ipsilateral
IN07B039,804570,07B,L,acetylcholine,1,lh,rm,116.0,116.0,0.0,1455,0.08,0.0,0.0,116.0,lh->rm,both
IN03A067,805581,03A,L,acetylcholine,1,lf,lf|lm,116.0,349.0,36.0,465,0.249,40.0,76.0,0.0,lf->lm lf->rf,both
"IN11A015,IN11A027",807647,11A,R,acetylcholine,1,rh|rm,rh,116.0,333.0,42.0,418,0.278,0.0,116.0,0.0,rm->rh rf->rh,ipsilateral
IN16B118,810710,16B,R,glutamate,-1,rh,rh|lh,116.0,229.0,6.0,307,0.378,78.0,21.0,17.0,rh->lh,both
IN18B039,907594,18B,R,acetylcholine,1,rm,lh,116.0,136.0,12.0,1740,0.067,0.0,16.0,100.0,rm->lh rm->rh,both
IN16B075_e,909023,16B,R,glutamate,-1,rm,rm,116.0,847.0,173.0,904,0.128,0.0,53.0,63.0,rm->lh rm->rh,both
IN01A061,909068,01A,L,acetylcholine,1,rh|lh,rh|lh,116.0,262.0,0.0,581,0.2,116.0,0.0,0.0,rh->lh lh->rh,contralateral
INXXX027,800319,XXX (unassigned),R,acetylcholine,1,lh|lm,rm|lh,115.9,143.0,0.0,2784,0.042,34.8,22.9,58.2,lh->rm lm->rm lh->lm,both
IN03A022,803762,03A,L,acetylcholine,1,lf,lf,115.9,1244.0,112.0,1446,0.08,51.9,63.7,0.3,lf->lm lf->rf,both
IN02A030,802387,02A,R,glutamate,-1,rh,lh|rh,115.8,218.0,0.0,3727,0.031,115.8,0.0,0.0,rh->lh,contralateral
IN01A031,802277,01A,L,acetylcholine,1,rh,rh,115.7,508.0,0.0,1326,0.087,94.7,18.3,2.7,lh->rh rh->lh rh->rm,contralateral
IN04B029,804917,04B,L,acetylcholine,1,lh,lh,115.7,679.0,23.0,957,0.121,33.2,79.7,2.8,lm->lh lh->rh lh->lm,both
INXXX215,802849,XXX (unassigned),L,acetylcholine,1,lh,lh|rh,115.6,265.0,10.0,1634,0.071,104.6,9.9,1.1,lh->rh rh->lh,contralateral
IN17A052,802929,17A,R,acetylcholine,1,rh,rh,115.4,1385.0,493.0,1464,0.079,9.6,105.4,0.4,rh->rm rm->rh,ipsilateral
IN12B034,808256,12B,L,gaba,-1,rm,rm,115.4,287.0,53.0,425,0.271,5.1,81.0,29.2,rm->rf lf->rm rh->rm,ipsilateral
IN16B042,803216,16B,L,glutamate,-1,lm,lm,115.3,1189.0,5.0,1888,0.061,61.1,51.3,2.9,lm->rm lf->lm,both
IN18B051,807886,18B,L,acetylcholine,1,rh|rm,rm|rh,115.3,200.0,0.0,394,0.293,3.6,109.3,2.4,rh->rm rm->rh,ipsilateral
IN04B066,804666,04B,L,acetylcholine,1,lf,lf|rf,115.0,434.0,7.0,479,0.24,67.0,48.0,0.0,lf->rf lf->lm,both
IN09A064,809782,09A,R,gaba,-1,rh,rh|lh,115.0,376.0,23.0,474,0.243,68.0,47.0,0.0,rh->lh rh->rm,both
IN04B100,814419,04B,L,acetylcholine,1,lf,lf|rf|lm,115.0,242.0,0.0,266,0.432,75.0,40.0,0.0,lf->rf lf->lm,both
IN05B028,800092,05B,L,gaba,-1,rm|lm|rf,rm|lm|lh,114.9,157.0,0.0,4895,0.023,39.3,37.1,38.6,rm->lm lm->rm,both
IN06B013,800892,06B,R,gaba,-1,lm|lh|rh|rm,lm|rm,114.9,156.0,0.0,3782,0.03,38.7,39.7,36.5,lm->rm lh->lm lh->rm,both
IN13A028,804167,13A,R,gaba,-1,rh,rh,114.9,1925.0,414.0,2175,0.053,29.8,83.9,1.2,rm->rh rh->lh rh->rm,ipsilateral
IN12B082,809112,12B,L,gaba,-1,lh|rh,rh,114.9,171.0,0.0,372,0.309,96.4,2.2,16.3,lh->rh lm->rh,contralateral
IN12B066_f,811337,12B,R,gaba,-1,rm|lm,lm,114.9,171.0,0.0,303,0.379,71.0,7.2,36.6,rm->lm rh->lm rf->lm,both
IN12B016,802850,12B,L,gaba,-1,lh|lm,rh|lh,114.5,168.0,0.0,2013,0.057,74.9,16.5,23.1,lh->rh lm->rh lm->lh,both
IN12B051,811128,12B,L,gaba,-1,rh|rm,rh|lh,114.4,163.0,79.0,173,0.661,34.7,47.1,32.5,rm->rh rh->lh rm->lh,both
IN13A028,804973,13A,L,gaba,-1,lh,lh,114.3,649.0,20.0,787,0.145,31.1,80.1,3.2,lm->lh lh->rh lh->lm,ipsilateral
IN13A005,800228,13A,L,gaba,-1,lh,lh,114.2,3405.0,243.0,4009,0.028,98.5,15.2,0.5,lh->rh lm->lh,contralateral
IN14A008,801924,14A,R,glutamate,-1,lm,lm,114.2,2950.0,281.0,3485,0.033,22.5,91.5,0.1,lf->lm lh->lm rm->lm,ipsilateral
INXXX223,801466,XXX (unassigned),L,acetylcholine,1,rm|lh,rh|lh,114.1,143.0,0.0,2558,0.045,37.7,43.3,33.1,rm->rh lh->rh rm->lh,both
IN07B066,807361,07B,R,acetylcholine,1,rm|rf,lm|rm|lh,114.1,140.0,0.0,472,0.242,42.4,21.1,50.6,rm->lm rm->lh rf->lm,both
IN20A.22A008,903497,20A/22A,L,acetylcholine,1,lm,lm,114.1,1558.0,403.0,1778,0.064,9.4,104.6,0.0,lh->lm,ipsilateral
IN18B048,912067,18B,L,acetylcholine,1,lh|rh,rh|lh,114.1,207.0,76.0,270,0.423,95.9,8.9,9.3,lh->rh rh->lh,contralateral
INXXX297,802568,XXX (unassigned),L,acetylcholine,1,lh,lh|rh,114.0,260.0,0.0,3038,0.038,114.0,0.0,0.0,lh->rh,contralateral
IN01B008,903576,01B,L,gaba,-1,lh,lh,114.0,673.0,0.0,2193,0.052,88.0,19.0,7.0,lh->rh lh->lm,contralateral
IN14A076,903581,14A,R,glutamate,-1,lm|lh|lf,lm,114.0,330.0,0.0,440,0.259,0.0,114.0,0.0,lh->lm lf->lm,ipsilateral
IN01B036,908465,01B,R,gaba,-1,rh,rh,114.0,720.0,0.0,877,0.13,41.0,63.0,10.0,rh->rm rh->lh,both
INXXX341,804792,XXX (unassigned),L,gaba,-1,rh|lh|lm,rm|rh,113.9,148.0,24.0,669,0.17,37.1,38.5,38.2,rh->rm lh->rm lh->rh,both
IN16B052,806932,16B,L,glutamate,-1,lm,lm,113.9,756.0,108.0,803,0.142,0.0,113.9,0.0,lf->lm lm->lf lm->lh,ipsilateral
IN18B051,809901,18B,R,acetylcholine,1,lf|lh,lm|lh|rh,113.9,122.0,0.0,347,0.328,4.0,78.9,31.0,lf->lm lf->lh lf->rh,both
IN01B003,814271,01B,R,gaba,-1,rh,rh,113.9,1618.0,0.0,7906,0.014,111.9,1.9,0.1,rh->lh,contralateral
IN06B063,907269,06B,L,gaba,-1,lh,lh|rf|rm,113.9,183.0,0.0,1059,0.108,15.8,44.8,53.4,lh->rf lh->rm lh->lf,both
IN02A026,800518,02A,L,glutamate,-1,lh|lm,rm|lm,113.7,150.0,0.0,3222,0.035,44.5,26.5,42.8,lh->rm lm->rm lh->lm,both
"IN21A023,IN21A024",805305,21A,R,glutamate,-1,rf,rf,113.6,878.0,0.0,1031,0.11,43.2,66.6,3.8,rm->rf rf->lf,both
IN19B050,803836,19B,L,acetylcholine,1,lh,lh|rh,113.5,194.0,18.0,1632,0.07,57.9,30.4,25.3,lh->rh rm->lh lm->lh,both
IN12B036,807731,12B,L,gaba,-1,rh,rh|rm,113.5,378.0,0.0,624,0.182,0.0,107.5,6.0,rh->rm rm->rh,ipsilateral
IN09A055,810026,09A,L,gaba,-1,lh|lm,lh|rh,113.5,199.0,0.0,475,0.239,47.9,41.1,24.5,lh->rh lm->lh lh->lm,both
IN03B042,802276,03B,R,gaba,-1,rm,rm,113.4,1372.0,345.0,1540,0.074,0.0,106.3,7.1,rh->rm,ipsilateral
IN09A060,903176,09A,R,gaba,-1,rh|rf,rh|lf|rm,113.4,212.0,5.0,542,0.209,16.8,59.4,37.2,rh->lf rh->rm rf->rh,both
IN04B063,907392,04B,L,acetylcholine,1,lh,lh|rh,113.0,493.0,60.0,641,0.176,113.0,0.0,0.0,lh->rh,contralateral
IN13A019,806191,13A,L,gaba,-1,lh,lh,112.9,520.0,56.0,967,0.117,14.2,77.0,21.6,lh->lm rm->lh lm->lh,both
IN20A.22A084,814056,20A/22A,L,acetylcholine,1,lh|lm,lm|lh,112.8,200.0,0.0,391,0.288,0.0,112.8,0.0,lh->lm lm->lh,ipsilateral
IN21A051,910054,21A,L,glutamate,-1,lh|lm,lh,112.8,366.0,135.0,402,0.281,0.0,112.8,0.0,lm->lh,ipsilateral
IN08A005,800772,08A,R,glutamate,-1,rh,rh,112.6,2906.0,462.0,3152,0.036,82.1,29.7,0.8,rh->lh rm->rh,contralateral
IN08A022,806640,08A,L,glutamate,-1,lm,lm,112.6,766.0,5.0,828,0.136,0.0,112.6,0.0,lf->lm lm->lf,ipsilateral
IN04B086,806781,04B,L,acetylcholine,1,lf,lf,112.6,511.0,266.0,607,0.185,21.4,90.2,1.1,lh->lf rf->lf lf->lm,ipsilateral
IN07B055,809212,07B,L,acetylcholine,1,lm,rm|lm,112.6,171.0,0.0,421,0.268,69.5,7.7,35.5,lm->rm lm->rh lm->rf,both
IN23B060,810015,23B,L,acetylcholine,1,lf|lm,lf,112.6,231.0,0.0,386,0.292,20.5,65.6,26.5,lm->lf lf->lm lf->rm,both
INXXX044,800788,XXX (unassigned),R,gaba,-1,rh,rh|lh,112.4,332.0,0.0,4585,0.025,62.3,35.7,14.4,rh->lh rh->rm lh->rh,both
IN18B040,805112,18B,L,acetylcholine,1,lh,lh|rm|rf,112.4,183.0,28.0,801,0.14,25.1,15.1,72.2,lh->rm lh->rf lh->rh,both
IN20A.22A036,1051479717,20A/22A,R,acetylcholine,1,rm,rm,112.3,423.0,105.0,438,0.256,22.7,88.7,0.8,rh->rm lm->rm rf->rm,ipsilateral
IN03B053,805423,03B,L,gaba,-1,lh|lm,rh|lh,112.2,170.0,0.0,987,0.114,78.0,18.2,16.0,lh->rh lm->rh lm->lh,both
IN00A053,807039,00A,M,gaba,-1,rm|lm,lf|rf,112.2,122.0,0.0,706,0.159,6.2,50.8,55.2,rm->lf rm->rf lm->lf,both
IN20A.22A012,807800,20A/22A,R,acetylcholine,1,rf|rh,rf,112.1,314.0,45.0,440,0.255,29.9,74.1,8.1,rh->rf rf->lf rf->rm,both
IN16B042,803332,16B,R,glutamate,-1,rm,rm,112.0,896.0,15.0,1485,0.075,62.8,37.0,12.2,rm->lm rh->rm rf->rm,both
IN03A088,807097,03A,R,acetylcholine,1,rh,rh,112.0,590.0,0.0,826,0.136,15.7,18.8,77.5,lf->rh rh->lf rh->rm,both
IN08B077,808974,08B,R,acetylcholine,1,rm,lm|rh|lh,112.0,112.0,0.0,745,0.15,47.0,28.0,37.0,rm->lm rm->rh rm->lh,both
IN09A042,809162,09A,R,gaba,-1,rh,rh,112.0,608.0,12.0,709,0.158,57.0,55.0,0.0,rh->lh rh->rm,both
IN09A003,1057576230,09A,R,gaba,-1,rf,rf,112.0,1022.0,114.0,1715,0.065,32.0,37.0,43.0,rf->lh rf->rh rf->lf,both
IN13A004,800671,13A,R,gaba,-1,rm,rm,111.9,895.0,6.0,6089,0.018,2.4,86.9,22.6,rm->rf rm->rh lf->rm,ipsilateral
IN08A035,809074,08A,L,glutamate,-1,lh|lm,lh|lm,111.9,288.0,18.0,424,0.264,4.6,105.9,1.4,lh->lm lm->lh,ipsilateral
IN12A053_c,806487,12A,R,acetylcholine,1,rh|rf|rm,rh|lm|lh,111.8,141.0,11.0,1044,0.107,25.2,43.3,43.2,rh->lm rh->lh,both
IN11A025,903103,11A,L,acetylcholine,1,lm|lf,lh|rm|lm,111.8,125.0,0.0,649,0.172,25.7,64.8,21.3,lm->lh lm->rm lf->lh,both
IN16B077,811402,16B,L,glutamate,-1,lf,lf,111.7,387.0,97.0,394,0.283,0.0,111.7,0.0,lm->lf lf->lm lh->lf,ipsilateral
IN12B037_b,807352,12B,R,gaba,-1,lm,lm|lh,111.6,309.0,0.0,539,0.207,11.6,99.6,0.4,lm->lh lm->lf lm->rm,ipsilateral
IN04B046,804798,04B,R,acetylcholine,1,rm|rh,rm,111.5,413.0,136.0,516,0.216,10.3,90.9,10.3,rh->rm,ipsilateral
IN04B010,803572,04B,L,acetylcholine,1,lf,lf,111.4,430.0,112.0,606,0.184,34.3,69.1,8.1,lm->lf rf->lf,both
IN13B011,800156,13B,R,gaba,-1,lm,lm,111.2,1901.0,289.0,2627,0.042,0.0,111.2,0.0,lh->lm lf->lm lm->lh,ipsilateral
IN14A007,802030,14A,L,glutamate,-1,rm,rm,111.1,2234.0,32.0,2608,0.043,0.3,77.5,33.3,rh->rm rm->rf rm->lh,both
IN16B042,803700,16B,R,glutamate,-1,rm,rm,111.1,865.0,15.0,1368,0.081,66.0,34.1,11.0,rm->lm rh->rm rm->rh,both
IN01B033,808160,01B,R,gaba,-1,rm,rm,111.1,338.0,0.0,638,0.174,6.6,52.9,51.7,rh->rm lf->rm rm->lh,both
vMS17,800972,-,R,unclear,0,rm,rm|rh,111.0,313.0,7.0,423,0.262,16.0,84.0,11.0,rm->rh rm->lm rm->rf,ipsilateral
IN14A004,807545,14A,L,glutamate,-1,rf|rh,rf,111.0,555.0,59.0,703,0.158,0.0,111.0,0.0,rh->rf,ipsilateral
IN01B043,809421,01B,L,gaba,-1,lm,lm|lf,111.0,613.0,0.0,730,0.152,0.0,111.0,0.0,lm->lf lm->lh,ipsilateral
IN01B003,800543,01B,R,gaba,-1,rm,rm,110.9,1774.0,0.0,7792,0.014,1.1,109.7,0.1,rm->rh,ipsilateral
IN04B104,903496,04B,L,acetylcholine,1,lm|lh,lm,110.8,291.0,86.0,336,0.33,0.0,110.8,0.0,lh->lm,ipsilateral
IN03A059,804504,03A,L,acetylcholine,1,lh,lh,110.7,739.0,74.0,918,0.121,39.3,69.2,2.1,lm->lh lh->lm rh->lh,both
IN06B054,803029,06B,L,gaba,-1,lm|rm,rm,110.6,151.0,0.0,1361,0.081,66.6,28.6,15.4,lm->rm,both
IN04B107,805544,04B,L,acetylcholine,1,lh,lh|rh,110.6,354.0,118.0,549,0.201,64.3,34.6,11.7,lh->rh lm->lh lh->lm,both
IN02A010,802603,02A,L,glutamate,-1,lh,lm|rh,110.5,119.0,0.0,2223,0.05,17.9,91.5,1.1,lh->lm lh->rh,ipsilateral
IN08A046,814574,08A,R,glutamate,-1,rf|rm,rf,110.5,265.0,47.0,290,0.381,4.2,103.5,2.8,rm->rf rh->rf,ipsilateral
INXXX027,800488,XXX (unassigned),L,acetylcholine,1,rh|rm,lm|rh,110.4,138.0,0.0,2465,0.045,39.7,15.4,55.3,rh->lm rm->lm rm->rh,both
IN06A005,801162,06A,R,gaba,-1,lh|rf,lh|rh|rm|lm,110.3,132.0,0.0,3649,0.03,20.4,44.0,45.9,rf->lh lh->rh rf->rh,both
IN12B075,909798,12B,R,gaba,-1,lm|rm,lm|rm,110.3,217.0,0.0,306,0.36,70.3,21.2,18.8,rm->lm lm->rm lm->rh,both
IN12B023,807353,12B,L,gaba,-1,rm|rh,rm,110.2,425.0,295.0,425,0.259,34.9,75.3,0.0,rh->rm lm->rm,both
IN20A.22A039,807498,20A/22A,L,acetylcholine,1,lf,lf,110.2,491.0,145.0,519,0.212,18.9,85.2,6.1,lf->lm lm->lf lf->rf,ipsilateral
IN17A066,910360,17A,R,acetylcholine,1,rh|rm,rf|lh|rh|rm,110.2,136.0,0.0,301,0.366,16.1,66.2,27.9,rh->rf rm->rf rh->lh,both
IN18B033,801511,18B,R,acetylcholine,1,lh|rh,lh,110.1,239.0,0.0,3295,0.033,110.1,0.0,0.0,rh->lh,contralateral
IN16B042,802422,16B,R,glutamate,-1,rf,rf|lf,110.0,486.0,0.0,766,0.144,103.0,0.0,7.0,rf->lf,contralateral
IN02A023,805491,02A,L,glutamate,-1,lm,lm|lf,110.0,325.0,23.0,834,0.132,12.0,98.0,0.0,lm->lf lm->rm,ipsilateral
IN03A073,806422,03A,L,acetylcholine,1,lm,lm,110.0,714.0,120.0,910,0.121,0.0,110.0,0.0,lm->lh lh->lm,ipsilateral
IN01A040,806942,01A,L,acetylcholine,1,lf,rf|lf,110.0,168.0,21.0,319,0.345,110.0,0.0,0.0,lf->rf,contralateral
IN20A.22A047,806983,20A/22A,R,acetylcholine,1,rh,rh,110.0,838.0,116.0,885,0.124,19.0,79.0,12.0,rh->rm rh->lh rh->lf,ipsilateral
IN18B047,807796,18B,R,acetylcholine,1,lf,lh|rm|rh,110.0,110.0,0.0,406,0.271,0.0,74.0,36.0,lf->lh lf->rm lf->rh,both
IN03A054,907935,03A,R,acetylcholine,1,rm,rm,110.0,643.0,123.0,766,0.144,0.5,97.0,12.5,rm->rh rh->rm rm->lh,ipsilateral
IN07B055,805694,07B,L,acetylcholine,1,lm,lm|rm,109.9,203.0,15.0,557,0.197,82.9,5.1,21.8,lm->rm lm->rh,contralateral
IN02A020,806057,02A,L,glutamate,-1,rh|lh,lh|rh,109.9,161.0,0.0,881,0.125,78.9,16.8,14.2,rh->lh rh->rf,contralateral
IN04B103,810788,04B,L,acetylcholine,1,lm|lh|lf,lm,109.9,237.0,88.0,255,0.431,0.0,109.9,0.0,lh->lm lf->lm,ipsilateral
IN19A015,800207,19A,R,gaba,-1,rm,rm,109.8,2499.0,588.0,2815,0.039,25.6,70.5,13.7,rh->rm rm->lm rm->rh,both
IN20A.22A007,802341,20A/22A,R,acetylcholine,1,rh,rh,109.8,1858.0,845.0,2077,0.053,66.8,42.4,0.6,rh->rm rh->lh lh->rh,both
IN13A006,903573,13A,R,gaba,-1,rf,rf,109.8,1626.0,369.0,2014,0.054,88.8,20.3,0.7,lf->rf rf->lf,contralateral
IN19A022,801973,19A,R,gaba,-1,rm,rm,109.7,1756.0,1242.0,1772,0.062,0.4,71.7,37.6,rm->lh rm->rh rf->rm,both
IN12A025,803610,12A,R,acetylcholine,1,rh,lh|rh|rm,109.7,163.0,39.0,1083,0.101,65.5,40.7,3.5,rh->lh rh->rm,both
IN23B032,804051,23B,R,acetylcholine,1,rh,rh,109.2,466.0,0.0,891,0.123,31.5,72.0,5.7,rh->rm rh->lh,both
IN04B024,944260,04B,L,acetylcholine,1,lf|lm|lh,lf,109.2,240.0,95.0,297,0.368,0.0,109.2,0.0,lm->lf lh->lf,ipsilateral
IN16B041,805404,16B,R,glutamate,-1,rf|rm,rf,109.1,389.0,85.0,468,0.233,0.0,109.1,0.0,rm->rf,ipsilateral
IN04B105,808484,04B,L,acetylcholine,1,lh|lm,lh,109.1,356.0,59.0,412,0.265,5.9,101.1,2.1,lm->lh lh->lm,ipsilateral
IN02A015,906684,02A,L,acetylcholine,1,rh,rh,109.1,1857.0,454.0,1925,0.057,96.2,12.8,0.1,lh->rh rh->lh rm->rh,contralateral
IN01A024,803263,01A,R,acetylcholine,1,lf,lh|lm,109.0,127.0,0.0,1777,0.061,0.0,109.0,0.0,lf->lh lf->lm,ipsilateral
IN00A048,805146,00A,M,gaba,-1,rm|lm|lf,rm|lf|lm|rf,109.0,146.0,0.0,784,0.139,34.0,34.2,40.8,lm->rm rm->lf lf->rm,both
IN13A021,805547,13A,R,gaba,-1,rf,rf,109.0,907.0,362.0,976,0.112,27.7,68.6,12.7,rm->rf lf->rf rf->rm,both
IN16B074,806562,16B,L,glutamate,-1,lh,lh,109.0,1003.0,101.0,1024,0.106,48.0,61.0,0.0,lh->lm lh->rh,both
IN08A012,909058,08A,R,glutamate,-1,rm,rm,109.0,1604.0,560.0,1701,0.064,0.5,47.0,61.5,lf->rm rh->rm rm->rf,both
IN03A045,803933,03A,L,acetylcholine,1,lf,lf,108.9,776.0,238.0,804,0.136,11.5,70.7,26.8,lh->lf rm->lf lm->lf,both
IN07B080,808873,07B,L,acetylcholine,1,rm|lh,rm,108.8,225.0,61.0,289,0.376,19.4,16.5,72.9,lh->rm rm->lm,both
IN13B056,806794,13B,R,gaba,-1,lh,lh,108.7,673.0,0.0,779,0.14,13.9,92.7,2.1,lm->lh lh->rh,ipsilateral
IN17A052,801082,17A,R,acetylcholine,1,rm,rm,108.6,1242.0,565.0,1353,0.08,0.0,97.6,11.0,rm->rh,ipsilateral
IN04B083,804623,04B,L,acetylcholine,1,lh,lh,108.6,572.0,95.0,910,0.119,30.5,73.6,4.5,lm->lh lh->rh lf->lh,both
IN12B028,804145,12B,R,gaba,-1,lf,lf,108.5,514.0,128.0,799,0.136,73.3,33.1,2.1,rf->lf lf->rf lh->lf,both
IN03A044,904900,03A,R,acetylcholine,1,rm,rm,108.5,869.0,296.0,945,0.115,1.8,84.5,22.2,rh->rm rm->lh rf->rm,ipsilateral
INXXX100,800730,XXX (unassigned),R,acetylcholine,1,rh,rh,108.4,552.0,0.0,2599,0.042,57.1,3.9,47.4,rh->lh lm->rh rh->lm,both
IN04B100,804400,04B,L,acetylcholine,1,lm,lm,108.4,847.0,35.0,1260,0.086,14.7,92.8,0.9,lf->lm lm->lf lm->lh,ipsilateral
IN20A.22A039,905011,20A/22A,R,acetylcholine,1,rm,rm,108.4,513.0,36.0,746,0.145,4.2,103.4,0.8,rm->rh rm->rf rh->rm,ipsilateral
IN08A002,800081,08A,L,glutamate,-1,lm,lm,108.3,4886.0,687.0,6028,0.018,0.0,108.3,0.0,lm->lf lm->lh lf->lm,ipsilateral
IN06B013,802421,06B,L,gaba,-1,lm|rh|rm,rh,108.3,164.0,0.0,2212,0.049,4.9,41.7,61.7,lm->rh rm->rh,both
IN01B024,808281,01B,R,gaba,-1,rm|lf,rm,108.3,446.0,23.0,738,0.147,0.0,5.4,102.9,lf->rm,both
IN20A.22A077,908076,20A/22A,L,acetylcholine,1,lh,lf,108.3,141.0,0.0,287,0.377,6.1,101.3,0.9,lh->lf,ipsilateral
IN00A024,909823,00A,M,gaba,-1,lh|rm|lm|rh,rh|lh,108.3,136.0,0.0,864,0.125,48.6,32.0,27.8,lh->rh rm->rh lm->rh,both
IN09A055,803324,09A,L,gaba,-1,lh|lm,lh|rh,108.2,216.0,0.0,503,0.215,32.9,62.6,12.7,lm->lh lh->rh lh->lm,both
IN09B005,802288,09B,L,glutamate,-1,rf,rf|rm,108.0,376.0,0.0,1466,0.074,28.1,73.9,6.0,rf->rm lf->rf,both
INXXX297,802380,XXX (unassigned),R,acetylcholine,1,rh,rh|lh,108.0,234.0,0.0,2803,0.039,108.0,0.0,0.0,rh->lh,contralateral
IN01B033,806136,01B,L,gaba,-1,lh,lh,108.0,360.0,0.0,1072,0.101,21.1,44.0,42.9,lh->rf lh->lm lm->lh,both
IN12B042,809341,12B,R,gaba,-1,lh,lh|lm,108.0,322.0,0.0,690,0.157,24.0,78.0,6.0,lh->lm lh->rh,ipsilateral
IN01B033,904070,01B,L,gaba,-1,lh,lh,108.0,480.0,0.0,772,0.14,31.0,23.0,54.0,lh->rf lh->rh lh->lm,both
IN09A055,911404,09A,R,gaba,-1,rh,rh|lh,108.0,282.0,0.0,432,0.25,70.0,38.0,0.0,rh->lh rh->rm,both
IN03A041,956608,03A,L,acetylcholine,1,lh,lh,108.0,526.0,51.0,554,0.195,56.0,40.0,12.0,lh->rh lh->lm lh->rf,both
IN04B107,944533,04B,R,acetylcholine,1,rh,rh,107.9,479.0,132.0,647,0.167,65.2,25.9,16.8,rh->lh rh->lf rm->rh,both
IN16B022,800599,16B,L,glutamate,-1,lf,lf,107.8,2764.0,188.0,3076,0.035,11.7,37.1,59.0,rh->lf lm->lf lf->lm,both
IN12B027,804707,12B,R,gaba,-1,lh,lh|rh,107.8,312.0,62.0,811,0.133,88.1,13.8,5.9,lh->rh,contralateral
INXXX241,804512,XXX (unassigned),L,acetylcholine,1,lh|lm,rm|lf,107.6,110.0,0.0,1596,0.067,33.8,26.3,47.5,lh->rm lm->rm,both
IN03A074,802510,03A,L,acetylcholine,1,lm,lm,107.4,824.0,82.0,923,0.116,0.3,100.4,6.7,lm->lh lh->lm lf->lm,ipsilateral
IN20A.22A008,800640,20A/22A,L,acetylcholine,1,lh,lh,107.3,2039.0,437.0,3059,0.035,86.4,20.3,0.6,lh->rh lm->lh,contralateral
IN03A028,805272,03A,L,acetylcholine,1,lf,lf,107.3,642.0,298.0,796,0.135,100.3,6.1,0.9,rf->lf lf->rf,contralateral
IN11A039,906179,11A,L,acetylcholine,1,lf|lh|rm,lf,107.3,174.0,79.0,216,0.497,0.9,71.2,35.2,lh->lf rm->lf lm->lf,both
IN12B004,801518,12B,R,gaba,-1,rm,lm,107.2,111.0,0.0,2894,0.037,98.8,0.0,8.4,rm->lm,contralateral
IN23B029,804149,23B,L,acetylcholine,1,lf,lh|rm,107.2,120.0,0.0,281,0.381,1.2,79.6,26.4,lf->lh lf->rm,ipsilateral
IN01A078,811174,01A,R,acetylcholine,1,lf|lm|rf,lf,107.2,222.0,0.0,345,0.311,42.1,59.7,5.5,lm->lf rf->lf,both
IN03A034,802691,03A,L,acetylcholine,1,lf,lf,107.1,908.0,123.0,1014,0.106,10.7,95.1,1.3,lm->lf lf->rf,ipsilateral
IN19B012,800089,19B,R,acetylcholine,1,lh,lh,107.0,2191.0,683.0,2465,0.043,21.5,85.5,0.0,lm->lh rh->lh,ipsilateral
INXXX269,803895,XXX (unassigned),L,acetylcholine,1,lh,lh|rh,107.0,386.0,0.0,1617,0.066,82.0,25.0,0.0,lh->rh lh->lm,contralateral
IN12B036,806251,12B,R,gaba,-1,lh,lh,107.0,516.0,0.0,861,0.124,36.0,71.0,0.0,lh->lm lh->rh,both
IN16B057,806532,16B,L,glutamate,-1,lf,lf,107.0,612.0,31.0,798,0.134,31.0,76.0,0.0,lf->lm lf->rf,ipsilateral
IN12A025,902837,12A,L,acetylcholine,1,lh,lh|lm|rh,107.0,191.0,65.0,1465,0.073,37.0,70.0,0.0,lh->lm lh->rh,both
IN12B088,905060,12B,R,gaba,-1,rh,lm,107.0,107.0,0.0,395,0.271,10.0,8.0,89.0,rh->lm,both
IN09A043,910430,09A,L,gaba,-1,lh|lf,lh|lm|rh,107.0,159.0,0.0,429,0.249,17.5,79.0,10.5,lf->lh lh->lm lh->rh,ipsilateral
IN12B036,940712,12B,R,gaba,-1,lm,lm|lh,107.0,408.0,6.0,1158,0.092,0.0,107.0,0.0,lm->lh lm->lf,ipsilateral
IN06B013,800949,06B,L,gaba,-1,rh|lm|lh,rm|lm,106.9,136.0,0.0,3749,0.029,32.5,38.6,35.8,rh->rm lm->rm rh->lm,both
IN16B016,903545,16B,R,glutamate,-1,rf,rf,106.9,794.0,691.0,1185,0.09,16.0,82.0,8.9,rm->rf rh->rf,ipsilateral
IN13A022,806737,13A,L,gaba,-1,lm,lm|rm,106.8,297.0,0.0,739,0.145,71.3,25.8,9.7,lm->rm lh->lm lf->lm,both
IN06B013,801189,06B,R,gaba,-1,lm,rh,106.7,118.0,0.0,2545,0.042,3.5,14.5,88.7,lm->rh lm->lf,both
IN01B040,810528,01B,R,gaba,-1,rm,rm,106.7,483.0,0.0,550,0.194,0.0,106.7,0.0,rm->rh rm->rf rh->rm,ipsilateral
IN04B032,804759,04B,R,acetylcholine,1,rh,rh,106.5,801.0,233.0,1007,0.106,90.5,14.8,1.2,lh->rh rh->lh rh->rm,contralateral
IN03A047,805644,03A,L,acetylcholine,1,lm,lm,106.5,648.0,437.0,691,0.154,0.0,106.5,0.0,lh->lm lf->lm,ipsilateral
IN03A085,806148,03A,R,acetylcholine,1,rm|rf,rf,106.5,180.0,33.0,185,0.575,0.0,106.5,0.0,rm->rf,ipsilateral
IN12B044_e,812512,12B,L,gaba,-1,lf|rh|rm,rm|rh,106.4,138.0,16.0,235,0.453,8.5,49.8,48.1,rh->rm lf->rm,both
IN01B041,910746,01B,L,gaba,-1,lf|rf,lf,106.3,383.0,0.0,438,0.243,59.3,38.7,8.3,rf->lf lf->lm,both
INXXX027,800232,XXX (unassigned),L,acetylcholine,1,rh,lm|rh|lh,106.0,161.0,0.0,3108,0.034,30.0,8.0,68.0,rh->lm rh->lh,both
IN04B048,808652,04B,L,acetylcholine,1,lh|lf,lh,106.0,433.0,94.0,526,0.202,0.0,106.0,0.0,lf->lh,ipsilateral
IN12B071,813544,12B,R,gaba,-1,rh,lh|lm|rh,106.0,136.0,0.0,263,0.403,56.0,0.0,50.0,rh->lh rh->lm,both
IN03A074,904164,03A,R,acetylcholine,1,rm,rm,106.0,793.0,206.0,907,0.117,0.4,100.0,5.6,rh->rm rm->rh rm->rf,ipsilateral
IN09A043,809673,09A,L,gaba,-1,lh,lh|lm,105.8,243.0,0.0,541,0.196,0.0,105.8,0.0,lh->lm lm->lh lh->lf,ipsilateral
IN01A069,811569,01A,L,acetylcholine,1,lh|rf,rf,105.8,161.0,13.0,193,0.548,0.6,17.2,88.1,lh->rf rm->rf lm->rf,both
IN00A013,804886,00A,M,gaba,-1,rh,lh|rh,105.7,209.0,0.0,2203,0.048,105.7,0.0,0.0,rh->lh,contralateral
IN16B058,813796,16B,L,glutamate,-1,lf|rf,lf,105.6,472.0,101.0,479,0.221,85.6,16.9,3.1,rf->lf lf->rf lf->lm,contralateral
IN20A.22A044,804691,20A/22A,R,acetylcholine,1,rh,rh,105.5,511.0,150.0,527,0.2,25.7,77.5,2.3,rh->rm rm->rh rh->lh,ipsilateral
IN03A071,909034,03A,L,acetylcholine,1,lm,lm,105.5,813.0,156.0,893,0.118,9.8,94.9,0.8,lm->lh lh->lm lf->lm,ipsilateral
IN05B072_c,805194,05B,L,gaba,-1,lf|rm|rh,rm|rf|lf,105.4,136.0,0.0,1063,0.099,26.7,34.3,44.4,lf->rm lf->rf rh->rm,both
IN21A099,813325,21A,L,glutamate,-1,lm|lh,lh,105.2,144.0,0.0,270,0.39,0.0,100.2,5.0,lm->lh,ipsilateral
IN20A.22A007,802143,20A/22A,L,acetylcholine,1,lh,lh,105.0,1555.0,638.0,1867,0.056,73.0,31.4,0.6,lh->rh lh->lm rh->lh,both
IN04B014,803439,04B,L,acetylcholine,1,lf,lf,105.0,1435.0,488.0,1539,0.068,8.0,78.0,19.0,lf->lm lf->rh,ipsilateral
IN04B112,807603,04B,L,acetylcholine,1,lh,lh|rh,105.0,300.0,8.0,665,0.158,55.0,8.0,42.0,lh->rh lh->rf,both
IN14A043,810774,14A,L,glutamate,-1,rm|lf,rm,105.0,373.0,0.0,508,0.207,5.9,2.1,97.0,lf->rm,both
INXXX300,803570,XXX (unassigned),R,gaba,-1,lh|rh,lh|rh,104.6,210.0,0.0,2236,0.047,104.6,0.0,0.0,rh->lh lh->rh,contralateral
IN09A031,803888,09A,L,gaba,-1,lm,lm,104.6,602.0,0.0,1895,0.055,71.6,32.2,0.8,lm->rm lm->lf rm->lm,both
IN12B066_d,909233,12B,R,gaba,-1,lh|rh,lh,104.6,395.0,0.0,501,0.209,95.6,1.9,7.1,rh->lh lh->rh,contralateral
IN16B070,811975,16B,R,glutamate,-1,rf|lf,rf|lf,104.5,240.0,29.0,245,0.427,84.5,11.8,8.2,lf->rf rf->lf,contralateral
IN16B016,903366,16B,L,glutamate,-1,lf,lf,104.4,1179.0,999.0,1502,0.069,3.5,100.8,0.0,lm->lf lf->lm,ipsilateral
IN19A013,905910,19A,L,gaba,-1,lf,lf,104.4,1544.0,1016.0,1585,0.066,22.9,78.2,3.3,lm->lf rf->lf lf->lm,ipsilateral
IN08A019,804100,08A,L,glutamate,-1,lh,lh,104.3,1168.0,68.0,1418,0.074,17.6,85.8,0.9,lm->lh lh->lm lh->rh,ipsilateral
IN03A030,805198,03A,R,acetylcholine,1,rm,rm,104.3,781.0,42.0,1047,0.1,0.0,70.3,34.0,rf->rm rm->lh,both
IN08A007,801650,08A,R,glutamate,-1,rf,rf,104.2,1405.0,378.0,1516,0.069,40.2,55.8,8.2,rf->lf rf->rm rh->rf,both
IN21A013,802416,21A,L,glutamate,-1,lh,lh,104.1,1619.0,719.0,1641,0.063,70.9,32.6,0.6,rh->lh lh->rh lm->lh,both
IN00A047,806825,00A,M,gaba,-1,lh,lh|rm|rf,104.1,140.0,0.0,610,0.171,9.0,34.8,60.3,lh->rm lh->rf,both
IN05B073,801305,05B,R,gaba,-1,rf,rm,104.0,111.0,0.0,436,0.238,0.0,104.0,0.0,rf->rm rh->rm,ipsilateral
IN04B057,804073,04B,L,acetylcholine,1,lm,lm,104.0,946.0,30.0,1274,0.082,30.4,66.3,7.3,lf->lm rm->lm,both
IN04B063,807484,04B,L,acetylcholine,1,lh,lh|rh,104.0,402.0,98.0,536,0.194,104.0,0.0,0.0,lh->rh,contralateral
IN01A048,807549,01A,L,acetylcholine,1,rh,rh,104.0,530.0,0.0,2162,0.048,37.0,57.0,10.0,rh->rm rh->lh,both
IN03A073,807947,03A,L,acetylcholine,1,lf,lf|lm,104.0,385.0,106.0,403,0.258,41.0,63.0,0.0,lf->lm lf->rf,both
IN12B082,809458,12B,R,gaba,-1,rh|lh,lh,104.0,191.0,0.0,315,0.33,104.0,0.0,0.0,rh->lh lh->rh,contralateral
IN13B021,802428,13B,R,gaba,-1,lm|lf,lm,103.9,541.0,0.0,2982,0.035,8.4,93.9,1.6,lf->lm,ipsilateral
IN16B073,805910,16B,R,glutamate,-1,rm,rm,103.9,669.0,57.0,891,0.117,0.0,103.9,0.0,rm->rh rh->rm,ipsilateral
IN13B011,802167,13B,L,gaba,-1,rf,rf,103.6,880.0,239.0,1087,0.095,0.2,98.6,4.8,rh->rf rm->rf rf->rh,ipsilateral
IN12B068_a,909000,12B,R,gaba,-1,lm|lh,lh|rh,103.6,138.0,0.0,926,0.112,22.6,56.9,24.0,lm->lh lm->rh rh->lh,both
IN06B080,806414,06B,L,gaba,-1,rh|rm|lh,lh|rh,103.5,130.0,0.0,1014,0.102,29.3,37.6,36.6,rm->lh rh->lh rm->rh,both
IN21A017,902276,21A,L,acetylcholine,1,lm,lm,103.5,1545.0,782.0,1644,0.063,0.0,103.5,0.0,lh->lm lf->lm,ipsilateral
IN20A.22A054,939830,20A/22A,R,acetylcholine,1,rh,rh,103.5,689.0,53.0,862,0.12,7.3,95.5,0.7,rm->rh rh->rm,ipsilateral
IN16B056,810469,16B,R,glutamate,-1,rf|lf|rm,rf,103.4,277.0,7.0,338,0.306,60.5,40.9,2.0,lf->rf rm->rf,both
IN01A034,801068,01A,L,acetylcholine,1,rf|rm,rf,103.3,338.0,41.0,350,0.295,0.0,103.3,0.0,rm->rf,ipsilateral
IN03A045,904064,03A,R,acetylcholine,1,rm,rm,103.3,955.0,108.0,1175,0.088,0.3,96.3,6.7,rh->rm rf->rm rm->rh,ipsilateral
IN12B011,1054499659,12B,R,gaba,-1,lm,lm,103.3,1025.0,16.0,4135,0.025,11.3,83.1,8.9,lh->lm lf->lm lm->lf,ipsilateral
IN08A028,803068,08A,L,glutamate,-1,lh,lh,103.2,517.0,23.0,695,0.149,84.2,18.4,0.6,lh->rh lh->lm rh->lh,contralateral
IN08A019,804605,08A,L,glutamate,-1,lm,lm,103.2,1205.0,66.0,1297,0.08,0.0,103.2,0.0,lf->lm lm->lf lh->lm,ipsilateral
IN23B060,902449,23B,L,acetylcholine,1,lh,lh|lm,103.2,185.0,0.0,490,0.211,16.4,67.5,19.3,lh->lm lh->rm lh->rh,both
IN20A.22A017,904004,20A/22A,L,acetylcholine,1,lh,lh,103.2,691.0,0.0,953,0.108,33.1,68.2,1.9,lf->lh lh->rh lh->lm,both
IN12B086,911266,12B,R,gaba,-1,rh|lh|lm,lf|rf,103.2,105.0,0.0,358,0.288,2.0,56.2,45.0,rh->lf lh->lf lm->lf,both
INXXX215,802983,XXX (unassigned),L,acetylcholine,1,lh|rh,lh|rh,103.1,196.0,11.0,1601,0.064,73.8,22.4,6.9,rh->lh lh->rh lm->lh,contralateral
IN02A036,809566,02A,R,glutamate,-1,lm|rm|rf,rm|rf,103.1,155.0,0.0,238,0.433,48.0,36.7,18.3,lm->rm rf->rm lm->rf,both
IN07B031,803764,07B,R,glutamate,-1,lh|rh,lm|rm|rh,103.0,112.0,0.0,2438,0.042,10.0,47.0,46.0,lh->lm rh->lm lh->rm,both
IN13B033,806855,13B,L,gaba,-1,rm,rm,103.0,740.0,110.0,1007,0.102,0.0,97.0,6.0,rm->rh rm->rf,ipsilateral
IN03A067,809193,03A,R,acetylcholine,1,rf,rf|rm|lf,103.0,231.0,9.0,396,0.26,47.0,56.0,0.0,rf->rm rf->lf,both
IN04B034,914059,04B,R,acetylcholine,1,rf,rf|lf,103.0,496.0,139.0,557,0.185,93.0,10.0,0.0,rf->lf,contralateral
IN03A087,807834,03A,L,acetylcholine,1,lf,lf,102.9,369.0,135.0,410,0.251,39.3,60.9,2.7,lf->lm lf->rf lm->lf,both
IN13B004,800115,13B,R,gaba,-1,lf,lf,102.7,2283.0,61.0,3352,0.031,47.3,54.8,0.6,lf->lm lf->rf rf->lf,both
IN01A064,823180,01A,L,acetylcholine,1,rh|lh,rh,102.7,443.0,209.0,459,0.224,102.7,0.0,0.0,lh->rh,contralateral
IN11A027_a,809184,11A,L,acetylcholine,1,lh|lm,lh,102.6,302.0,5.0,432,0.237,0.0,102.6,0.0,lm->lh lf->lh,ipsilateral
IN01B014,802879,01B,R,gaba,-1,rh,rh|lh,102.5,271.0,0.0,1764,0.058,77.6,12.6,12.3,rh->lh lh->rh,contralateral
IN05B038,803577,05B,L,gaba,-1,rh,lm|rh,102.5,121.0,0.0,2686,0.038,2.5,0.5,99.5,rh->lm,both
IN04B100,803710,04B,R,acetylcholine,1,rm,rm,102.5,698.0,21.0,1161,0.088,11.1,90.9,0.5,rf->rm rh->rm rm->rf,ipsilateral
IN21A054,807000,21A,R,glutamate,-1,rh|rf|rm,rh,102.5,258.0,6.0,360,0.285,0.0,102.5,0.0,rf->rh rm->rh,ipsilateral
IN13A018,804070,13A,L,gaba,-1,lm,lm,102.4,1025.0,295.0,1297,0.079,28.8,72.3,1.3,lm->lf rm->lm lm->rm,ipsilateral
INXXX253,804453,XXX (unassigned),L,gaba,-1,lh,lh|lm,102.4,193.0,0.0,1651,0.062,26.0,61.2,15.2,lh->lm rh->lh lh->rh,both
IN03A091,807451,03A,R,acetylcholine,1,rm,rm,102.4,449.0,164.0,497,0.206,1.3,57.7,43.3,rm->rh rm->lh rh->rm,both
IN12B012,904271,12B,R,gaba,-1,lh,lh,102.4,2039.0,613.0,2169,0.047,64.8,31.7,5.9,lh->rh lf->lh lm->lh,both
IN03A091,909180,03A,R,acetylcholine,1,rm,rm,102.3,467.0,248.0,498,0.205,1.0,47.0,54.3,rm->rh rm->lh lf->rm,both
IN12B034,806180,12B,R,gaba,-1,lh,lh|rh,102.1,378.0,38.0,645,0.158,57.3,30.1,14.7,lh->rh lf->lh lh->lm,both
IN14A013,803943,14A,L,glutamate,-1,rf,rf,102.0,1024.0,0.0,1141,0.089,0.0,60.0,42.0,rf->rm rf->lm,both
IN04B055,804609,04B,R,acetylcholine,1,rm,rm,102.0,389.0,63.0,731,0.14,6.0,43.0,53.0,rm->lh rm->rf,both
IN01A088,822110,01A,L,acetylcholine,1,rf|lf,rh|rm,102.0,102.0,0.0,253,0.403,0.0,63.6,38.4,rf->rh rf->rm lf->rh,both
IN12B063_c,904677,12B,R,gaba,-1,rh|lm,lm,102.0,135.0,0.0,775,0.132,1.1,3.9,97.0,rh->lm,both
IN19B012,800879,19B,L,acetylcholine,1,rh,rh,101.8,2404.0,966.0,2642,0.039,12.8,83.9,5.1,rm->rh lh->rh,ipsilateral
IN04B084,806668,04B,R,acetylcholine,1,rm|rh,rm,101.7,547.0,25.0,661,0.154,5.8,94.7,1.2,rh->rm,ipsilateral
IN01A083_b,806627,01A,L,acetylcholine,1,lf|lm,rf|lf,101.6,121.0,5.0,308,0.33,47.8,15.6,38.2,lf->rf lm->rf lm->lf,both
IN08A023,809007,08A,L,glutamate,-1,lm|lh,lm,101.5,319.0,88.0,350,0.29,0.0,101.5,0.0,lh->lm,ipsilateral
IN07B055,809044,07B,L,acetylcholine,1,lm,lm|rm,101.5,235.0,0.0,516,0.197,69.0,8.9,23.7,lm->rm lm->rh,both
IN01A066,820929,01A,R,acetylcholine,1,lh,lh,101.5,381.0,0.0,443,0.229,20.7,25.3,55.5,rm->lh rh->lh lf->lh,both
IN17A057,806797,17A,R,acetylcholine,1,lm|rh|rf,rh,101.4,148.0,0.0,759,0.134,3.3,44.8,53.3,lm->rh rf->rh,both
IN23B024,905918,23B,L,acetylcholine,1,lm,lm,101.4,534.0,20.0,2118,0.048,9.8,91.4,0.2,lm->lh lm->lf,ipsilateral
IN11A028,904957,11A,R,acetylcholine,1,lh|rm|lm,rm|lh,101.3,137.0,7.0,780,0.13,25.6,29.2,46.6,lh->rm lm->rm,both
IN17A057,804054,17A,L,acetylcholine,1,lh|rm,lh|lm,101.2,130.0,0.0,1437,0.07,29.7,38.7,32.9,rm->lh lh->lm rm->lm,both
IN13A022,908895,13A,R,gaba,-1,rm,rm,101.2,437.0,49.0,860,0.118,59.7,40.2,1.3,rm->lm rm->rh,both
IN12B012,802001,12B,R,gaba,-1,lf,lf,101.1,1937.0,554.0,2116,0.048,23.6,62.2,15.2,lf->lm lf->rf rh->lf,both
IN06B083,909582,06B,R,gaba,-1,lm,lh|lm|rm,101.1,151.0,0.0,1068,0.095,26.0,64.1,11.0,lm->lh lm->rm,both
IN04B053,537470,04B,R,acetylcholine,1,rf,rf,101.0,382.0,68.0,469,0.215,48.3,51.7,1.0,rh->rf lf->rf,both
IN03A075,804406,03A,R,acetylcholine,1,rh,rh,101.0,580.0,261.0,649,0.156,74.0,27.0,0.0,rh->lh rh->rm,contralateral
IN01B027_a,902527,01B,L,gaba,-1,lh,lh,101.0,578.0,0.0,1492,0.068,42.0,50.0,9.0,lh->lm lh->rh,both
IN19A005,800497,19A,R,gaba,-1,rm,rm,100.9,2958.0,770.0,3162,0.032,33.7,67.1,0.1,rh->rm lm->rm,both
IN03B071,809916,03B,R,gaba,-1,lh|lf,rh|rm|lh,100.9,118.0,0.0,641,0.157,30.3,12.9,57.7,lh->rh lf->rh lh->rm,both
IN08A006,905009,08A,R,gaba,-1,rm,rm,100.8,2117.0,655.0,2303,0.044,14.9,84.1,1.8,rh->rm rm->rh lm->rm,ipsilateral
IN04B074,909475,04B,L,acetylcholine,1,lh|lm,lh,100.8,503.0,310.0,514,0.196,11.6,86.8,2.4,lm->lh lh->rh,ipsilateral
IN04B087,805127,04B,L,acetylcholine,1,lm,lm,100.7,629.0,74.0,1191,0.085,35.9,60.7,4.1,lh->lm lm->rm,both
IN16B055,805451,16B,R,glutamate,-1,rf|lf,rf,100.7,408.0,8.0,440,0.229,100.7,0.0,0.0,lf->rf rf->lf,contralateral
IN19A016,801873,19A,L,gaba,-1,lm,lm,100.6,1913.0,1494.0,1947,0.052,0.0,100.6,0.0,lf->lm lh->lm,ipsilateral
IN08A034,812852,08A,R,glutamate,-1,rf|rh,rf,100.6,334.0,137.0,334,0.301,0.0,100.6,0.0,rh->rf rm->rf,ipsilateral
IN20A.22A084,911652,20A/22A,L,acetylcholine,1,lh|lf,lf,100.4,136.0,0.0,203,0.495,0.0,100.4,0.0,lh->lf,ipsilateral
IN14A024,804427,14A,L,glutamate,-1,rm,rm,100.3,520.0,0.0,1378,0.073,0.0,100.3,0.0,rh->rm rf->rm rm->rf,ipsilateral
IN12B034,805464,12B,L,gaba,-1,rm,rm|rh|rf,100.3,225.0,31.0,401,0.25,4.9,87.7,7.7,rm->rh rm->rf rh->rm,ipsilateral
IN03A069,806516,03A,R,acetylcholine,1,rf|lf,rf,100.2,314.0,145.0,430,0.233,62.3,22.5,15.4,lf->rf rf->lm rm->rf,both
IN21A017,903520,21A,R,acetylcholine,1,rm,rm,100.1,1363.0,765.0,1418,0.071,1.4,56.1,42.6,rh->rm rm->lh rf->rm,both
IN06B014,801266,06B,R,gaba,-1,lh,rh|lh,100.0,170.0,0.0,2874,0.035,80.0,5.0,15.0,lh->rh lh->rf,contralateral
IN04B078,806582,04B,L,acetylcholine,1,lf|rf,lf,100.0,416.0,106.0,505,0.198,100.0,0.0,0.0,rf->lf lf->rf,contralateral
IN01B062,807828,01B,R,gaba,-1,rh,rh,100.0,608.0,0.0,1201,0.083,48.0,52.0,0.0,rh->rm rh->lh,both
IN01B054,810267,01B,L,gaba,-1,lm,lm|lf,100.0,389.0,0.0,571,0.175,7.0,93.0,0.0,lm->lf lm->lh,ipsilateral
IN03A073,810398,03A,R,acetylcholine,1,rf,rf|rm,100.0,236.0,8.0,254,0.394,29.0,71.0,0.0,rf->rm rf->lf rf->rh,ipsilateral
IN12B061,813740,12B,R,gaba,-1,rm,lm,99.8,122.0,6.0,274,0.364,99.8,0.0,0.0,rm->lm,contralateral
IN09A054,816324,09A,L,gaba,-1,lf|lm,lf|lm,99.7,218.0,0.0,284,0.351,0.0,94.7,5.0,lm->lf lf->lm lf->lh,ipsilateral
IN20A.22A073,902875,20A/22A,L,acetylcholine,1,lh,lh|rh,99.7,241.0,31.0,272,0.367,43.9,48.7,7.1,lh->rh lh->lm lf->lh,both
IN07B073_d,808388,07B,R,acetylcholine,1,rm|lm,rm|lh,99.6,194.0,10.0,523,0.19,42.6,18.4,38.6,rm->lh lm->rm rm->lm,both
IN06B049,803195,06B,R,gaba,-1,lh|rh,lh|rh,99.5,174.0,15.0,1202,0.083,62.7,16.8,19.9,rh->lh lh->rh lm->lh,both
IN08A005,904589,08A,R,glutamate,-1,rf,rf,99.5,1885.0,366.0,2122,0.047,62.9,35.9,0.7,lf->rf rf->rm rf->lf,both
IN19A016,800452,19A,R,gaba,-1,rm,rm,99.4,1967.0,1529.0,1974,0.05,0.0,88.3,11.2,rh->rm rf->rm lf->rm,ipsilateral
INXXX008,802455,XXX (unassigned),R,unclear,0,lm|lh,lh|lm,99.4,142.0,12.0,252,0.394,19.2,61.2,19.0,lm->lh rh->lh lh->lm,both
IN04B039,802542,04B,R,acetylcholine,1,rf,rf,99.4,548.0,172.0,662,0.15,28.4,68.4,2.6,rm->rf rf->lf rf->rm,both
IN14A022,807543,14A,R,glutamate,-1,lm,lm,99.4,622.0,0.0,885,0.112,5.2,93.4,0.8,lf->lm,ipsilateral
IN12B034,805068,12B,R,gaba,-1,lm,lm,99.3,345.0,68.0,535,0.186,0.6,92.1,6.6,lm->lf lm->lh lf->lm,ipsilateral
IN08A024,805936,08A,R,glutamate,-1,rh,rh,99.3,835.0,153.0,1034,0.096,46.0,51.3,2.0,rh->lh rm->rh rh->rm,both
IN06B055,805994,06B,L,gaba,-1,lm|lh|rm,rm|lm|lf,99.3,135.0,0.0,909,0.109,33.6,42.1,23.6,lm->rm lh->rm lm->lf,both
IN20A.22A019,806514,20A/22A,L,acetylcholine,1,lh,lh|lm,99.3,477.0,0.0,583,0.17,13.7,85.3,0.3,lh->lm lh->rh,ipsilateral
"IN14A042,IN14A047",810304,14A,R,glutamate,-1,lm,lm,99.3,746.0,0.0,838,0.119,99.3,0.0,0.0,rm->lm,contralateral
IN23B007,903279,23B,L,acetylcholine,1,lm,lm,99.2,1142.0,0.0,2105,0.047,45.0,53.4,0.9,lm->rm lm->lf lf->lm,both
IN11A025,905214,11A,R,acetylcholine,1,rh|rf|rm,lm|rm|rh,99.2,116.0,0.0,638,0.155,17.1,36.2,45.9,rh->lm rf->lm rh->rm,both
INXXX213,805675,XXX (unassigned),L,gaba,-1,lh,lm,99.1,110.0,0.0,1166,0.085,0.0,99.1,0.0,lh->lm,ipsilateral
IN02A018,802384,02A,L,glutamate,-1,lm|lh,lh|lf|rh,99.0,122.0,6.0,2184,0.045,21.0,57.0,21.0,lm->lh lm->lf lh->lf,both
INXXX400,805324,XXX (unassigned),L,acetylcholine,1,lh,rh|lh,99.0,171.0,0.0,1504,0.066,99.0,0.0,0.0,lh->rh,contralateral
IN20A.22A040,807841,20A/22A,R,acetylcholine,1,rf,rf,99.0,493.0,72.0,532,0.186,31.0,68.0,0.0,rf->rm rf->lf,both
IN03A060,903022,03A,L,acetylcholine,1,lm,lm,99.0,942.0,467.0,1070,0.093,0.0,99.0,0.0,lh->lm,ipsilateral
IN01A039,904133,01A,R,acetylcholine,1,lf,lf,99.0,897.0,7.0,1168,0.085,25.0,74.0,0.0,lf->lm lf->rf,ipsilateral
IN13B078,809444,13B,R,gaba,-1,lm,lm,98.9,623.0,16.0,623,0.159,10.9,86.2,1.8,lm->lh lm->lf rm->lm,ipsilateral
IN03A051,907363,03A,L,acetylcholine,1,lf,lf,98.9,414.0,140.0,491,0.201,86.0,11.4,1.5,rf->lf lf->rf lm->lf,contralateral
IN13A020,912554,13A,R,gaba,-1,rm,rm,98.6,715.0,186.0,822,0.12,76.9,20.6,1.1,lm->rm,contralateral
IN12B068_c,908295,12B,L,gaba,-1,lm|lh|rh,rh,98.5,123.0,0.0,716,0.138,32.8,22.3,43.4,lm->rh lh->rh rm->rh,both
IN13A010,800332,13A,L,gaba,-1,lm,lm,98.4,3028.0,1437.0,3073,0.032,14.4,83.6,0.4,lm->lf lm->lh rm->lm,ipsilateral
INXXX039,800386,XXX (unassigned),R,acetylcholine,1,rm|rh|lh,lh|rh,98.4,119.0,14.0,7544,0.013,25.8,27.9,44.7,rm->lh rh->lh lf->lh,both
IN01A082,802717,01A,L,acetylcholine,1,rh,rh,98.4,403.0,62.0,464,0.212,40.1,10.5,47.8,lh->rh rh->lf lf->rh,both
IN03A055,803818,03A,L,acetylcholine,1,lh,lh,98.4,892.0,129.0,1019,0.097,20.4,77.7,0.4,lm->lh rh->lh lh->lm,ipsilateral
IN16B083,806025,16B,R,glutamate,-1,rf|rm,rf,98.4,293.0,69.0,299,0.329,0.0,98.4,0.0,rm->rf rh->rf,ipsilateral
IN12B077,940589,12B,R,gaba,-1,lm|lh,lh,98.4,152.0,31.0,287,0.343,0.0,98.4,0.0,lm->lh,ipsilateral
IN17B010,801519,17B,L,gaba,-1,lh|rm,lm|lh,98.3,125.0,0.0,2723,0.036,15.5,66.1,16.7,lh->lm rm->lm,both
IN12B063_c,909389,12B,L,gaba,-1,lm|lh|rh,rm,98.2,102.0,0.0,787,0.125,51.0,20.9,26.4,lm->rm lh->rm rh->rm,both
IN14A093,801605,14A,R,glutamate,-1,lm,lm,98.1,385.0,0.0,530,0.185,0.0,80.5,17.6,lh->lm lf->lm rh->lm,ipsilateral
IN12B034,908931,12B,L,gaba,-1,rh,rh,98.1,367.0,65.0,629,0.156,16.9,49.9,31.3,rh->rm lf->rh rh->lh,both
IN19B037,803574,19B,R,acetylcholine,1,rm|lm,lh|rh,98.0,98.0,19.0,2205,0.044,0.0,46.8,51.2,rm->lh lm->lh rm->rh,both
IN14A018,806832,14A,L,glutamate,-1,rh,rh,98.0,686.0,0.0,918,0.107,79.0,19.0,0.0,rh->lh rh->rm,contralateral
IN16B120,809978,16B,R,glutamate,-1,rh,rh|lh,98.0,264.0,7.0,370,0.265,66.0,14.0,18.0,rh->lh rh->rm rh->lm,both
IN03A089,903161,03A,L,acetylcholine,1,lm|lf,lm,98.0,523.0,0.0,770,0.127,10.0,86.0,2.0,lf->lm lm->rm,ipsilateral
IN03A030,903456,03A,L,acetylcholine,1,lm,lm,98.0,1453.0,83.0,1853,0.053,40.5,57.2,0.4,lf->lm rm->lm,both
IN14A025,905285,14A,R,glutamate,-1,lh,lh,98.0,843.0,0.0,919,0.107,30.0,32.0,36.0,lh->rf lh->lm lh->rh,both
IN21A052,913493,21A,R,glutamate,-1,rm|rf,rm,98.0,351.0,21.0,380,0.258,0.0,98.0,0.0,rf->rm,ipsilateral
IN04B063,946329,04B,R,acetylcholine,1,rh,rh,98.0,677.0,113.0,759,0.129,98.0,0.0,0.0,rh->lh,contralateral
IN09A013,802627,09A,L,gaba,-1,lm,lm,97.8,1392.0,0.0,2643,0.037,15.4,54.6,27.7,lh->lm rh->lm lm->rm,both
IN03A004,800102,03A,L,acetylcholine,1,lh,lh,97.7,2474.0,421.0,2810,0.035,34.2,57.2,6.3,lh->lm lh->rh lm->lh,both
IN06B054,801621,06B,R,gaba,-1,lm|rm,lm|rm|lf,97.7,141.0,7.0,1564,0.062,33.3,37.6,26.8,lm->rm rm->lm lm->lf,both
IN13B004,801144,13B,L,gaba,-1,rf,rf,97.6,1408.0,38.0,2053,0.048,52.7,44.0,0.9,rf->lf lf->rf rf->rm,both
IN04B010,803030,04B,L,acetylcholine,1,lf|lm,lf,97.6,393.0,99.0,544,0.179,20.7,76.5,0.4,lm->lf rf->lf,ipsilateral
IN09A064,812489,09A,L,gaba,-1,lm,lm|lh,97.5,260.0,0.0,366,0.266,0.9,77.5,19.1,lm->lh rf->lm lm->lf,ipsilateral
IN12B042,809431,12B,L,gaba,-1,rh|rm,rh|rm,97.4,248.0,0.0,553,0.176,9.0,86.4,2.0,rh->rm rm->rh,ipsilateral
IN13B056,904009,13B,R,gaba,-1,lf,lf,97.4,580.0,8.0,596,0.163,16.9,52.5,28.0,lm->lf rm->lf lf->lm,both
IN08A043,810485,08A,L,glutamate,-1,lh|lm,lh,97.1,554.0,421.0,610,0.159,0.0,97.1,0.0,lm->lh,ipsilateral
IN13B010,801374,13B,R,gaba,-1,lf,lf,97.0,1283.0,72.0,2479,0.039,12.0,85.0,0.0,lf->lm lf->rf,ipsilateral
IN04B047,804678,04B,R,acetylcholine,1,rf,rf,97.0,600.0,231.0,702,0.138,75.0,22.0,0.0,rf->lf rf->rm,contralateral
IN03A037,909186,03A,R,acetylcholine,1,rh,rh,97.0,580.0,236.0,591,0.164,27.0,38.0,32.0,rh->rm rh->lf rh->lh,both
IN01A059,929742,01A,R,acetylcholine,1,lh,lh|rh,97.0,222.0,0.0,612,0.158,97.0,0.0,0.0,lh->rh,contralateral
IN12A053_c,805293,12A,L,acetylcholine,1,lh|lm|lf,lm|lf|rh|rm|lh,96.8,119.0,28.0,963,0.101,18.3,49.5,29.1,lh->lm lh->rh lh->lf,both
IN03A082,808288,03A,R,acetylcholine,1,rh,rh|lh,96.8,182.0,0.0,220,0.44,66.0,25.8,5.0,rh->lh rh->rm,both
IN13B034,805817,13B,L,gaba,-1,rh,rh,96.7,1063.0,16.0,1121,0.086,75.7,20.5,0.5,rh->lh lh->rh rh->rm,contralateral
IN01A063_b,806937,01A,R,acetylcholine,1,lf,lf,96.7,599.0,165.0,675,0.143,8.9,86.7,1.1,lm->lf lf->lm,ipsilateral
IN04B011,905217,04B,L,acetylcholine,1,lm,lm,96.7,1383.0,251.0,1610,0.06,4.8,91.7,0.2,lf->lm lm->lh lm->lf,ipsilateral
IN03A078,807180,03A,R,acetylcholine,1,rh,rh,96.6,542.0,213.0,663,0.146,71.1,24.6,0.9,rh->lh rh->rm,contralateral
IN03A046,807544,03A,L,acetylcholine,1,lf,lf,96.6,643.0,169.0,691,0.14,0.0,96.6,0.0,lf->lm lh->lf lm->lf,ipsilateral
IN08A006,801437,08A,R,gaba,-1,rf,rf,96.5,1976.0,802.0,2090,0.046,40.0,52.7,3.8,rm->rf rf->lf rh->rf,both
IN04B029,804359,04B,R,acetylcholine,1,rh,rh,96.5,603.0,39.0,901,0.107,59.6,34.6,2.3,rh->lh rm->rh rh->rm,both
IN12B081,810336,12B,L,gaba,-1,lf|rf,lf|rf,96.5,198.0,0.0,217,0.445,91.5,2.7,2.3,rf->lf lf->rf,contralateral
IN21A001,800613,21A,L,glutamate,-1,lh,lh,96.4,3154.0,1824.0,3293,0.029,35.1,60.9,0.5,lm->lh lh->rh lh->lm,both
IN04B066,805353,04B,R,acetylcholine,1,rf|rh,rf,96.4,320.0,43.0,356,0.271,3.7,91.4,1.3,rh->rf,ipsilateral
IN08A035,806669,08A,R,glutamate,-1,rh|rm,rh,96.4,376.0,49.0,446,0.216,4.5,90.4,1.5,rm->rh,ipsilateral
IN23B028,907943,23B,R,acetylcholine,1,rm,rm,96.4,359.0,0.0,1030,0.094,0.0,34.2,62.2,rm->lh rm->rh rm->lf,both
IN17B003,800014,17B,L,gaba,-1,lh|rh,lm,96.3,104.0,0.0,3970,0.024,9.6,56.1,30.6,lh->lm rh->lm lh->rm,both
IN16B052,810065,16B,R,glutamate,-1,rm|lf,rm,96.3,442.0,76.0,456,0.211,1.3,14.7,80.3,lf->rm,both
IN00A024,814305,00A,M,gaba,-1,lh|lm,rh|lm|lh,96.2,118.0,0.0,801,0.12,42.3,23.2,30.7,lh->rh lm->rh lh->lm,both
IN16B055,902453,16B,L,glutamate,-1,lf,lf,96.2,669.0,0.0,674,0.143,96.2,0.0,0.0,lf->rf rf->lf,contralateral
IN07B090,811330,07B,R,acetylcholine,1,rh,rh|lh,96.1,180.0,166.0,381,0.252,82.1,5.3,8.7,rh->lh,contralateral
IN04B090,905731,04B,L,acetylcholine,1,lm,lm,96.1,378.0,92.0,421,0.228,0.0,80.1,16.0,lf->lm lm->lh lm->lf,ipsilateral
IN13A002,800270,13A,L,gaba,-1,lf,lf,96.0,3921.0,377.0,5088,0.019,13.0,7.0,76.0,lf->rh lf->rf,both
IN01A045,803348,01A,R,acetylcholine,1,rh,rh|lh,96.0,316.0,0.0,1645,0.058,96.0,0.0,0.0,rh->lh,contralateral
IN12B036,803534,12B,L,gaba,-1,rm,rm|rh,96.0,452.0,10.0,1079,0.089,0.0,96.0,0.0,rm->rh rm->rf,ipsilateral
IN06B059,805209,06B,L,gaba,-1,lf|lm|rh,rm,96.0,96.0,0.0,541,0.177,21.2,19.2,55.6,lf->rm rh->rm lm->rm,both
IN06B083,807041,06B,L,gaba,-1,rm,rh|rm,96.0,133.0,0.0,1111,0.086,7.0,78.0,11.0,rm->rh rm->lh,ipsilateral
IN07B066,809868,07B,R,acetylcholine,1,rm,lm|lh|rm,96.0,114.0,0.0,481,0.2,60.0,0.0,36.0,rm->lm rm->lh rm->lf,both
IN11A010,811624,11A,R,acetylcholine,1,rm|rf,lm|rf,96.0,114.0,13.0,196,0.49,40.2,44.0,11.8,rm->lm rm->rf rf->lm,both
IN01B052,938989,01B,L,gaba,-1,lh,lh,96.0,592.0,0.0,770,0.125,37.0,47.0,12.0,lh->lm lh->rh lh->rf,both
IN21A012,802643,21A,R,acetylcholine,1,rm,rm,95.9,1799.0,1208.0,1871,0.051,8.1,74.2,13.5,rh->rm rf->rm rm->lh,ipsilateral
INXXX235,803444,XXX (unassigned),L,gaba,-1,lh|rh,rh|lh,95.9,176.0,27.0,1059,0.091,81.0,7.0,7.9,lh->rh rh->lh,contralateral
IN06B063,805057,06B,R,gaba,-1,rh|rm,lm|rf|rh,95.9,111.0,0.0,965,0.099,17.8,37.9,40.2,rh->lm rh->rf rh->lh,both
IN20A.22A007,801209,20A/22A,R,acetylcholine,1,rh,rh,95.8,2027.0,859.0,2162,0.044,57.8,37.6,0.4,rh->lh rh->rm lh->rh,both
IN23B036,804244,23B,R,acetylcholine,1,rh,rh,95.8,428.0,0.0,1147,0.083,32.2,19.8,43.8,rh->lm rh->lh rh->rm,both
vPR9_a,804327,-,M,gaba,-1,rh|lh,lm|rm,95.8,104.0,0.0,1448,0.066,1.8,43.8,50.2,rh->lm rh->rm,both
IN06A098,806258,06A,R,gaba,-1,rh|rm,lm|rm,95.7,102.0,0.0,1303,0.073,29.4,11.7,54.6,rh->lm rm->lm rh->rm,both
IN12B023,805925,12B,R,gaba,-1,lm,lm,95.6,761.0,592.0,791,0.121,15.2,15.2,65.1,rh->lm rm->lm,both
IN21A001,800167,21A,R,glutamate,-1,rh,rh,95.5,2856.0,1613.0,2960,0.032,20.6,66.9,8.0,rm->rh rh->lh rh->rm,ipsilateral
IN16B018,801575,16B,R,gaba,-1,rh,rh,95.5,1606.0,520.0,1698,0.056,33.2,62.0,0.3,rh->rm rh->lh,both
IN20A.22A048,806381,20A/22A,R,acetylcholine,1,rh,rh,95.5,823.0,0.0,1003,0.095,6.4,88.5,0.6,rm->rh rh->rm,ipsilateral
IN11A022,805275,11A,R,acetylcholine,1,rf|rh,rh|lh|lm|rm,95.3,105.0,0.0,615,0.155,8.5,42.3,44.5,rf->rh rf->lh rf->lm,both
IN01A066,813832,01A,L,acetylcholine,1,rh,rh,95.3,404.0,0.0,457,0.209,0.0,59.0,36.3,rm->rh lf->rh,both
IN19B050,802049,19B,R,acetylcholine,1,rh|lh,lh|rh,95.2,173.0,25.0,1640,0.058,79.2,8.2,7.8,rh->lh lh->rh,contralateral
IN08A037,807302,08A,R,glutamate,-1,rh,rh,95.1,578.0,397.0,592,0.161,26.2,63.0,5.9,rm->rh lh->rh,both
IN21A098,811660,21A,L,glutamate,-1,lh|lm,lh,95.1,278.0,0.0,403,0.236,0.0,83.1,12.0,lm->lh,ipsilateral
IN09A003,800902,09A,L,gaba,-1,lf,lf,95.0,1542.0,186.0,2538,0.037,20.7,47.0,27.3,lf->rh lf->rf lf->lm,both
IN09A014,801659,09A,L,gaba,-1,lh,lh,95.0,1212.0,0.0,4171,0.023,11.0,70.0,14.0,lh->lm lh->rm lh->rh,ipsilateral
IN23B060,804585,23B,L,acetylcholine,1,lh,lh|lm,95.0,176.0,0.0,527,0.18,9.5,69.7,15.7,lh->lm lh->rm,ipsilateral
IN17A093,806334,17A,L,acetylcholine,1,lm,lm|lh|rh,95.0,169.0,0.0,1075,0.088,0.0,69.0,26.0,lm->lh lm->rh lm->lf,ipsilateral
IN04B112,808232,04B,L,acetylcholine,1,lh,lh|rf,95.0,322.0,0.0,612,0.155,16.0,11.0,68.0,lh->rf lh->rh lh->lm,both
IN23B018,902533,23B,L,acetylcholine,1,lm,lm,95.0,952.0,71.0,2274,0.042,19.0,70.0,6.0,lm->lh lm->rm lm->lf,ipsilateral
IN23B040,904962,23B,L,acetylcholine,1,lm,lm|lh|lf,95.0,175.0,0.0,1078,0.088,0.0,95.0,0.0,lm->lh lm->lf,ipsilateral
IN14A009,801950,14A,R,glutamate,-1,lf,lf,94.9,1401.0,78.0,1733,0.055,54.1,27.9,12.9,lf->rf lm->lf lf->rh,both
IN04B010,804535,04B,L,acetylcholine,1,lf|lm,lf,94.9,355.0,71.0,515,0.184,17.9,65.9,11.1,lm->lf lf->rf,both
IN03A064,805341,03A,L,acetylcholine,1,lh,lh,94.9,824.0,388.0,867,0.109,12.7,82.2,0.0,lm->lh rh->lh,ipsilateral
IN20A.22A007,904673,20A/22A,L,acetylcholine,1,lh,lh,94.9,1398.0,524.0,1708,0.056,62.9,31.7,0.3,lh->rh lh->lm rh->lh,both
IN08A005,905167,08A,L,glutamate,-1,lf,lf,94.9,2635.0,574.0,2889,0.033,51.1,32.1,11.8,lf->lm rf->lf lf->rf,both
IN03A075,909343,03A,R,acetylcholine,1,rm,rm|lh,94.9,325.0,35.0,409,0.232,4.7,24.1,66.1,rm->lh rh->rm lf->rm,both
IN07B026,802296,07B,L,acetylcholine,1,rm|lh,lh|rh,94.8,111.0,13.0,3020,0.031,8.3,31.3,55.2,rm->lh rm->rh lm->lh,both
IN19A029,802393,19A,L,gaba,-1,lm,lm,94.8,1505.0,107.0,1724,0.055,0.0,94.8,0.0,lm->lf lm->lh,ipsilateral
IN20A.22A009,802747,20A/22A,L,acetylcholine,1,lm,lm,94.8,594.0,286.0,627,0.151,0.0,94.8,0.0,lh->lm lf->lm,ipsilateral
INXXX269,804382,XXX (unassigned),L,acetylcholine,1,lh,lh|rh,94.8,261.0,20.0,1888,0.05,73.0,17.2,4.6,lh->rh rh->lh lm->lh,contralateral
IN01A079,809722,01A,L,acetylcholine,1,rm,rm,94.8,390.0,0.0,462,0.205,45.1,47.9,1.8,rf->rm lm->rm rm->lm,both
IN16B125,908759,16B,R,glutamate,-1,rm|lf,lm|rh|rm,94.8,128.0,0.0,328,0.289,32.3,43.1,19.5,rm->lm rm->rh,both
IN08A019,803652,08A,L,glutamate,-1,lh,lh,94.7,1188.0,104.0,1488,0.064,16.1,77.7,0.9,lm->lh lh->rh lh->lm,ipsilateral
IN12B088,804795,12B,R,gaba,-1,rh|lh,lm,94.7,101.0,0.0,426,0.222,6.7,39.8,48.2,rh->lm lh->lm,both
IN05B066,806190,05B,L,gaba,-1,lh|lm|rm,lm|lh|rm,94.7,128.0,0.0,630,0.15,21.2,49.4,24.2,lh->lm lh->rm,both
IN20A.22A017,803631,20A/22A,L,acetylcholine,1,lh,lh,94.6,629.0,0.0,842,0.112,34.7,57.6,2.3,lh->rh lh->lm lm->lh,both
IN04B033,804227,04B,L,acetylcholine,1,lm,lm,94.6,825.0,27.0,1110,0.085,7.3,86.6,0.7,lh->lm lf->lm lm->lf,ipsilateral
IN14A024,802468,14A,L,glutamate,-1,rh,rh,94.5,620.0,7.0,1409,0.067,1.0,53.5,40.0,rh->rm rh->lf rf->rh,both
IN08B087,805738,08B,L,acetylcholine,1,lm|lh|rh,rh|lh,94.5,131.0,7.0,815,0.116,40.5,21.0,32.9,lm->rh lh->rh lm->lh,both
IN23B062,805120,23B,L,acetylcholine,1,lm,lm|lh,94.4,206.0,0.0,507,0.186,15.5,71.4,7.5,lm->lh lm->rm lf->lm,ipsilateral
IN13A036,808224,13A,L,gaba,-1,lm|lh,lm,94.4,427.0,0.0,696,0.136,0.0,94.4,0.0,lh->lm,ipsilateral
IN23B095,801937,23B,L,acetylcholine,1,lh|rh|lm|rm,lh|rh,94.2,129.0,73.0,4334,0.022,34.6,30.7,28.9,rh->lh lm->lh lh->rh,both
INXXX206,803613,XXX (unassigned),R,acetylcholine,1,lh|rh,lh|rh,94.2,187.0,6.0,1851,0.051,92.1,0.6,1.6,rh->lh lh->rh,contralateral
IN03A032,805300,03A,L,acetylcholine,1,lm,lm,94.2,1002.0,390.0,1115,0.084,5.7,88.5,0.0,lh->lm lf->lm,ipsilateral
IN20A.22A036,804921,20A/22A,R,acetylcholine,1,rm,rm,94.1,375.0,72.0,375,0.251,21.6,70.6,1.9,rh->rm lm->rm rm->rh,ipsilateral
IN05B064_a,807792,05B,R,gaba,-1,rf|rm,rm,94.1,142.0,0.0,416,0.226,11.7,67.1,15.3,rf->rm,ipsilateral
IN07B044,808019,07B,R,acetylcholine,1,rm,rm|lm,94.1,229.0,0.0,401,0.235,59.7,16.6,17.7,rm->lm lm->rm rh->rm,both
IN04B022,805193,04B,L,acetylcholine,1,lh,lh,94.0,336.0,137.0,603,0.156,24.0,23.0,47.0,lh->rm lh->rh lh->lm,both
IN14A024,810580,14A,L,glutamate,-1,rh,rf,94.0,94.0,7.0,369,0.255,0.0,94.0,0.0,rh->rf,ipsilateral
IN09A043,811301,09A,R,gaba,-1,rh,rh|rm,94.0,160.0,0.0,406,0.232,18.0,71.0,5.0,rh->rm rh->rf rh->lh,ipsilateral
IN20A.22A089,928497,20A/22A,L,acetylcholine,1,lf,lf,94.0,342.0,0.0,456,0.206,29.0,33.0,32.0,lf->lm lf->rf lf->rh,both
IN04B095,806231,04B,R,acetylcholine,1,rh,rh|lh,93.9,267.0,14.0,565,0.166,55.0,11.9,27.0,rh->lh rh->lf,both
IN14A007,913018,14A,R,glutamate,-1,lm,lm,93.9,2533.0,67.0,3096,0.03,29.1,64.4,0.4,rm->lm lf->lm lm->lf,both
GFC2,802551,-,L,acetylcholine,1,lm,lm,93.8,698.0,7.0,1476,0.064,22.8,32.0,39.0,lm->rf lm->lf lm->rm,both
IN09B045,800947,09B,L,glutamate,-1,rh|lh,lh,93.7,140.0,0.0,621,0.151,70.7,14.2,8.8,rh->lh rh->rf,contralateral
IN16B125,802185,16B,R,glutamate,-1,rm|lf,rh|rm|lm,93.7,126.0,0.0,247,0.38,23.5,51.0,19.2,rm->rh rm->lm,both
IN12B061,813453,12B,L,gaba,-1,lm|rm,rm,93.7,133.0,0.0,271,0.346,69.3,20.2,4.2,lm->rm rh->rm,contralateral
IN04B049_c,805988,04B,L,acetylcholine,1,lm,lm,93.6,746.0,63.0,854,0.11,0.0,93.6,0.0,lf->lm lh->lm lm->lh,ipsilateral
IN12B034,803022,12B,L,gaba,-1,rm,rm,93.5,338.0,12.0,608,0.154,8.0,38.4,47.1,rm->lh rm->rh lf->rm,both
IN20A.22A017,806573,20A/22A,R,acetylcholine,1,rm,rm,93.4,494.0,0.0,613,0.152,0.0,76.8,16.6,rh->rm rf->rm lf->rm,ipsilateral
IN14A007,904917,14A,R,glutamate,-1,lf,lf,93.4,1709.0,54.0,1943,0.048,40.4,19.2,33.8,lf->rh rf->lf lf->rf,both
"IN17A088,IN17A089",906471,17A,L,acetylcholine,1,lh|lm,lm|lh,93.4,162.0,52.0,512,0.182,11.1,72.4,9.9,lh->lm lm->lh,ipsilateral
GFC3,902784,-,R,acetylcholine,1,rh|lm,rh,93.3,316.0,49.0,352,0.265,0.0,42.4,50.9,lm->rh rm->rh,both
IN09B038,805097,09B,L,acetylcholine,1,rm,rm|rh|rf,93.2,154.0,0.0,551,0.169,9.4,56.6,27.2,rm->rh rm->rf rm->lf,both
IN21A022,902825,21A,L,acetylcholine,1,lm,lm,93.2,721.0,273.0,1052,0.089,20.7,70.2,2.3,lh->lm lm->rm,ipsilateral
IN03A059,805767,03A,L,acetylcholine,1,lh,lh,93.1,527.0,17.0,631,0.148,31.5,60.6,1.0,lm->lh rh->lh lh->lm,both
IN20A.22A017,806045,20A/22A,R,acetylcholine,1,rh|rf|rm|lf,rf,93.1,126.0,0.0,185,0.503,27.4,65.7,0.0,rh->rf rm->rf lf->rf,ipsilateral
IN04B067,807342,04B,R,acetylcholine,1,rf|rh,rf|rm,93.1,191.0,39.0,379,0.246,8.6,81.1,3.4,rh->rf rf->rm rh->rm,ipsilateral
IN04B089,908230,04B,L,acetylcholine,1,lm,lm,93.1,454.0,147.0,600,0.155,0.7,83.5,8.9,lm->lh lf->lm lh->lm,ipsilateral
IN03A040,803511,03A,R,acetylcholine,1,rf,rf|rm,93.0,433.0,31.0,715,0.13,24.0,69.0,0.0,rf->rm rf->lf,ipsilateral
IN23B041,804863,23B,R,acetylcholine,1,rh,rh|lh|rm,93.0,245.0,0.0,847,0.11,56.0,37.0,0.0,rh->lh rh->rm,both
IN20A.22A017,805677,20A/22A,R,acetylcholine,1,rh,rh,93.0,620.0,28.0,660,0.141,57.0,36.0,0.0,rh->lh rh->rm,both
IN06B055,806396,06B,R,gaba,-1,lm|rm,rm|lm,93.0,124.0,0.0,953,0.098,61.6,10.6,20.8,lm->rm lh->rm,both
IN00A022,806604,00A,M,gaba,-1,lf|rm,rh|lm,93.0,93.0,0.0,1114,0.083,10.0,46.5,36.5,rm->rh lf->rh,both
IN06A098,807291,06A,L,gaba,-1,rh,rm,93.0,93.0,0.0,1095,0.085,0.0,93.0,0.0,rh->rm,ipsilateral
IN04B112,810687,04B,L,acetylcholine,1,lf,lf|rh|lm,93.0,187.0,6.0,350,0.266,0.0,38.0,55.0,lf->rh lf->lm,both
IN16B118,810712,16B,L,glutamate,-1,lh,lh|rh,93.0,347.0,67.0,358,0.26,64.6,19.0,9.4,lh->rh lh->lm lm->lh,both
IN09A063,811907,09A,R,gaba,-1,rm,rm,93.0,558.0,0.0,580,0.16,0.0,93.0,0.0,rm->rh rm->rf,ipsilateral
IN01A082,816744,01A,R,acetylcholine,1,lh,lh,93.0,297.0,68.0,338,0.275,31.2,25.2,36.6,rm->lh rh->lh lh->lm,both
IN12B037_f,904023,12B,L,gaba,-1,rh,rh|rm,93.0,269.0,90.0,447,0.208,11.9,68.8,12.3,rh->rm rh->lh,ipsilateral
IN13B040,933697,13B,R,gaba,-1,lf,lf,93.0,579.0,41.0,742,0.125,33.0,50.0,10.0,lf->lm lf->rf lf->rh,both
IN01A015,801882,01A,L,acetylcholine,1,rm,rm,92.9,2160.0,1176.0,2224,0.042,0.0,92.9,0.0,rm->rh,ipsilateral
IN03B036,804148,03B,L,gaba,-1,lm|rm,lm|rm,92.9,235.0,118.0,653,0.142,76.5,7.8,8.7,rm->lm lm->rm,contralateral
IN12B036,809457,12B,L,gaba,-1,rh,rh|rm,92.9,241.0,14.0,444,0.209,0.0,76.9,16.0,rh->rm rm->rh rh->lf,ipsilateral
IN12B027,810334,12B,R,gaba,-1,lf|lm,lf,92.9,257.0,112.0,594,0.156,0.0,92.9,0.0,lm->lf lf->lm lh->lf,ipsilateral
IN19B012,800216,19B,R,acetylcholine,1,lf,lf,92.8,2702.0,1063.0,2940,0.032,21.5,71.1,0.2,lm->lf rf->lf,ipsilateral
IN23B095,802204,23B,R,acetylcholine,1,rh|rm|lm,lh|rh,92.8,137.0,95.0,4018,0.023,46.2,23.2,23.4,rh->lh rm->lh rm->rh,both
IN14A023,807046,14A,R,glutamate,-1,lf,lf,92.8,477.0,0.0,646,0.144,33.6,58.7,0.4,lm->lf rf->lf,both
IN11A022,804748,11A,R,acetylcholine,1,rf|rh,lm|lh|rm,92.7,94.0,0.0,689,0.134,7.8,30.7,54.2,rf->lm rf->lh rf->rm,both
IN12B077,810899,12B,L,gaba,-1,rm|rh,rh|lh,92.7,119.0,15.0,245,0.378,5.3,72.7,14.7,rm->rh rm->lh,ipsilateral
IN20A.22A008,802060,20A/22A,L,acetylcholine,1,lm,lm,92.6,1525.0,402.0,1762,0.053,7.1,85.5,0.1,lh->lm lm->lh,ipsilateral
IN04B038,913461,04B,R,acetylcholine,1,rf,rf|lf,92.6,466.0,182.0,508,0.182,92.6,0.0,0.0,rf->lf lf->rf,contralateral
INXXX223,800754,XXX (unassigned),R,acetylcholine,1,lm|lh,lh|rh,92.5,142.0,0.0,2421,0.038,19.4,52.5,20.6,lm->lh lm->rh lh->rh,both
IN00A016,800973,00A,M,gaba,-1,lf|rf,rh|rf|lf|lm,92.5,117.0,0.0,630,0.147,25.8,31.9,34.8,lf->rh lf->rf lf->lm,both
IN00A031,802758,00A,M,gaba,-1,lm|rm,lm|rm|rf,92.4,124.0,0.0,1770,0.052,29.5,30.9,32.0,rm->lm lm->rm lm->rf,both
IN20A.22A036,803592,20A/22A,R,acetylcholine,1,rm,rm,92.3,403.0,105.0,423,0.218,13.0,78.4,0.9,rh->rm rm->rh lm->rm,ipsilateral
IN03A029,807322,03A,R,acetylcholine,1,rf,rf,92.3,436.0,0.0,573,0.161,0.0,83.3,9.0,rf->rm rm->rf,ipsilateral
IN09A050,808728,09A,R,gaba,-1,rh|rf,rh|lf,92.3,191.0,12.0,529,0.174,8.6,47.3,36.4,rh->lf rf->rh rh->rm,both
IN03A071,904322,03A,L,acetylcholine,1,lm,lm,92.3,918.0,225.0,1028,0.09,0.0,92.3,0.0,lm->lh lh->lm,ipsilateral
IN14A007,802068,14A,L,glutamate,-1,rf,rf,92.2,647.0,29.0,884,0.104,36.4,48.2,7.6,rm->rf rf->lf rf->rm,both
IN09A011,802664,09A,L,gaba,-1,lh,lh|rh,92.2,297.0,8.0,3153,0.029,48.4,33.0,10.8,lh->rh lh->lm lm->lh,both
IN05B042,803205,05B,L,gaba,-1,rh|lm|rm|lh,lh|rm|lm,92.2,115.0,0.0,1452,0.064,39.9,27.4,24.9,rh->lh lm->lh rm->lh,both
IN13A010,800194,13A,R,gaba,-1,rm,rm,92.0,3028.0,1619.0,3145,0.029,5.9,85.9,0.2,rm->rf rm->rh rh->rm,ipsilateral
IN13A009,800931,13A,L,gaba,-1,lf,lf,92.0,2418.0,1056.0,2853,0.032,9.0,69.6,13.4,lf->lm lm->lf,ipsilateral
IN08A005,801115,08A,R,glutamate,-1,rm,rm,92.0,2651.0,329.0,2907,0.032,41.6,41.3,9.1,rm->lm rh->rm rf->rm,both
IN23B043,801691,23B,L,acetylcholine,1,lh,lh,92.0,640.0,0.0,1876,0.049,16.0,0.0,76.0,lh->rf lh->rh,both
IN20A.22A045,804014,20A/22A,R,acetylcholine,1,rm,rm|rh,92.0,332.0,66.0,457,0.201,0.0,85.0,7.0,rm->rh rm->rf,ipsilateral
IN14A015,804587,14A,R,glutamate,-1,lm,lm,92.0,1232.0,16.0,1680,0.055,0.0,92.0,0.0,lm->lf lm->lh,ipsilateral
IN01A061,805441,01A,L,acetylcholine,1,lh|rh,rh|lh,92.0,170.0,0.0,719,0.128,92.0,0.0,0.0,lh->rh rh->lh,contralateral
IN16B074,807068,16B,L,glutamate,-1,lh,lh,92.0,997.0,40.0,1046,0.088,37.0,55.0,0.0,lh->lm lh->rh,both
IN11A027_a,905087,11A,R,acetylcholine,1,lm|rh|rf,rh,92.0,123.0,0.0,286,0.322,6.7,28.9,56.4,lm->rh rf->rh,both
IN13A020,804307,13A,L,gaba,-1,lm,lm,91.9,990.0,245.0,1101,0.083,60.4,21.4,10.1,rm->lm lm->lf,both
IN11A021,805672,11A,R,acetylcholine,1,lf|rf|rm,rm|lm,91.9,110.0,0.0,837,0.11,18.0,36.5,37.4,lf->rm lf->lm rf->rm,both
IN09A043,809542,09A,L,gaba,-1,lm|lh,lh|lm,91.9,148.0,0.0,549,0.167,8.6,79.2,4.1,lm->lh lh->lm lf->lh,ipsilateral
IN02A034,809990,02A,L,glutamate,-1,lm|lf,lm|lf,91.9,223.0,100.0,461,0.199,0.0,91.9,0.0,lf->lm lm->lf,ipsilateral
IN09A059,810799,09A,L,gaba,-1,lm|lh,lm,91.7,484.0,0.0,576,0.159,0.0,91.7,0.0,lh->lm,ipsilateral
IN09A002,800716,09A,R,gaba,-1,rh,rh,91.6,946.0,531.0,1454,0.063,33.2,53.1,5.3,rh->rm rh->lh,both
IN02A036,808284,02A,L,glutamate,-1,lm|lf,lm|lf,91.6,284.0,8.0,425,0.216,1.8,82.6,7.2,lf->lm lm->lf,ipsilateral
IN21A001,800032,21A,L,glutamate,-1,lm,lm,91.5,2844.0,1265.0,2955,0.031,30.3,60.5,0.7,lh->lm lm->rm,both
IN02A012,800817,02A,R,glutamate,-1,rh,rh|rm,91.4,378.0,11.0,1675,0.055,6.2,65.4,19.8,rh->rm rh->lf,ipsilateral
IN13B066,809804,13B,L,gaba,-1,rf|rm,rf,91.3,242.0,0.0,261,0.35,5.5,74.3,11.5,rm->rf,ipsilateral
IN13A038,910769,13A,R,gaba,-1,rh,rh,91.1,483.0,18.0,551,0.165,32.8,55.1,3.2,rm->rh rh->lh rh->rm,both
IN12B027,802909,12B,R,gaba,-1,lh,lh|rh,91.0,264.0,44.0,635,0.143,91.0,0.0,0.0,lh->rh,contralateral
IN03A073,803981,03A,L,acetylcholine,1,lf,lf,91.0,454.0,51.0,513,0.177,28.0,63.0,0.0,lf->lm lf->rf,both
IN14A015,804877,14A,L,glutamate,-1,rm,rm,91.0,1048.0,10.0,1415,0.064,0.0,29.0,62.0,rm->lh rm->rf rm->rh,both
IN08A028,804971,08A,R,glutamate,-1,rh,rh,91.0,749.0,63.0,995,0.091,75.0,16.0,0.0,rh->lh rh->rm,contralateral
IN04B068,807740,04B,L,acetylcholine,1,lh,lh|rh,91.0,400.0,46.0,472,0.193,63.0,28.0,0.0,lh->rh lh->lm,both
IN20A.22A049,808320,20A/22A,R,acetylcholine,1,rm,rm,91.0,486.0,6.0,687,0.132,5.0,81.0,5.0,rm->rf rm->rh,ipsilateral
IN16B118,902710,16B,L,glutamate,-1,lh,lh|rh,91.0,195.0,9.0,280,0.325,75.0,11.0,5.0,lh->rh lh->lm,contralateral
IN03A068,903712,03A,L,acetylcholine,1,lh,lh,91.0,675.0,146.0,767,0.119,91.0,0.0,0.0,lh->rh,contralateral
IN12B022,906172,12B,L,gaba,-1,rh,rf|rm,91.0,102.0,25.0,212,0.429,0.0,91.0,0.0,rh->rf rh->rm,ipsilateral
IN01B041,911621,01B,R,gaba,-1,rf,rf|rm|lf,91.0,255.0,0.0,278,0.327,41.0,50.0,0.0,rf->rm rf->lf,both
IN02A010,802390,02A,L,glutamate,-1,lh|lf,lh,90.9,174.0,31.0,2377,0.038,19.2,62.1,9.6,lf->lh lm->lh lh->rh,both
IN06B056,806171,06B,R,gaba,-1,rf|lf|lm,rm,90.9,103.0,0.0,688,0.132,17.6,38.2,35.1,rf->rm lf->rm lm->rm,both
IN02A034,809756,02A,L,glutamate,-1,lm|lf,lm|lf,90.9,228.0,75.0,488,0.186,3.4,85.9,1.6,lf->lm lm->lf,ipsilateral
IN03A045,908315,03A,R,acetylcholine,1,rf,rf,90.9,441.0,142.0,471,0.193,7.3,81.9,1.7,rm->rf rh->rf,ipsilateral
INXXX241,803910,XXX (unassigned),R,acetylcholine,1,rm|lm|lh,lh|lm,90.8,119.0,0.0,1755,0.052,19.7,30.1,41.0,rm->lh lm->lh rm->lm,both
IN12B051,811332,12B,R,gaba,-1,rm|lh|rh,lh|rh,90.6,116.0,61.0,156,0.581,24.2,31.4,35.0,rm->lh rm->rh lh->rh,both
IN20A.22A039,905049,20A/22A,L,acetylcholine,1,lf,lf,90.6,541.0,194.0,597,0.152,19.4,62.6,8.6,lm->lf lf->lm lf->rf,both
IN03A032,908023,03A,R,acetylcholine,1,rm,rm,90.6,939.0,329.0,973,0.093,0.8,54.6,35.2,rm->rh rm->lh rh->rm,both
IN06A103,809800,06A,L,gaba,-1,lh|rh,rh|rm|lf|lm,90.5,104.0,0.0,706,0.128,22.5,34.8,33.2,lh->rh lh->rm lh->lf,both
IN20A.22A022,908923,20A/22A,L,acetylcholine,1,lm,lm|lh,90.4,292.0,67.0,443,0.204,0.0,90.4,0.0,lm->lh lf->lm lm->lf,ipsilateral
IN03A011,802916,03A,L,acetylcholine,1,lh,rh|lh,90.2,144.0,0.0,3407,0.026,74.4,6.5,9.3,lh->rh lm->rh,contralateral
IN12B037_b,805086,12B,L,gaba,-1,rm,rm|rh,90.1,245.0,5.0,423,0.213,13.6,71.4,5.1,rm->rh rm->rf rm->lm,ipsilateral
IN03A081,807027,03A,L,acetylcholine,1,lh,lh,90.1,556.0,307.0,678,0.133,44.2,44.1,1.8,lh->rh lh->lm lf->lh,both
IN19A008,800257,19A,L,gaba,-1,lh,lh,90.0,2178.0,166.0,2573,0.035,36.3,47.4,6.2,lh->rh lh->lf lh->lm,both
IN14A020,802110,14A,L,glutamate,-1,rh,rh|lh,90.0,422.0,0.0,2573,0.035,90.0,0.0,0.0,rh->lh,contralateral
IN04B053,803269,04B,L,acetylcholine,1,lf,lf,90.0,710.0,117.0,769,0.117,80.0,9.1,0.9,rf->lf lf->rf lf->lm,contralateral
IN03A038,804729,03A,R,acetylcholine,1,rm,rm,90.0,838.0,324.0,911,0.099,0.0,90.0,0.0,rm->rh rm->rf,ipsilateral
IN01A059,804734,01A,R,acetylcholine,1,lh,lh|rh,90.0,357.0,0.0,763,0.118,85.0,0.0,5.0,lh->rh,contralateral
IN02A020,804881,02A,R,glutamate,-1,rm,rm|rf|lh,90.0,268.0,0.0,857,0.105,0.0,47.0,43.0,rm->rf rm->lh,both
IN12B079_d,810646,12B,R,gaba,-1,lh,lm,90.0,99.0,0.0,735,0.122,5.0,85.0,0.0,lh->lm,ipsilateral
IN08A007,800069,08A,R,glutamate,-1,rm,rm,89.8,1856.0,515.0,2029,0.044,2.8,86.9,0.1,rm->rf rm->rh rf->rm,ipsilateral
IN23B032,805397,23B,L,acetylcholine,1,lh,lh|lm,89.8,402.0,0.0,756,0.119,28.8,59.6,1.4,lh->lm lh->rh,both
IN18B037,803031,18B,R,acetylcholine,1,rh|rm,lm|lf|rh,89.6,109.0,0.0,1005,0.089,15.0,25.4,49.2,rh->lm rh->lf rm->lm,both
IN09A055,905414,09A,R,gaba,-1,rh|rf,rh|lh,89.6,196.0,0.0,317,0.283,38.4,41.6,9.6,rh->lh rf->rh rh->rm,both
IN13A002,800428,13A,L,gaba,-1,lm,lm,89.4,4959.0,270.0,7214,0.012,8.9,80.4,0.1,lf->lm lh->lm,ipsilateral
IN11A020,802730,11A,R,acetylcholine,1,rh|rf|rm,rm|rf,89.4,116.0,39.0,637,0.14,2.1,84.4,2.9,rh->rm rf->rm rh->rf,ipsilateral
IN07B066,809244,07B,R,acetylcholine,1,rm|lm,lm|rm|lh,89.4,129.0,0.0,459,0.195,49.4,14.0,26.0,rm->lm rm->lh lm->rm,both
IN03A068,902513,03A,L,acetylcholine,1,lh,lh,89.4,728.0,148.0,777,0.115,60.5,26.4,2.5,lh->rh lm->lh,both
IN12B079_a,909661,12B,L,gaba,-1,rh|rm,rh|rm,89.4,176.0,0.0,686,0.13,7.7,77.4,4.3,rh->rm rm->rh,ipsilateral
IN01A069,811526,01A,R,acetylcholine,1,lf|lh,lf,89.3,185.0,12.0,297,0.301,3.8,73.6,11.8,lh->lf,ipsilateral
IN04B010,831051,04B,R,acetylcholine,1,rf|rm,rf,89.2,187.0,28.0,311,0.287,14.6,67.4,7.1,rm->rf rh->rf rf->rm,ipsilateral
INXXX076,801618,XXX (unassigned),R,acetylcholine,1,lh,lh|rh,89.1,209.0,52.0,3162,0.028,55.8,24.2,9.2,lh->rh lh->lm rh->lh,both
IN12B036,904147,12B,L,gaba,-1,rh,rh,89.1,465.0,0.0,923,0.097,4.8,84.1,0.2,rh->rm rm->rh,ipsilateral
IN16B119,907473,16B,L,glutamate,-1,lh,lh|rh,89.1,189.0,0.0,533,0.167,55.5,7.5,26.1,lh->rh lh->rm,both
IN17A017,801087,17A,L,acetylcholine,1,lm,lm,89.0,3772.0,724.0,4533,0.02,5.9,83.0,0.1,lm->lf lh->lm lf->lm,ipsilateral
IN12B033,802334,12B,R,gaba,-1,lm,lm,89.0,357.0,0.0,957,0.093,0.0,89.0,0.0,lm->lh lm->lf,ipsilateral
IN23B018,802516,23B,L,acetylcholine,1,lh,lh,89.0,874.0,12.0,1970,0.045,13.0,41.0,35.0,lh->lm lh->rf lh->rh,both
IN04B060,805810,04B,L,acetylcholine,1,lh,lh,89.0,487.0,30.0,691,0.129,83.0,5.3,0.7,rh->lh lh->rh,contralateral
IN03A068,806141,03A,R,acetylcholine,1,rh,rh,89.0,670.0,178.0,773,0.115,89.0,0.0,0.0,rh->lh,contralateral
IN07B067,806842,07B,R,acetylcholine,1,rh,lh,89.0,89.0,5.0,908,0.098,89.0,0.0,0.0,rh->lh,contralateral
IN20A.22A047,807610,20A/22A,L,acetylcholine,1,lh,lh,89.0,597.0,56.0,782,0.114,18.0,71.0,0.0,lh->lm lh->rh,ipsilateral
IN04B092,810571,04B,R,acetylcholine,1,rm|rh,rm,89.0,293.0,109.0,313,0.285,0.0,89.0,0.0,rh->rm rm->rh,ipsilateral
AN12B060,811163,-,R,gaba,-1,lf,lf|rf,89.0,236.0,19.0,289,0.308,89.0,0.0,0.0,lf->rf,contralateral
IN01B034,940354,01B,R,gaba,-1,rh,rh,89.0,823.0,0.0,1369,0.065,25.0,59.0,5.0,rh->rm rh->lh,both
IN03A077,804967,03A,L,acetylcholine,1,lh,lh,88.9,697.0,145.0,1009,0.088,15.8,50.3,22.7,lm->lh rm->lh lh->rh,both
IN17A044,806266,17A,R,acetylcholine,1,rf,rf,88.9,460.0,88.0,460,0.193,13.7,74.9,0.3,rf->rh rf->lf,ipsilateral
IN03A060,805014,03A,L,acetylcholine,1,lm,lm,88.8,1107.0,236.0,1161,0.077,12.9,75.5,0.4,lm->lh lf->lm rm->lm,ipsilateral
IN03A058,806922,03A,R,acetylcholine,1,rm,rm,88.8,632.0,300.0,645,0.138,29.6,57.9,1.3,lm->rm rm->rh rh->rm,both
IN04B087,802678,04B,R,acetylcholine,1,rm,rm,88.7,547.0,118.0,915,0.097,51.0,34.7,3.0,rm->lm rh->rm,both
IN16B038,806849,16B,R,glutamate,-1,rf,rf,88.7,645.0,196.0,688,0.129,80.7,7.2,0.8,lf->rf rf->lf,contralateral
IN07B073_e,805117,07B,R,acetylcholine,1,rm|lf,rm,88.6,209.0,5.0,725,0.122,12.6,19.8,56.1,lf->rm lh->rm rm->lh,both
IN16B018,800759,16B,L,gaba,-1,lm,lm,88.4,2696.0,1380.0,2788,0.032,0.0,88.4,0.0,lm->lf lm->lh lf->lm,ipsilateral
IN17B001,803460,17B,L,gaba,-1,lh,lh|rh,88.4,208.0,0.0,4355,0.02,44.0,9.0,35.4,lh->rh lh->rm rm->lh,both
IN04B017,804582,04B,R,acetylcholine,1,rm,rm,88.4,718.0,198.0,962,0.092,1.5,65.9,20.9,rm->rh rh->rm lh->rm,ipsilateral
IN09A064,812361,09A,R,gaba,-1,rh|rm,rh,88.4,202.0,7.0,352,0.251,17.0,64.4,7.0,rm->rh rh->rm rh->lh,ipsilateral
INXXX429,908328,XXX (unassigned),L,gaba,-1,rh|lm,lh|rh,88.4,112.0,0.0,933,0.095,48.4,22.6,17.4,rh->lh lm->lh lm->rh,both
IN12A053_c,804189,12A,R,acetylcholine,1,rh|rf,lm|lh|rh|rm,88.3,106.0,10.0,1022,0.086,18.3,24.7,45.3,rh->lm rh->lh rh->rm,both
IN04B100,805575,04B,R,acetylcholine,1,rm,rm,88.3,743.0,208.0,876,0.101,11.7,49.6,27.1,rh->rm lh->rm rm->lm,both
IN03A046,909197,03A,R,acetylcholine,1,rf|rm,rf,88.3,286.0,46.0,298,0.296,0.0,88.3,0.0,rm->rf rf->rm rh->rf,ipsilateral
IN04B102,903250,04B,R,acetylcholine,1,rm|rh,rm,88.2,297.0,68.0,378,0.233,5.4,82.7,0.1,rh->rm rf->rm,ipsilateral
IN17A052,903997,17A,L,acetylcholine,1,lh,lh,88.2,1563.0,599.0,1649,0.053,9.8,78.2,0.2,lh->lm lm->lh lh->rh,ipsilateral
IN03A041,907520,03A,R,acetylcholine,1,rh,rh,88.2,485.0,90.0,495,0.178,31.1,42.2,14.9,rh->rm rh->lh rh->lf,both
IN01A030,804028,01A,L,acetylcholine,1,rf|rm,rf,88.1,245.0,79.0,299,0.295,0.0,88.1,0.0,rm->rf rh->rf,ipsilateral
IN20A.22A022,804817,20A/22A,L,acetylcholine,1,lm,lm|lh,88.1,226.0,37.0,340,0.259,1.3,81.0,5.8,lm->lh lf->lm lh->lm,ipsilateral
IN14A015,804235,14A,R,glutamate,-1,lm,lm,88.0,1391.0,14.0,1824,0.048,0.0,88.0,0.0,lm->lf lm->lh,ipsilateral
IN10B032,807321,10B,R,acetylcholine,1,rh,rm|lh|rh|lf,88.0,116.0,8.0,559,0.157,29.0,34.0,25.0,rh->rm rh->lh rh->lf,both
IN20A.22A036,808033,20A/22A,L,acetylcholine,1,lm,lm,88.0,481.0,88.0,486,0.181,0.0,88.0,0.0,lm->lh lh->lm lm->lf,ipsilateral
INXXX357,908728,XXX (unassigned),L,acetylcholine,1,lh,rh|lh,88.0,126.0,0.0,1201,0.073,88.0,0.0,0.0,lh->rh,contralateral
IN20A.22A017,803470,20A/22A,L,acetylcholine,1,lm,lm,87.9,902.0,0.0,1122,0.078,7.3,79.9,0.7,lf->lm,ipsilateral
IN12B075,810514,12B,L,gaba,-1,rm,rm|lm,87.9,204.0,0.0,315,0.279,50.9,16.4,20.6,rm->lm rm->lh lm->rm,both
IN01A081,813978,01A,L,acetylcholine,1,lf|rf,rf,87.9,130.0,0.0,162,0.543,87.9,0.0,0.0,lf->rf,contralateral
IN23B047,904904,23B,L,acetylcholine,1,lh,lh|rh|lm,87.9,238.0,0.0,1424,0.062,38.3,38.9,10.7,lh->rh lh->lm lh->rm,both
GFC2,907675,-,R,acetylcholine,1,rm,rm,87.9,592.0,12.0,1484,0.059,26.9,33.9,27.1,rm->rf rm->lf rm->lm,both
IN04B010,801770,04B,R,acetylcholine,1,rf|rm,rf|rm,87.7,254.0,10.0,435,0.202,0.0,87.7,0.0,rm->rf rf->rm,ipsilateral
"IN11A015,IN11A027",807619,11A,L,acetylcholine,1,lh,lh,87.7,371.0,69.0,451,0.194,0.0,54.0,33.7,lf->lh rm->lh,both
IN12B024_b,805528,12B,L,gaba,-1,rm,rm,87.6,533.0,301.0,629,0.139,17.5,59.9,10.2,rh->rm lm->rm lf->rm,both
IN20A.22A001,903500,20A/22A,R,acetylcholine,1,rf,rf,87.6,956.0,773.0,1090,0.08,7.8,79.8,0.0,rh->rf rm->rf,ipsilateral
INXXX332,802381,XXX (unassigned),R,gaba,-1,rh|lh,lh,87.5,113.0,25.0,4123,0.021,75.8,2.3,9.4,rh->lh,contralateral
IN03A067,800964,03A,R,acetylcholine,1,rf,rf|rm|lf,87.3,208.0,26.0,253,0.345,35.3,51.2,0.8,rf->rm rf->lf,both
IN00A041,806232,00A,M,gaba,-1,lm|rh|lh,rm|lm,87.2,125.0,0.0,663,0.132,38.9,24.2,24.1,lm->rm rh->rm rh->lm,both
IN20A.22A001,933395,20A/22A,R,acetylcholine,1,rm,rm,87.2,1259.0,597.0,1971,0.044,5.0,77.2,5.0,rh->rm,ipsilateral
IN13B011,801542,13B,L,gaba,-1,rh,rh,87.0,1847.0,550.0,2497,0.035,52.3,34.1,0.6,rm->rh rh->lh lh->rh,both
INXXX346,802661,XXX (unassigned),R,gaba,-1,lh,lh|rh,87.0,181.0,0.0,1245,0.07,81.0,0.0,6.0,lh->rh,contralateral
IN02A019,804306,02A,L,glutamate,-1,lh,lh|rh|rm,87.0,159.0,0.0,2498,0.035,30.0,11.0,46.0,lh->rh lh->rm lh->rf,both
IN12B036,806039,12B,L,gaba,-1,rm,rm,87.0,388.0,0.0,882,0.099,0.0,87.0,0.0,rm->rh rm->rf,ipsilateral
IN01B041,811469,01B,L,gaba,-1,lf,lf|lm,87.0,470.0,0.0,571,0.152,0.0,87.0,0.0,lf->lm,ipsilateral
IN12B075,812789,12B,R,gaba,-1,lm,lm|lh,87.0,217.0,0.0,292,0.298,30.0,52.0,5.0,lm->lh lm->rm lm->lf,both
IN08B082,814079,08B,L,acetylcholine,1,lh,rh|rm,87.0,87.0,87.0,169,0.515,52.0,0.0,35.0,lh->rh lh->rm,both
IN00A048,804905,00A,M,gaba,-1,lm|lf|rm,lm|rm|rf,86.9,118.0,0.0,863,0.101,29.7,27.5,29.7,lf->lm lm->rm rm->lm,both
IN12B012,912063,12B,L,gaba,-1,rf,rf,86.8,1451.0,409.0,1560,0.056,40.8,45.8,0.2,rf->lf rf->rm,both
IN19A036,802959,19A,R,gaba,-1,rh,lh|rh,86.7,130.0,6.0,1409,0.062,80.6,1.8,4.3,rh->lh,contralateral
IN04B112,806105,04B,L,acetylcholine,1,lm,lm|lh,86.7,365.0,0.0,899,0.096,0.0,86.7,0.0,lm->lh lm->lf lf->lm,ipsilateral
IN08A006,800511,08A,L,gaba,-1,lm,lm,86.5,2437.0,683.0,2648,0.033,7.8,78.6,0.1,lh->lm lm->lh,ipsilateral
IN13B006,801050,13B,R,gaba,-1,lm,lm,86.5,1100.0,661.0,1330,0.065,6.1,80.4,0.0,lf->lm lh->lm,ipsilateral
IN04B060,804796,04B,R,acetylcholine,1,rh,rh,86.5,502.0,23.0,720,0.12,80.5,5.1,0.9,lh->rh rh->lh,contralateral
IN06B063,805105,06B,L,gaba,-1,lm|lh,lh|rm,86.5,106.0,0.0,907,0.095,18.9,42.7,24.8,lm->lh,both
IN04B074,809067,04B,R,acetylcholine,1,rh|rm,rh,86.5,411.0,271.0,416,0.208,5.6,79.5,1.4,rm->rh,ipsilateral
IN01A082,822331,01A,L,acetylcholine,1,rh,rh,86.5,438.0,102.0,479,0.181,35.5,25.9,25.1,lh->rh rh->rm rh->lf,both
IN04B103,904388,04B,L,acetylcholine,1,lm|lh,lm,86.5,385.0,150.0,397,0.218,0.0,86.5,0.0,lh->lm,ipsilateral
GFC3,924572,-,L,acetylcholine,1,lh|rm,lh,86.5,188.0,71.0,217,0.399,0.0,18.8,67.7,rm->lh lm->lh,both
IN04B108,809157,04B,L,acetylcholine,1,lm|lh,lm,86.4,372.0,8.0,466,0.185,0.0,86.4,0.0,lh->lm,ipsilateral
IN00A004,912294,00A,M,gaba,-1,lh|lm|rh|rm,rh|rm|lm,86.2,113.0,5.0,3321,0.026,28.0,28.1,30.1,lh->rh lm->rh lh->rm,both
IN04B078,806965,04B,L,acetylcholine,1,lf,lf,86.1,279.0,55.0,427,0.202,43.0,36.5,6.5,rf->lf lm->lf,both
IN06A020,802533,06A,L,gaba,-1,lh,lh|rh,86.0,202.0,6.0,1389,0.062,51.2,14.6,20.2,lh->rh rm->lh,both
IN01A061,805231,01A,R,acetylcholine,1,lh,rh|lh,86.0,170.0,0.0,630,0.137,86.0,0.0,0.0,lh->rh,contralateral
IN13B041,806442,13B,R,gaba,-1,lh,lh,86.0,550.0,52.0,844,0.102,28.0,58.0,0.0,lh->lm lh->rh,both
IN01B046_a,806728,01B,L,gaba,-1,lm,lm,86.0,637.0,0.0,1132,0.076,0.0,86.0,0.0,lm->lh lm->lf,ipsilateral
IN16B108,807259,16B,L,glutamate,-1,lh,lh,86.0,872.0,0.0,914,0.094,76.0,10.0,0.0,lh->rh lh->lm,contralateral
INXXX443,810407,XXX (unassigned),R,gaba,-1,rh,lh,86.0,92.0,0.0,576,0.149,86.0,0.0,0.0,rh->lh,contralateral
IN09B038,806492,09B,R,acetylcholine,1,lf,lf,85.9,478.0,38.0,872,0.098,0.0,85.9,0.0,lm->lf lf->lm,ipsilateral
IN03A030,804788,03A,R,acetylcholine,1,rm,rm,85.8,903.0,43.0,1174,0.073,0.0,44.8,41.0,rm->lh rf->rm rm->rh,both
INXXX045,904980,XXX (unassigned),L,unclear,0,lh|lm,rh|lh,85.8,107.0,0.0,443,0.194,43.4,15.3,27.1,lh->rh lm->rh lm->lh,both
IN16B052,806915,16B,L,glutamate,-1,lh,lh,85.7,756.0,87.0,824,0.104,56.4,28.2,1.0,lh->rh lh->lm rh->lh,both
IN09A043,814374,09A,L,gaba,-1,lh|lf|lm|rh,lh|lm,85.7,135.0,0.0,268,0.32,16.2,64.5,5.0,lm->lh lf->lh rh->lh,ipsilateral
IN00A031,802995,00A,M,gaba,-1,lh|rh,lh|rh,85.6,174.0,0.0,1918,0.045,79.5,3.9,2.2,rh->lh lh->rh,contralateral
IN16B115,903758,16B,L,glutamate,-1,lf,lf|lm,85.6,299.0,87.0,313,0.273,4.3,80.6,0.7,lf->lm lm->lf lh->lf,ipsilateral
IN03A026_c,902963,03A,R,acetylcholine,1,rh,rh,85.5,742.0,459.0,880,0.097,85.5,0.0,0.0,lh->rh rh->lh,contralateral
IN21A028,802090,21A,R,glutamate,-1,rm,rm,85.4,582.0,94.0,767,0.111,11.6,72.4,1.4,rh->rm rm->lm rm->rf,ipsilateral
IN09A016,803726,09A,R,gaba,-1,rf|rm|rh,rh|rf|lf,85.4,112.0,0.0,1203,0.071,16.2,46.1,23.0,rf->rh rf->lf rm->rh,both
IN00A025,803938,00A,M,gaba,-1,lf|lh,rm|lm,85.4,88.0,0.0,1580,0.054,5.9,33.4,46.1,lf->rm lh->rm lf->lm,both
IN07B044,806536,07B,L,acetylcholine,1,lm,lm,85.4,310.0,12.0,618,0.138,39.0,18.9,27.5,lm->rm lf->lm lm->rh,both
IN20A.22A036,807893,20A/22A,L,acetylcholine,1,lm,lm,85.4,467.0,86.0,492,0.174,0.8,75.3,9.3,lm->lh lh->lm lf->lm,ipsilateral
IN14A047,907398,14A,R,glutamate,-1,lm,lm,85.4,717.0,0.0,830,0.103,85.4,0.0,0.0,rm->lm,contralateral
IN13A005,800691,13A,R,gaba,-1,rh,rh,85.2,3363.0,332.0,3964,0.021,73.7,11.2,0.3,rh->lh rm->rh,contralateral
IN00A004,801401,00A,M,gaba,-1,lh|rh|lm,lm|rh,85.2,106.0,0.0,2880,0.03,19.6,34.2,31.4,lh->lm rh->lm lh->rh,both
IN20A.22A044,805927,20A/22A,R,acetylcholine,1,rh,rh,85.2,591.0,202.0,642,0.133,25.3,58.2,1.7,rm->rh rh->lh rh->rm,both
IN04B050,810396,04B,L,acetylcholine,1,lf|lm,lf,85.1,258.0,65.0,355,0.24,11.4,69.1,4.6,lm->lf lf->rf,ipsilateral
IN16B075_b,810427,16B,R,glutamate,-1,rm,rm,85.1,634.0,32.0,672,0.127,0.0,0.0,85.1,lf->rm,both
IN13B078,810625,13B,L,gaba,-1,rh,rh,85.1,477.0,29.0,488,0.174,0.0,85.1,0.0,rm->rh rh->rm,ipsilateral
IN08A048,811387,08A,L,glutamate,-1,lh|lm,lh,85.1,386.0,160.0,386,0.221,9.0,74.1,2.0,lm->lh lf->lh lh->rh,ipsilateral
IN16B073,907037,16B,L,glutamate,-1,lm,lm,85.1,748.0,31.0,952,0.089,0.0,85.1,0.0,lm->lh lf->lm lh->lm,ipsilateral
IN16B020,800106,16B,R,glutamate,-1,rm,rm,85.0,2860.0,993.0,3436,0.025,0.0,85.0,0.0,rf->rm rm->rh rh->rm,ipsilateral
IN13A022,802487,13A,L,gaba,-1,lm,lm,85.0,461.0,48.0,862,0.099,33.8,47.0,4.2,lm->rm lf->lm lh->lm,both
IN00A032,805519,00A,M,gaba,-1,lh|rh,lf|rf,85.0,85.0,0.0,993,0.086,0.0,46.3,38.7,lh->lf lh->rf,both
IN09A077,807378,09A,R,gaba,-1,rf|lh,rf|rm,85.0,160.0,0.0,283,0.3,12.8,34.4,37.8,rf->rm lh->rf rf->lf,both
IN07B086,807416,07B,L,acetylcholine,1,lh,rm|lh,85.0,133.0,30.0,530,0.16,18.0,15.0,52.0,lh->rm lh->rh,both
IN26X003,812785,26X,L,gaba,-1,rh,rh,85.0,1174.0,128.0,1286,0.066,0.0,85.0,0.0,rh->rm,ipsilateral
IN01A081,813155,01A,R,acetylcholine,1,lf|rf,lf,84.8,195.0,0.0,255,0.332,67.8,17.0,0.0,rf->lf lm->lf,contralateral
IN01A069,804117,01A,R,acetylcholine,1,lf|lh,lf,84.6,197.0,31.0,237,0.357,8.6,44.2,31.9,lh->lf rm->lf lm->lf,both
IN04B066,816013,04B,L,acetylcholine,1,lf,lf,84.6,520.0,133.0,567,0.149,0.0,84.6,0.0,lm->lf lh->lf,ipsilateral
IN16B073,903068,16B,R,glutamate,-1,rm,rm,84.6,512.0,13.0,656,0.129,0.0,79.6,5.0,rm->rh rf->rm rm->rf,ipsilateral
IN01A034,804803,01A,R,acetylcholine,1,lf,lf,84.5,524.0,163.0,524,0.161,5.1,78.5,0.9,lm->lf,ipsilateral
IN13A038,805584,13A,L,gaba,-1,lh,lh,84.4,632.0,12.0,825,0.102,6.5,77.4,0.5,lm->lh lh->lm,ipsilateral
IN04B074,810097,04B,L,acetylcholine,1,lh|lm,lh,84.4,456.0,301.0,456,0.185,13.5,68.4,2.5,lm->lh lh->rh,ipsilateral
IN03A051,811288,03A,L,acetylcholine,1,lf,lf,84.4,436.0,142.0,476,0.177,52.7,30.5,1.3,lf->rf lf->lm,both
IN03A084,812036,03A,L,acetylcholine,1,lf|lm,lf,84.4,261.0,112.0,297,0.284,0.0,84.4,0.0,lm->lf,ipsilateral
IN13A022,804906,13A,L,gaba,-1,lm,lm,84.3,489.0,42.0,1043,0.081,67.4,15.3,1.6,lm->rm lf->lm,contralateral
IN07B055,808097,07B,R,acetylcholine,1,rm,rm|lm,84.3,172.0,6.0,521,0.162,59.6,11.9,12.8,rm->lm rh->rm,contralateral
IN03A085,812740,03A,R,acetylcholine,1,rf|rm,rf,84.3,216.0,36.0,224,0.377,0.0,84.3,0.0,rm->rf,ipsilateral
INXXX253,906826,XXX (unassigned),R,gaba,-1,rh|lh,rh|lh,84.3,132.0,0.0,1618,0.052,40.0,23.8,20.5,rh->lh lh->rh rh->rm,both
IN04B074,807487,04B,R,acetylcholine,1,rh,rh,84.2,608.0,375.0,625,0.135,11.4,71.2,1.6,rm->rh rh->lh,ipsilateral
IN21A007,801222,21A,R,glutamate,-1,rf,rf,84.1,1487.0,49.0,2096,0.04,23.9,59.9,0.3,rh->rf lf->rf,ipsilateral
"IN11A015,IN11A027",803085,11A,L,acetylcholine,1,lh|lm,lh,84.1,284.0,69.0,336,0.25,1.0,79.1,4.0,lm->lh lf->lh,ipsilateral
IN16B125,814903,16B,L,glutamate,-1,lm,rm|lm,84.1,145.0,0.0,428,0.197,68.9,7.1,8.1,lm->rm,contralateral
INXXX159,905105,XXX (unassigned),L,acetylcholine,1,lh,lh|rh,84.1,356.0,0.0,2349,0.036,75.1,7.6,1.4,lh->rh rh->lh,contralateral
IN23B021,801181,23B,R,acetylcholine,1,rf,rf|rh|rm|lf,84.0,121.0,18.0,403,0.208,19.0,59.0,6.0,rf->rh rf->rm rf->lf,ipsilateral
IN14A013,802742,14A,L,glutamate,-1,rm,rm,84.0,2186.0,14.0,2358,0.036,0.0,61.0,23.0,rm->rh rm->lh,ipsilateral
IN01A059,803301,01A,R,acetylcholine,1,lh,lh|rh,84.0,288.0,0.0,610,0.138,78.0,6.0,0.0,lh->rh,contralateral
IN23B045,803990,23B,R,acetylcholine,1,rh,rh|lh|rm,84.0,136.0,0.0,1373,0.061,43.0,35.0,6.0,rh->lh rh->rm,both
IN03B043,804357,03B,L,gaba,-1,lh,rh|lm|lh,84.0,109.0,0.0,1426,0.059,57.0,27.0,0.0,lh->rh lh->lm,both
IN07B031,804376,07B,L,glutamate,-1,lf|rf,rm|lm,84.0,84.0,0.0,1941,0.043,0.0,35.3,48.7,lf->rm lf->lm rf->rm,both
IN14A062,806265,14A,R,glutamate,-1,lh,lh,84.0,366.0,0.0,943,0.089,18.0,34.0,32.0,lh->lm lh->rm lh->rh,both
INXXX417,809845,XXX (unassigned),L,gaba,-1,lh,rh,84.0,89.0,0.0,608,0.138,84.0,0.0,0.0,lh->rh,contralateral
IN16B075_i,908472,16B,L,glutamate,-1,lf,lf,84.0,530.0,69.0,860,0.098,12.0,72.0,0.0,lf->lm lf->rf,ipsilateral
IN04B100,909817,04B,R,acetylcholine,1,rf,rf|lf|rm,84.0,143.0,5.0,197,0.426,52.0,32.0,0.0,rf->lf rf->rm,both
IN17B014,801212,17B,L,gaba,-1,lh|rh,rm|lm,83.9,87.0,0.0,2535,0.033,3.1,40.1,40.7,lh->rm lh->lm,both
INXXX220,802005,XXX (unassigned),R,acetylcholine,1,rh|rm|rf,lh|rh,83.9,110.0,0.0,3727,0.023,36.3,19.9,27.7,rh->lh rm->lh rm->rh,both
IN18B035,803040,18B,R,acetylcholine,1,rh|lh,rh|lh,83.9,165.0,0.0,1510,0.056,52.0,15.8,16.1,rh->lh lh->rh rm->rh,both
IN23B045,804211,23B,L,acetylcholine,1,lh|lm,lh|rm,83.9,159.0,0.0,1502,0.056,15.7,21.9,46.3,lh->rm lm->lh lm->rm,both
IN16B074,800299,16B,R,glutamate,-1,rh,rh,83.8,638.0,98.0,645,0.13,26.3,40.8,16.7,rh->lh rh->rm rh->lf,both
IN23B029,806924,23B,R,acetylcholine,1,lf|rf,rh|lf,83.7,95.0,0.0,314,0.266,10.2,34.8,38.6,lf->rh rf->rh,both
IN13A074,808308,13A,L,gaba,-1,lh,lh,83.7,473.0,246.0,504,0.166,14.1,61.5,8.1,lm->lh rh->lh,ipsilateral
IN12B037_d,810132,12B,L,gaba,-1,rf|lf,rf,83.7,190.0,46.0,276,0.303,40.0,26.8,16.8,lf->rf rf->rm lm->rf,both
IN04B015,810883,04B,R,acetylcholine,1,rf|rm,rf,83.7,347.0,236.0,353,0.237,0.0,83.7,0.0,rm->rf,ipsilateral
IN12B063_c,904241,12B,L,gaba,-1,rh|rm,rm,83.6,113.0,0.0,738,0.113,10.2,59.4,14.0,rh->rm lh->rm rh->lh,ipsilateral
IN19A015,800638,19A,R,gaba,-1,rh,rh,83.5,2350.0,594.0,2685,0.031,55.1,23.5,4.9,rh->lh rm->rh,both
IN01A045,800695,01A,R,acetylcholine,1,lh|rh,rh|lh,83.5,167.0,0.0,2724,0.031,83.5,0.0,0.0,lh->rh rh->lh,contralateral
IN14A009,801791,14A,R,glutamate,-1,lm,lm,83.5,1973.0,455.0,2316,0.036,0.0,83.5,0.0,lm->lf lh->lm,ipsilateral
IN03A078,806804,03A,L,acetylcholine,1,lm,lm,83.5,504.0,105.0,664,0.126,0.0,83.5,0.0,lm->lh lf->lm lh->lm,ipsilateral
IN16B073,808920,16B,L,glutamate,-1,lm,lm,83.4,469.0,129.0,515,0.162,0.0,83.4,0.0,lf->lm lh->lm lm->lh,ipsilateral
GFC3,811881,-,L,acetylcholine,1,lh,lh,83.4,302.0,49.0,361,0.231,0.0,69.9,13.5,lf->lh lm->lh rm->lh,ipsilateral
IN12B045,926519,12B,R,gaba,-1,rm,lm|rm,83.4,118.0,93.0,123,0.678,53.4,14.7,15.3,rm->lm rh->lm lf->lm,both
IN04B024,800870,04B,R,acetylcholine,1,rf|rm|lm,rf,83.3,216.0,27.0,352,0.237,1.7,46.0,35.7,rm->rf lm->rf,both
IN16B083,808839,16B,L,glutamate,-1,lf,lf,83.3,333.0,103.0,344,0.242,4.4,59.1,19.8,lf->lm lm->lf rh->lf,ipsilateral
IN09A055,811396,09A,R,gaba,-1,rh|lh,rh|lh,83.3,168.0,0.0,350,0.238,59.3,20.0,4.0,rh->lh rh->rm lh->rh,contralateral
IN03A013,802594,03A,L,acetylcholine,1,lm,lm,83.2,2099.0,351.0,2275,0.037,0.0,83.2,0.0,lf->lm lh->lm,ipsilateral
IN12B030,807722,12B,L,gaba,-1,rh,rh|rm,83.2,277.0,43.0,347,0.24,0.0,68.1,15.1,rh->rm lf->rh,ipsilateral
IN03A089,808217,03A,L,acetylcholine,1,lh,lh,83.2,503.0,0.0,775,0.107,14.7,61.2,7.3,lf->lh lh->rh,ipsilateral
IN20A.22A001,800263,20A/22A,L,acetylcholine,1,lh,lh,83.1,1860.0,1320.0,2478,0.034,24.2,58.1,0.8,lm->lh lh->rh lf->lh,both
IN18B043,803785,18B,L,acetylcholine,1,lh|lm|lf,rh|lh,83.1,94.0,37.0,2127,0.039,33.2,16.1,33.8,lh->rh lm->rh lf->rh,both
IN23B031,902832,23B,L,acetylcholine,1,lm,lm|lh,83.1,420.0,0.0,1336,0.062,1.1,81.7,0.3,lm->lh lm->lf,ipsilateral
TN1c_a,802834,-,R,acetylcholine,1,rf,rh|rm|lh,83.0,83.0,0.0,875,0.095,0.0,63.0,20.0,rf->rh rf->rm rf->lh,ipsilateral
IN23B024,803167,23B,R,acetylcholine,1,rm,rm,83.0,460.0,12.0,1805,0.046,13.0,65.0,5.0,rm->rh rm->rf rm->lm,ipsilateral
IN07B068,804643,07B,R,acetylcholine,1,lh,rf,83.0,83.0,0.0,606,0.137,0.0,7.0,76.0,lh->rf,both
INXXX407,807630,XXX (unassigned),R,acetylcholine,1,rh|lh,lm,83.0,83.0,0.0,953,0.087,0.0,22.6,60.4,rh->lm lh->lm,both
IN07B064,808907,07B,L,acetylcholine,1,lm|lh|rh,rm|lf,83.0,83.0,0.0,559,0.148,25.1,34.8,23.1,lm->rm lh->rm lm->lf,both
IN16B077,811229,16B,R,glutamate,-1,rf,rf|rm,83.0,385.0,26.0,427,0.194,5.0,78.0,0.0,rf->rm,ipsilateral
IN01B046_a,905085,01B,L,gaba,-1,lm,lm,83.0,725.0,0.0,1188,0.07,0.0,83.0,0.0,lm->lf lm->lh,ipsilateral
IN23B066,908134,23B,R,acetylcholine,1,rm,rh|rm,83.0,136.0,0.0,806,0.103,5.0,78.0,0.0,rm->rh,ipsilateral
INXXX039,800451,XXX (unassigned),L,acetylcholine,1,rm|lh|rh,lh,82.8,104.0,24.0,7070,0.012,16.9,21.6,44.3,rm->lh rh->lh lf->lh,both
IN01A076,810012,01A,L,acetylcholine,1,rm,rm,82.8,444.0,22.0,451,0.184,24.0,57.2,1.6,rh->rm rm->rh lm->rm,both
IN12B022,910551,12B,L,gaba,-1,rh,rh|lh,82.8,304.0,84.0,589,0.141,49.9,29.8,3.1,rh->lh rh->rm rm->rh,both
IN09A045,813473,09A,R,gaba,-1,rf|lm,rf|rm,82.7,140.0,0.0,278,0.297,18.5,23.9,40.3,lm->rf rf->rm lm->rm,both
IN04B056,805040,04B,R,acetylcholine,1,rm,rm,82.5,472.0,49.0,671,0.123,0.0,82.5,0.0,rh->rm rm->rh,ipsilateral
IN12B028,803338,12B,L,gaba,-1,rf,rf,82.4,403.0,66.0,624,0.132,33.0,30.5,18.8,rf->lf rm->rf lh->rf,both
IN18B050,814022,18B,R,acetylcholine,1,rh|lh,lh|rh,82.4,153.0,98.0,158,0.522,82.4,0.0,0.0,rh->lh lh->rh,contralateral
IN11A010,911178,11A,R,acetylcholine,1,lm|rf|rm,rf,82.4,117.0,0.0,207,0.398,6.6,28.3,47.5,lm->rf rm->rf,both
IN19A016,801552,19A,R,gaba,-1,rm,rm,82.3,1699.0,1299.0,1724,0.048,0.1,71.7,10.5,rh->rm rf->rm,ipsilateral
IN08A037,807892,08A,L,glutamate,-1,lh,lh,82.3,561.0,375.0,573,0.144,0.0,82.3,0.0,lm->lh,ipsilateral
IN08A034,810529,08A,R,glutamate,-1,rf,rf,82.3,305.0,121.0,319,0.258,7.3,74.8,0.2,rm->rf rh->rf,ipsilateral
IN07B066,810540,07B,L,acetylcholine,1,lh|lf,rh|rm,82.3,83.0,0.0,420,0.196,29.6,4.3,48.4,lh->rh lh->rm lf->rh,both
IN17A093,802237,17A,R,acetylcholine,1,rh|rm,rh|rm|lh,82.2,166.0,12.0,523,0.157,22.5,55.2,4.5,rh->rm rh->lh rm->rh,both
IN18B035,803105,18B,L,acetylcholine,1,lh|rh,rh|lh,82.1,142.0,0.0,1550,0.053,63.0,9.4,9.6,lh->rh rh->lh,contralateral
IN20A.22A053,806149,20A/22A,R,acetylcholine,1,rm,rm,82.1,789.0,46.0,1033,0.08,0.4,62.4,19.3,rm->rh lf->rm rm->rf,ipsilateral
IN08A024,808819,08A,R,glutamate,-1,rm,rm,82.1,604.0,0.0,670,0.123,0.0,82.1,0.0,rf->rm rh->rm,ipsilateral
IN12B007,800784,12B,R,gaba,-1,lm,lm,82.0,1783.0,5.0,5047,0.016,17.1,64.5,0.4,lm->lh rm->lm lh->lm,ipsilateral
IN06B067,801966,06B,L,gaba,-1,lh,lf|rf,82.0,92.0,0.0,761,0.108,5.0,44.0,33.0,lh->lf lh->rf,both
IN03A067,804370,03A,L,acetylcholine,1,lf,lf|lm,82.0,322.0,0.0,482,0.17,29.0,53.0,0.0,lf->lm lf->rf,both
INXXX369,805466,XXX (unassigned),R,gaba,-1,lh,lh|rh,82.0,175.0,0.0,1139,0.072,71.0,0.0,11.0,lh->rh lh->rm,contralateral
IN13A042,809596,13A,R,gaba,-1,rf,rf,82.0,470.0,265.0,470,0.174,76.0,5.1,0.9,lf->rf rf->lf,contralateral
IN12B054,811054,12B,R,gaba,-1,rm,lm|rh,82.0,82.0,32.0,217,0.378,50.0,20.0,12.0,rm->lm rm->rh rm->lh,both
IN12B054,811774,12B,R,gaba,-1,rm|lf,lh|lm|rh,82.0,82.0,48.0,210,0.39,15.1,27.4,39.5,rm->lh rm->lm rm->rh,both
IN03A055,815261,03A,R,acetylcholine,1,rh,rh,82.0,686.0,89.0,770,0.106,47.8,33.7,0.4,lh->rh rm->rh,both
IN13A021,906757,13A,R,gaba,-1,rm,rm,82.0,757.0,153.0,1000,0.082,10.0,71.0,1.0,rm->rf lm->rm,ipsilateral
IN07B061,802630,07B,L,glutamate,-1,lh|rh,rh|lh,81.9,141.0,9.0,1090,0.075,61.9,9.5,10.5,lh->rh rh->lh,contralateral
IN06B053,806493,06B,R,gaba,-1,lh,rh|rm|lh,81.9,102.0,0.0,826,0.099,30.9,23.0,28.0,lh->rh lh->rm lh->lf,both
IN21A002,801017,21A,L,glutamate,-1,lf,lf,81.8,1600.0,480.0,1762,0.046,21.8,59.5,0.4,lm->lf lf->rf rf->lf,ipsilateral
IN01A056,805723,01A,R,acetylcholine,1,lm,lm,81.8,927.0,72.0,1091,0.075,0.0,81.8,0.0,lm->lf lh->lm lf->lm,ipsilateral
IN20A.22A048,807624,20A/22A,R,acetylcholine,1,rh,rh,81.8,470.0,35.0,623,0.131,6.9,73.8,1.1,rm->rh rh->rm,ipsilateral
IN16B123,810816,16B,R,glutamate,-1,rf|lf,rf|rm|lf,81.8,132.0,0.0,244,0.335,42.8,22.8,16.2,lf->rf rf->rm rf->lf,both
IN06A012,804645,06A,R,gaba,-1,lh|lf|rf,lh|lf|rh,81.7,106.0,0.0,1716,0.048,14.2,40.3,27.2,lf->lh rf->lh lh->lf,both
IN23B008,801128,23B,L,acetylcholine,1,lm|lf|lh,lh|rh,81.6,95.0,0.0,1458,0.056,13.2,34.6,33.8,lm->lh lm->rh lf->lh,both
"IN17A059,IN17A063",805013,17A,R,acetylcholine,1,rh|rf,rh,81.6,228.0,0.0,1178,0.069,32.5,46.4,2.7,rf->rh lh->rh,both
IN08A048,812585,08A,R,glutamate,-1,rh,rh,81.6,466.0,234.0,474,0.172,7.2,68.6,5.8,rm->rh rf->rh,ipsilateral
IN21A028,804697,21A,R,glutamate,-1,rh,rh,81.5,517.0,252.0,552,0.148,31.6,46.5,3.4,rm->rh rh->lh,both
IN20A.22A065,809075,20A/22A,L,acetylcholine,1,lm,lm,81.5,442.0,69.0,442,0.184,0.0,81.5,0.0,lf->lm lm->lh lh->lm,ipsilateral
IN12B071,811578,12B,L,gaba,-1,rh|rm|lh,rh|rm,81.5,145.0,0.0,321,0.254,21.4,49.1,11.0,rh->rm rm->rh lh->rh,both
IN03A084,909136,03A,R,acetylcholine,1,rf|rm,rf,81.5,199.0,54.0,219,0.372,4.5,61.5,15.5,rm->rf rf->lm rf->rm,ipsilateral
IN26X003,804672,26X,L,gaba,-1,rm,rm,81.4,1306.0,155.0,1427,0.057,0.0,18.2,63.2,lf->rm rh->rm,both
IN12B034,806311,12B,R,gaba,-1,lm,lm,81.4,389.0,32.0,694,0.117,0.7,75.2,5.5,lm->lh lf->lm lm->lf,ipsilateral
IN12B068_a,805793,12B,L,gaba,-1,rh|lm|lh|rm,rh,81.1,119.0,0.0,791,0.102,30.1,20.9,30.0,lm->rh lh->rh rm->rh,both
IN18B047,809565,18B,L,acetylcholine,1,rm|rf|lf,rh|rm|lh,81.1,93.0,5.0,310,0.262,4.3,47.1,29.6,rm->rh rf->rh lf->rh,both
IN08A043,809949,08A,R,glutamate,-1,rh,rh,81.1,653.0,578.0,688,0.118,24.3,56.8,0.0,rm->rh lh->rh,both
IN10B032,801024,10B,R,acetylcholine,1,rh,rh|lf|rm|lh,81.0,115.0,0.0,521,0.155,21.0,21.0,39.0,rh->lf rh->rm rh->lh,both
IN23B036,803468,23B,L,acetylcholine,1,lh,lh,81.0,534.0,0.0,1495,0.054,29.0,0.0,52.0,lh->rm lh->rh,both
IN09B043,805732,09B,R,glutamate,-1,rm|lm,lm|rm|lf,81.0,140.0,0.0,827,0.098,59.0,8.5,13.5,rm->lm lm->rm rm->lf,contralateral
IN11A014,805774,11A,L,acetylcholine,1,lm,lm,81.0,332.0,0.0,732,0.111,5.0,76.0,0.0,lm->lh lm->lf,ipsilateral
IN14A028,809240,14A,L,glutamate,-1,rh,rh,81.0,476.0,9.0,603,0.134,48.0,33.0,0.0,rh->lh rh->rm,both
INXXX258,903780,XXX (unassigned),R,gaba,-1,rh,rh|lh,81.0,185.0,0.0,2328,0.035,81.0,0.0,0.0,rh->lh,contralateral
IN12B039,904939,12B,R,gaba,-1,lh,lh|rh,81.0,302.0,0.0,717,0.113,68.0,5.0,8.0,lh->rh,contralateral
IN20A.22A040,908626,20A/22A,R,acetylcholine,1,rf,rf,81.0,405.0,73.0,458,0.177,32.0,49.0,0.0,rf->rm rf->lf,both
IN16B016,800977,16B,L,glutamate,-1,lh,lh,80.9,906.0,612.0,1605,0.05,6.4,67.6,6.8,lm->lh lh->lm lf->lh,ipsilateral
IN03A069,803661,03A,L,acetylcholine,1,lf,lf,80.9,668.0,250.0,740,0.109,19.0,61.2,0.7,lm->lf rf->lf lf->lm,ipsilateral
INXXX331,903765,XXX (unassigned),L,acetylcholine,1,lh,lh|rh,80.9,185.0,0.0,1988,0.041,74.2,3.9,2.8,lh->rh,contralateral
IN16B117,810949,16B,L,glutamate,-1,lm|lf,lm,80.8,208.0,31.0,308,0.262,11.0,66.8,3.0,lf->lm lm->lh lm->rm,ipsilateral
INXXX220,802329,XXX (unassigned),L,acetylcholine,1,lh|rm,rh|lh,80.6,113.0,0.0,3378,0.024,31.5,22.5,26.6,lh->rh rm->rh rm->lh,both
IN03A047,904975,03A,R,acetylcholine,1,rm,rm,80.6,686.0,480.0,686,0.118,0.3,26.3,53.9,lf->rm rh->rm rm->lh,both
IN01A050,907364,01A,R,acetylcholine,1,lm,lm,80.6,912.0,11.0,1363,0.059,11.4,68.6,0.6,lf->lm lm->lf lm->rm,ipsilateral
"IN21A045,IN21A046",908971,21A,R,glutamate,-1,lm|rf,rf|rm|lm,80.6,120.0,0.0,283,0.285,20.6,15.4,44.6,lm->rf lm->rm rf->rm,both
IN08B082,811522,08B,R,acetylcholine,1,rh|lh,lh,80.5,111.0,89.0,173,0.465,65.6,2.4,12.4,rh->lh,contralateral
IN00A035,904077,00A,M,gaba,-1,lh|rh,rf|lf|rm,80.5,85.0,0.0,998,0.081,3.0,35.2,42.4,lh->rf lh->lf rh->rf,both
IN20A.22A022,808420,20A/22A,L,acetylcholine,1,lm|lf,lm,80.4,290.0,87.0,387,0.208,0.0,80.4,0.0,lf->lm lm->lh lm->lf,ipsilateral
IN03A060,805474,03A,L,acetylcholine,1,lm,lm,80.3,1021.0,213.0,1101,0.073,14.6,65.6,0.1,lh->lm rm->lm,ipsilateral
IN12B045,812818,12B,R,gaba,-1,lm|rm|lf,lm|rm,80.3,138.0,73.0,158,0.508,47.1,22.8,10.3,rm->lm lf->lm lm->rm,both
GFC3,813687,-,R,acetylcholine,1,rh|lm,rh,80.3,245.0,29.0,281,0.286,0.0,22.1,58.2,lm->rh rm->rh lf->rh,both
IN16B101,904145,16B,R,glutamate,-1,rm|lf,rm,80.3,360.0,29.0,388,0.207,0.0,0.0,80.3,lf->rm,both
IN03A075,802363,03A,R,acetylcholine,1,rf,rf,80.2,570.0,294.0,621,0.129,17.5,55.7,7.1,rh->rf rf->rm lf->rf,both
IN00A047,908152,00A,M,gaba,-1,lh,lm|rm|lh,80.1,97.0,0.0,510,0.157,11.0,36.0,33.2,lh->lm lh->rm,both
IN08A035,801208,08A,R,glutamate,-1,rh|rm,rh,80.0,480.0,82.0,524,0.153,0.0,80.0,0.0,rm->rh,ipsilateral
IN03A038,804735,03A,L,acetylcholine,1,lm,lm,80.0,720.0,304.0,774,0.103,0.0,80.0,0.0,lm->lh lm->lf,ipsilateral
INXXX373,805026,XXX (unassigned),R,acetylcholine,1,rh,lh,80.0,80.0,0.0,1334,0.06,80.0,0.0,0.0,rh->lh,contralateral
IN06A073,806101,06A,R,gaba,-1,rh,rf|lm|lh|rh,80.0,97.0,0.0,1050,0.076,17.0,39.0,24.0,rh->rf rh->lm rh->lh,both
IN04B090,807204,04B,L,acetylcholine,1,lm,lm,80.0,508.0,40.0,583,0.137,0.0,80.0,0.0,lm->lh lm->lf,ipsilateral
IN08A031,808648,08A,L,glutamate,-1,lm|lh,lm,80.0,424.0,276.0,469,0.171,6.0,67.3,6.7,lh->lm,ipsilateral
IN06A094,808925,06A,L,gaba,-1,lh,rm,80.0,90.0,0.0,532,0.15,0.0,11.0,69.0,lh->rm lh->lm,both
IN03A061,809818,03A,R,acetylcholine,1,rf,rf|rm|lf,80.0,200.0,31.0,235,0.34,32.0,48.0,0.0,rf->rm rf->lf,both
IN12B075,810338,12B,L,gaba,-1,rm,rm|lm,80.0,251.0,0.0,326,0.245,68.0,6.0,6.0,rm->lm,contralateral
IN14A039,812329,14A,R,glutamate,-1,lh|rm,lh,80.0,273.0,0.0,406,0.197,0.4,21.7,57.9,rm->lh lm->lh,both
IN01B062,904421,01B,L,gaba,-1,lh,lh,80.0,563.0,0.0,1228,0.065,33.0,47.0,0.0,lh->lm lh->rh,both
IN01B027_a,804938,01B,R,gaba,-1,rh,rh,79.9,610.0,10.0,1454,0.055,11.7,55.9,12.3,rm->rh rh->rm rh->lh,both
IN01A041,806485,01A,L,acetylcholine,1,lf,lf|rf,79.9,278.0,0.0,424,0.188,42.3,32.9,4.7,lf->rf lm->lf lf->lh,both
IN04B015,807162,04B,L,acetylcholine,1,lf|lm,lf,79.9,510.0,288.0,527,0.152,0.0,79.9,0.0,lm->lf,ipsilateral
IN16B075_g,907849,16B,L,glutamate,-1,lm,lm,79.9,863.0,170.0,1087,0.074,11.9,67.0,1.0,lm->lh lm->lf rm->lm,ipsilateral
IN20A.22A050,804579,20A/22A,R,acetylcholine,1,rm,rm,79.8,318.0,12.0,326,0.245,0.0,79.8,0.0,rh->rm rf->rm,ipsilateral
IN04B074,805233,04B,R,acetylcholine,1,rh|rm,rh,79.8,364.0,201.0,385,0.207,15.7,60.8,3.3,rm->rh rh->lh,ipsilateral
IN13B023,805346,13B,L,gaba,-1,rf,rf,79.8,533.0,12.0,796,0.1,0.6,68.8,10.4,rm->rf rh->rf rf->lh,ipsilateral
IN12B040,806387,12B,R,gaba,-1,lm,lm,79.8,525.0,406.0,549,0.145,14.6,19.1,46.1,rh->lm lh->lm rm->lm,both
IN12B087,808146,12B,L,gaba,-1,lm|rh,rh,79.8,100.0,7.0,297,0.269,3.3,10.7,65.8,lm->rh lm->lh,both
IN14A011,801218,14A,R,glutamate,-1,lm,lm,79.6,1931.0,158.0,2402,0.033,32.7,46.6,0.3,lm->rm lm->lf lf->lm,both
IN23B011,802406,23B,R,acetylcholine,1,rh,rh|lf|lh|rm|lm,79.6,105.0,0.0,1242,0.064,19.4,22.0,38.2,rh->lf rh->lh rh->rm,both
IN20A.22A016,806531,20A/22A,L,acetylcholine,1,lm,lm,79.6,518.0,11.0,769,0.104,67.4,10.6,1.6,lm->rm lf->lm,contralateral
"IN16B088,IN16B109",809147,16B,L,glutamate,-1,lh,lh,79.6,340.0,19.0,472,0.169,41.3,35.6,2.7,lh->rh lh->lm lm->lh,both
IN17B014,803320,17B,R,gaba,-1,rh,lm|rm|rh,79.5,104.0,0.0,2419,0.033,1.8,34.7,42.9,rh->lm rh->rm,both
IN23B008,803388,23B,R,acetylcholine,1,rh|rm,lm|lh|rh,79.5,96.0,0.0,1338,0.059,31.5,16.5,31.5,rm->lm rh->lm rm->lh,both
IN09B046,807572,09B,L,glutamate,-1,lh|rh,lh|rh,79.5,138.0,0.0,697,0.114,58.5,10.5,10.5,rh->lh lh->rh,contralateral
IN12B049,808013,12B,R,gaba,-1,lh,lh|rh,79.5,180.0,0.0,498,0.16,51.2,24.5,3.8,lh->rh lh->lm,both
IN07B090,809585,07B,L,acetylcholine,1,lh,rh|lh,79.5,140.0,140.0,287,0.277,79.5,0.0,0.0,lh->rh,contralateral
IN04B083,904207,04B,R,acetylcholine,1,rh,rh,79.5,661.0,117.0,932,0.085,40.4,19.6,19.5,rh->lh lm->rh rm->rh,both
IN09A016,801681,09A,R,gaba,-1,rh,rh,79.4,634.0,7.0,2889,0.027,32.7,45.4,1.3,rh->lh rh->rm rm->rh,both
IN06A020,802633,06A,R,gaba,-1,lh|rh,lh|rh,79.4,160.0,7.0,1452,0.055,71.3,2.6,5.5,rh->lh lh->rh,contralateral
IN09A060,809746,09A,R,gaba,-1,rh,rh|lf,79.4,215.0,0.0,539,0.147,11.6,30.4,37.4,rh->lf rh->rm rf->rh,both
IN12B045,813150,12B,L,gaba,-1,lf|rm|lm,rm|lm,79.4,122.0,110.0,147,0.54,28.3,13.8,37.3,lf->rm lm->rm rm->lm,both
IN03A087,908979,03A,R,acetylcholine,1,rf,rf,79.4,248.0,86.0,267,0.298,28.6,49.4,1.4,rf->rm rf->lf rm->rf,both
INXXX346,802844,XXX (unassigned),L,gaba,-1,lh|rh,rh|lh,79.3,131.0,0.0,1185,0.067,79.3,0.0,0.0,lh->rh,contralateral
IN14A017,806783,14A,R,glutamate,-1,lm,lm,79.3,679.0,0.0,979,0.081,5.4,73.3,0.6,lf->lm lm->lf,ipsilateral
IN09A059,811765,09A,R,gaba,-1,rm|rh,rm,79.3,454.0,0.0,585,0.136,0.0,79.3,0.0,rh->rm,ipsilateral
IN21A063,905894,21A,R,glutamate,-1,rm|rf,rm,79.3,176.0,132.0,314,0.253,0.0,79.3,0.0,rf->rm,ipsilateral
IN03B042,804098,03B,L,gaba,-1,lf,lf,79.2,771.0,336.0,954,0.083,0.0,79.2,0.0,lh->lf lm->lf,ipsilateral
IN07B058,806969,07B,R,acetylcholine,1,lm|rm,lm|rm,79.2,152.0,0.0,550,0.144,56.5,9.6,13.1,rm->lm lm->rm rf->lm,contralateral
IN04B097,809029,04B,L,acetylcholine,1,lf|lh,lf,79.2,279.0,54.0,285,0.278,4.7,59.3,15.2,lh->lf lf->lm rh->lf,ipsilateral
IN13A042,905223,13A,L,gaba,-1,lf,lf,79.2,520.0,286.0,520,0.152,10.7,67.2,1.3,lm->lf lf->lm lf->rf,ipsilateral
IN16B125,907839,16B,R,glutamate,-1,rm|lf,rm|lm|rh,79.2,113.0,0.0,310,0.256,30.7,31.6,16.9,rm->lm rm->rh lf->rm,both
IN14A104,805175,14A,L,glutamate,-1,rh,rh,79.1,419.0,9.0,1185,0.067,0.8,64.1,14.2,rf->rh rm->rh rh->lm,ipsilateral
IN04B081,903075,04B,R,acetylcholine,1,rf|rm,rf,79.1,296.0,208.0,306,0.259,0.0,79.1,0.0,rm->rf,ipsilateral
IN21A015,801032,21A,R,glutamate,-1,rm,rm,79.0,2671.0,1843.0,2707,0.029,9.4,69.6,0.1,rh->rm rm->rf lm->rm,ipsilateral
IN17A041,804698,17A,R,glutamate,-1,rm,rm,79.0,1272.0,519.0,1294,0.061,0.0,79.0,0.0,rh->rm rf->rm,ipsilateral
"IN17A088,IN17A089",807568,17A,R,acetylcholine,1,rh,rh|rm,79.0,180.0,44.0,377,0.21,20.0,43.0,16.0,rh->rm rh->lh rh->lm,both
IN12B044_b,808547,12B,L,gaba,-1,rh|rm,rm,79.0,128.0,0.0,409,0.193,5.6,67.0,6.4,rh->rm,ipsilateral
IN20A.22A049,809264,20A/22A,L,acetylcholine,1,lh,lh|lm,79.0,317.0,9.0,421,0.188,6.0,73.0,0.0,lh->lm,ipsilateral
IN21A004,820881,21A,L,acetylcholine,1,lh,lh,79.0,2315.0,830.0,2470,0.032,34.5,44.2,0.3,lm->lh rh->lh lh->rh,both
IN16B075_i,905191,16B,R,glutamate,-1,rf,rf|rm,79.0,391.0,31.0,717,0.11,12.0,67.0,0.0,rf->rm rf->lf,ipsilateral
IN16B064,908038,16B,R,glutamate,-1,rf,rf|lf,79.0,321.0,96.0,737,0.107,54.0,25.0,0.0,rf->lf rf->rh,both
IN12B054,936193,12B,R,gaba,-1,rm|rh,lh|lm|rh,79.0,88.0,32.0,184,0.43,22.9,22.2,34.0,rm->lh rm->lm rm->rh,both
IN17A093,807552,17A,R,acetylcholine,1,rh|rm,rh|rm|lh,78.9,128.0,0.0,796,0.099,15.7,48.9,14.3,rm->rh rh->rm rh->lh,both
IN00A047,928393,00A,M,gaba,-1,lh|lm,lm|rm,78.9,93.0,0.0,383,0.206,18.5,30.5,30.0,lh->lm lh->rm lh->rh,both
INXXX281,803505,XXX (unassigned),L,acetylcholine,1,lh|rm,rh|lh,78.8,122.0,11.0,1940,0.041,48.3,15.8,14.7,lh->rh rm->rh rm->lh,both
IN04B081,813485,04B,R,acetylcholine,1,rf|rh,rf,78.8,207.0,122.0,207,0.381,5.3,70.8,2.7,rh->rf rm->rf,ipsilateral
IN19A030,802010,19A,R,gaba,-1,rh,rh,78.6,845.0,135.0,1049,0.075,35.5,41.9,1.2,rm->rh rh->lh lh->rh,both
IN03A048,804727,03A,L,acetylcholine,1,lh,lh,78.6,1061.0,553.0,1153,0.068,39.7,38.8,0.0,rh->lh lm->lh,both
IN09A043,810983,09A,R,gaba,-1,rh|lm,rh|rm,78.6,148.0,0.0,395,0.199,11.8,25.7,41.1,lm->rh rh->rm lm->rm,both
IN01A069,813770,01A,L,acetylcholine,1,lh|lm|rf,rf,78.6,93.0,0.0,245,0.321,7.5,5.4,65.8,lh->rf lm->rf,both
IN09A002,800896,09A,R,gaba,-1,rm,rm,78.5,1538.0,900.0,1875,0.042,24.1,22.6,31.8,rm->lh rm->rh lm->rm,both
IN02A024,804274,02A,L,glutamate,-1,lh,lh|rm,78.5,167.0,6.0,1019,0.077,17.5,6.3,54.8,lh->rm lh->rh,both
IN11A014,805854,11A,R,acetylcholine,1,rh|rm,rm|rf,78.5,114.0,0.0,557,0.141,0.0,78.5,0.0,rh->rm rh->rf,ipsilateral
"IN21A023,IN21A024",907818,21A,R,glutamate,-1,rf,rf,78.5,895.0,0.0,1052,0.075,29.3,47.5,1.7,rm->rf rf->lf,both
IN12B024_b,805578,12B,R,gaba,-1,lh,lh,78.4,290.0,71.0,322,0.243,36.5,38.4,3.4,lh->rh lh->lm lm->lh,both
IN20A.22A036,805392,20A/22A,L,acetylcholine,1,lm,lm,78.3,468.0,96.0,493,0.159,0.5,69.0,8.7,lm->lh lf->lm lh->lm,ipsilateral
IN20A.22A050,812481,20A/22A,R,acetylcholine,1,rm|rh,rm,78.3,266.0,0.0,271,0.289,0.0,78.3,0.0,rh->rm,ipsilateral
IN03A075,905058,03A,R,acetylcholine,1,rh,rh,78.3,636.0,398.0,698,0.112,36.1,41.3,0.9,rh->lh rh->rm rm->rh,both
IN20A.22A047,807369,20A/22A,L,acetylcholine,1,lh,lh,78.2,517.0,56.0,631,0.124,11.9,59.2,7.1,lh->lm lh->rh lf->lh,ipsilateral
IN07B066,809856,07B,L,acetylcholine,1,lm|lh,rm|lm,78.2,90.0,0.0,472,0.166,33.5,7.2,37.5,lm->rm lh->rm lm->rh,both
IN11A020,907699,11A,L,acetylcholine,1,lm|lh|lf,lf|lh|rf,78.2,98.0,0.0,574,0.136,10.3,44.0,23.9,lm->lf lm->lh lh->lf,both
IN13B034,803997,13B,R,gaba,-1,lh,lh,78.1,1383.0,13.0,1515,0.052,35.8,42.1,0.2,lh->rh lh->lm,both
IN04B068,808838,04B,R,acetylcholine,1,rh,rh,78.1,390.0,105.0,433,0.18,27.6,49.1,1.4,rh->rm rh->lh rm->rh,both
INXXX369,801517,XXX (unassigned),R,gaba,-1,rf,rh,78.0,78.0,0.0,3187,0.024,0.0,78.0,0.0,rf->rh,ipsilateral
IN14A009,802219,14A,L,glutamate,-1,rh,rh,78.0,1682.0,48.0,2160,0.036,39.0,39.0,0.0,rh->rm rh->lh,both
IN12A039,803083,12A,L,acetylcholine,1,lh|lm,rh,78.0,78.0,0.0,2107,0.037,62.8,0.0,15.2,lh->rh lm->rh,contralateral
IN23B028,804243,23B,L,acetylcholine,1,lh,lh,78.0,347.0,0.0,1111,0.07,30.0,0.0,48.0,lh->rm lh->rh,both
IN14A015,804267,14A,L,glutamate,-1,rh,rh,78.0,1319.0,128.0,1742,0.045,63.0,15.0,0.0,rh->lh rh->rm,contralateral
IN07B086,804999,07B,L,acetylcholine,1,lh,rm|lh,78.0,92.0,15.0,665,0.117,7.0,0.0,71.0,lh->rm,both
IN04B036,806828,04B,L,acetylcholine,1,lm,lm,78.0,703.0,66.0,960,0.081,0.0,78.0,0.0,lm->lh,ipsilateral
IN03A088,807938,03A,L,acetylcholine,1,lm,lm,78.0,411.0,7.0,684,0.114,13.1,63.0,1.9,lf->lm lm->rm lm->lh,ipsilateral
IN16B108,808192,16B,R,glutamate,-1,rh,rh,78.0,610.0,53.0,658,0.119,64.0,14.0,0.0,rh->lh rh->rm,contralateral
IN06A085,810215,06A,L,gaba,-1,lm|rm,lh,78.0,78.0,0.0,501,0.156,0.0,56.4,21.6,lm->lh rm->lh,ipsilateral
IN03B071,810342,03B,L,gaba,-1,lh,lh|rh|lm,78.0,137.0,0.0,716,0.109,51.0,27.0,0.0,lh->rh lh->lm,both
IN20A.22A045,809835,20A/22A,R,acetylcholine,1,rm,rm|rh,77.9,206.0,48.0,278,0.28,0.0,77.9,0.0,rm->rh rm->rf rh->rm,ipsilateral
IN12B012,903264,12B,L,gaba,-1,rh,rh,77.9,2325.0,903.0,2418,0.032,43.5,23.5,10.9,rh->lh rm->rh lf->rh,both
IN13A015,803187,13A,L,gaba,-1,lm,lm,77.8,1812.0,371.0,2000,0.039,29.7,47.8,0.3,lh->lm rm->lm lm->rm,both
IN12B056,809863,12B,R,gaba,-1,lh,lh|lm|rh,77.8,175.0,6.0,277,0.281,42.8,31.1,3.9,lh->rh lh->lm rh->lh,both
IN05B016,903315,05B,R,gaba,-1,rh|lh|lf,lh|rh,77.8,114.0,0.0,3050,0.026,39.1,21.1,17.6,rh->lh lh->rh lf->lh,both
IN04B104,806270,04B,L,acetylcholine,1,lf|lh,lf,77.7,254.0,135.0,254,0.306,0.0,77.7,0.0,lh->lf lm->lf,ipsilateral
IN19A022,902500,19A,R,gaba,-1,rf,rf,77.6,787.0,427.0,857,0.091,0.3,51.6,25.7,rf->rm rf->lm rm->rf,both
IN07B030,802083,07B,R,glutamate,-1,lh|lf|rh|rm,rh|lm,77.5,87.0,0.0,3268,0.024,22.9,34.5,20.1,lh->rh lh->lm lf->rh,both
IN08A029,808514,08A,L,glutamate,-1,lm,lm,77.5,585.0,97.0,611,0.127,0.0,77.5,0.0,lm->lf lh->lm,ipsilateral
IN23B032,807129,23B,L,acetylcholine,1,lf|rf,lf,77.4,210.0,0.0,375,0.206,63.4,10.3,3.7,rf->lf lf->rf lf->lm,contralateral
IN20A.22A053,808049,20A/22A,R,acetylcholine,1,rf,rf,77.4,338.0,0.0,500,0.155,23.4,52.4,1.6,rf->rm rf->lf rm->rf,both
IN03A045,810861,03A,L,acetylcholine,1,lf,lf,77.4,834.0,303.0,970,0.08,0.1,62.7,14.5,lm->lf rm->lf,ipsilateral
IN04B074,907028,04B,L,acetylcholine,1,lh|lm,lh,77.3,397.0,231.0,403,0.192,13.4,61.3,2.6,lm->lh lh->rh,ipsilateral
IN12B056,810674,12B,L,gaba,-1,rh,rh,77.2,289.0,39.0,328,0.235,12.3,54.1,10.8,rh->rm rm->rh rh->lh,ipsilateral
IN21A006,929268,21A,L,glutamate,-1,lm,lm,77.2,1676.0,356.0,1942,0.04,9.0,68.2,0.0,lm->lf lm->rm,ipsilateral
IN09B045,806982,09B,R,glutamate,-1,rm|lm,rm|lm,77.1,146.0,0.0,771,0.1,63.1,4.9,9.1,rm->lm lm->rm rm->lf,contralateral
IN20A.22A088,940393,20A/22A,R,acetylcholine,1,rh|rm,rh,77.1,252.0,185.0,252,0.306,0.0,77.1,0.0,rm->rh,ipsilateral
IN13B017,802968,13B,L,gaba,-1,rh,rh,77.0,1248.0,390.0,1437,0.054,60.0,17.0,0.0,rh->lh rh->rm,contralateral
IN20A.22A048,806461,20A/22A,L,acetylcholine,1,lh,lh,77.0,737.0,0.0,965,0.08,15.0,62.0,0.0,lh->lm lh->rh,ipsilateral
IN04B073,806815,04B,L,acetylcholine,1,lf,lf,77.0,252.0,133.0,293,0.263,16.8,42.5,17.7,lh->lf rh->lf rf->lf,both
IN04B105,809415,04B,R,acetylcholine,1,rh|rm,rh,77.0,354.0,30.0,394,0.196,0.0,77.0,0.0,rm->rh rh->rm,ipsilateral
IN19B064,813102,19B,L,acetylcholine,1,rm,rh,77.0,77.0,0.0,542,0.142,0.0,77.0,0.0,rm->rh,ipsilateral
IN18B056,815841,18B,L,acetylcholine,1,lf|lh|rh,rh|rm|lh,76.9,87.0,0.0,183,0.42,11.6,15.2,50.1,lf->rh lf->rm lf->lh,both
IN12B063_c,807962,12B,L,gaba,-1,lh|rm,rm,76.8,122.0,0.0,928,0.083,14.6,17.1,45.1,lh->rm rh->rm lm->rm,both
IN03A079,808322,03A,L,acetylcholine,1,lm,lm,76.8,640.0,154.0,767,0.1,0.0,76.8,0.0,lh->lm lf->lm,ipsilateral
IN12B072,811906,12B,R,gaba,-1,lf|rf,lf,76.8,188.0,0.0,188,0.408,40.9,24.8,11.1,rf->lf lm->lf rh->lf,both
IN11A043,908871,11A,L,acetylcholine,1,rm|lm|lh,lh,76.8,104.0,30.0,450,0.171,1.8,29.4,45.6,rm->lh lm->lh,both
INXXX217,47170,XXX (unassigned),R,gaba,-1,rh|lh,rh|lh,76.7,157.0,0.0,2855,0.027,64.9,6.7,5.1,rh->lh lh->rh,contralateral
IN21A022,802880,21A,R,acetylcholine,1,rm,rm,76.7,829.0,447.0,1146,0.067,30.7,44.7,1.3,rm->rh lm->rm rh->rm,both
IN12A056,910011,12A,L,acetylcholine,1,lf|lh,lf,76.7,154.0,0.0,290,0.265,16.3,39.0,21.4,lh->lf rf->lf lf->rh,both
IN01B027_a,804285,01B,L,gaba,-1,lh,lh,76.6,457.0,0.0,1504,0.051,30.2,40.6,5.8,lh->rh lh->lm lm->lh,both
IN20A.22A019,806723,20A/22A,L,acetylcholine,1,lh,lh,76.6,425.0,0.0,541,0.142,6.9,59.6,10.1,lf->lh lh->lm lm->lh,ipsilateral
IN20A.22A036,940352,20A/22A,L,acetylcholine,1,lm,lm,76.6,479.0,69.0,486,0.158,0.0,76.6,0.0,lh->lm lm->lh lm->lf,ipsilateral
IN03A073,801345,03A,L,acetylcholine,1,lf,lf,76.5,414.0,94.0,468,0.164,23.0,52.5,1.0,lf->lm lf->rf lm->lf,both
IN13A028,803733,13A,L,gaba,-1,lh,lh,76.5,694.0,35.0,864,0.089,25.5,49.7,1.3,lm->lh lh->rh lh->lm,both
IN13B078,804912,13B,R,gaba,-1,lf,lf,76.5,579.0,28.0,1201,0.064,13.7,48.5,14.3,lf->lm lf->rh lf->rf,both
IN12B020,804385,12B,R,gaba,-1,lf,lf,76.4,698.0,96.0,825,0.093,65.2,10.8,0.4,rf->lf lf->rf lm->lf,contralateral
IN20A.22A084,812456,20A/22A,L,acetylcholine,1,lm|lh,lm,76.4,206.0,0.0,381,0.201,0.0,76.4,0.0,lh->lm lm->lh,ipsilateral
IN17A093,905221,17A,L,acetylcholine,1,lh|lm,lm|lh,76.4,126.0,5.0,791,0.097,13.4,53.4,9.6,lh->lm lm->lh lh->rh,both
IN04B068,906379,04B,R,acetylcholine,1,rh,rh,76.4,425.0,127.0,596,0.128,30.5,44.3,1.6,rm->rh lh->rh rh->rm,both
IN07B044,1050186736,07B,L,acetylcholine,1,lm,lm|rm,76.4,185.0,0.0,450,0.17,40.2,22.8,13.4,lm->rm lm->lh lm->rh,both
IN20A.22A001,800466,20A/22A,R,acetylcholine,1,rm,rm,76.3,1309.0,667.0,2047,0.037,8.1,65.7,2.5,rh->rm lm->rm,ipsilateral
IN20A.22A001,800756,20A/22A,L,acetylcholine,1,lm,lm,76.3,1855.0,899.0,2656,0.029,0.0,76.3,0.0,lh->lm lf->lm,ipsilateral
IN10B023,801299,10B,L,acetylcholine,1,lf|rh,rh|lh,76.3,96.0,0.0,2392,0.032,8.5,20.5,47.3,lf->rh lf->lh rh->lh,both
IN20A.22A048,804114,20A/22A,R,acetylcholine,1,rh,rh,76.3,701.0,6.0,839,0.091,0.0,76.3,0.0,rm->rh rh->rm,ipsilateral
IN20A.22A048,806042,20A/22A,L,acetylcholine,1,lh,lh,76.3,682.0,0.0,857,0.089,14.6,61.3,0.4,lh->lm lm->lh lh->rh,ipsilateral
IN16B070,806412,16B,R,glutamate,-1,rf|lf,rf|lf,76.3,156.0,39.0,164,0.465,76.3,0.0,0.0,lf->rf rf->lf,contralateral
IN03B043,804260,03B,L,gaba,-1,lh,rh|lh,76.2,106.0,0.0,1477,0.052,60.5,9.2,6.5,lh->rh,contralateral
IN12B069,802444,12B,L,gaba,-1,rh|lh|rf|lf,rf,76.1,92.0,0.0,555,0.137,14.8,31.2,30.2,rh->rf lh->rf lf->rf,both
IN04B035,805386,04B,L,acetylcholine,1,lm,lm,76.1,586.0,195.0,771,0.099,5.3,70.1,0.7,lf->lm,ipsilateral
IN04B026,815782,04B,R,acetylcholine,1,rf|rm,rf,76.1,260.0,49.0,354,0.215,0.0,76.1,0.0,rm->rf rf->rm,ipsilateral
IN19B031,803032,19B,R,acetylcholine,1,rm,lf|rh|lh,76.0,76.0,0.0,2033,0.037,0.0,23.0,53.0,rm->lf rm->rh rm->lh,both
IN06A013,803381,06A,L,gaba,-1,lh,rh|lh,76.0,115.0,47.0,1744,0.044,60.0,0.0,16.0,lh->rh lh->rm,contralateral
"IN17A088,IN17A089",806119,17A,L,acetylcholine,1,lm,lh|lm|rm,76.0,105.0,30.0,423,0.18,21.0,48.0,7.0,lm->lh lm->rm,both
IN11A005,809402,11A,R,acetylcholine,1,rf,rf|rm,76.0,478.0,26.0,593,0.128,0.0,76.0,0.0,rf->rm,ipsilateral
IN12B088,810335,12B,L,gaba,-1,rh|lh,rm|lm,76.0,79.0,0.0,364,0.209,5.0,36.7,34.3,rh->rm rh->lm lh->rm,both
IN09A077,815951,09A,R,gaba,-1,rf,rf|lh|lf,76.0,129.0,0.0,220,0.345,28.0,19.0,29.0,rf->lh rf->lf rf->rm,both
IN16B120,904218,16B,L,glutamate,-1,lh,lh|rh,76.0,157.0,0.0,376,0.202,55.9,11.0,9.1,lh->rh lh->lm,contralateral
IN12B053,905237,12B,R,gaba,-1,lm,lm,76.0,339.0,40.0,441,0.172,6.0,70.0,0.0,lm->lh lm->lf,ipsilateral
IN03A069,802279,03A,L,acetylcholine,1,lf,lf,75.9,689.0,268.0,796,0.095,31.1,43.4,1.4,rf->lf lf->lm lm->lf,both
IN04B098,811232,04B,L,acetylcholine,1,lf|lh,lf,75.9,245.0,143.0,267,0.284,0.0,75.9,0.0,lh->lf lm->lf,ipsilateral
IN04B064,804335,04B,L,acetylcholine,1,lh,lh,75.8,526.0,32.0,917,0.083,55.8,18.6,1.4,rh->lh lh->rh lh->lm,contralateral
IN08A037,807405,08A,R,glutamate,-1,rh,rh,75.8,550.0,350.0,567,0.134,0.0,75.8,0.0,rm->rh,ipsilateral
IN08A012,803746,08A,L,glutamate,-1,lm,lm,75.7,1463.0,339.0,1570,0.048,0.0,75.7,0.0,lf->lm lh->lm lm->lf,ipsilateral
IN01A075,805755,01A,L,acetylcholine,1,rf|rm,rf,75.7,243.0,82.0,294,0.258,14.5,59.2,2.1,rm->rf lf->rf rf->rm,ipsilateral
IN04B044,803428,04B,L,acetylcholine,1,lh,lh,75.6,1174.0,255.0,1521,0.05,32.1,42.8,0.7,lm->lh lh->rh rh->lh,both
IN04B084,804085,04B,L,acetylcholine,1,lm,lm,75.6,564.0,33.0,766,0.099,0.0,75.6,0.0,lf->lm lh->lm lm->lh,ipsilateral
IN13B041,808470,13B,L,gaba,-1,rh,rh,75.6,364.0,0.0,542,0.14,12.1,61.6,1.9,rm->rh rh->rm rh->lh,ipsilateral
IN05B061,805206,05B,R,gaba,-1,rm|rh|lh|lm,lm|rm|lf,75.4,95.0,0.0,927,0.081,19.6,25.0,30.8,rm->lm rm->lf,both
IN03A071,805734,03A,L,acetylcholine,1,lm,lm,75.4,796.0,200.0,960,0.079,0.0,75.4,0.0,lh->lm lm->lh,ipsilateral
IN04B098,813222,04B,R,acetylcholine,1,rf|rh,rf,75.4,182.0,117.0,182,0.414,6.9,64.4,4.1,rh->rf rm->rf,ipsilateral
IN13A030,809826,13A,R,gaba,-1,rh|rm,rh,75.3,429.0,221.0,458,0.164,0.0,75.3,0.0,rm->rh,ipsilateral
INXXX448,812832,XXX (unassigned),L,gaba,-1,lh|rh,lm|rh,75.3,85.0,0.0,384,0.196,25.3,40.6,9.4,lh->lm lh->rh rh->lm,both
IN01A088,820975,01A,L,acetylcholine,1,lf|lm,rh|rm|lh,75.3,79.0,0.0,167,0.451,9.9,18.3,47.1,lf->rh lm->rh lf->rm,both
IN01A034,800544,01A,L,acetylcholine,1,rm,rm,75.2,923.0,305.0,966,0.078,0.0,70.2,5.0,rm->rh rf->rm rm->rf,ipsilateral
IN00A045,803630,00A,M,gaba,-1,rm|lh,rm|lm|lf,75.2,97.0,0.0,1822,0.041,19.1,26.5,29.6,rm->lm lh->rm lh->lm,both
IN03A055,903553,03A,L,acetylcholine,1,lh,lh,75.2,826.0,25.0,1044,0.072,41.2,33.5,0.5,lh->lm lh->rh rh->lh,both
IN17A044,905501,17A,R,acetylcholine,1,rh,rh,75.2,1146.0,316.0,1164,0.065,28.2,45.9,1.1,rm->rh rh->lh,both
IN21A010,801894,21A,R,acetylcholine,1,rf,rf,75.1,552.0,176.0,585,0.128,0.0,75.1,0.0,rm->rf rf->rh,ipsilateral
IN23B018,801833,23B,R,acetylcholine,1,rm,rm,75.0,533.0,67.0,1474,0.051,13.0,57.0,5.0,rm->rh rm->lm,ipsilateral
IN14A015,804750,14A,L,glutamate,-1,rm,rm,75.0,1058.0,0.0,1416,0.053,0.0,32.0,43.0,rm->lh rm->rh rm->rf,both
IN09B043,806256,09B,L,glutamate,-1,lh,rh|lh,75.0,130.0,0.0,749,0.1,62.0,0.0,13.0,lh->rh lh->rf,contralateral
IN13B034,807359,13B,L,gaba,-1,rh,rh,75.0,786.0,7.0,853,0.088,37.0,38.0,0.0,rh->rm rh->lh,both
INXXX045,803016,XXX (unassigned),R,unclear,0,rh|rm,lh|rh,74.9,107.0,0.0,340,0.22,44.3,12.9,17.7,rh->lh rm->lh rm->rh,both
IN08A023,808549,08A,L,glutamate,-1,lm|lh,lm,74.9,338.0,172.0,392,0.191,0.0,74.9,0.0,lh->lm,ipsilateral
IN21A022,904286,21A,R,acetylcholine,1,rf,rf,74.9,326.0,66.0,535,0.14,0.4,54.6,19.9,rm->rf rh->rf lm->rf,ipsilateral
IN14A093,800766,14A,L,glutamate,-1,rm|lf,rm,74.8,223.0,0.0,312,0.24,4.1,32.8,37.9,lf->rm rf->rm,both
IN11A014,806222,11A,R,acetylcholine,1,rm|rf,rm|rf,74.8,216.0,0.0,543,0.138,0.0,74.8,0.0,rm->rf rf->rm rm->rh,ipsilateral
IN20A.22A015,907479,20A/22A,L,acetylcholine,1,lf,lf,74.8,514.0,195.0,514,0.146,8.4,65.8,0.6,lf->lm lm->lf lh->lf,ipsilateral
IN17B001,803418,17B,R,gaba,-1,rh,rh|lh,74.7,249.0,6.0,5000,0.015,74.7,0.0,0.0,rh->lh lh->rh,contralateral
IN21A017,803799,21A,R,acetylcholine,1,rf,rf,74.7,694.0,532.0,701,0.107,0.0,74.7,0.0,rm->rf rh->rf rf->rm,ipsilateral
IN07B066,809586,07B,R,acetylcholine,1,rm,lm|lh|rm,74.7,92.0,0.0,431,0.173,42.1,7.3,25.2,rm->lm rm->lh,both
IN11A020,940542,11A,L,acetylcholine,1,lm|lf|lh,lm|lf,74.7,109.0,5.0,756,0.099,7.8,56.7,10.2,lm->lf lf->lm lm->lh,ipsilateral
IN19A030,802213,19A,L,gaba,-1,lh,lh,74.5,743.0,97.0,1048,0.071,18.7,54.5,1.3,lm->lh lh->rh,ipsilateral
IN08A038,804885,08A,L,glutamate,-1,lm,lm,74.5,554.0,82.0,605,0.123,0.0,74.5,0.0,lm->lf lh->lm,ipsilateral
"IN20A.22A061,IN20A.22A068",805902,20A/22A,L,acetylcholine,1,lm,lm,74.5,868.0,23.0,1232,0.06,0.0,74.5,0.0,lf->lm lm->lh lm->lf,ipsilateral
IN16B039,815858,16B,R,glutamate,-1,rm,rm,74.4,1049.0,52.0,1135,0.066,0.4,22.4,51.7,lf->rm rh->rm rm->rf,both
IN05B065,801856,05B,L,gaba,-1,lm|lf,rm|rf|lf,74.3,83.0,0.0,857,0.087,32.5,13.1,28.7,lm->rm lm->rf lm->lf,both
IN08A019,802814,08A,R,glutamate,-1,rm,rm,74.2,984.0,36.0,1049,0.071,0.1,61.2,12.9,rf->rm rm->rh rm->lh,ipsilateral
IN08A019,806017,08A,R,glutamate,-1,rm,rm,74.2,897.0,28.0,963,0.077,0.0,57.2,17.0,rm->rh rf->rm rm->lh,ipsilateral
IN00A024,806087,00A,M,gaba,-1,lh|rh|rm|lm,rh|lh,74.2,110.0,0.0,1028,0.072,36.7,18.7,18.7,lh->rh rh->lh rm->rh,both
IN16B075_d,808448,16B,L,glutamate,-1,lm,lm,74.2,363.0,22.0,456,0.163,7.0,66.2,1.0,lf->lm lm->lf,ipsilateral
"IN04B113,IN04B114",909402,04B,L,acetylcholine,1,lh,lh,74.2,351.0,203.0,376,0.197,29.7,42.6,2.0,lm->lh rh->lh lh->rh,both
IN16B124,911548,16B,R,glutamate,-1,rf|lh,rf|lf|rm,74.2,103.0,9.0,181,0.41,22.8,24.7,26.8,rf->lf lh->rf lh->lf,both
IN03A043,801373,03A,R,acetylcholine,1,rm,rm,74.1,919.0,107.0,1020,0.073,0.2,69.1,4.8,rm->rh rh->rm,ipsilateral
IN12B070,805205,12B,L,gaba,-1,rf|rh,rf,74.1,167.0,0.0,379,0.196,9.3,59.1,5.7,rh->rf rf->lf,ipsilateral
IN21A010,801453,21A,L,acetylcholine,1,lh,lh,74.0,1168.0,427.0,1445,0.051,0.0,74.0,0.0,lm->lh lh->lm,ipsilateral
IN16B075_g,806009,16B,R,glutamate,-1,rm,rm,74.0,733.0,151.0,860,0.086,5.0,50.0,19.0,rm->rh rm->lh,both
IN16B108,809473,16B,R,glutamate,-1,rh,rh,74.0,362.0,0.0,473,0.156,49.0,25.0,0.0,rh->lh rh->rm,both
vPR9_a,906717,-,M,gaba,-1,rh,rm|lm,74.0,82.0,0.0,1567,0.047,0.0,44.0,30.0,rh->rm rh->lm,both
IN12B049,907846,12B,L,gaba,-1,rh,rh,74.0,196.0,0.0,487,0.152,29.0,28.0,17.0,rh->lh rh->rm rh->lf,both
IN14A023,909200,14A,R,glutamate,-1,lm,lm,74.0,801.0,0.0,1097,0.067,61.0,13.0,0.0,lm->rm,contralateral
IN09A050,934899,09A,L,gaba,-1,lh,lh|rf,74.0,196.0,10.0,575,0.129,20.0,16.0,38.0,lh->rf lh->rh lh->lm,both
IN20A.22A001,801287,20A/22A,R,acetylcholine,1,rh,rh,73.9,2359.0,1847.0,2799,0.026,36.9,36.7,0.4,rh->lh rm->rh rf->rh,both
IN05B016,802858,05B,L,gaba,-1,lh|rh|lf,lh|rh,73.9,111.0,0.0,2852,0.026,37.0,18.8,18.1,lh->rh rh->lh lf->lh,both
IN20A.22A004,803077,20A/22A,L,acetylcholine,1,lh,lh,73.9,1066.0,285.0,1492,0.05,61.3,11.9,0.7,lh->rh lm->lh,contralateral
IN20A.22A073,809712,20A/22A,R,acetylcholine,1,rh,rh,73.9,290.0,26.0,320,0.231,37.5,33.9,2.5,rh->lh rh->rm rm->rh,both
IN03A080,909324,03A,L,acetylcholine,1,lf,lf,73.9,871.0,182.0,1105,0.067,17.2,55.9,0.8,lm->lf lf->rf lf->lm,ipsilateral
IN13A036,805814,13A,L,gaba,-1,lm|lh,lm,73.8,382.0,0.0,621,0.119,0.0,73.8,0.0,lh->lm,ipsilateral
IN16B064,810408,16B,R,glutamate,-1,rf,rf,73.8,287.0,95.0,507,0.146,47.8,23.6,2.4,rf->lf rf->rh lf->rf,both
IN09A031,802006,09A,R,gaba,-1,rh,rh,73.7,798.0,0.0,1886,0.039,47.7,1.6,24.4,lh->rh rh->lf,both
IN16B083,808219,16B,L,glutamate,-1,lm,lm,73.7,591.0,265.0,613,0.12,0.0,73.7,0.0,lh->lm lm->lh,ipsilateral
IN07B061,801688,07B,L,glutamate,-1,lh|lm|rh,rh|lh,73.6,106.0,0.0,1659,0.044,34.5,18.1,21.0,lh->rh lm->rh lm->lh,both
IN04B024,804947,04B,L,acetylcholine,1,lf|lm,lf,73.6,291.0,86.0,364,0.202,0.0,73.6,0.0,lm->lf lh->lf,ipsilateral
IN09A055,810276,09A,R,gaba,-1,rh|rm,rh|lh,73.6,141.0,0.0,362,0.203,13.9,50.6,9.1,rm->rh rh->lh rh->rm,both
IN08B082,810551,08B,R,acetylcholine,1,lh|rh,lh|lf,73.6,126.0,40.0,332,0.222,27.9,31.2,14.6,lh->lf rh->lh lh->rh,both
IN12B056,810747,12B,L,gaba,-1,rh|lh,rh|rm,73.6,146.0,0.0,245,0.301,46.6,16.9,10.1,lh->rh rh->rm lh->rm,both
IN03A004,903182,03A,R,acetylcholine,1,rh,rh,73.6,2007.0,496.0,2245,0.033,38.4,34.9,0.4,lh->rh rh->rm rm->rh,both
IN19A024,801568,19A,L,gaba,-1,lf,lf,73.5,1784.0,125.0,1945,0.038,51.2,14.7,7.6,lf->rf rf->lf lm->lf,both
IN03A070,802395,03A,L,acetylcholine,1,lh,lh,73.5,644.0,132.0,763,0.096,49.1,23.5,0.9,lh->rh lh->lm lm->lh,both
IN23B036,803203,23B,R,acetylcholine,1,rh,rh,73.5,445.0,0.0,1320,0.056,6.0,3.5,64.0,rh->lm,both
IN11A049,804968,11A,R,acetylcholine,1,lm,lm,73.5,724.0,261.0,834,0.088,0.0,33.9,39.6,rh->lm lh->lm,both
IN20A.22A015,805114,20A/22A,R,acetylcholine,1,rf,rf,73.5,439.0,99.0,566,0.13,11.3,16.1,46.1,rf->lh lm->rf rf->rm,both
IN04B049_b,805203,04B,L,acetylcholine,1,lm,lm,73.4,1131.0,150.0,1224,0.06,0.0,73.4,0.0,lm->lh lh->lm lm->lf,ipsilateral
IN03A071,806469,03A,L,acetylcholine,1,lm,lm,73.4,772.0,171.0,828,0.089,0.0,73.4,0.0,lm->lh lf->lm lh->lm,ipsilateral
IN03A043,803782,03A,L,acetylcholine,1,lm,lm,73.3,1576.0,146.0,1899,0.039,0.0,73.3,0.0,lh->lm lf->lm lm->lh,ipsilateral
IN16B039,804238,16B,L,glutamate,-1,lh,lh,73.3,1452.0,240.0,1577,0.046,34.2,38.3,0.8,lh->rh lm->lh,both
IN09A019,807581,09A,L,gaba,-1,rh|lh,lm|rm,73.3,77.0,0.0,691,0.106,4.5,33.7,35.1,rh->lm rh->rm lh->lm,both
IN16B108,809443,16B,L,glutamate,-1,lh,lh,73.3,480.0,8.0,529,0.139,42.1,28.3,2.9,lh->rh lm->lh,both
IN12B053,810583,12B,R,gaba,-1,lm,lm,73.3,339.0,50.0,380,0.193,1.7,53.7,17.9,lm->lh lm->lf rh->lm,ipsilateral
IN07B058,806587,07B,L,acetylcholine,1,rm|lh|lm,rm|lm,73.2,146.0,15.0,272,0.269,41.6,8.2,23.4,rm->lm lh->rm lm->rm,both
IN08A046,812660,08A,L,glutamate,-1,lf|lm,lf,73.2,374.0,93.0,415,0.176,0.0,73.2,0.0,lm->lf,ipsilateral
IN12B012,801494,12B,R,gaba,-1,lm,lm,73.1,2048.0,287.0,2378,0.031,3.7,30.6,38.8,rh->lm lm->lf lm->lh,both
IN06B059,805298,06B,L,gaba,-1,lm|lf,lh|lm|rh,73.1,94.0,0.0,1148,0.064,4.3,51.7,17.1,lm->lh lf->lh lm->rh,ipsilateral
"IN20A.22A070,IN20A.22A080",909797,20A/22A,L,acetylcholine,1,lm,lm|lh,73.1,255.0,0.0,732,0.1,5.4,67.1,0.6,lm->lh lh->lm,ipsilateral
INXXX260,804005,XXX (unassigned),L,acetylcholine,1,lh,lm,73.0,83.0,0.0,2167,0.034,12.0,55.0,6.0,lh->lm lh->rh,ipsilateral
IN12B031,804887,12B,R,gaba,-1,lh,lh|rh,73.0,331.0,42.0,936,0.078,60.0,13.0,0.0,lh->rh lh->lm,contralateral
IN02A032,807202,02A,R,glutamate,-1,rh,lh,73.0,78.0,0.0,590,0.124,67.0,0.0,6.0,rh->lh,contralateral
IN12B033,807946,12B,L,gaba,-1,rf,rf|rm,73.0,180.0,29.0,436,0.167,16.0,57.0,0.0,rf->rm rf->lf,ipsilateral
IN12B036,808240,12B,R,gaba,-1,lh,lh|lm,73.0,286.0,0.0,538,0.136,0.0,62.0,11.0,lh->lm lh->rf,ipsilateral
IN09A047,812339,09A,L,gaba,-1,lh,rh|lm|lh,73.0,90.0,0.0,234,0.312,45.0,28.0,0.0,lh->rh lh->lm,both
IN08B082,814910,08B,R,acetylcholine,1,lh|rh,lh|lm|lf,73.0,115.0,64.0,290,0.252,21.0,37.1,14.9,lh->lm lh->lf rh->lh,both
IN19A024,801435,19A,L,gaba,-1,lm,lm,72.9,2357.0,330.0,2530,0.029,24.9,47.7,0.3,lf->lm lm->rm lm->lh,both
IN03A071,808020,03A,L,acetylcholine,1,lm,lm,72.9,717.0,172.0,839,0.087,0.0,72.9,0.0,lh->lm lm->lh,ipsilateral
IN12B046,814340,12B,L,gaba,-1,rm,rm|lm,72.9,152.0,71.0,152,0.48,40.1,19.6,13.2,rm->lm rm->rf lm->rm,both
IN04B103,809858,04B,L,acetylcholine,1,lm|lh,lm,72.7,327.0,121.0,347,0.209,0.0,72.7,0.0,lh->lm,ipsilateral
IN20A.22A024,909415,20A/22A,L,acetylcholine,1,lm,lm,72.7,895.0,34.0,1039,0.07,10.5,61.7,0.5,lf->lm lm->lf lm->rm,ipsilateral
IN18B054,811344,18B,L,acetylcholine,1,rh|rm|lh,rm,72.6,109.0,0.0,248,0.293,1.6,47.6,23.4,rh->rm lh->rm,both
GFC4,814061,-,L,acetylcholine,1,lf|lm,lf,72.6,197.0,30.0,252,0.288,0.0,48.4,24.2,lm->lf rm->lf lh->lf,both
IN13B022,802958,13B,L,gaba,-1,rh,rh,72.5,1029.0,0.0,1183,0.061,42.8,29.2,0.5,rh->lh rh->rm lh->rh,both
IN04B017,804033,04B,L,acetylcholine,1,lm,lm,72.5,904.0,94.0,1185,0.061,34.2,37.7,0.6,lh->lm rm->lm lm->rm,both
IN20A.22A039,805639,20A/22A,L,acetylcholine,1,lm,lm,72.4,795.0,48.0,936,0.077,0.2,67.2,5.0,lm->lh lh->lm lm->lf,ipsilateral
IN23B060,807652,23B,R,acetylcholine,1,rm,rm|rf,72.4,183.0,0.0,515,0.141,13.1,57.8,1.5,rm->rf rm->lm,ipsilateral
IN03A073,814555,03A,L,acetylcholine,1,lf,lf,72.4,400.0,217.0,427,0.17,20.9,48.4,3.1,lm->lf lf->rf,both
IN16B052,908435,16B,L,glutamate,-1,lh,lh,72.4,546.0,64.0,597,0.121,60.4,11.3,0.7,rh->lh lh->rh lh->lm,contralateral
IN13A036,801337,13A,L,gaba,-1,lm,lm,72.2,505.0,0.0,903,0.08,0.0,72.2,0.0,lf->lm lm->lh,ipsilateral
INXXX045,801989,XXX (unassigned),R,unclear,0,rh,rh,72.2,272.0,0.0,757,0.095,28.3,11.2,32.7,rh->lm rh->lh rm->rh,both
IN04B027,804097,04B,L,acetylcholine,1,lm,lm,72.2,900.0,127.0,1038,0.07,6.7,65.2,0.3,lf->lm lm->lh,ipsilateral
IN14A018,804224,14A,R,glutamate,-1,lh,lh,72.0,512.0,0.0,773,0.093,61.0,11.0,0.0,lh->rh lh->lm,contralateral
IN12B053,804720,12B,R,gaba,-1,lm,lm,72.0,336.0,27.0,391,0.184,5.0,67.0,0.0,lm->lh lm->lf,ipsilateral
IN00A034,805098,00A,M,gaba,-1,rh|lh,rm|rh,72.0,92.0,0.0,954,0.075,19.0,27.7,25.3,rh->rm lh->rm lh->rh,both
IN18B048,809101,18B,R,acetylcholine,1,rh,rh|lh,72.0,181.0,84.0,220,0.327,59.6,8.0,4.4,rh->lh rf->rh,contralateral
IN01B067,810690,01B,R,gaba,-1,rm,rm,72.0,347.0,0.0,579,0.124,6.0,52.0,14.0,rm->rf rm->rh rm->lh,ipsilateral
IN13B078,811055,13B,R,gaba,-1,lm,lm,72.0,469.0,30.0,469,0.154,0.0,72.0,0.0,lm->lh lm->lf,ipsilateral
IN05B073,813539,05B,L,gaba,-1,lf,lm,72.0,72.0,0.0,384,0.188,0.0,72.0,0.0,lf->lm lh->lm,ipsilateral
IN13A060,935501,13A,R,gaba,-1,lf|rf,rf,72.0,108.0,103.0,168,0.429,72.0,0.0,0.0,lf->rf,contralateral
IN20A.22A077,1064911082,20A/22A,L,acetylcholine,1,lh,lf,72.0,72.0,0.0,134,0.537,0.0,72.0,0.0,lh->lf,ipsilateral
IN19A015,800117,19A,L,gaba,-1,lf,lf,71.9,1749.0,386.0,1997,0.036,48.0,15.7,8.2,lf->rf lf->lm lf->rh,both
IN23B028,932854,23B,L,acetylcholine,1,lh,lh|rm,71.9,216.0,0.0,785,0.092,14.5,19.8,37.5,lh->rm lm->lh,both
IN05B018,803189,05B,L,gaba,-1,lh|rh|rm,rh|lm|lh,71.8,97.0,0.0,837,0.086,26.0,23.5,22.4,lh->rh lh->lm rh->lm,both
IN03A079,807988,03A,R,acetylcholine,1,rm,rm,71.8,504.0,176.0,570,0.126,1.3,58.8,11.7,rh->rm rm->lh rm->rh,ipsilateral
IN16B085,807011,16B,R,glutamate,-1,rh,rh,71.7,526.0,98.0,582,0.123,44.6,10.4,16.8,rh->lh lm->rh rm->rh,both
IN09A043,808195,09A,R,gaba,-1,rm|rh|rf,rh,71.7,108.0,0.0,405,0.177,0.0,71.7,0.0,rm->rh rf->rh,ipsilateral
IN07B054,807512,07B,L,acetylcholine,1,rm|lh,rm|lm,71.6,111.0,0.0,444,0.161,29.1,18.6,23.8,rm->lm lh->rm lh->lm,both
IN23B060,817758,23B,R,acetylcholine,1,rm|rf,rf|rm|lm,71.6,104.0,0.0,231,0.31,13.2,49.6,8.8,rm->rf rm->lm,both
IN12B087,904277,12B,R,gaba,-1,lm|rh|lh,lh|rh,71.6,98.0,0.0,342,0.209,27.4,28.6,15.6,lm->lh rh->lh rm->lh,both
IN18B020,904915,18B,L,acetylcholine,1,lm|lh,lh|rm,71.6,94.0,0.0,2412,0.03,18.9,43.6,9.1,lm->lh lm->rm lh->rm,both
IN20A.22A084,912154,20A/22A,R,acetylcholine,1,rm|rh,rm|rh,71.6,174.0,0.0,271,0.264,0.0,71.6,0.0,rh->rm rm->rh rm->rf,ipsilateral
IN14A062,804230,14A,L,glutamate,-1,rh,rh,71.5,432.0,0.0,1017,0.07,0.0,33.5,38.0,rh->lm rf->rh rh->rm,both
IN16B083,907259,16B,R,glutamate,-1,rf,rf|rm,71.5,328.0,80.0,328,0.218,0.0,71.5,0.0,rf->rm rm->rf,ipsilateral
IN05B065,803135,05B,R,gaba,-1,rh|lh,rh|lf|lh|rf,71.4,95.0,0.0,638,0.112,20.3,23.0,28.1,rh->lf rh->lh rh->rf,both
IN16B118,905508,16B,R,glutamate,-1,rh,rh|lh,71.4,225.0,23.0,249,0.287,51.7,16.4,3.3,rh->lh rm->rh,contralateral
IN21A002,800857,21A,R,glutamate,-1,rm,rm,71.3,2469.0,958.0,2571,0.028,7.2,64.1,0.1,rh->rm rm->rh lm->rm,ipsilateral
IN04B086,807170,04B,R,acetylcholine,1,rf|lf,rf,71.3,153.0,118.0,197,0.362,45.1,21.0,5.2,lf->rf rh->rf rf->lf,both
IN17A044,802391,17A,L,acetylcholine,1,lh,lh,71.2,759.0,44.0,783,0.091,25.4,39.8,6.0,lm->lh lh->rh,both
INXXX373,803033,XXX (unassigned),R,acetylcholine,1,rh,lh,71.1,83.0,0.0,1569,0.045,61.3,9.9,0.0,rh->lh lm->lh,contralateral
IN04B032,806162,04B,R,acetylcholine,1,rh,rh,71.1,600.0,219.0,728,0.098,52.1,17.7,1.3,lh->rh rh->rm rh->lh,contralateral
"IN21A045,IN21A046",810248,21A,L,glutamate,-1,lf|lh|rm,lf|rm,71.1,139.0,0.0,344,0.207,2.4,27.6,41.1,lf->rm rm->lf lh->lf,both
IN12B081,813143,12B,R,gaba,-1,lf|rf,lf,71.1,151.0,0.0,210,0.339,50.1,11.5,9.5,rf->lf lf->rf lf->lm,contralateral
IN09A014,801496,09A,R,gaba,-1,rh,rh,71.0,1314.0,7.0,4286,0.017,11.0,60.0,0.0,rh->rm rh->lh,ipsilateral
IN06A016,805548,06A,L,gaba,-1,lh,rm|rh,71.0,71.0,0.0,1239,0.057,17.3,0.0,53.7,lh->rm lh->rh,both
IN12B079_a,805888,12B,R,gaba,-1,lh,lm|lh,71.0,121.0,0.0,529,0.134,0.0,71.0,0.0,lh->lm,ipsilateral
IN12B031,805953,12B,R,gaba,-1,lf,lf|lm,71.0,264.0,81.0,708,0.1,0.0,71.0,0.0,lf->lm,ipsilateral
INXXX417,807095,XXX (unassigned),L,gaba,-1,lh,rh,71.0,81.0,0.0,543,0.131,71.0,0.0,0.0,lh->rh,contralateral
IN07B064,808296,07B,R,acetylcholine,1,rh,rf|lf,71.0,71.0,0.0,692,0.103,6.0,36.0,29.0,rh->rf rh->lf,both
IN03A051,809346,03A,R,acetylcholine,1,rf,rf,71.0,336.0,161.0,399,0.178,71.0,0.0,0.0,lf->rf rf->lf,contralateral
IN07B066,809827,07B,R,acetylcholine,1,rm,lm|lf|rm|lh,71.0,87.0,0.0,456,0.156,39.0,0.0,32.0,rm->lm rm->lf rm->lh,both
IN03B071,810547,03B,R,gaba,-1,rh,rm|lh|rh,71.0,102.0,0.0,503,0.141,31.0,40.0,0.0,rh->rm rh->lh,both
IN03A027,811734,03A,R,acetylcholine,1,rf,rf,71.0,562.0,5.0,698,0.102,42.0,29.0,0.0,rf->lf rf->rm,both
IN12B050,812672,12B,L,gaba,-1,lm,rm|lm,71.0,127.0,68.0,196,0.362,63.0,0.0,8.0,lm->rm lm->rh,contralateral
IN09A064,911755,09A,R,gaba,-1,rf,rf|rm|lf|lh,71.0,117.0,6.0,185,0.384,20.0,32.0,19.0,rf->rm rf->lf rf->lh,both
IN13B022,802740,13B,L,gaba,-1,rm,rm,70.9,1079.0,0.0,1259,0.056,0.0,70.9,0.0,rh->rm rf->rm,ipsilateral
IN06B063,806310,06B,L,gaba,-1,lh|lf,lh|lf|rm,70.9,109.0,0.0,715,0.099,3.2,42.9,24.8,lh->lf lh->rm,both
IN20A.22A024,809008,20A/22A,R,acetylcholine,1,rh,rh,70.9,596.0,141.0,695,0.102,0.0,70.9,0.0,rm->rh rh->rm,ipsilateral
IN04B011,902668,04B,L,acetylcholine,1,lm,lm,70.9,1427.0,242.0,1607,0.044,16.9,53.7,0.3,lf->lm lm->lh lm->rm,ipsilateral
IN20A.22A054,806525,20A/22A,R,acetylcholine,1,rh,rh,70.8,723.0,111.0,881,0.08,0.0,70.8,0.0,rm->rh rh->rm rf->rh,ipsilateral
IN04B046,806633,04B,R,acetylcholine,1,rm,rm,70.8,362.0,132.0,455,0.156,23.4,24.2,23.2,lh->rm rh->rm lm->rm,both
GFC3,812335,-,R,acetylcholine,1,rh|rm,rh,70.8,215.0,49.0,240,0.295,0.0,40.5,30.4,rm->rh lm->rh,both
IN00A032,805958,00A,M,gaba,-1,lh|rh,rf|lf|lh,70.7,81.0,0.0,1045,0.068,7.5,29.1,34.0,lh->rf lh->lf rh->rf,both
IN06B019,801459,06B,L,gaba,-1,lh|lf|rh|rf,rm|lm|lh,70.6,83.0,0.0,3238,0.022,11.9,29.9,28.9,,both
IN13B022,803561,13B,R,gaba,-1,lh,lh,70.6,1245.0,0.0,1435,0.049,4.8,65.6,0.2,lm->lh lh->lm,ipsilateral
IN23B018,800179,23B,R,acetylcholine,1,rm,rm,70.5,863.0,100.0,1906,0.037,5.0,65.5,0.0,rm->rh,ipsilateral
IN17A056,806864,17A,R,acetylcholine,1,rh|rf,rh,70.5,149.0,0.0,687,0.103,5.5,57.5,7.5,rf->rh rh->lf,ipsilateral
IN01A075,903836,01A,R,acetylcholine,1,lf,lf,70.5,253.0,67.0,253,0.279,24.9,0.0,45.6,rm->lf rf->lf rh->lf,both
IN06B042,803860,06B,L,gaba,-1,rh,rm,70.4,71.0,0.0,1734,0.041,8.4,53.3,8.7,rh->rm rh->lh,ipsilateral
IN08A048,804539,08A,L,glutamate,-1,lh|lm,lh,70.4,402.0,123.0,445,0.158,0.0,70.4,0.0,lm->lh,ipsilateral
IN01B052,808777,01B,R,gaba,-1,rh,rh,70.4,382.0,0.0,641,0.11,42.1,27.4,0.9,rh->lh rh->rm,both
IN13A017,808960,13A,R,gaba,-1,rm,rm,70.4,986.0,157.0,1183,0.06,0.0,70.4,0.0,rf->rm rm->rh rh->rm,ipsilateral
IN00A010,801689,00A,M,gaba,-1,lm|lh,lf,70.3,80.0,0.0,1998,0.035,5.7,48.1,16.5,lm->lf lh->lf rm->lf,both
IN06B063,802362,06B,R,gaba,-1,rh|rm|lm,lh|rh|lm,70.3,83.0,0.0,673,0.104,23.4,20.5,26.4,rh->lh rm->lh rh->lm,both
IN12A053_c,803478,12A,L,acetylcholine,1,lh|lm|lf,lm|lh|rm|rh,70.3,92.0,5.0,840,0.084,12.4,37.3,20.6,lh->lm lh->rm lh->rh,both
IN01A056,806164,01A,L,acetylcholine,1,rm,rm,70.3,798.0,57.0,871,0.081,21.4,48.2,0.7,rm->rf lm->rm rf->rm,both
IN11A044,816861,11A,R,acetylcholine,1,rm|lm|rf,rf,70.3,84.0,30.0,94,0.747,0.0,50.4,19.9,rm->rf lm->rf,ipsilateral
IN05B066,805788,05B,L,gaba,-1,lh,lh|lm,70.2,108.0,0.0,631,0.111,4.8,50.0,15.4,lh->lm lh->lf lh->rm,ipsilateral
IN03B046,806752,03B,R,gaba,-1,rh|rm|lm,rh,70.1,144.0,21.0,664,0.106,0.0,46.7,23.4,rm->rh lm->rh,both
IN20A.22A024,803772,20A/22A,L,acetylcholine,1,lh,lh,70.0,565.0,112.0,816,0.086,12.0,58.0,0.0,lh->lm lh->rh,ipsilateral
IN11A020,803792,11A,L,acetylcholine,1,lm|lf|lh,lh|lf|rf,70.0,88.0,0.0,762,0.092,9.8,44.0,16.2,lm->lh lm->lf lf->lh,both
IN00A025,803917,00A,M,gaba,-1,lh,lm|rm,70.0,70.0,0.0,1661,0.042,0.0,42.0,28.0,lh->lm lh->rm,both
INXXX423,804032,XXX (unassigned),R,acetylcholine,1,rh,rh|lh,70.0,141.0,31.0,1296,0.054,65.0,5.0,0.0,rh->lh,contralateral
IN09A064,806475,09A,R,gaba,-1,rm,rm|rh,70.0,297.0,60.0,379,0.185,0.0,70.0,0.0,rm->rh rm->rf,ipsilateral
IN04B102,806938,04B,L,acetylcholine,1,lm,lm,70.0,460.0,109.0,546,0.128,8.0,62.1,0.0,lh->lm lf->lm rm->lm,ipsilateral
IN07B086,807262,07B,R,acetylcholine,1,rm,lh|rm,70.0,83.0,16.0,687,0.102,0.0,11.0,59.0,rm->lh rm->rh,both
IN12B086,808508,12B,R,gaba,-1,lh|rh,lf|lm,70.0,70.0,0.0,350,0.2,0.0,36.8,33.2,lh->lf rh->lf lh->lm,both
IN13A010,809385,13A,L,gaba,-1,lf,lf,70.0,906.0,162.0,943,0.074,19.1,50.0,0.9,lm->lf lf->rf lf->lm,ipsilateral
IN09A043,811547,09A,R,gaba,-1,rm,rh|rm|lh,70.0,91.0,0.0,356,0.197,0.0,55.0,15.0,rm->rh rm->lh,ipsilateral
IN09A042,812396,09A,R,gaba,-1,rh,rh|rm,70.0,227.0,18.0,335,0.209,28.0,42.0,0.0,rh->rm rh->lh,both
IN09A043,905593,09A,R,gaba,-1,rh,rh|rm,70.0,192.0,0.0,465,0.151,0.0,70.0,0.0,rh->rm rh->rf,ipsilateral
IN00A070,905940,00A,M,gaba,-1,lh,rh|lh|lm,70.0,85.0,0.0,309,0.227,49.0,13.0,8.0,lh->rh lh->lm lh->rm,contralateral
IN20A.22A001,800095,20A/22A,L,acetylcholine,1,lh,lh,69.9,1897.0,1307.0,2419,0.029,27.4,41.9,0.6,lm->lh lh->rh lf->lh,both
IN17A092,808036,17A,R,acetylcholine,1,rm|rh,rm|rh,69.9,112.0,0.0,239,0.292,5.2,57.9,6.8,rh->rm rm->rh rf->rm,ipsilateral
IN08A032,903521,08A,R,glutamate,-1,rm,rm,69.9,577.0,172.0,577,0.121,0.0,69.9,0.0,rh->rm,ipsilateral
IN13A019,802873,13A,R,gaba,-1,rm,rm,69.8,793.0,25.0,1031,0.068,0.2,62.8,6.8,rh->rm rm->rh rf->rm,ipsilateral
IN21A057,910169,21A,L,glutamate,-1,lf|rm,lm|rm|lf,69.7,89.0,0.0,135,0.516,17.7,27.3,24.7,lf->lm lf->rm rm->lm,both
IN13B078,805383,13B,R,gaba,-1,lh,lh,69.6,387.0,5.0,387,0.18,5.6,63.6,0.4,lh->lm lm->lh,ipsilateral
IN07B073_a,806003,07B,L,acetylcholine,1,lm,lm,69.6,339.0,75.0,707,0.098,30.3,36.6,2.7,lm->rm lf->lm lm->lh,both
IN05B066,806462,05B,R,gaba,-1,rh,rm|rh,69.6,103.0,0.0,591,0.118,6.7,48.6,14.3,rh->rm rh->lm,both
IN06A081,810888,06A,L,gaba,-1,lh|rh,rh|lf|rm,69.6,84.0,0.0,789,0.088,23.6,25.4,20.6,lh->rh lh->lf rh->lf,both
IN02A034,908504,02A,R,glutamate,-1,rm|rf,rm|rf,69.6,130.0,46.0,247,0.282,0.0,69.6,0.0,rm->rf rf->rm,ipsilateral
IN21A002,911639,21A,L,glutamate,-1,lh,lh,69.6,2020.0,603.0,2075,0.034,6.8,57.8,5.0,lm->lh,ipsilateral
IN20A.22A053,905898,20A/22A,R,acetylcholine,1,rf,rf,69.5,284.0,0.0,415,0.167,28.0,39.5,2.0,rf->lf rf->rm rm->rf,both
IN06B059,806394,06B,L,gaba,-1,lh|lm|rm|rh,lh|rh|rm,69.4,95.0,0.0,879,0.079,23.6,22.9,22.9,lh->rh lm->lh rm->lh,both
IN18B051,910301,18B,L,acetylcholine,1,lf|rm,rm|rh,69.4,88.0,0.0,296,0.235,2.4,23.9,43.2,lf->rm lf->rh rm->rh,both
IN06B063,805083,06B,L,gaba,-1,lh|lm,rh|rm|lh,69.3,79.0,0.0,841,0.082,26.6,9.3,33.4,lh->rh lh->rm lm->rh,both
IN08A050,814395,08A,L,glutamate,-1,lf|rf,lf,69.3,226.0,42.0,272,0.255,69.3,0.0,0.0,rf->lf,contralateral
IN03A084,813029,03A,L,acetylcholine,1,lf|lm,lf,69.2,394.0,172.0,417,0.166,0.0,69.2,0.0,lm->lf,ipsilateral
IN03A030,906015,03A,R,acetylcholine,1,rm,rm,69.2,842.0,81.0,987,0.07,0.5,44.2,24.5,rm->rh rm->lh rh->rm,both
IN04A002,907421,04A,L,acetylcholine,1,lm,lm,69.2,215.0,102.0,688,0.101,9.0,49.2,11.0,lh->lm lm->lh lm->rm,ipsilateral
IN08A041,817021,08A,L,glutamate,-1,lf|lm,lf,69.1,221.0,128.0,255,0.271,0.0,69.1,0.0,lm->lf,ipsilateral
IN21A004,801665,21A,R,acetylcholine,1,rm,rm,69.0,1966.0,1101.0,2073,0.033,13.9,55.1,0.0,rh->rm lm->rm,ipsilateral
IN13A029,804503,13A,R,gaba,-1,rh,rh,69.0,651.0,0.0,1245,0.055,22.0,41.0,6.0,rh->rm rh->lh,both
IN03A045,805501,03A,R,acetylcholine,1,rf,rf,69.0,596.0,315.0,662,0.104,0.0,69.0,0.0,rh->rf rf->rh rm->rf,ipsilateral
IN16B121,807559,16B,R,glutamate,-1,rf,lf|rm,69.0,80.0,5.0,192,0.359,40.0,19.0,10.0,rf->lf rf->rm rf->lh,both
IN21A051,807852,21A,R,glutamate,-1,rh,rh,69.0,657.0,365.0,678,0.102,0.0,69.0,0.0,rm->rh,ipsilateral
IN20A.22A049,808929,20A/22A,L,acetylcholine,1,lf,lf,69.0,422.0,26.0,488,0.141,33.0,36.0,0.0,lf->lm lf->rf,both
IN17A067,809305,17A,R,acetylcholine,1,lm|rf,rh,69.0,69.0,0.0,576,0.12,3.0,34.5,31.5,rf->rh lm->rh,both
IN07B030,909270,07B,L,glutamate,-1,lh,lh|rh,69.0,146.0,80.0,1035,0.067,69.0,0.0,0.0,lh->rh,contralateral
IN23B028,903420,23B,R,acetylcholine,1,rm,rm,68.9,342.0,0.0,1105,0.062,0.0,34.0,34.9,rm->rh rm->lh,both
IN21A007,801904,21A,L,glutamate,-1,lf,lf,68.8,1872.0,116.0,2275,0.03,0.0,68.8,0.0,lh->lf lf->lm,ipsilateral
IN20A.22A019,803939,20A/22A,L,acetylcholine,1,lh,lh,68.8,359.0,0.0,445,0.155,18.0,49.8,1.0,lh->lm lh->rh lf->lh,ipsilateral
IN20A.22A039,805606,20A/22A,R,acetylcholine,1,rm,rm,68.8,539.0,42.0,694,0.099,0.0,68.8,0.0,rh->rm rm->rh rm->rf,ipsilateral
IN04B076,806390,04B,R,acetylcholine,1,rh,rh,68.8,551.0,143.0,772,0.089,68.8,0.0,0.0,rh->lh lh->rh,contralateral
IN16B055,807880,16B,R,glutamate,-1,rf|lf,rf,68.8,284.0,0.0,323,0.213,62.8,4.7,1.3,lf->rf,contralateral
INXXX213,802024,XXX (unassigned),L,gaba,-1,lh,lh|lm,68.7,210.0,0.0,3941,0.017,8.8,59.7,0.2,lh->lm lh->rh,ipsilateral
IN14A023,805645,14A,R,glutamate,-1,lm,lm,68.7,1184.0,8.0,1321,0.052,9.6,58.7,0.4,lf->lm lm->lh lm->rm,ipsilateral
IN01A076,809161,01A,R,acetylcholine,1,lm,lm,68.7,519.0,40.0,573,0.12,0.0,68.7,0.0,lf->lm lm->lh,ipsilateral
IN20A.22A001,801349,20A/22A,R,acetylcholine,1,rh,rh,68.6,2726.0,2242.0,3150,0.022,56.0,8.9,3.6,lh->rh rh->lh,contralateral
IN14A022,807969,14A,L,glutamate,-1,rm,rm,68.6,512.0,0.0,741,0.093,0.0,9.7,58.9,lf->rm rm->rh,both
IN12B052,806230,12B,R,gaba,-1,lh,lh|rh,68.5,263.0,0.0,774,0.088,46.8,18.5,3.2,lh->rh lf->lh,both
IN01A072,810868,01A,L,acetylcholine,1,rm|lm|lf,rf|lf,68.5,75.0,7.0,132,0.519,10.3,32.5,25.7,rm->rf lm->rf rm->lf,both
IN20A.22A015,907582,20A/22A,R,acetylcholine,1,rf,rf,68.5,308.0,158.0,313,0.219,7.7,41.4,19.4,rh->rf lm->rf,both
IN16B045,804682,16B,L,glutamate,-1,lf,lf,68.4,920.0,0.0,1227,0.056,22.1,40.4,5.9,lf->rf lh->lf lm->lf,both
IN08A043,808202,08A,L,glutamate,-1,lh,lh,68.4,677.0,574.0,696,0.098,0.0,68.4,0.0,lm->lh,ipsilateral
INXXX173,802898,XXX (unassigned),L,acetylcholine,1,lh|lm,rh|rf|lh,68.3,82.0,0.0,1530,0.045,37.8,3.3,27.2,lh->rh lh->rf lm->rh,both
IN09B045,808027,09B,R,glutamate,-1,rh|lh,lh|rh,68.3,126.0,0.0,600,0.114,60.3,4.3,3.7,rh->lh lh->rh,contralateral
IN23B029,808617,23B,R,acetylcholine,1,rm,lm|rm|rh,68.3,89.0,0.0,298,0.229,35.7,22.5,10.1,rm->lm rm->rh,both
IN23B072,810191,23B,L,acetylcholine,1,lm|lf,lf|lh,68.3,104.0,0.0,332,0.206,0.0,68.3,0.0,lm->lf lm->lh lf->lh,ipsilateral
IN18B037,805320,18B,L,acetylcholine,1,rh|lh|lf,lf|rh|rm|lh,68.2,86.0,0.0,870,0.078,13.3,26.7,28.1,rh->lf lh->lf,both
IN04B033,804296,04B,L,acetylcholine,1,lm,lm,68.1,782.0,128.0,1013,0.067,0.0,68.1,0.0,lh->lm lf->lm lm->lf,ipsilateral
IN13B059,801583,13B,R,gaba,-1,lf,lf,68.0,312.0,0.0,412,0.165,24.0,18.0,26.0,lf->rh lf->rf lf->lm,both
INXXX146,803046,XXX (unassigned),L,gaba,-1,lh|rh,lm|rm,68.0,68.0,0.0,3010,0.023,0.0,34.2,33.8,lh->lm lh->rm rh->lm,both
IN04B043_b,807762,04B,L,acetylcholine,1,lh,lh|rh,68.0,260.0,94.0,433,0.157,39.0,22.0,7.0,lh->rh lh->lm lh->rm,both
IN06B080,809000,06B,R,gaba,-1,lm|rm,rh|rf|lh,68.0,72.0,0.0,584,0.116,4.0,32.0,32.0,rm->rh lm->rh rm->rf,both
INXXX444,809039,XXX (unassigned),L,glutamate,-1,lh,rh|lh,68.0,99.0,0.0,900,0.076,68.0,0.0,0.0,lh->rh,contralateral
IN12B074,810242,12B,R,gaba,-1,lh,lh|lm,68.0,156.0,0.0,372,0.183,11.0,47.0,10.0,lh->lm lh->rh lh->rf,both
IN12B075,810404,12B,R,gaba,-1,lm,lm|rm,68.0,270.0,0.0,378,0.18,47.0,12.0,9.0,lm->rm lm->rh,both
IN20A.22A064,810647,20A/22A,R,acetylcholine,1,rh,rh|lh,68.0,248.0,32.0,285,0.239,48.0,20.0,0.0,rh->lh rh->rm,contralateral
IN20A.22A086,812024,20A/22A,L,acetylcholine,1,lh,lh|rh,68.0,232.0,0.0,485,0.14,43.0,25.0,0.0,lh->rh lh->lm,both
IN03A037,822749,03A,R,acetylcholine,1,rh,rh,68.0,538.0,81.0,566,0.12,19.0,49.0,0.0,rh->rm rh->lh,ipsilateral
IN02A010,906956,02A,L,glutamate,-1,lh,lm|lh,68.0,117.0,0.0,3258,0.021,10.9,54.6,2.5,lh->lm lh->rh lm->lh,ipsilateral
IN20A.22A036,929100,20A/22A,L,acetylcholine,1,lf,lf,68.0,469.0,175.0,469,0.145,37.0,29.9,1.1,lf->lm lf->rf rf->lf,both
IN18B056,1052289206,18B,R,acetylcholine,1,lf,lm|lh,68.0,68.0,0.0,130,0.523,0.0,62.0,6.0,lf->lm lf->lh,ipsilateral
IN00A031,802378,00A,M,gaba,-1,rm|lm,lm|rm|lf,67.9,95.0,0.0,2192,0.031,27.1,20.0,20.8,rm->lm lm->rm rm->lf,both
IN03A051,808017,03A,R,acetylcholine,1,rf,rf,67.9,385.0,159.0,470,0.145,62.9,4.6,0.4,rf->lf lf->rf,contralateral
IN04B098,811564,04B,L,acetylcholine,1,lf|lh,lf,67.9,270.0,118.0,305,0.223,0.0,67.9,0.0,lh->lf,ipsilateral
IN03A066,805873,03A,R,acetylcholine,1,rf,rf,67.8,698.0,283.0,777,0.087,12.1,47.6,8.0,rf->rm rh->rf lf->rf,ipsilateral
IN21A008,800515,21A,R,glutamate,-1,rf,rf,67.7,468.0,68.0,819,0.083,11.2,55.4,1.1,rf->rh lf->rf rm->rf,ipsilateral
IN21A006,801290,21A,R,glutamate,-1,rm,rm,67.7,1414.0,366.0,1586,0.043,9.7,57.6,0.4,rm->rf rm->rh lm->rm,ipsilateral
IN12B034,801334,12B,R,gaba,-1,lf,lf,67.7,271.0,22.0,489,0.138,17.7,30.7,19.3,lf->lm rf->lf lf->rh,both
IN03A055,804806,03A,L,acetylcholine,1,lh,lh,67.7,621.0,20.0,792,0.086,13.2,53.7,0.8,lm->lh lh->lm lh->rh,ipsilateral
IN00A050,806719,00A,M,gaba,-1,lm|rm|rh|lh,rm|lm,67.7,95.0,0.0,633,0.107,27.7,20.5,19.5,lm->rm rh->rm lh->rm,both
IN18B054,815185,18B,L,acetylcholine,1,rm|rh,rm|rh,67.7,122.0,0.0,268,0.253,5.9,51.7,10.1,rm->rh rh->rm rm->lh,ipsilateral
IN12B034,804717,12B,L,gaba,-1,rf,rf,67.6,232.0,40.0,419,0.161,12.2,31.9,23.5,rf->rm rh->rf lm->rf,both
IN20A.22A019,806765,20A/22A,R,acetylcholine,1,rh,rh,67.6,489.0,19.0,592,0.114,0.0,59.8,7.8,rh->rm rm->rh lf->rh,ipsilateral
IN04B050,808887,04B,R,acetylcholine,1,rf|rm,rf|lf,67.5,179.0,44.0,212,0.318,20.2,40.5,6.8,rm->rf rf->lf rm->lf,both
IN04B041,809137,04B,R,acetylcholine,1,rf,rf|lf,67.5,161.0,44.0,227,0.297,35.7,26.3,5.4,rf->lf rm->rf lf->rf,both
IN04B010,802948,04B,R,acetylcholine,1,rf,rf,67.4,270.0,21.0,457,0.147,11.7,54.4,1.3,rm->rf rf->rm rf->rh,ipsilateral
IN05B066,808026,05B,R,gaba,-1,rh,rm|rh,67.4,119.0,0.0,542,0.124,0.0,67.4,0.0,rh->rm rm->rh,ipsilateral
IN00A054,809513,00A,M,gaba,-1,lh|rh,rf|rh|lh,67.4,88.0,0.0,478,0.141,24.4,16.7,26.3,lh->rf lh->rh rh->rf,both
IN12B030,806570,12B,R,gaba,-1,lf,lf|lm,67.3,337.0,56.0,364,0.185,0.0,52.6,14.7,lf->lm rh->lf,ipsilateral
IN14A080,811934,14A,L,glutamate,-1,rm|lf,rm,67.3,376.0,0.0,437,0.154,0.0,0.0,67.3,lf->rm,both
IN00A033,909195,00A,M,gaba,-1,lh|rh,rh,67.3,109.0,0.0,854,0.079,52.3,8.8,6.2,lh->rh lh->lm,contralateral
IN11A017,1051069306,11A,R,acetylcholine,1,lm|rf,rf,67.3,120.0,0.0,223,0.302,3.3,3.7,60.3,lm->rf,both
IN02A008,800444,02A,R,glutamate,-1,rh|lh,lm|rm|lh,67.2,77.0,0.0,3152,0.021,11.5,26.2,29.4,rh->lm lh->lm rh->rm,both
IN20A.22A016,806706,20A/22A,L,acetylcholine,1,lm,lm,67.1,504.0,6.0,758,0.089,49.9,16.1,1.1,lm->rm lf->lm lm->lf,contralateral
IN21A006,905496,21A,L,glutamate,-1,lf,lf,67.1,1201.0,382.0,1282,0.052,33.8,25.1,8.2,lf->rf lf->lm lf->rh,both
IN20A.22A017,911055,20A/22A,R,acetylcholine,1,rf|rh|lf,rf,67.1,182.0,0.0,259,0.259,28.7,38.3,0.0,rh->rf lf->rf,both
INXXX183,800602,XXX (unassigned),L,gaba,-1,lh,rh|lh,67.0,105.0,0.0,5551,0.012,67.0,0.0,0.0,lh->rh,contralateral
IN21A008,801584,21A,R,glutamate,-1,rm,rm,67.0,1205.0,199.0,1525,0.044,5.7,61.0,0.3,rm->rh rm->rf rh->rm,ipsilateral
IN01A045,803060,01A,R,acetylcholine,1,rm,lh,67.0,67.0,0.0,3454,0.019,0.0,5.0,62.0,rm->lh,both
IN16B039,804581,16B,R,glutamate,-1,rh,rh,67.0,1179.0,201.0,1268,0.053,51.0,16.0,0.0,rh->lh rh->rm,contralateral
IN04B022,805605,04B,L,acetylcholine,1,lh,lh,67.0,347.0,139.0,734,0.091,24.0,19.0,24.0,lh->rm lh->rh lh->lm,both
IN20A.22A036,806225,20A/22A,L,acetylcholine,1,lf,lf,67.0,455.0,138.0,455,0.147,20.8,38.0,8.2,lf->lm lf->rf lf->rh,both
IN13A024,807411,13A,R,gaba,-1,rm,rm|rh,67.0,353.0,0.0,939,0.071,0.0,67.0,0.0,rm->rh,ipsilateral
IN23B055,809474,23B,L,acetylcholine,1,lh,lh|lm,67.0,214.0,5.0,467,0.143,0.0,61.0,6.0,lh->lm,ipsilateral
IN12B075,809507,12B,R,gaba,-1,lm,lm,67.0,362.0,5.0,443,0.151,31.0,36.0,0.0,lm->rm lm->lf lm->lh,both
IN19A013,902427,19A,L,gaba,-1,lm,lm,67.0,2580.0,2071.0,2603,0.026,2.7,64.2,0.0,lf->lm,ipsilateral
IN20A.22A086,904219,20A/22A,L,acetylcholine,1,lh,lh|rh,67.0,171.0,0.0,378,0.177,54.0,13.0,0.0,lh->rh lh->lm,contralateral
IN13B066,909169,13B,R,gaba,-1,lf,lf,67.0,536.0,15.0,609,0.11,45.0,22.0,0.0,lf->rf lf->lm,both
IN23B040,911887,23B,L,acetylcholine,1,lh,lh|rh|lm,67.0,149.0,0.0,828,0.081,36.0,31.0,0.0,lh->rh lh->lm,both
IN03A060,807299,03A,L,acetylcholine,1,lm,lm,66.9,682.0,125.0,750,0.089,0.0,66.9,0.0,lh->lm,ipsilateral
IN16B125,814031,16B,L,glutamate,-1,lm,rm|lm,66.9,106.0,0.0,386,0.173,57.2,1.9,7.8,lm->rm,contralateral
IN07B061,805447,07B,R,glutamate,-1,rh|lh,rh|lh,66.8,110.0,0.0,1284,0.052,43.0,10.5,13.3,rh->lh lh->rh rm->rh,both
IN12B025,806603,12B,L,gaba,-1,rm,rm,66.8,363.0,15.0,476,0.14,4.6,39.3,22.9,rm->rh lf->rm rh->rm,both
IN12B072,807279,12B,R,gaba,-1,lh,lh,66.8,427.0,0.0,552,0.121,60.8,5.3,0.7,rh->lh lh->rh,contralateral
IN11A044,815490,11A,L,acetylcholine,1,rm|lf|lm,lf,66.8,90.0,5.0,103,0.648,1.4,22.1,43.3,rm->lf lm->lf,both
IN09A016,802191,09A,R,gaba,-1,rm,rm,66.7,444.0,0.0,2407,0.028,0.0,60.7,6.0,rm->rh,ipsilateral
IN04B011,940699,04B,R,acetylcholine,1,rm,rm,66.7,966.0,197.0,1169,0.057,0.1,61.7,4.9,rf->rm rh->rm rm->rf,ipsilateral
IN14A106,813191,14A,R,glutamate,-1,lm|lh,lm,66.5,266.0,0.0,380,0.175,0.0,66.5,0.0,lh->lm,ipsilateral
IN14A044,907538,14A,L,glutamate,-1,rm|rf,rm,66.5,239.0,0.0,314,0.212,26.7,34.5,5.3,rf->rm rm->lm,both
IN23B021,806157,23B,R,acetylcholine,1,rm,rm|lf|rh|lm,66.4,121.0,0.0,461,0.144,18.1,20.0,28.4,rm->lf rm->rh rm->lm,both
IN04A002,808170,04A,L,acetylcholine,1,lf,lf|lm,66.4,179.0,76.0,540,0.123,0.9,57.9,7.7,lf->lm lm->lf lh->lf,ipsilateral
IN05B074,809350,05B,R,gaba,-1,rf|rh,rm,66.4,75.0,0.0,410,0.162,0.0,66.4,0.0,rf->rm rh->rm,ipsilateral
INXXX281,905534,XXX (unassigned),R,acetylcholine,1,lh|rm|rh,lh|rh,66.4,99.0,0.0,1748,0.038,31.8,16.4,18.2,lh->rh rm->lh rm->rh,both
IN13A010,802291,13A,R,gaba,-1,rf,rf,66.3,990.0,130.0,1086,0.061,14.7,51.3,0.3,rf->rm rm->rf rf->lf,ipsilateral
IN12B078,810782,12B,R,gaba,-1,lf|lm,lf|rh,66.3,121.0,0.0,199,0.333,0.0,29.9,36.4,lm->lf lf->rh lm->rh,both
IN01A082,815542,01A,R,acetylcholine,1,lh,lh,66.3,288.0,91.0,288,0.23,2.5,14.8,49.0,rm->lh lh->lm rf->lh,both
IN14A041,814816,14A,R,glutamate,-1,lf|rf,lf,66.2,175.0,0.0,365,0.181,37.8,28.4,0.0,rf->lf lh->lf lm->lf,both
IN03A059,904270,03A,R,acetylcholine,1,rh,rh,66.2,623.0,58.0,756,0.088,0.0,66.2,0.0,rh->rm rm->rh,ipsilateral
IN06A058,907883,06A,L,gaba,-1,lh|rh,rh|lh|lm,66.2,92.0,5.0,785,0.084,32.2,19.2,14.8,lh->rh lh->lm lh->rm,both
IN09A002,800434,09A,L,gaba,-1,lh,lh,66.1,768.0,480.0,1244,0.053,3.5,62.4,0.2,lh->lm lm->lh,ipsilateral
IN21A004,800793,21A,R,acetylcholine,1,rh,rh,66.1,2275.0,922.0,2523,0.026,35.3,30.6,0.2,lh->rh rm->rh rf->rh,both
IN20A.22A015,809222,20A/22A,R,acetylcholine,1,rf,rf,66.1,232.0,104.0,249,0.265,14.8,11.4,39.9,rf->lh rf->lf,both
IN00A051,802286,00A,M,gaba,-1,lf,lh|lm|lf,66.0,79.0,0.0,1467,0.045,8.1,47.1,10.8,lf->lh lf->lm,ipsilateral
IN20A.22A073,803164,20A/22A,L,acetylcholine,1,lh,lh,66.0,258.0,32.0,287,0.23,23.7,40.0,2.3,lh->rh lh->lm lf->lh,both
IN16B058,803740,16B,L,glutamate,-1,lf,lf,66.0,722.0,16.0,774,0.085,61.0,5.0,0.0,lf->rf,contralateral
IN06B055,804086,06B,L,gaba,-1,lm|rm|lh,lm|lh|lf|rm,66.0,92.0,0.0,934,0.071,19.3,29.0,17.6,rm->lm lm->lh rm->lh,both
IN12B036,804201,12B,L,gaba,-1,rf,rf|rm,66.0,126.0,0.0,378,0.175,13.0,53.0,0.0,rf->rm rf->lf,ipsilateral
IN01A063_b,807727,01A,R,acetylcholine,1,lf,lf,66.0,581.0,162.0,636,0.104,17.4,48.0,0.6,lf->lm lf->rf lm->lf,ipsilateral
IN10B038,809091,10B,L,acetylcholine,1,lm,lm|rm,66.0,153.0,0.0,455,0.145,27.0,30.0,9.0,lm->rm lm->lh lm->lf,both
IN04B112,809495,04B,R,acetylcholine,1,rh,rh|lf,66.0,254.0,7.0,485,0.136,24.0,0.0,42.0,rh->lf rh->lh,both
IN12B043,809766,12B,L,gaba,-1,rf,rf|rm,66.0,250.0,0.0,357,0.185,28.0,38.0,0.0,rf->rm rf->lf,both
IN09A049,810826,09A,R,gaba,-1,rm,rm,66.0,562.0,6.0,620,0.106,0.0,66.0,0.0,rm->rh rm->rf,ipsilateral
IN16B125,811453,16B,L,glutamate,-1,lm|lf,lm|rm|lh,66.0,104.0,6.0,325,0.203,27.1,33.0,5.9,lm->rm lm->lh lf->lm,both
IN09A065,811879,09A,L,gaba,-1,lm,lm|lh,66.0,331.0,0.0,477,0.138,0.0,66.0,0.0,lm->lh lm->lf,ipsilateral
IN16B121,813769,16B,R,glutamate,-1,rf|rm,lf,66.0,74.0,0.0,173,0.382,29.0,8.0,29.0,rm->lf rf->lf,both
IN11A044,817708,11A,R,acetylcholine,1,rm|lm,rf,66.0,66.0,23.0,80,0.825,0.0,51.5,14.5,rm->rf lm->rf,ipsilateral
IN10B032,907021,10B,L,acetylcholine,1,lh,lh|rh|lm,66.0,131.0,0.0,529,0.125,28.0,23.0,15.0,lh->rh lh->lm lh->rf,both
IN01B033,908204,01B,R,gaba,-1,rh,rh,66.0,542.0,0.0,881,0.075,13.0,7.0,46.0,rh->lf rh->lh rh->rm,both
IN13A006,801239,13A,L,gaba,-1,lm,lm,65.9,3082.0,732.0,3482,0.019,0.0,65.9,0.0,lf->lm,ipsilateral
IN12B063_a,805367,12B,L,gaba,-1,rm|lm,rm,65.9,128.0,0.0,521,0.127,48.9,8.6,8.4,lm->rm rm->lm,contralateral
IN14A023,904165,14A,L,glutamate,-1,rf|lf,rf,65.9,244.0,0.0,307,0.215,65.9,0.0,0.0,lf->rf,contralateral
IN12B069,801460,12B,R,gaba,-1,rh,lf,65.8,75.0,0.0,489,0.135,4.0,17.7,44.2,rh->lf lh->lf,both
IN04A002,806667,04A,R,acetylcholine,1,rm|rh,rm,65.8,233.0,119.0,580,0.113,0.8,60.8,4.2,rh->rm rm->rh rf->rm,ipsilateral
IN16B117,910503,16B,R,glutamate,-1,rm,rm|rh,65.8,146.0,5.0,212,0.31,6.3,45.7,13.8,rm->rh lf->rm,both
IN13B018,910719,13B,L,gaba,-1,rm,rm,65.7,1224.0,269.0,1657,0.04,7.9,57.7,0.1,rm->rf rf->rm rm->lm,ipsilateral
IN13A013,801273,13A,R,gaba,-1,lh|lm,rh|lh,65.6,83.0,0.0,2423,0.027,35.8,12.7,17.0,lh->rh lm->rh rm->rh,both
IN04B033,803945,04B,R,acetylcholine,1,rm,rm,65.6,537.0,13.0,784,0.084,29.5,34.9,1.2,rm->lm rh->rm rf->rm,both
IN03A080,804334,03A,L,acetylcholine,1,lf|lm,lf,65.6,287.0,156.0,338,0.194,4.7,59.6,1.3,lm->lf,ipsilateral
IN01A024,804474,01A,L,acetylcholine,1,rf|rm,rh|rm,65.5,79.0,0.0,1016,0.064,0.0,65.5,0.0,rf->rh rf->rm rm->rh,ipsilateral
IN04B081,804773,04B,L,acetylcholine,1,lm,lm,65.5,425.0,141.0,456,0.144,0.0,65.5,0.0,lh->lm lm->lh,ipsilateral
IN08A047,806650,08A,L,glutamate,-1,lh,lh,65.5,852.0,628.0,852,0.077,0.0,65.5,0.0,lm->lh,ipsilateral
INXXX052,902699,XXX (unassigned),R,acetylcholine,1,rh|lh,lh,65.5,104.0,0.0,9054,0.007,65.5,0.0,0.0,rh->lh,contralateral
IN23B058,903316,23B,R,acetylcholine,1,rh,rh|rm,65.5,169.0,6.0,442,0.148,19.5,32.9,13.1,rh->rm rh->lh rh->lm,both
IN20A.22A012,905063,20A/22A,L,acetylcholine,1,lf,lf,65.5,453.0,74.0,727,0.09,8.9,48.5,8.1,lf->lm lh->lf lf->rf,ipsilateral
IN16B113,940353,16B,R,glutamate,-1,rm,rm|rh,65.5,282.0,100.0,287,0.228,0.0,46.6,18.9,rm->rh lf->rm,ipsilateral
IN21A058,805959,21A,L,glutamate,-1,lm,lm,65.4,385.0,0.0,498,0.131,5.1,59.4,0.9,lf->lm,ipsilateral
IN13B069,809762,13B,R,gaba,-1,lf,lf,65.4,290.0,8.0,391,0.167,50.4,13.8,1.2,lf->rf rf->lf lf->lm,contralateral
IN09A016,905645,09A,L,gaba,-1,lh,lh,65.4,515.0,5.0,2581,0.025,35.0,29.4,1.0,lh->rh lh->lm lm->lh,both
INXXX402,805957,XXX (unassigned),R,acetylcholine,1,rh,lh|rh,65.3,101.0,0.0,1472,0.044,52.0,4.9,8.5,rh->lh rm->lh,contralateral
"IN20A.22A070,IN20A.22A080",809541,20A/22A,R,acetylcholine,1,rm|rh,rm|rh,65.3,188.0,0.0,447,0.146,0.0,65.3,0.0,rm->rh rh->rm,ipsilateral
INXXX044,904664,XXX (unassigned),L,gaba,-1,lf,lf|rm|lm,65.3,102.0,0.0,5670,0.012,4.2,33.3,27.8,lf->rm lf->lm,both
IN21A047_c,807801,21A,L,glutamate,-1,lm,lm,65.2,664.0,14.0,671,0.097,1.1,47.2,16.9,lh->lm lm->rh lf->lm,ipsilateral
IN11A044,817332,11A,L,acetylcholine,1,rm|lf|lm,lf,65.2,94.0,42.0,101,0.645,0.0,16.3,48.9,rm->lf lm->lf,both
IN03A023,908144,03A,R,acetylcholine,1,rf,rf,65.2,521.0,80.0,551,0.118,65.2,0.0,0.0,lf->rf rf->lf,contralateral
IN21A012,802009,21A,L,acetylcholine,1,lm,lm,65.1,2134.0,1322.0,2240,0.029,0.0,65.1,0.0,lh->lm lf->lm,ipsilateral
IN07B019,803197,07B,L,acetylcholine,1,lm|lh,rm|lh,65.1,77.0,11.0,1487,0.044,26.7,12.1,26.3,lm->rm lh->rm lm->lh,both
IN12B056,810740,12B,L,gaba,-1,rh,rh,65.1,303.0,16.0,326,0.2,11.2,52.1,1.8,rm->rh rh->rm rh->lh,ipsilateral
IN14A011,801486,14A,L,glutamate,-1,rh,rh,65.0,1269.0,173.0,1766,0.037,59.0,0.0,6.0,rh->lh,contralateral
IN04B041,803637,04B,R,acetylcholine,1,rf,rf|rm|lf,65.0,150.0,20.0,302,0.215,23.0,42.0,0.0,rf->rm rf->lf,both
INXXX388,804827,XXX (unassigned),R,gaba,-1,lh,lm,65.0,70.0,0.0,1615,0.04,0.0,65.0,0.0,lh->lm,ipsilateral
"IN20A.22A070,IN20A.22A080",806375,20A/22A,R,acetylcholine,1,rm,rm,65.0,258.0,8.0,569,0.114,0.5,60.0,4.5,rm->rh rh->rm,ipsilateral
IN06A103,813418,06A,R,gaba,-1,lh,rm|lm|rh,65.0,65.0,0.0,390,0.167,13.0,18.0,34.0,lh->rm lh->lm lh->rh,both
IN20A.22A092,815780,20A/22A,L,acetylcholine,1,lm,lm|lf,65.0,266.0,0.0,350,0.186,0.0,65.0,0.0,lm->lf lm->lh,ipsilateral
IN04B029,940744,04B,R,acetylcholine,1,rh,rh,65.0,556.0,20.0,950,0.068,43.2,20.3,1.5,rh->lh rm->rh lh->rh,both
IN01A088,1054922996,01A,L,acetylcholine,1,lf|rf,rh|rm,65.0,65.0,0.0,250,0.26,0.0,23.9,41.1,lf->rh rf->rh lf->rm,both
IN12B020,803503,12B,L,gaba,-1,rf,rf,64.9,540.0,13.0,684,0.095,42.1,21.9,0.9,rh->rf lf->rf rf->lf,both
IN11A027_b,910352,11A,R,acetylcholine,1,rh|lm|rf|lf,rh,64.9,102.0,0.0,261,0.249,0.0,24.7,40.2,rf->rh lm->rh lf->rh,both
IN21A019,800390,21A,R,glutamate,-1,rf,rf,64.8,687.0,38.0,1098,0.059,64.8,0.0,0.0,rf->lf lf->rf,contralateral
IN19A016,803828,19A,R,gaba,-1,rh,rh,64.8,1603.0,1244.0,1636,0.04,6.7,58.1,0.0,rm->rh lh->rh,ipsilateral
IN06B059,805395,06B,R,gaba,-1,rm|rf,lh,64.8,69.0,0.0,1075,0.06,6.6,7.8,50.4,rm->lh rf->lh rh->lh,both
IN12B037_d,807897,12B,R,gaba,-1,lf,lf,64.7,286.0,46.0,462,0.14,0.0,53.6,11.1,lh->lf lf->lm rh->lf,ipsilateral
GFC3,811742,-,R,acetylcholine,1,rh,rh,64.7,266.0,34.0,301,0.215,0.0,12.0,52.7,lm->rh lf->rh rm->rh,both
IN04B036,904186,04B,R,acetylcholine,1,rm,rm,64.7,775.0,106.0,968,0.067,0.0,64.7,0.0,rm->rh rh->rm,ipsilateral
IN13B020,803333,13B,R,gaba,-1,lh,lh,64.6,1499.0,20.0,1661,0.039,27.8,36.6,0.2,lh->lm lh->rh lm->lh,both
IN04B024,807720,04B,R,acetylcholine,1,rf|rm,rf,64.6,157.0,64.0,224,0.289,0.0,32.3,32.3,rm->rf lh->rf lm->rf,both
IN07B031,907620,07B,L,glutamate,-1,rf|lh|lf|lm,lm|rm|rh,64.6,71.0,0.0,2085,0.031,8.3,28.0,28.3,rf->lm rf->rm lh->lm,both
INXXX252,920112,XXX (unassigned),R,acetylcholine,1,lf|lm,rh|rm|lm,64.6,67.0,0.0,1253,0.052,5.5,8.6,50.5,lf->rh lf->rm lf->lm,both
IN04B027,804133,04B,L,acetylcholine,1,lm,lm,64.5,564.0,233.0,591,0.109,0.0,64.5,0.0,lf->lm lm->lh lh->lm,ipsilateral
IN20A.22A022,808053,20A/22A,R,acetylcholine,1,rm,rm|rh,64.5,124.0,0.0,159,0.406,8.5,38.5,17.5,rm->rh rm->lh rm->rf,both
IN14A026,912081,14A,L,glutamate,-1,rf|lf,rf,64.5,199.0,0.0,272,0.237,64.5,0.0,0.0,lf->rf rf->lf,contralateral
IN20A.22A049,805180,20A/22A,L,acetylcholine,1,lm,lm,64.4,528.0,115.0,547,0.118,0.0,64.4,0.0,lf->lm,ipsilateral
IN06B076,802230,06B,L,gaba,-1,rm|lm,lh|rh,64.3,67.0,0.0,618,0.104,2.3,30.2,31.8,rm->lh lm->lh rm->rh,both
IN09A011,802274,09A,R,gaba,-1,rh,rh,64.3,310.0,5.0,3490,0.018,23.7,35.5,5.1,rm->rh lh->rh,both
IN16B042,803620,16B,L,glutamate,-1,lf,lf,64.3,636.0,12.0,1158,0.055,21.7,18.3,24.3,lf->rf lf->rm lf->rh,both
IN27X003,805229,27X,L,unclear,0,lm|lh,lm|lh|rh,64.3,111.0,0.0,301,0.214,10.6,32.4,21.4,lm->lh lm->rh lh->lm,both
IN06B036,805998,06B,L,gaba,-1,rh,lh|lm|rm,64.3,74.0,0.0,993,0.065,23.5,14.6,26.2,rh->lh rh->lm rh->rm,both
IN03A071,806674,03A,R,acetylcholine,1,rm,rm,64.3,624.0,157.0,697,0.092,0.0,64.3,0.0,rh->rm rm->rh,ipsilateral
IN23B013,802002,23B,R,acetylcholine,1,rh,rh,64.2,243.0,0.0,1593,0.04,25.5,28.4,10.2,rh->rm rh->lh rh->lm,both
IN01A063_b,810825,01A,L,acetylcholine,1,rf|rm,rf,64.2,205.0,66.0,248,0.259,13.6,48.2,2.4,rm->rf rf->rm rf->lf,ipsilateral
IN04B108,805145,04B,R,acetylcholine,1,rm|rh,rm,64.1,272.0,10.0,312,0.206,0.0,59.1,5.0,rh->rm,ipsilateral
IN13B056,807812,13B,R,gaba,-1,lm,lm,64.1,694.0,0.0,754,0.085,0.0,64.1,0.0,lm->lf lm->lh lf->lm,ipsilateral
IN08A034,925685,08A,L,glutamate,-1,lf|lm,lf,64.1,292.0,61.0,318,0.202,0.0,64.1,0.0,lm->lf lf->lm,ipsilateral
IN13A007,801326,13A,L,gaba,-1,lm,lm,64.0,898.0,63.0,3229,0.02,12.0,51.3,0.7,lm->lf rm->lm,ipsilateral
IN21A015,802106,21A,L,glutamate,-1,lf,lf,64.0,1685.0,490.0,1718,0.037,37.0,27.0,0.0,lf->rf lf->lm,both
IN03A078,806931,03A,R,acetylcholine,1,rf,rf,64.0,192.0,33.0,203,0.315,17.3,36.0,10.7,lf->rf rf->rm rh->rf,both
IN12B043,807604,12B,L,gaba,-1,rh,rh|rm,64.0,286.0,7.0,442,0.145,6.0,58.0,0.0,rh->rm,ipsilateral
IN07B066,808438,07B,L,acetylcholine,1,lm,rm|lm,64.0,77.0,0.0,627,0.102,57.0,0.0,7.0,lm->rm lm->rf,contralateral
IN09A076,809329,09A,L,gaba,-1,lm,lm,64.0,485.0,68.0,544,0.118,0.0,64.0,0.0,lm->lh lm->lf,ipsilateral
IN06B076,809787,06B,L,gaba,-1,rm,lh|rh,64.0,64.0,0.0,402,0.159,0.0,22.0,42.0,rm->lh rm->rh,both
IN09A065,813277,09A,R,gaba,-1,rm,rm|rh,64.0,278.0,45.0,406,0.158,0.0,64.0,0.0,rm->rh rm->rf,ipsilateral
IN12B036,902685,12B,R,gaba,-1,lf,lf|rh,64.0,181.0,0.0,317,0.202,0.0,13.0,51.0,lf->rh lf->lm,both
IN09A060,902900,09A,L,gaba,-1,lh,lh,64.0,199.0,0.0,658,0.097,14.0,22.0,28.0,lh->rf lh->lm lh->rh,both
IN23B018,903326,23B,R,acetylcholine,1,rh,rh,64.0,643.0,7.0,1487,0.043,0.0,14.0,50.0,rh->lf rh->rm,both
IN06A011,903598,06A,L,gaba,-1,lh,lm|lf,64.0,72.0,0.0,527,0.121,0.0,64.0,0.0,lh->lm lh->lf,ipsilateral
IN17A060,906721,17A,L,glutamate,-1,lh,lh,64.0,734.0,441.0,1711,0.037,64.0,0.0,0.0,lh->rh,contralateral
IN19B091,909333,19B,R,acetylcholine,1,rh,lh|lm,64.0,64.0,0.0,619,0.103,37.0,0.0,27.0,rh->lh rh->lm,both
IN21A058,806114,21A,L,glutamate,-1,lm,lm,63.8,419.0,0.0,481,0.133,0.0,63.8,0.0,lf->lm lm->lf,ipsilateral
IN20A.22A015,808140,20A/22A,L,acetylcholine,1,lf,lf,63.8,492.0,187.0,497,0.128,19.1,43.8,0.9,lf->lm lf->rf lh->lf,both
IN12B081,828859,12B,L,gaba,-1,lf|rf,lf|rf,63.8,116.0,0.0,174,0.366,51.8,4.6,7.4,lf->rf rf->lf lf->rm,contralateral
IN23B028,908147,23B,L,acetylcholine,1,lm,lm,63.8,315.0,0.0,1039,0.061,1.8,20.2,41.8,lm->rf lm->rh lm->lh,both
IN03A089,908956,03A,R,acetylcholine,1,rm,rm,63.8,443.0,0.0,607,0.105,0.0,0.5,63.3,lf->rm rm->lf,both
IN19A015,800551,19A,R,gaba,-1,rf,rf,63.6,1237.0,251.0,1481,0.043,25.6,31.7,6.3,rm->rf rf->lf rf->rh,both
IN13A013,800842,13A,L,gaba,-1,lh|rm,rh,63.5,67.0,0.0,2399,0.026,35.5,11.8,16.2,lh->rh rm->rh lm->rh,both
IN20A.22A005,803219,20A/22A,R,acetylcholine,1,rh,rh,63.5,1295.0,605.0,1597,0.04,45.3,17.8,0.4,rh->lh rm->rh lh->rh,contralateral
INXXX281,803893,XXX (unassigned),L,acetylcholine,1,lh|rm|rh,lh|rh,63.5,94.0,0.0,1602,0.04,28.1,16.9,18.5,lh->rh rm->lh rh->lh,both
IN20A.22A019,904074,20A/22A,L,acetylcholine,1,lh,lh,63.5,297.0,14.0,465,0.137,12.6,49.9,0.9,lh->lm lh->rh lf->lh,ipsilateral
IN05B008,801163,05B,R,gaba,-1,rh|rf,rm|rh,63.4,84.0,0.0,4291,0.015,3.5,58.4,1.5,rh->rm rf->rm,ipsilateral
IN23B040,804479,23B,R,acetylcholine,1,rh,rh|lh,63.4,125.0,0.0,856,0.074,51.6,11.4,0.4,rh->lh rh->rm,contralateral
IN20A.22A022,809564,20A/22A,R,acetylcholine,1,rm,rm|rh,63.4,171.0,30.0,247,0.257,0.3,58.4,4.7,rm->rh rm->rf rh->rm,ipsilateral
IN21A006,913724,21A,R,glutamate,-1,rf,rf,63.4,896.0,271.0,1059,0.06,39.2,23.4,0.8,rf->lf rm->rf rf->rm,both
IN02A013,801711,02A,R,glutamate,-1,rm,lm|lh,63.3,67.0,0.0,2608,0.024,31.3,3.4,28.6,rm->lm rm->lh rm->lf,both
IN12A024,802817,12A,R,acetylcholine,1,rh|lh,lh|rh,63.1,99.0,7.0,2196,0.029,57.2,2.3,3.5,rh->lh,contralateral
INXXX429,802430,XXX (unassigned),R,gaba,-1,rh,lh|rh|lm,63.0,79.0,0.0,668,0.094,49.0,0.0,14.0,rh->lh rh->lm,contralateral
IN12B022,802520,12B,R,gaba,-1,lm,lm|lf,63.0,318.0,53.0,639,0.099,0.0,63.0,0.0,lm->lf,ipsilateral
IN23B018,803303,23B,L,acetylcholine,1,lh,lh,63.0,535.0,0.0,1511,0.042,9.0,10.0,44.0,lh->rf lh->rm lh->lm,both
IN01B017,805617,01B,L,gaba,-1,lm,lm,63.0,554.0,12.0,1304,0.048,5.0,58.0,0.0,lm->lh lm->lf,ipsilateral
IN04B076,805965,04B,L,acetylcholine,1,lh,lh,63.0,552.0,105.0,871,0.072,44.0,19.0,0.0,lh->rh lh->lm,both
IN06A098,807866,06A,R,gaba,-1,rm,lm,63.0,63.0,0.0,993,0.063,58.0,5.0,0.0,rm->lm,contralateral
IN13B093,811679,13B,R,gaba,-1,lf|lm,lf,63.0,145.0,42.0,145,0.435,0.0,63.0,0.0,lm->lf,ipsilateral
INXXX258,904192,XXX (unassigned),L,gaba,-1,lh,lh|rh,63.0,196.0,0.0,2424,0.026,63.0,0.0,0.0,lh->rh,contralateral
IN16B108,908925,16B,R,glutamate,-1,rh,rh,63.0,860.0,0.0,935,0.067,63.0,0.0,0.0,rh->lh,contralateral
IN12B071,910661,12B,L,gaba,-1,rh,rh|lh,63.0,139.0,0.0,349,0.181,37.0,14.0,12.0,rh->lh rh->rm rh->lm,both
IN04B041,926811,04B,L,acetylcholine,1,lf,lf,63.0,230.0,11.0,550,0.115,18.3,36.0,8.7,lm->lf lf->rf lf->lm,both
IN03A055,1050815626,03A,R,acetylcholine,1,rh,rh,63.0,570.0,68.0,770,0.082,50.0,13.0,0.0,rh->lh rh->rm,contralateral
IN21A001,800650,21A,R,glutamate,-1,rm,rm,62.9,2473.0,1321.0,2571,0.024,40.0,22.6,0.3,rm->lm rh->rm lm->rm,both
IN03B046,801709,03B,R,gaba,-1,rh|lm,rh,62.8,159.0,17.0,786,0.08,0.0,18.8,43.9,lm->rh rm->rh,both
IN00A031,804194,00A,M,gaba,-1,rh|lh,lh|rh,62.8,114.0,0.0,1195,0.053,52.6,6.2,3.9,rh->lh lh->rh,contralateral
INXXX426,804505,XXX (unassigned),R,gaba,-1,lh|lf,rh|lh,62.8,80.0,0.0,357,0.176,32.0,10.8,20.0,lh->rh lf->rh lf->lh,both
IN20A.22A009,804873,20A/22A,L,acetylcholine,1,lf,lf,62.8,385.0,184.0,412,0.153,0.0,62.8,0.0,lm->lf lh->lf lf->lm,ipsilateral
IN14A039,808901,14A,L,glutamate,-1,rh,rh,62.8,314.0,5.0,396,0.159,0.0,62.8,0.0,rm->rh rf->rh,ipsilateral
IN04B015,811006,04B,R,acetylcholine,1,rf|rm,rf,62.8,342.0,257.0,353,0.178,0.0,62.8,0.0,rm->rf,ipsilateral
IN08A049,812944,08A,R,glutamate,-1,rm,rm,62.8,381.0,162.0,381,0.165,0.0,62.8,0.0,rf->rm rh->rm,ipsilateral
IN03A082,904806,03A,L,acetylcholine,1,lh,lh,62.8,742.0,139.0,1001,0.063,5.7,56.8,0.3,lm->lh lh->lm,ipsilateral
IN13B048,800297,13B,R,gaba,-1,lh,lh,62.7,673.0,175.0,753,0.083,0.0,62.7,0.0,lf->lh,ipsilateral
IN03A026_d,803458,03A,R,acetylcholine,1,rh,rh,62.7,984.0,539.0,1133,0.055,58.8,3.7,0.2,rh->lh lh->rh,contralateral
vPR9_a,804154,-,M,gaba,-1,rh|lh,rm|lm,62.7,67.0,0.0,1472,0.043,4.4,31.3,27.0,rh->rm rh->lm lh->rm,both
IN21A010,904743,21A,R,acetylcholine,1,rm,rm,62.7,3336.0,2428.0,3535,0.018,5.8,56.9,0.0,rh->rm,ipsilateral
IN12B062,907685,12B,R,gaba,-1,lh,lh,62.7,315.0,5.0,486,0.129,0.0,62.7,0.0,lh->lm lf->lh,ipsilateral
IN03A015,800978,03A,L,acetylcholine,1,lh,lh|rh,62.6,196.0,94.0,2819,0.022,43.3,14.6,4.7,lh->rh lm->lh,both
IN14A011,802670,14A,R,glutamate,-1,lh,lh,62.6,1179.0,94.0,1780,0.035,38.8,5.6,18.2,lh->rh lh->rf,both
IN16B097,904765,16B,R,glutamate,-1,rm|lf,rm,62.6,381.0,145.0,386,0.162,0.0,0.0,62.6,lf->rm,both
IN11A012,908225,11A,L,acetylcholine,1,lm|lf|lh|rm|rh,rm|lh|lm,62.6,76.0,0.0,437,0.143,15.8,24.9,21.8,lm->rm,both
IN13B073,806505,13B,R,gaba,-1,lm,lm,62.5,711.0,0.0,806,0.078,0.0,62.5,0.0,lf->lm lm->lh lm->lf,ipsilateral
IN01A052_b,807094,01A,L,acetylcholine,1,lf|rf|rm,rf|lf,62.5,97.0,6.0,221,0.283,36.3,14.6,11.6,lf->rf rm->rf rf->lf,both
IN14A043,811553,14A,L,glutamate,-1,rm|lf,rm,62.5,352.0,0.0,461,0.135,0.0,0.0,62.5,lf->rm,both
IN03A087,911108,03A,R,acetylcholine,1,rf,rf,62.5,174.0,51.0,187,0.334,23.6,37.5,1.4,rf->lf rf->rm rf->rh,both
IN21A058,809169,21A,L,glutamate,-1,lm,lm,62.3,372.0,0.0,524,0.119,6.9,54.3,1.1,lf->lm lm->rm,ipsilateral
IN00A031,903557,00A,M,gaba,-1,lh|rh,lh|rh,62.3,126.0,0.0,2225,0.028,62.3,0.0,0.0,rh->lh lh->rh,contralateral
IN19B012,801061,19B,L,acetylcholine,1,rf,rf,62.2,1730.0,631.0,1992,0.031,22.1,40.1,0.1,rm->rf lf->rf,both
IN16B101,902805,16B,L,glutamate,-1,lm,lm,62.2,529.0,34.0,547,0.114,0.0,62.2,0.0,lh->lm lf->lm lm->lf,ipsilateral
IN03A085,802182,03A,L,acetylcholine,1,lf,lf,62.1,361.0,99.0,407,0.153,0.0,62.1,0.0,lh->lf lm->lf,ipsilateral
IN04B049_c,804022,04B,R,acetylcholine,1,rm,rm,62.1,468.0,55.0,525,0.118,0.0,62.1,0.0,rh->rm,ipsilateral
IN04B026,805060,04B,L,acetylcholine,1,lf,lf,62.1,412.0,99.0,523,0.119,1.0,46.3,14.8,lf->lm lm->lf rm->lf,ipsilateral
IN03A084,909095,03A,R,acetylcholine,1,rf|rm,rf,62.1,273.0,102.0,301,0.206,8.9,51.1,2.1,rm->rf rf->lf,ipsilateral
IN03A027,802701,03A,L,acetylcholine,1,lf,lf,62.0,1136.0,41.0,1382,0.045,34.0,20.0,8.0,lf->rf lf->lm lf->rh,both
IN03A071,802931,03A,R,acetylcholine,1,rm,rm,62.0,504.0,154.0,601,0.103,0.0,62.0,0.0,rh->rm rm->rh,ipsilateral
IN12B052,806432,12B,L,gaba,-1,rh,rh,62.0,339.0,0.0,719,0.086,40.0,11.0,11.0,rh->lh rh->rm rh->lf,both
IN21A063,809628,21A,L,glutamate,-1,lm|lf,lm,62.0,141.0,73.0,264,0.235,0.0,62.0,0.0,lf->lm lh->lm,ipsilateral
IN01B051_b,812298,01B,L,gaba,-1,lf,lf|lm,62.0,303.0,0.0,450,0.138,0.0,62.0,0.0,lf->lm,ipsilateral
IN06B081,814064,06B,R,gaba,-1,lf,rh,62.0,67.0,0.0,382,0.162,0.0,0.0,62.0,lf->rh lf->rm,both
IN01A082,817293,01A,R,acetylcholine,1,lh|rm,lh,62.0,237.0,80.0,255,0.243,11.5,13.5,37.0,rm->lh lh->lm rh->lh,both
IN20A.22A012,905532,20A/22A,R,acetylcholine,1,rf,rf,62.0,242.0,21.0,410,0.151,23.0,39.0,0.0,rf->rm rf->lf rf->rh,both
IN01B033,905927,01B,R,gaba,-1,rh,rh|lf,62.0,351.0,0.0,836,0.074,0.0,6.0,56.0,rh->lf,both
IN16B082,910776,16B,R,glutamate,-1,rh,rh,62.0,818.0,85.0,850,0.073,24.0,38.0,0.0,rh->rm rh->lh,both
IN12A053_b,803953,12A,L,acetylcholine,1,lh|lm,lh|rm|lm,61.9,95.0,5.0,959,0.065,15.1,23.2,23.6,lh->rm lh->lm lm->lh,both
IN13A053,806580,13A,L,gaba,-1,lh,lh,61.9,693.0,309.0,703,0.088,4.7,56.9,0.3,lm->lh lh->lm,ipsilateral
IN20A.22A012,907373,20A/22A,L,acetylcholine,1,lf,lf,61.9,562.0,96.0,698,0.089,25.5,34.9,1.5,lh->lf lf->rf,both
INXXX008,801186,XXX (unassigned),L,unclear,0,rm|lm|rh|lf,rh|rm,61.8,83.0,0.0,201,0.308,8.7,26.6,26.5,rm->rh lm->rh lm->rm,both
IN11A020,802868,11A,R,acetylcholine,1,rh|rf,lm|rm|rf|lf,61.8,67.0,13.0,649,0.095,4.6,29.8,27.4,rh->lm rh->rm rh->rf,both
IN08A029,808567,08A,R,glutamate,-1,rm,rm,61.8,503.0,91.0,521,0.119,0.0,61.8,0.0,rh->rm rm->rf,ipsilateral
IN08A035,811498,08A,L,glutamate,-1,lh|lm,lh,61.8,181.0,6.0,238,0.26,10.1,51.7,0.0,lm->lh rh->lh lf->lh,ipsilateral
IN20A.22A048,806780,20A/22A,R,acetylcholine,1,rh,rh,61.7,562.0,24.0,777,0.079,6.5,54.7,0.5,rm->rh rh->rm rh->lh,ipsilateral
IN12B063_c,807375,12B,R,gaba,-1,lm|rh,lm|rm,61.7,105.0,0.0,801,0.077,12.3,11.7,37.7,rh->lm lm->rm rh->rm,both
IN20A.22A001,907751,20A/22A,R,acetylcholine,1,rf,rf,61.7,914.0,700.0,1048,0.059,7.5,54.2,0.1,rh->rf rm->rf rf->rh,ipsilateral
IN01A080_c,902620,01A,R,acetylcholine,1,lf,lf,61.6,332.0,15.0,345,0.178,23.5,10.1,27.9,rm->lf rf->lf lf->lm,both
IN21A002,801091,21A,L,glutamate,-1,lm,lm,61.5,2675.0,855.0,2833,0.022,2.4,47.0,12.1,lh->lm lm->lh lf->lm,ipsilateral
IN06B063,807521,06B,R,gaba,-1,rh|lh,rf|lm,61.5,68.0,0.0,562,0.109,8.5,28.1,24.9,rh->rf rh->lm rh->lh,both
IN06B059,906186,06B,R,gaba,-1,rm|lm,lm,61.5,72.0,0.0,639,0.096,52.5,1.5,7.5,rm->lm rm->lh,contralateral
vPR9_a,804644,-,M,gaba,-1,rh,rm|lm,61.4,67.0,0.0,1279,0.048,0.4,37.7,23.3,rh->rm rh->lm,both
IN12B041,806420,12B,L,gaba,-1,rh,rh,61.4,377.0,0.0,656,0.094,34.5,25.4,1.5,rh->lh rm->rh rh->rm,both
IN12B081,811711,12B,L,gaba,-1,rf|lf,rf|lf|rm,61.4,105.0,0.0,191,0.321,33.4,16.1,11.9,lf->rf rf->lf rf->rm,both
IN21A054,905015,21A,R,glutamate,-1,rh,rh,61.4,314.0,79.0,333,0.184,11.8,49.4,0.2,rm->rh lh->rh,ipsilateral
IN04B009,803442,04B,L,acetylcholine,1,lf,lf,61.2,544.0,194.0,637,0.096,23.8,36.5,0.9,lm->lf lf->lm lf->rf,both
IN03A045,807038,03A,R,acetylcholine,1,rf,rf,61.2,341.0,153.0,395,0.155,0.0,61.2,0.0,rm->rf rh->rf,ipsilateral
IN06A094,809178,06A,L,gaba,-1,rh|lh,rm|lh|rh,61.2,77.0,0.0,427,0.143,16.2,23.7,21.3,rh->rm lh->rm rh->lh,both
IN01B048_a,811162,01B,R,gaba,-1,rm|rh,rm,61.2,272.0,0.0,539,0.114,0.0,43.2,18.0,rh->rm rm->lf,ipsilateral
IN08A046,913739,08A,R,glutamate,-1,rf,rf,61.2,271.0,63.0,271,0.226,9.9,49.2,2.1,rm->rf rf->lf rh->rf,ipsilateral
IN20A.22A001,801146,20A/22A,L,acetylcholine,1,lm,lm,61.1,1770.0,837.0,2450,0.025,4.2,56.9,0.0,lh->lm lf->lm,ipsilateral
"IN14A042,IN14A047",808021,14A,L,glutamate,-1,rh,rh,61.1,808.0,0.0,904,0.068,51.1,9.4,0.6,lh->rh rh->rm,contralateral
IN20A.22A005,800783,20A/22A,L,acetylcholine,1,lh,lh,61.0,946.0,259.0,1309,0.047,61.0,0.0,0.0,lh->rh,contralateral
IN13B023,801154,13B,R,gaba,-1,lf,lf,61.0,910.0,47.0,1225,0.05,13.0,39.0,9.0,lf->lh lf->lm lf->rf,both
IN19B020,802163,19B,L,acetylcholine,1,rh,rh|lh,61.0,132.0,22.0,2507,0.024,36.0,17.0,8.0,rh->lh rh->rm rh->lf,both
INXXX173,803567,XXX (unassigned),R,acetylcholine,1,lh,lf|lm|rh,61.0,61.0,0.0,1256,0.049,12.0,43.0,6.0,lh->lf lh->lm lh->rh,ipsilateral
IN04B014,803719,04B,R,acetylcholine,1,rf,rf,61.0,800.0,261.0,876,0.07,0.0,45.0,16.0,rf->rm rf->lh,ipsilateral
IN03A038,806089,03A,R,acetylcholine,1,rm,rm,61.0,583.0,147.0,749,0.081,0.0,61.0,0.0,rm->rh rm->rf,ipsilateral
IN06A098,806648,06A,L,gaba,-1,lm|lh,rm,61.0,61.0,0.0,1143,0.053,33.3,0.0,27.7,lm->rm lh->rm,both
IN20A.22A047,807275,20A/22A,R,acetylcholine,1,rh,rh,61.0,601.0,76.0,663,0.092,15.0,46.0,0.0,rh->rm rh->lh,ipsilateral
IN08A028,811268,08A,R,glutamate,-1,rh,rh,61.0,275.0,21.0,410,0.149,36.0,25.0,0.0,rh->lh rh->rm,both
IN16B115,811813,16B,R,glutamate,-1,rf,rf|rm,61.0,300.0,60.0,300,0.203,16.0,45.0,0.0,rf->rm rf->lf,ipsilateral
IN06B083,811884,06B,R,gaba,-1,lm,lh,61.0,61.0,0.0,428,0.143,0.0,53.0,8.0,lm->lh lm->rh,ipsilateral
IN09A060,813249,09A,L,gaba,-1,lh,lh|rh,61.0,181.0,0.0,509,0.12,30.0,22.0,9.0,lh->rh lh->lm lh->rf,both
IN23B031,903879,23B,R,acetylcholine,1,rm,rm|rh,61.0,299.0,0.0,1171,0.052,0.0,61.0,0.0,rm->rh,ipsilateral
IN04B063,908867,04B,L,acetylcholine,1,lh,lh|rh,61.0,369.0,109.0,460,0.133,61.0,0.0,0.0,lh->rh,contralateral
IN01B051_a,910737,01B,L,gaba,-1,lf,lf|lm,61.0,224.0,0.0,386,0.158,12.0,49.0,0.0,lf->lm lf->rf,ipsilateral
IN00A039,802938,00A,M,gaba,-1,lh|rh,rh|rm,60.9,74.0,0.0,907,0.067,30.9,10.0,20.0,lh->rh lh->rm,both
IN20A.22A064,810229,20A/22A,L,acetylcholine,1,lh,lh|rh,60.9,280.0,67.0,308,0.198,42.2,17.9,0.8,lh->rh lh->lm,both
IN13B056,904065,13B,L,gaba,-1,rm,rm,60.9,569.0,0.0,629,0.097,0.0,60.9,0.0,rm->rh rm->rf rf->rm,ipsilateral
IN09A047,909219,09A,R,gaba,-1,rh,lh|rm|rh,60.9,72.0,0.0,226,0.27,46.5,12.9,1.5,rh->lh rh->rm,contralateral
IN07B054,806397,07B,R,acetylcholine,1,rh|rf|rm,rm|lm,60.8,72.0,0.0,629,0.097,9.5,26.2,25.1,rh->rm rf->rm rh->lm,both
IN16B098,808683,16B,L,glutamate,-1,lh,lh,60.8,542.0,59.0,567,0.107,24.5,35.8,0.5,lh->lm lh->rh lf->lh,both
IN17B010,809187,17B,R,gaba,-1,rh|lh|lm,rm|rh,60.8,73.0,0.0,2566,0.024,13.8,30.9,16.1,rh->rm lh->rm lm->rm,both
IN04B101,813372,04B,R,acetylcholine,1,rf|lf,rf,60.8,215.0,148.0,232,0.262,60.8,0.0,0.0,lf->rf rf->lf,contralateral
IN04B102,803305,04B,R,acetylcholine,1,rm,rm,60.7,242.0,63.0,347,0.175,0.0,60.7,0.0,rh->rm rf->rm,ipsilateral
IN16B121,811461,16B,R,glutamate,-1,rf|rm|rh,lf|rf,60.7,80.0,0.0,225,0.27,21.9,16.7,22.1,rf->lf rm->lf rm->rf,both
IN21A043,820597,21A,L,glutamate,-1,lf|lh,lh,60.7,98.0,11.0,98,0.619,0.0,60.7,0.0,lf->lh,ipsilateral
IN04B049_a,804040,04B,R,acetylcholine,1,rm,rm,60.6,709.0,86.0,839,0.072,8.6,51.6,0.4,rh->rm rm->rh rm->lm,ipsilateral
IN20A.22A019,806351,20A/22A,R,acetylcholine,1,rh,rh,60.6,594.0,29.0,667,0.091,0.0,42.7,17.9,rh->rm lf->rh,ipsilateral
IN13B046,806796,13B,L,gaba,-1,rh,rh,60.6,606.0,5.0,886,0.068,60.6,0.0,0.0,lh->rh,contralateral
IN21A097,817309,21A,R,glutamate,-1,rf|rm,rf,60.6,150.0,53.0,150,0.404,0.0,60.6,0.0,rm->rf,ipsilateral
IN23B067_b,805452,23B,L,acetylcholine,1,lh,lh|rm,60.5,191.0,0.0,1057,0.057,1.0,23.0,36.5,lh->rm lh->lm,both
IN06B047,805622,06B,L,gaba,-1,rm|lm|rh,rm|lm|lh,60.5,92.0,0.0,1044,0.058,29.5,18.0,13.0,lm->rm rh->rm rm->lm,both
IN03A055,806276,03A,R,acetylcholine,1,rh,rh,60.5,636.0,83.0,739,0.082,5.6,54.5,0.4,rm->rh rh->rm,ipsilateral
INXXX052,800359,XXX (unassigned),L,acetylcholine,1,lh,lh|rh,60.4,169.0,0.0,8563,0.007,60.4,0.0,0.0,lh->rh rh->lh,contralateral
IN14A078,801826,14A,L,glutamate,-1,rm,rm,60.4,472.0,0.0,971,0.062,0.0,60.4,0.0,rm->rh rf->rm,ipsilateral
IN09A019,806187,09A,R,gaba,-1,rh|lh,lm|rm,60.4,66.0,0.0,559,0.108,4.5,27.3,28.7,rh->lm lh->lm rh->rm,both
IN20A.22A019,806854,20A/22A,R,acetylcholine,1,rh,rh,60.4,437.0,11.0,544,0.111,0.0,60.4,0.0,rh->rm,ipsilateral
IN04B035,806682,04B,R,acetylcholine,1,rm,rm,60.3,442.0,106.0,591,0.102,43.3,11.4,5.6,lm->rm rm->rh,contralateral
IN03A068,800457,03A,R,acetylcholine,1,rh,rh,60.2,537.0,155.0,631,0.095,54.2,0.1,5.9,rh->lh lh->rh,contralateral
IN14A010,802733,14A,R,glutamate,-1,lh,lh,60.2,1418.0,23.0,2028,0.03,21.7,7.3,31.2,rm->lh lh->rh lh->lm,both
IN20A.22A064,810112,20A/22A,L,acetylcholine,1,lh,lh|rh,60.2,191.0,58.0,227,0.265,38.0,20.2,2.0,lh->rh lh->lm lm->lh,both
IN16B041,905310,16B,L,glutamate,-1,lf,lf,60.2,534.0,112.0,611,0.099,0.0,60.2,0.0,lm->lf lf->lm,ipsilateral
IN01A041,806581,01A,L,acetylcholine,1,lf,lf,60.1,271.0,0.0,441,0.136,35.9,21.7,2.5,lf->rf lm->lf rf->lf,both
IN21A098,812363,21A,R,glutamate,-1,rh|rm,rh,60.1,208.0,0.0,326,0.184,0.0,47.1,13.0,rm->rh rh->lf,ipsilateral
IN20A.22A090,814618,20A/22A,R,acetylcholine,1,rh,rh,60.1,276.0,0.0,385,0.156,17.3,40.1,2.7,rf->rh rh->lh,both
IN21A013,905560,21A,R,glutamate,-1,rm,rm,60.1,1683.0,361.0,1720,0.035,17.4,42.3,0.4,rm->rf lm->rm rh->rm,ipsilateral
IN04B019,910018,04B,R,acetylcholine,1,rf,rf,60.1,548.0,260.0,591,0.102,23.1,23.7,13.3,rf->rm lf->rf rf->lh,both
IN09A060,911187,09A,R,gaba,-1,rm,rm,60.1,301.0,0.0,598,0.1,4.3,48.1,7.7,rf->rm,ipsilateral
INXXX328,801346,XXX (unassigned),R,gaba,-1,lh,rh|lh,60.0,100.0,0.0,2264,0.027,60.0,0.0,0.0,lh->rh,contralateral
INXXX288,802140,XXX (unassigned),L,acetylcholine,1,lh,rh|lh,60.0,110.0,0.0,3264,0.018,60.0,0.0,0.0,lh->rh,contralateral
IN01A059,802761,01A,L,acetylcholine,1,rh,rh,60.0,479.0,0.0,949,0.063,60.0,0.0,0.0,rh->lh,contralateral
IN10B023,803193,10B,R,acetylcholine,1,lh,lh,60.0,978.0,91.0,1931,0.031,37.0,7.0,16.0,lh->rh lh->rf lh->lm,both
IN18B043,804171,18B,R,acetylcholine,1,rh|rm,lh,60.0,65.0,26.0,1906,0.031,49.4,1.0,9.6,rh->lh rm->lh,contralateral
IN13B033,804936,13B,L,gaba,-1,rm,rm,60.0,1057.0,175.0,1390,0.043,6.0,54.0,0.0,rm->rh rm->rf rm->lm,ipsilateral
IN20A.22A054,806552,20A/22A,L,acetylcholine,1,lh,lh,60.0,495.0,54.0,725,0.083,0.0,60.0,0.0,lh->lm,ipsilateral
IN07B086,809369,07B,L,acetylcholine,1,lh,rm,60.0,60.0,0.0,628,0.096,0.0,13.0,47.0,lh->rm lh->lm,both
IN09A045,822189,09A,L,gaba,-1,lm,lm|lh,60.0,336.0,0.0,447,0.134,0.0,60.0,0.0,lm->lh,ipsilateral
IN08A029,910969,08A,R,glutamate,-1,rm,rm,60.0,528.0,53.0,544,0.11,0.0,60.0,0.0,rh->rm rm->rf,ipsilateral
IN03B034,801835,03B,R,gaba,-1,rf|rh|lf,rh|rf,59.9,84.0,0.0,2667,0.022,7.4,30.1,22.3,rf->rh lf->rh,both
IN12B087,807317,12B,R,gaba,-1,lh|lm|rh,lh|rh,59.9,100.0,0.0,505,0.119,32.1,20.6,7.2,rh->lh lm->lh lh->rh,both
IN16B055,810779,16B,L,glutamate,-1,lf|rf,lf,59.9,262.0,0.0,287,0.209,59.9,0.0,0.0,rf->lf lf->rf,contralateral
IN14A082,811661,14A,R,glutamate,-1,lh|rm,lh,59.9,269.0,0.0,393,0.152,1.3,16.1,42.5,rm->lh lm->lh lh->lm,both
IN04B098,813038,04B,R,acetylcholine,1,rf|rm,rf,59.9,168.0,98.0,168,0.356,0.0,59.9,0.0,rm->rf rh->rf,ipsilateral
IN16B045,1051358866,16B,L,glutamate,-1,lf,lf,59.9,882.0,22.0,1182,0.051,23.3,28.9,7.7,lf->rf lm->lf lh->lf,both
IN02A010,802662,02A,R,glutamate,-1,rh,rh|lh,59.8,174.0,14.0,2186,0.027,41.3,14.4,4.0,rh->lh rh->rm,both
IN12B024_a,804663,12B,L,gaba,-1,rm,rm,59.8,615.0,357.0,687,0.087,0.0,51.4,8.4,rh->rm rf->rm lf->rm,ipsilateral
IN11A011,909778,11A,R,acetylcholine,1,rh|rf,lm|lh,59.8,69.0,0.0,638,0.094,12.7,13.2,33.9,rh->lm rf->lm,both
IN00A025,800717,00A,M,gaba,-1,rm|lf|rf,lf|lm|lh,59.7,74.0,0.0,1607,0.037,13.7,21.6,24.4,rm->lf rm->lm,both
IN04B102,806822,04B,L,acetylcholine,1,lf,lf,59.7,292.0,136.0,401,0.149,0.0,39.3,20.4,lm->lf lf->rh rh->lf,both
IN14A044,907663,14A,R,glutamate,-1,lm,lm,59.7,339.0,0.0,543,0.11,25.1,31.7,2.9,lf->lm lm->rm,both
IN03A082,911083,03A,R,acetylcholine,1,rh|rf,lh|rh,59.7,71.0,0.0,122,0.489,37.9,12.7,9.1,rh->lh rf->lh rh->rm,both
IN20A.22A084,816208,20A/22A,R,acetylcholine,1,rh|rm,rm,59.6,112.0,0.0,223,0.267,0.0,59.6,0.0,rh->rm rm->rh,ipsilateral
IN17A040,803309,17A,L,acetylcholine,1,lh|rh|rm,rh|lm|lh,59.5,79.0,0.0,1241,0.048,25.2,19.4,14.9,lh->rh lh->lm rm->rh,both
IN11A021,807008,11A,R,acetylcholine,1,rm|lf|rf,lm|rm|lh,59.5,66.0,0.0,728,0.082,20.5,17.9,21.1,rm->lm lf->lm rf->lm,both
IN08B082,903558,08B,L,acetylcholine,1,lh|rm,rm|rh|rf,59.5,82.0,31.0,207,0.287,11.5,15.5,32.5,lh->rm lh->rh rm->rh,both
IN06B042,802507,06B,R,gaba,-1,lh,rm|lh,59.4,80.0,0.0,2242,0.027,8.2,20.3,31.0,lh->rm lh->lm lh->lf,both
IN20A.22A022,811858,20A/22A,R,acetylcholine,1,rm,rm|rh,59.3,139.0,43.0,162,0.366,0.4,53.3,5.6,rm->rh,ipsilateral
IN20A.22A022,813540,20A/22A,L,acetylcholine,1,lm,lm|lh,59.3,169.0,42.0,224,0.265,3.2,43.5,12.7,lm->lh lm->lf rh->lm,ipsilateral
IN03A059,905086,03A,R,acetylcholine,1,rh,rh,59.3,441.0,43.0,530,0.112,0.0,59.3,0.0,rm->rh rh->rm,ipsilateral
IN05B051,804358,05B,L,gaba,-1,rh|rm|lm,rh|rf,59.2,76.0,0.0,1355,0.044,1.1,37.8,20.4,rm->rh rh->rf rm->rf,both
IN12B087,808009,12B,L,gaba,-1,lm|rh,rh|lh,59.2,82.0,12.0,317,0.187,5.1,12.1,42.1,lm->rh lm->lh,both
IN20A.22A065,808727,20A/22A,R,acetylcholine,1,rm,rm,59.2,437.0,51.0,437,0.135,0.0,59.2,0.0,rm->rh rh->rm rm->rf,ipsilateral
IN07B044,908022,07B,R,acetylcholine,1,rm,rm|lm,59.2,207.0,0.0,350,0.169,36.5,18.9,3.9,rm->lm rh->rm lm->rm,both
IN20A.22A036,809220,20A/22A,R,acetylcholine,1,rf,rf,59.1,299.0,155.0,299,0.198,13.8,44.1,1.2,rh->rf rf->rm rf->lf,ipsilateral
IN20A.22A064,801303,20A/22A,L,acetylcholine,1,lh,lh|rh,59.0,236.0,48.0,276,0.214,46.0,13.0,0.0,lh->rh lh->lm,contralateral
IN00A031,801470,00A,M,gaba,-1,lm|rm,lm|rm|lf,59.0,76.0,0.0,2159,0.027,17.0,21.9,20.1,lm->rm lm->lf rm->lm,both
IN13A030,805238,13A,L,gaba,-1,lh,lh,59.0,640.0,63.0,761,0.078,13.9,44.0,1.1,lm->lh lh->rh,ipsilateral
IN04B025,805969,04B,L,acetylcholine,1,lh,lh,59.0,771.0,124.0,882,0.067,30.0,29.0,0.0,lh->rh lh->lm,both
IN06A094,808007,06A,L,gaba,-1,lh,rm|lm,59.0,59.0,0.0,569,0.104,0.0,14.0,45.0,lh->rm lh->lm,both
IN20A.22A049,808877,20A/22A,R,acetylcholine,1,rh,rh,59.0,403.0,25.0,427,0.138,5.0,48.0,6.0,rh->rm rh->lf,ipsilateral
IN08A032,809427,08A,R,glutamate,-1,rm,rm,59.0,603.0,456.0,603,0.098,0.0,59.0,0.0,rh->rm rf->rm rm->rf,ipsilateral
IN09A058,813427,09A,L,gaba,-1,lh,rh|lm,59.0,67.0,0.0,256,0.23,38.0,21.0,0.0,lh->rh lh->lm,both
INXXX466,903216,XXX (unassigned),R,acetylcholine,1,rf,rf,59.0,2489.0,426.0,2841,0.021,14.0,45.0,0.0,rf->rm rf->lf rf->rh,ipsilateral
IN09B043,905413,09B,R,glutamate,-1,rh|lh,lh|rh,59.0,116.0,0.0,799,0.074,59.0,0.0,0.0,rh->lh lh->rh,contralateral
IN12B079_b,910773,12B,R,gaba,-1,lh,lm|lh,59.0,111.0,0.0,622,0.095,0.0,59.0,0.0,lh->lm,ipsilateral
INXXX258,801859,XXX (unassigned),R,gaba,-1,lh|rm,lh|lm,58.9,101.0,0.0,3558,0.017,15.4,17.6,25.9,rm->lh lh->lm rm->lm,both
IN14A055,908186,14A,R,glutamate,-1,lf|lh|rf,lf,58.9,171.0,0.0,320,0.184,28.9,30.0,0.0,lh->lf rf->lf,both
IN08A019,805012,08A,L,glutamate,-1,lm,lm,58.8,1124.0,61.0,1256,0.047,4.8,53.8,0.2,lf->lm lm->lf,ipsilateral
IN03A090,808274,03A,R,acetylcholine,1,rm,rm,58.8,563.0,212.0,621,0.095,1.4,17.8,39.6,rm->lh rh->rm,both
IN04B081,906255,04B,R,acetylcholine,1,rf|rm,rf,58.8,255.0,158.0,255,0.231,4.0,53.8,1.0,rm->rf rh->rf,ipsilateral
IN07B054,806903,07B,R,acetylcholine,1,lm|rm,lm,58.7,91.0,7.0,513,0.114,30.1,16.1,12.5,rm->lm lh->lm rh->lm,both
IN14A076,811428,14A,L,glutamate,-1,rm,rm,58.7,395.0,0.0,458,0.128,0.0,22.4,36.3,lf->rm rh->rm rm->lf,both
IN13A005,903834,13A,L,gaba,-1,lf,lf,58.7,2316.0,163.0,2573,0.023,42.5,16.0,0.2,lf->rf lm->lf lf->lm,contralateral
INXXX387,803492,XXX (unassigned),R,acetylcholine,1,rh,lh|rh,58.6,74.0,0.0,620,0.095,57.1,0.3,1.3,rh->lh,contralateral
IN21A010,800816,21A,L,acetylcholine,1,lm,lm,58.5,3875.0,2615.0,4033,0.014,6.4,52.1,0.0,lf->lm lh->lm lm->lh,ipsilateral
IN12B066_g,910329,12B,L,gaba,-1,lm|lf|lh|rm,rm|lh,58.5,72.0,0.0,297,0.197,22.7,15.6,20.1,lm->rm lf->rm lm->lh,both
INXXX346,805046,XXX (unassigned),R,gaba,-1,rh|lh,lh|rh,58.4,113.0,0.0,1038,0.056,58.4,0.0,0.0,rh->lh lh->rh,contralateral
IN18B054,805642,18B,R,acetylcholine,1,lh|lm,lm|lh,58.4,106.0,0.0,204,0.286,3.0,53.4,2.0,lh->lm lm->lh,ipsilateral
IN23B059,806034,23B,L,acetylcholine,1,lm,lm,58.4,398.0,0.0,837,0.07,24.8,26.4,7.2,lm->rm lh->lm lm->lh,both
IN08B063,808885,08B,L,acetylcholine,1,rh|lf|lh,rf|rh,58.4,71.0,0.0,268,0.218,13.4,21.3,23.7,rh->rf lf->rf,both
IN04A002,808966,04A,R,acetylcholine,1,rf|rm|rh,rf|rm|rh,58.4,105.0,26.0,398,0.147,0.0,58.4,0.0,rm->rf rf->rm rf->rh,ipsilateral
IN03A068,801995,03A,R,acetylcholine,1,rh,rh,58.3,454.0,173.0,570,0.102,45.1,12.2,1.0,rh->lh rm->rh lh->rh,contralateral
IN13B022,803200,13B,R,gaba,-1,lm,lm,58.3,1640.0,7.0,1816,0.032,9.7,48.3,0.3,lh->lm lf->lm lm->rm,ipsilateral
INXXX335,803812,XXX (unassigned),L,gaba,-1,lh,rh|lh,58.3,78.0,0.0,828,0.07,49.5,1.6,7.2,lh->rh lm->rh,contralateral
IN23B029,808583,23B,L,acetylcholine,1,lm,lh|rm|lm,58.3,77.0,0.0,250,0.233,24.1,30.4,3.7,lm->lh lm->rm,both
IN20A.22A081,801799,20A/22A,R,acetylcholine,1,rh,rh,58.2,478.0,92.0,684,0.085,21.9,35.2,1.1,rh->lh rf->rh rh->rm,both
IN17A044,803554,17A,L,acetylcholine,1,lm,lm,58.2,1744.0,744.0,1946,0.03,0.0,58.2,0.0,lf->lm lh->lm lm->lf,ipsilateral
IN12B024_b,912045,12B,L,gaba,-1,rf|lm,rf,58.2,228.0,72.0,247,0.236,0.0,12.1,46.1,lm->rf rh->rf,both
IN05B017,801965,05B,L,gaba,-1,rh|lh|rm,lm|rh|rm,58.1,77.0,0.0,1296,0.045,17.7,20.4,20.0,rh->lm lh->lm rh->rm,both
IN13B022,803798,13B,L,gaba,-1,rm,rm,58.1,1427.0,0.0,1559,0.037,7.8,22.3,27.9,rh->rm lf->rm lh->rm,both
IN11A027_c,909097,11A,L,acetylcholine,1,rm|lm|lf,lh,58.1,61.0,0.0,275,0.211,2.6,32.0,23.6,rm->lh lm->lh lf->lh,both
INXXX400,804574,XXX (unassigned),L,acetylcholine,1,lh,rh,58.0,58.0,0.0,1143,0.051,58.0,0.0,0.0,lh->rh,contralateral
IN13B033,805322,13B,R,gaba,-1,lf,lf,58.0,638.0,120.0,772,0.075,27.0,24.0,7.0,lf->rf lf->lm lf->rh,both
IN03B056,807777,03B,R,gaba,-1,rh,rh|lh,58.0,340.0,340.0,566,0.102,58.0,0.0,0.0,rh->lh,contralateral
IN06A052,808143,06A,R,gaba,-1,rh,lh,58.0,67.0,0.0,992,0.058,58.0,0.0,0.0,rh->lh,contralateral
IN06A073,809887,06A,L,gaba,-1,lh,lf|rm,58.0,58.0,0.0,966,0.06,0.0,38.0,20.0,lh->lf lh->rm lh->lm,both
IN23B060,816186,23B,R,acetylcholine,1,rf,rf|lm|rm,58.0,90.0,0.0,224,0.259,8.0,20.0,30.0,rf->lm rf->rm rf->lf,both
IN13B069,905706,13B,L,gaba,-1,rf,rf|lf,58.0,237.0,6.0,364,0.159,53.0,5.0,0.0,rf->lf,contralateral
INXXX402,907499,XXX (unassigned),L,acetylcholine,1,lh,rh|lh,58.0,88.0,0.0,1476,0.039,58.0,0.0,0.0,lh->rh,contralateral
IN06A103,911524,06A,L,gaba,-1,lh,lm|rm|rh,58.0,58.0,0.0,296,0.196,13.0,26.0,19.0,lh->lm lh->rm lh->rh,both
IN03A068,929469,03A,R,acetylcholine,1,rh,rh,58.0,664.0,199.0,722,0.08,58.0,0.0,0.0,rh->lh,contralateral
IN13B069,935538,13B,L,gaba,-1,rf,rf|lf,58.0,254.0,5.0,315,0.184,39.0,14.0,5.0,rf->lf rf->rm,both
IN05B018,800579,05B,R,gaba,-1,lh|rh|lm,rh,57.9,82.0,0.0,870,0.067,24.9,13.2,19.9,lh->rh lm->rh rm->rh,both
IN13B061,806369,13B,L,gaba,-1,rh,rh,57.9,712.0,0.0,778,0.074,0.0,57.9,0.0,rh->rm rf->rh,ipsilateral
IN03A026_b,800416,03A,L,acetylcholine,1,lh,lh,57.8,661.0,318.0,736,0.079,5.6,51.8,0.4,lm->lh lh->lm,ipsilateral
IN21A015,802085,21A,R,glutamate,-1,rf,rf,57.8,1288.0,238.0,1319,0.044,16.8,40.8,0.2,rf->lf rf->rm rf->rh,ipsilateral
IN11B012,802882,11B,R,gaba,-1,rh,rm|lh,57.8,59.0,0.0,1740,0.033,25.2,31.1,1.5,rh->rm rh->lh,both
IN04B081,810857,04B,L,acetylcholine,1,lf,lf,57.8,257.0,125.0,285,0.203,0.0,57.8,0.0,lh->lf lm->lf lf->lm,ipsilateral
IN19A037,906624,19A,R,gaba,-1,rh,rh,57.8,1412.0,1069.0,1460,0.04,46.6,10.8,0.4,rh->lh rm->rh,contralateral
AN07B085,805809,-,L,acetylcholine,1,rm|lh,lf|lm,57.7,61.0,0.0,280,0.206,11.1,22.2,24.4,rm->lf lh->lf rm->lm,both
IN12B037_a,804321,12B,R,gaba,-1,lm,lm,57.6,292.0,54.0,428,0.135,8.8,48.6,0.2,lm->lh lm->lf lm->rm,ipsilateral
IN11A021,806708,11A,L,acetylcholine,1,lh|lf,lm|rm|lh,57.6,73.0,0.0,679,0.085,2.2,42.6,12.8,lh->lm lh->rm lf->lm,ipsilateral
IN11A028,904933,11A,R,acetylcholine,1,lh|rh|lm,rm,57.6,69.0,9.0,661,0.087,12.1,19.5,26.0,lh->rm rh->rm lm->rm,both
IN01A015,801235,01A,R,acetylcholine,1,lh,lh,57.5,2056.0,1184.0,2265,0.025,0.0,57.5,0.0,lf->lh lm->lh,ipsilateral
IN13B028,804989,13B,L,gaba,-1,rf,rf,57.5,695.0,0.0,824,0.07,29.8,16.1,11.6,lf->rf rm->rf lh->rf,both
IN12B069,806775,12B,R,gaba,-1,rh|lf,lf,57.4,85.0,0.0,752,0.076,0.0,6.9,50.6,rh->lf rh->rm,both
IN11A019,806955,11A,L,acetylcholine,1,lm|lh,lm,57.4,127.0,30.0,825,0.07,0.0,57.4,0.0,lh->lm lf->lm,ipsilateral
IN20A.22A017,810084,20A/22A,R,acetylcholine,1,rf|lf,rf,57.4,183.0,0.0,272,0.211,30.0,27.3,0.0,lf->rf rh->rf,both
IN08A034,812837,08A,R,glutamate,-1,rf,rf,57.4,324.0,154.0,324,0.177,0.0,57.4,0.0,rh->rf rm->rf,ipsilateral
INXXX391,808645,XXX (unassigned),L,gaba,-1,lh|rh,lh|rh,57.3,107.0,0.0,747,0.077,44.6,8.9,3.8,rh->lh lh->rh lf->lh,contralateral
IN18B043,806941,18B,R,acetylcholine,1,rh,lm,57.1,64.0,0.0,902,0.063,2.0,0.2,54.9,rh->lm,both
INXXX217,801265,XXX (unassigned),L,gaba,-1,lh|rh,lh|rh,57.0,153.0,0.0,3161,0.018,40.5,9.0,7.5,lh->rh rh->lh lm->lh,contralateral
IN20A.22A090,803694,20A/22A,L,acetylcholine,1,lh,lh|rh|lm,57.0,168.0,0.0,262,0.218,30.0,27.0,0.0,lh->rh lh->lm,both
IN23B049,805696,23B,L,acetylcholine,1,lm,lm|lh,57.0,301.0,0.0,863,0.066,0.0,57.0,0.0,lm->lh lm->lf,ipsilateral
IN23B058,806676,23B,L,acetylcholine,1,lh,lh|lm,57.0,164.0,0.0,422,0.135,13.0,44.0,0.0,lh->lm lh->rh,ipsilateral
IN12B035,809725,12B,L,gaba,-1,rf,lf|rf,57.0,89.0,0.0,105,0.543,52.0,5.0,0.0,rf->lf,contralateral
IN02A031,810597,02A,L,glutamate,-1,rh,lh,57.0,63.0,0.0,451,0.126,57.0,0.0,0.0,rh->lh,contralateral
IN13B079,811035,13B,L,gaba,-1,rh|rm,rh,57.0,216.0,0.0,390,0.146,3.9,52.0,1.1,rm->rh rh->rm,ipsilateral
IN20A.22A090,812525,20A/22A,L,acetylcholine,1,lh,lh|rh,57.0,174.0,0.0,262,0.218,37.0,20.0,0.0,lh->rh lh->lm,both
IN16B073,905353,16B,R,glutamate,-1,rm,rm|rh,57.0,369.0,6.0,471,0.121,0.0,57.0,0.0,rm->rh,ipsilateral
IN13B078,911265,13B,R,gaba,-1,lf,lf,57.0,243.0,50.0,253,0.225,34.0,23.0,0.0,lf->rf lf->lm,both
IN23B018,932890,23B,R,acetylcholine,1,rh,rh,57.0,652.0,0.0,1943,0.029,0.0,5.0,52.0,rh->lm rh->lf,both
IN03A037,940769,03A,L,acetylcholine,1,lh,lh,57.0,1517.0,528.0,1656,0.034,23.0,34.0,0.0,lh->lm lh->rh,both
IN03A089,801274,03A,R,acetylcholine,1,rf,rf,56.9,263.0,0.0,368,0.155,35.9,11.7,9.3,lf->rf rf->lf rf->rm,both
IN13A006,801610,13A,R,gaba,-1,rm,rm,56.9,2685.0,607.0,2904,0.02,9.2,10.9,36.8,rm->lh lm->rm lf->rm,both
IN09A019,804360,09A,L,gaba,-1,lh,rm|lm,56.9,60.0,0.0,601,0.095,2.4,20.0,34.5,lh->rm lh->lm,both
IN05B074,807164,05B,L,gaba,-1,lh|lf,lm|lh,56.9,77.0,0.0,427,0.133,0.0,56.9,0.0,lh->lm lf->lm lf->lh,ipsilateral
IN08A035,808658,08A,R,glutamate,-1,rh,rh,56.9,376.0,35.0,489,0.116,9.8,45.9,1.2,rm->rh rh->lh,ipsilateral
IN20A.22A053,809047,20A/22A,R,acetylcholine,1,rm,rm,56.9,412.0,67.0,592,0.096,0.7,39.2,16.9,rm->rh rm->rf lf->rm,both
IN19A022,801526,19A,L,gaba,-1,lm,lm,56.8,1950.0,1415.0,2027,0.028,0.0,56.8,0.0,lm->lh lh->lm lf->lm,ipsilateral
IN12B025,908827,12B,L,gaba,-1,rh,rh,56.8,504.0,97.0,556,0.102,10.2,22.4,24.2,lf->rh rh->rm lh->rh,both
IN01A034,800215,01A,R,acetylcholine,1,lm,lm,56.6,1256.0,498.0,1350,0.042,0.0,56.6,0.0,lm->lh lf->lm lm->lf,ipsilateral
INXXX217,801730,XXX (unassigned),L,gaba,-1,lh|rh,lh|rh,56.6,109.0,0.0,2731,0.021,49.8,3.8,3.0,lh->rh rh->lh,contralateral
IN12A039,803356,12A,R,acetylcholine,1,rh,lh,56.6,61.0,0.0,2042,0.028,48.8,0.6,7.2,rh->lh rm->lh,contralateral
IN04B009,805124,04B,L,acetylcholine,1,lf,lf,56.6,693.0,248.0,736,0.077,27.7,20.6,8.3,lf->rf lf->lm lf->rh,both
IN16B061,802729,16B,R,glutamate,-1,rf,rf,56.5,288.0,220.0,288,0.196,56.5,0.0,0.0,lf->rf rf->lf,contralateral
IN04B105,808051,04B,L,acetylcholine,1,lh,lh,56.5,280.0,50.0,347,0.163,32.3,15.5,8.7,lh->rh lh->lm lh->rf,both
IN02A015,804790,02A,R,acetylcholine,1,lm,lm,56.4,1101.0,509.0,1201,0.047,7.3,49.0,0.0,lh->lm rm->lm,ipsilateral
IN08A019,806426,08A,R,glutamate,-1,rh,rh,56.4,492.0,83.0,528,0.107,4.5,51.4,0.5,rm->rh rh->rm,ipsilateral
IN06B019,801684,06B,R,gaba,-1,rf|lh|rh,rm|lm,56.3,63.0,0.0,3026,0.019,6.8,25.7,23.7,rf->rm rf->lm lh->rm,both
IN08A022,801167,08A,R,glutamate,-1,rh,rh,56.2,675.0,385.0,692,0.081,4.8,51.2,0.2,rm->rh rh->rm,ipsilateral
IN18B034,804856,18B,R,acetylcholine,1,rm|lm,rm|lm,56.2,123.0,20.0,1438,0.039,54.2,0.5,1.4,lm->rm rm->lm,contralateral
IN06A048,806468,06A,R,gaba,-1,lf|lh|rh,rh|lf,56.2,77.0,8.0,781,0.072,13.3,16.3,26.5,lf->rh lh->rh,both
"IN17A071,IN17A081",808346,17A,L,acetylcholine,1,lh|lf,rm|lm,56.2,57.0,0.0,777,0.072,3.7,9.2,43.3,lh->rm lf->rm lh->lm,both
IN17A077,808479,17A,L,acetylcholine,1,lf|lm|lh|rh,lh,56.2,69.0,0.0,789,0.071,12.8,43.4,0.0,lf->lh rh->lh lm->lh,ipsilateral
IN03A040,803970,03A,R,acetylcholine,1,rh,rh,56.1,397.0,0.0,661,0.085,19.3,36.1,0.7,rh->rm rh->lh rm->rh,both
IN12A024,904853,12A,L,acetylcholine,1,lh,lh|rh,56.1,128.0,0.0,2579,0.022,43.3,8.5,4.3,lh->rh rh->lh lm->lh,contralateral
IN21A070,911033,21A,R,glutamate,-1,rf|rm,rf,56.1,189.0,42.0,194,0.289,0.0,56.1,0.0,rm->rf,ipsilateral
IN06B014,801107,06B,L,gaba,-1,lh,lh|rm,56.0,177.0,0.0,2613,0.021,11.0,0.0,45.0,lh->rm lh->rh,both
IN16B055,801902,16B,R,glutamate,-1,rf,rf,56.0,458.0,0.0,492,0.114,56.0,0.0,0.0,lf->rf rf->lf,contralateral
IN12A030,805167,12A,R,acetylcholine,1,rm|rf,rh,56.0,56.0,8.0,724,0.077,0.0,56.0,0.0,rm->rh rf->rh,ipsilateral
IN03B049,805482,03B,L,gaba,-1,lf,rh|lh,56.0,56.0,11.0,898,0.062,0.0,17.0,39.0,lf->rh lf->lh lf->lm,both
IN03A038,805896,03A,L,acetylcholine,1,lm,lm,56.0,727.0,221.0,895,0.063,0.0,56.0,0.0,lm->lh lm->lf,ipsilateral
IN07B054,807263,07B,L,acetylcholine,1,rm|lm|rh,rm|lm,56.0,80.0,8.0,415,0.135,23.3,18.1,14.6,lm->rm rh->rm rm->lm,both
IN07B086,808366,07B,L,acetylcholine,1,lh,rm|lh,56.0,75.0,5.0,656,0.085,0.0,7.0,49.0,lh->rm lh->lf,both
IN23B021,808607,23B,L,acetylcholine,1,lf,lh|lf,56.0,80.0,6.0,254,0.22,7.0,38.0,11.0,lf->lh lf->rm lf->rf,both
IN12B054,810296,12B,L,gaba,-1,rm,rm|lh|lm,56.0,81.0,32.0,302,0.186,16.3,16.6,23.2,rm->lh rm->lm rm->rh,both
IN06A124,811598,06A,L,gaba,-1,lh,rm,56.0,61.0,0.0,401,0.14,0.0,0.0,56.0,lh->rm,both
IN13B006,830034,13B,L,gaba,-1,rf|rm,rf,56.0,165.0,109.0,165,0.339,0.0,56.0,0.0,rm->rf rh->rf,ipsilateral
IN23B066,905959,23B,L,acetylcholine,1,lm,lm|lf|lh,56.0,120.0,0.0,669,0.084,0.0,56.0,0.0,lm->lf lm->lh,ipsilateral
IN19B055,909820,19B,L,acetylcholine,1,rm,lf,56.0,56.0,0.0,747,0.075,0.0,0.0,56.0,rm->lf rm->lh,both
IN16B083,940360,16B,R,glutamate,-1,rf,rf,56.0,303.0,99.0,303,0.185,11.0,45.0,0.0,rf->rm rf->lf,ipsilateral
IN09A019,801984,09A,L,gaba,-1,lh,rm|lm,55.9,58.0,0.0,828,0.068,1.3,14.5,40.1,lh->rm lh->lm,both
IN08A026,803868,08A,L,glutamate,-1,lm,lm,55.9,790.0,575.0,795,0.07,0.0,55.9,0.0,lf->lm lh->lm,ipsilateral
IN03A073,807589,03A,R,acetylcholine,1,rm,rm,55.8,573.0,90.0,690,0.081,0.0,55.8,0.0,rm->rh rh->rm,ipsilateral
vPR9_c,802871,-,M,gaba,-1,lh,lf|rf,55.7,56.0,0.0,2173,0.026,4.8,27.8,23.2,lh->lf lh->rf lh->lm,both
IN13B018,802988,13B,R,gaba,-1,lm,lm,55.7,1616.0,406.0,2024,0.028,0.0,55.7,0.0,lm->lf lf->lm,ipsilateral
IN13B078,906393,13B,L,gaba,-1,rf,rf,55.7,184.0,11.0,219,0.254,11.3,36.7,7.7,rm->rf rf->rm rf->lf,both
IN13A035,909409,13A,R,gaba,-1,rf,rf,55.7,328.0,169.0,428,0.13,45.2,10.2,0.3,lf->rf rm->rf rf->lf,contralateral
IN08A006,800561,08A,L,gaba,-1,lf,lf,55.6,2197.0,698.0,2256,0.025,0.0,50.3,5.3,lm->lf lh->lf,ipsilateral
IN00A042,804177,00A,M,gaba,-1,lm|rh|lh,rm|lm,55.6,63.0,0.0,883,0.063,9.2,22.9,23.5,lm->rm rh->rm lh->rm,both
IN00A050,803986,00A,M,gaba,-1,lm|lh|rm,rm|lm,55.5,78.0,0.0,594,0.093,26.9,12.8,15.8,lm->rm lh->rm lh->lm,both
IN06A117,808488,06A,R,gaba,-1,rh,lh|rh,55.5,67.0,0.0,559,0.099,49.5,1.0,5.0,rh->lh,contralateral
IN04B078,804174,04B,L,acetylcholine,1,lm,lm,55.3,841.0,110.0,1428,0.039,0.0,55.3,0.0,lf->lm lm->lf lm->lh,ipsilateral
IN20A.22A039,806738,20A/22A,L,acetylcholine,1,lh,lh,55.3,329.0,55.0,453,0.122,13.4,40.3,1.6,lm->lh lh->rh lh->lm,ipsilateral
IN03A059,905222,03A,R,acetylcholine,1,rh,rh,55.3,557.0,91.0,655,0.084,0.0,55.3,0.0,rm->rh rh->rm,ipsilateral
IN20A.22A015,808347,20A/22A,L,acetylcholine,1,lf,lf,55.2,471.0,176.0,471,0.117,7.7,36.2,11.3,lf->lm lm->lf lf->rh,both
IN09A013,800806,09A,R,gaba,-1,rh,rh,55.1,1512.0,0.0,3192,0.017,33.5,0.5,21.1,rh->lh lf->rh,both
IN07B026,802704,07B,R,acetylcholine,1,rm|rh,lh|lf|rh,55.1,63.0,5.0,2329,0.024,6.9,10.1,38.1,rm->lh rm->lf rm->rh,both
IN03A013,803198,03A,R,acetylcholine,1,rm,rm,55.1,1741.0,276.0,1837,0.03,0.0,55.1,0.0,rh->rm rf->rm rm->rf,ipsilateral
IN12B046,806602,12B,R,gaba,-1,lm,lm,55.1,248.0,104.0,259,0.213,28.6,25.6,1.0,lf->lm rm->lm lm->rm,both
IN13B064,810362,13B,R,gaba,-1,lh,lh,55.1,535.0,72.0,570,0.097,0.0,55.1,0.0,lf->lh lh->lm,ipsilateral
IN20A.22A048,936541,20A/22A,R,acetylcholine,1,rh,rh,55.1,599.0,11.0,804,0.069,0.0,55.1,0.0,rm->rh rh->rm,ipsilateral
IN11A001,800145,11A,L,gaba,-1,lh|lm,lm|lh|rh|rm,55.0,72.0,0.0,8939,0.006,15.0,23.2,16.7,lh->lm lh->rm lh->rh,both
IN04B022,800991,04B,R,acetylcholine,1,rh,rh,55.0,465.0,199.0,732,0.075,20.0,5.0,30.0,rh->lm rh->lh,both
IN02A008,801628,02A,L,glutamate,-1,lh|rh,lh|lm|rh,55.0,77.0,0.0,3122,0.018,19.8,18.1,17.1,rh->lh lh->lm lh->rh,both
IN12A025,802590,12A,R,acetylcholine,1,rh,rh|lh,55.0,138.0,15.0,952,0.058,45.0,10.0,0.0,rh->lh rh->rm,contralateral
IN23B046,803399,23B,L,acetylcholine,1,lh,lh|rh,55.0,161.0,0.0,715,0.077,31.0,24.0,0.0,lh->rh lh->lm,both
INXXX290,803865,XXX (unassigned),R,unclear,0,rh,lh|rh,55.0,67.0,0.0,1001,0.055,50.0,0.0,5.0,rh->lh,contralateral
INXXX357,805481,XXX (unassigned),R,acetylcholine,1,rf,lh|rh,55.0,55.0,0.0,960,0.057,0.0,16.0,39.0,rf->lh rf->rh,both
IN16B075_a,807576,16B,L,glutamate,-1,lm,lm,55.0,826.0,44.0,848,0.065,0.0,55.0,0.0,lm->lh lm->lf,ipsilateral
IN14A044,810424,14A,R,glutamate,-1,lm|lf,lm,55.0,283.0,0.0,408,0.135,4.1,50.0,0.9,lf->lm,ipsilateral
IN14A066,810789,14A,R,glutamate,-1,lf,lf,55.0,303.0,0.0,477,0.115,37.0,10.5,7.5,rf->lf lf->lm lf->rm,both
IN13A035,905282,13A,R,gaba,-1,rf,rf,55.0,454.0,190.0,647,0.085,31.8,22.2,1.0,lf->rf rf->rm rm->rf,both
IN23B064,907400,23B,L,acetylcholine,1,lh,lm|lh,55.0,105.0,0.0,424,0.13,1.0,52.9,1.1,lh->lm,ipsilateral
IN08B091,913417,08B,L,acetylcholine,1,lh,lm|lh,55.0,73.0,0.0,507,0.108,0.0,47.0,8.0,lh->lm lh->rm lh->lf,ipsilateral
IN04B087,805819,04B,R,acetylcholine,1,rm,rm,54.9,417.0,63.0,822,0.067,17.9,1.2,35.8,rm->lh lm->rm rm->lm,both
IN05B075,807430,05B,R,gaba,-1,rh|lm,rh|lh|lm|rf,54.9,79.0,0.0,587,0.094,14.6,18.7,21.6,rh->lh rh->lm rh->rf,both
IN12B053,811849,12B,L,gaba,-1,rm,rm|rh,54.9,208.0,29.0,272,0.202,0.0,54.9,0.0,rm->rh rm->rf rh->rm,ipsilateral
IN01A079,812542,01A,R,acetylcholine,1,lh,lh,54.9,385.0,0.0,472,0.116,37.9,15.2,1.8,rh->lh lh->lm,both
IN14A017,804481,14A,L,glutamate,-1,rf|lf,rf,54.8,251.0,0.0,311,0.176,54.8,0.0,0.0,lf->rf,contralateral
IN18B047,805297,18B,L,acetylcholine,1,lf|rh,rh|rm,54.8,67.0,0.0,349,0.157,1.8,13.3,39.7,lf->rh lf->rm rh->rm,both
IN12B030,806338,12B,R,gaba,-1,lm,lm,54.8,375.0,145.0,586,0.094,0.0,31.8,23.0,lf->lm rh->lm,both
IN03A088,905050,03A,R,acetylcholine,1,rm,rm,54.8,384.0,31.0,570,0.096,6.4,16.1,32.2,lf->rm rm->rh rm->lm,both
IN12A008,802051,12A,L,acetylcholine,1,lm|lh,lh|rm,54.6,70.0,0.0,2092,0.026,16.1,26.7,11.8,lm->lh lm->rm lh->rm,both
INXXX247,802950,XXX (unassigned),L,acetylcholine,1,lh|rh,rh|lh,54.6,90.0,0.0,1790,0.03,46.0,3.6,5.0,lh->rh rh->lh,contralateral
IN04B074,806174,04B,L,acetylcholine,1,lh,lh,54.6,528.0,350.0,549,0.099,15.1,38.9,0.6,lm->lh rh->lh lh->rh,ipsilateral
IN03A073,800294,03A,R,acetylcholine,1,rf,rf|lf,54.5,145.0,17.0,173,0.315,25.7,25.5,3.3,rf->lf rf->rm rm->rf,both
IN17A052,803384,17A,R,acetylcholine,1,rf,rf,54.5,864.0,491.0,889,0.061,19.5,34.2,0.8,rf->rm lf->rf,both
IN12B072,805561,12B,L,gaba,-1,rf|lf,rf,54.5,162.0,0.0,193,0.282,54.5,0.0,0.0,lf->rf rf->lf,contralateral
IN13A052,806685,13A,R,gaba,-1,rh,rh,54.5,446.0,149.0,467,0.117,0.0,54.5,0.0,rm->rh rh->rm,ipsilateral
"IN17A088,IN17A089",807729,17A,R,acetylcholine,1,rh|rm,rh,54.5,132.0,59.0,331,0.165,8.5,42.5,3.5,rm->rh rh->rm rh->lh,ipsilateral
IN09A043,809878,09A,L,gaba,-1,lh|lm,lh|lm,54.5,152.0,0.0,537,0.101,0.0,54.5,0.0,lm->lh lh->lm,ipsilateral
IN12B074,811714,12B,R,gaba,-1,lf|lm,lf|rh,54.5,110.0,0.0,227,0.24,0.0,22.5,32.0,lf->rh lm->lf lm->rh,both
IN06A050,905270,06A,R,gaba,-1,rh|rm,lh|rh,54.5,79.0,49.0,1026,0.053,32.5,8.6,13.3,rh->lh rm->lh rm->rh,both
vMS11,907402,-,L,glutamate,-1,lh|lf|rh,rh|lm,54.5,66.0,5.0,1238,0.044,26.9,8.7,18.9,lh->rh lf->rh,both
IN20A.22A019,807063,20A/22A,R,acetylcholine,1,rh,rh,54.4,449.0,31.0,607,0.09,0.0,54.4,0.0,rh->rm,ipsilateral
IN23B060,807247,23B,R,acetylcholine,1,rm,rm|lm,54.4,161.0,0.0,476,0.114,27.4,24.5,2.5,rm->lm rm->rf,both
IN04B110,809122,04B,R,acetylcholine,1,rh,rh,54.4,436.0,257.0,441,0.123,10.8,42.4,1.2,rm->rh rh->lh,ipsilateral
IN09A060,809956,09A,R,gaba,-1,rm|rf,rm|rf,54.4,147.0,0.0,539,0.101,0.0,54.4,0.0,rm->rf rf->rm,ipsilateral
IN19B086,912340,19B,R,acetylcholine,1,rm|lm,lm|rm,54.4,102.0,0.0,424,0.128,54.4,0.0,0.0,rm->lm lm->rm,contralateral
IN03A045,804129,03A,L,acetylcholine,1,lf,lf,54.3,694.0,166.0,729,0.075,4.7,49.3,0.3,lm->lf lf->lm lh->lf,ipsilateral
IN08A022,807213,08A,L,glutamate,-1,lh,lh,54.3,572.0,334.0,595,0.091,11.5,42.3,0.5,lm->lh lh->lm lh->rh,ipsilateral
IN01A081,911838,01A,L,acetylcholine,1,rf|lf,rf,54.3,147.0,0.0,217,0.25,29.4,11.3,13.6,lf->rf lh->rf rh->rf,both
IN23B008,801423,23B,R,acetylcholine,1,rh|lh,rm|lh,54.2,66.0,0.0,3082,0.018,15.9,25.3,13.0,rh->rm rh->lh lh->rm,both
INXXX258,802924,XXX (unassigned),L,gaba,-1,lh|rh,lh|rh,54.2,118.0,0.0,2298,0.024,54.2,0.0,0.0,lh->rh rh->lh,contralateral
IN04A002,803653,04A,L,acetylcholine,1,lh,lh,54.2,226.0,97.0,759,0.071,24.9,16.2,13.1,lh->rh lh->rm lm->lh,both
IN13B070,807031,13B,L,gaba,-1,rm,rm,54.2,639.0,10.0,730,0.074,0.0,54.2,0.0,rf->rm rm->rf rm->rh,ipsilateral
GFC4,810966,-,R,acetylcholine,1,rf|rm|lm,rf,54.2,145.0,20.0,212,0.256,1.2,27.1,25.9,rm->rf lm->rf,both
IN05B017,802238,05B,L,gaba,-1,rh|rm,rh|rm,54.1,94.0,0.0,1320,0.041,6.5,36.4,11.2,rm->rh rh->rm lm->rh,both
IN12A026,802674,12A,R,acetylcholine,1,rh|lh,lh|rh,54.1,89.0,17.0,2800,0.019,48.3,2.6,3.3,rh->lh lh->rh,contralateral
IN07B053,804553,07B,R,acetylcholine,1,rh,lh,54.0,54.0,0.0,1319,0.041,54.0,0.0,0.0,rh->lh,contralateral
INXXX142,805302,XXX (unassigned),L,acetylcholine,1,lh,rh|rm|lf,54.0,54.0,0.0,1221,0.044,22.0,12.0,20.0,lh->rh lh->rm lh->lf,both
"IN17A080,IN17A083",806379,17A,L,acetylcholine,1,rh,lh|rm,54.0,54.0,0.0,722,0.075,45.0,9.0,0.0,rh->lh rh->rm,contralateral
IN08A043,807865,08A,L,glutamate,-1,lh,lh,54.0,746.0,564.0,763,0.071,0.0,54.0,0.0,lm->lh,ipsilateral
IN16B108,807874,16B,L,glutamate,-1,lh,lh,54.0,349.0,0.0,612,0.088,27.0,19.0,8.0,lh->rh lh->lm lh->rm,both
IN16B105,809322,16B,R,glutamate,-1,rh,rh,54.0,421.0,167.0,428,0.126,49.0,0.0,5.0,rh->lh,contralateral
IN23B073,811382,23B,R,acetylcholine,1,rm,rm|rh,54.0,182.0,0.0,335,0.161,0.0,54.0,0.0,rm->rh rm->rf,ipsilateral
IN21A116,813375,21A,L,glutamate,-1,lf|rm|lm,lf|lm|rm,54.0,82.0,0.0,178,0.304,10.1,22.1,21.8,lf->lm lf->rm rm->lf,both
IN20A.22A084,815473,20A/22A,R,acetylcholine,1,rm|rh,rm,54.0,177.0,0.0,267,0.202,0.0,54.0,0.0,rh->rm rm->rh,ipsilateral
IN13A021,902515,13A,L,gaba,-1,lf,lf,54.0,1201.0,475.0,1300,0.042,0.0,44.0,10.0,lm->lf lf->lm lf->rh,ipsilateral
IN06A013,801567,06A,R,gaba,-1,rh|lh,lh,53.9,104.0,23.0,1561,0.035,53.9,0.0,0.0,rh->lh,contralateral
IN08A017,803907,08A,R,glutamate,-1,rh,rh,53.9,1309.0,300.0,1365,0.04,13.7,39.9,0.3,rm->rh rh->lh rh->rm,ipsilateral
IN14A082,811425,14A,L,glutamate,-1,rh,rh,53.9,371.0,0.0,459,0.117,4.4,48.9,0.6,rm->rh,ipsilateral
IN08A046,811524,08A,L,glutamate,-1,lf,lf,53.9,369.0,160.0,386,0.14,9.7,42.9,1.3,lm->lf lf->rf,ipsilateral
IN21A051,904174,21A,L,glutamate,-1,lh,lh,53.8,389.0,175.0,410,0.131,0.0,38.0,15.8,lm->lh rm->lh,ipsilateral
IN08A041,912230,08A,R,glutamate,-1,rm|rh,rm,53.8,224.0,135.0,288,0.187,0.0,53.8,0.0,rh->rm,ipsilateral
IN08A050,800535,08A,L,glutamate,-1,lf|lm,lf,53.7,197.0,23.0,215,0.25,0.0,53.7,0.0,lm->lf,ipsilateral
INXXX008,800594,XXX (unassigned),L,unclear,0,rm|rh,rm|rh,53.7,71.0,7.0,149,0.361,10.1,25.9,17.7,rh->rm rm->rh,both
INXXX387,810495,XXX (unassigned),R,acetylcholine,1,rh,lh|rh,53.7,67.0,0.0,576,0.093,51.0,0.5,2.2,rh->lh,contralateral
IN06B059,903591,06B,R,gaba,-1,rh|lf,lh|rm|rh,53.7,70.0,0.0,803,0.067,19.1,22.9,11.6,rh->lh rh->rm lf->lh,both
IN08B087,806798,08B,R,acetylcholine,1,rh|lh|lm,lh|rh|rm,53.6,76.0,0.0,607,0.088,25.2,15.8,12.6,rh->lh lh->rh rh->rm,both
IN12B024_b,804435,12B,R,gaba,-1,lm,lm,53.5,589.0,273.0,710,0.075,4.6,8.2,40.8,rh->lm lh->lm,both
IN21A058,805172,21A,L,glutamate,-1,lm,lm,53.5,251.0,0.0,425,0.126,17.1,33.5,2.9,lf->lm lm->rm lh->lm,both
INXXX429,808847,XXX (unassigned),R,gaba,-1,rh,lm|lh|rh,53.5,70.0,0.0,451,0.119,23.1,2.9,27.5,rh->lm rh->lh,both
INXXX340,902940,XXX (unassigned),R,gaba,-1,rh,rh|lh,53.5,94.0,0.0,660,0.081,19.7,22.5,11.3,rh->lh rm->rh lh->rh,both
IN14B007,802308,14B,L,gaba,-1,lf|lm,lh|lf,53.4,65.0,0.0,2338,0.023,0.0,53.4,0.0,lf->lh lm->lh,ipsilateral
IN00A025,803586,00A,M,gaba,-1,lf|rf|lm,lm|rm|lh,53.4,63.0,0.0,1765,0.03,6.8,27.5,19.0,lf->lm lf->rm lf->lh,both
IN21A019,801324,21A,L,glutamate,-1,lf,lf,53.3,1138.0,107.0,1959,0.027,34.8,12.5,6.1,rf->lf lf->lh lf->rm,both
IN13A014,801493,13A,L,gaba,-1,lm,lm,53.3,1378.0,450.0,1394,0.038,5.5,47.8,0.0,lf->lm lm->lf rm->lm,ipsilateral
IN20A.22A024,805524,20A/22A,L,acetylcholine,1,lm,lm,53.3,1036.0,175.0,1247,0.043,0.0,53.3,0.0,lm->lf lm->lh lh->lm,ipsilateral
IN12B054,809831,12B,L,gaba,-1,rm|lh|rh,rh|lh,53.3,70.0,30.0,127,0.419,17.6,19.1,16.5,rm->rh rm->lh lh->rh,both
IN00A066,907776,00A,M,gaba,-1,lh|lm|rh,lh|rm,53.3,89.0,0.0,611,0.087,16.6,18.0,18.8,lh->rm rh->lh lm->lh,both
IN13B064,940588,13B,R,gaba,-1,lm,lm,53.3,392.0,34.0,458,0.116,8.9,43.3,1.1,lf->lm lm->rm,ipsilateral
IN20A.22A038,802932,20A/22A,R,acetylcholine,1,rf,rf,53.2,314.0,196.0,320,0.166,33.2,0.9,19.1,rf->lf rf->lh lf->rf,both
IN08A019,805446,08A,R,glutamate,-1,rh,rh,53.1,813.0,87.0,875,0.061,13.3,39.1,0.7,rm->rh rh->lh,ipsilateral
IN23B061,807236,23B,L,acetylcholine,1,lh|lm,lm|lh,53.1,85.0,0.0,360,0.147,4.7,46.1,2.3,lh->lm lm->lh,ipsilateral
IN20A.22A065,808719,20A/22A,L,acetylcholine,1,lm,lm,53.1,449.0,88.0,449,0.118,0.0,53.1,0.0,lm->lf lm->lh lh->lm,ipsilateral
IN19A016,940467,19A,L,gaba,-1,lh,lh,53.1,1673.0,1368.0,1759,0.03,0.0,53.1,0.0,lm->lh,ipsilateral
INXXX396,800509,XXX (unassigned),R,gaba,-1,rh|lh,rh|lh,53.0,151.0,0.0,890,0.06,53.0,0.0,0.0,lh->rh rh->lh,contralateral
IN06A064,801549,06A,L,gaba,-1,lh,rm,53.0,53.0,0.0,892,0.059,0.0,0.0,53.0,lh->rm,both
IN23B023,803846,23B,L,acetylcholine,1,lm,lm,53.0,283.0,0.0,965,0.055,0.0,53.0,0.0,lm->lh lm->lf,ipsilateral
IN23B018,804081,23B,R,acetylcholine,1,rm,rm,53.0,389.0,0.0,1317,0.04,10.0,37.0,6.0,rm->rh rm->lm rm->lh,both
IN07B030,805615,07B,R,glutamate,-1,rh,lh|rh,53.0,87.0,37.0,1006,0.053,53.0,0.0,0.0,rh->lh,contralateral
IN04B076,806743,04B,L,acetylcholine,1,lh,lh,53.0,547.0,114.0,791,0.067,37.0,15.6,0.4,lh->rh lh->lm rh->lh,both
IN16B073,806946,16B,L,glutamate,-1,lm,lm,53.0,637.0,41.0,796,0.067,0.0,53.0,0.0,lm->lh lm->lf,ipsilateral
IN06B080,809090,06B,L,gaba,-1,rh|lm,rm|rf|lf,53.0,53.0,0.0,651,0.081,7.2,31.6,14.2,rh->rm rh->rf rh->lf,both
IN07B087,810013,07B,R,acetylcholine,1,rh,rf|lh|lf,53.0,53.0,0.0,426,0.124,20.0,20.0,13.0,rh->rf rh->lh rh->lf,both
IN01B062,810310,01B,R,gaba,-1,rh,rh,53.0,439.0,0.0,1141,0.046,22.0,31.0,0.0,rh->rm rh->lh,both
INXXX417,811043,XXX (unassigned),R,gaba,-1,rh,lh|rh,53.0,95.0,0.0,529,0.1,53.0,0.0,0.0,rh->lh,contralateral
IN09A058,813320,09A,R,gaba,-1,rh,lh|rm|rh,53.0,64.0,0.0,309,0.172,41.0,12.0,0.0,rh->lh rh->rm,contralateral
IN09A054,813502,09A,R,gaba,-1,rf,rf|rm,53.0,164.0,0.0,267,0.199,0.0,48.0,5.0,rf->rm rf->rh,ipsilateral
IN20A.22A015,907257,20A/22A,R,acetylcholine,1,rf,rf,53.0,377.0,184.0,382,0.139,5.2,31.3,16.5,rh->rf lm->rf rf->rm,both
INXXX417,908471,XXX (unassigned),R,gaba,-1,rh,rh|lh,53.0,113.0,0.0,681,0.078,53.0,0.0,0.0,rh->lh,contralateral
IN12B022,807082,12B,L,gaba,-1,rm,rm,52.9,224.0,36.0,407,0.13,0.0,52.9,0.0,rm->rf rm->rh rh->rm,ipsilateral
IN02A036,807109,02A,L,glutamate,-1,lm,lm|lf,52.9,200.0,10.0,398,0.133,0.0,52.9,0.0,lm->lf lf->lm,ipsilateral
IN12B056,904123,12B,R,gaba,-1,lh,lh,52.9,259.0,0.0,371,0.143,13.4,38.9,0.6,lh->lm lh->rh lm->lh,ipsilateral
IN20A.22A009,905387,20A/22A,L,acetylcholine,1,lm,lm,52.9,628.0,318.0,658,0.08,0.0,52.9,0.0,lh->lm lf->lm,ipsilateral
IN04B112,910224,04B,R,acetylcholine,1,rh,rh,52.9,237.0,6.0,420,0.126,14.9,13.9,24.1,rh->lf rh->lh rf->rh,both
"IN09A080,IN09A085",813553,09A,L,gaba,-1,lf|lh,lf,52.8,187.0,0.0,273,0.194,0.0,52.8,0.0,lh->lf,ipsilateral
IN11A021,903590,11A,R,acetylcholine,1,rm|rh|rf,lm|rm,52.8,62.0,0.0,546,0.097,15.7,13.8,23.3,rm->lm rh->lm rf->lm,both
INXXX297,800295,XXX (unassigned),R,acetylcholine,1,rh,rh,52.7,270.0,0.0,2461,0.021,25.1,24.7,2.9,rh->lh rm->rh,both
IN21A002,800976,21A,R,glutamate,-1,rh,rh,52.7,2592.0,825.0,2672,0.02,0.0,45.8,6.9,rm->rh lm->rh rh->rm,ipsilateral
IN12B025,904163,12B,L,gaba,-1,rh,rh,52.7,456.0,111.0,528,0.1,12.4,29.4,10.9,rh->rm rh->lh rm->rh,both
IN03A063,904628,03A,R,acetylcholine,1,rm,rm,52.7,606.0,208.0,714,0.074,0.0,52.7,0.0,rh->rm rm->rh,ipsilateral
IN03A065,910183,03A,L,acetylcholine,1,lf|lh,lf,52.7,339.0,104.0,349,0.151,0.0,52.7,0.0,lh->lf,ipsilateral
IN03A071,807875,03A,R,acetylcholine,1,rm,rm,52.6,500.0,61.0,540,0.097,14.4,29.6,8.6,rm->rh lm->rm lf->rm,both
IN14B007,802092,14B,R,gaba,-1,rm|rf,lh|rf,52.5,55.0,0.0,2652,0.02,0.0,10.5,42.0,rm->lh rm->rf rf->lh,both
INXXX346,804344,XXX (unassigned),L,gaba,-1,lh|rh,lh|rh,52.5,105.0,0.0,996,0.053,52.5,0.0,0.0,rh->lh lh->rh,contralateral
"IN21A045,IN21A046",813556,21A,R,glutamate,-1,rf|rm,rf|rm|lm,52.5,88.0,0.0,207,0.254,8.5,35.5,8.5,rm->rf rf->rm rm->lm,both
IN12B038,816154,12B,R,gaba,-1,lf|rm,lf|rf,52.5,94.0,0.0,134,0.392,9.8,8.2,34.5,rm->lf lf->rf rm->rf,both
IN00A045,804079,00A,M,gaba,-1,rm|lm|rf|lh,rm|lm,52.3,69.0,0.0,1313,0.04,16.0,17.9,18.4,rf->rm lm->rm lh->rm,both
IN12B025,805637,12B,R,gaba,-1,lm,lm,52.3,452.0,39.0,639,0.082,12.8,38.3,1.2,lf->lm lm->rm lh->lm,ipsilateral
IN08A038,808126,08A,L,glutamate,-1,lm,lm,52.3,444.0,74.0,548,0.095,0.0,52.3,0.0,lm->lf lf->lm,ipsilateral
IN06B025,902923,06B,R,gaba,-1,lm|rm,lm|rf,52.3,71.0,0.0,936,0.056,17.3,17.9,17.1,rm->lm lm->rf rm->rf,both
IN08A035,905038,08A,L,glutamate,-1,lh|lm,lh,52.3,312.0,29.0,436,0.12,0.0,52.3,0.0,lm->lh,ipsilateral
IN04B013,929092,04B,R,acetylcholine,1,rf,rf,52.3,341.0,117.0,427,0.122,52.3,0.0,0.0,lf->rf rf->lf,contralateral
IN03A090,807807,03A,L,acetylcholine,1,lm,lm,52.2,687.0,281.0,774,0.067,0.0,52.2,0.0,lh->lm,ipsilateral
IN04B041,907504,04B,L,acetylcholine,1,lf,lf,52.2,232.0,47.0,582,0.09,1.5,41.2,9.5,lm->lf lf->lm lf->rm,ipsilateral
IN19A029,800918,19A,R,gaba,-1,rm,rm,52.0,1159.0,139.0,1346,0.039,0.0,52.0,0.0,rm->rf rm->rh,ipsilateral
IN12B088,802408,12B,R,gaba,-1,rm,lm,52.0,57.0,6.0,160,0.325,46.0,0.0,6.0,rm->lm rm->lh,contralateral
INXXX258,802798,XXX (unassigned),R,gaba,-1,lh,rh|lh,52.0,81.0,0.0,2460,0.021,52.0,0.0,0.0,lh->rh,contralateral
IN13B017,802869,13B,R,gaba,-1,lm,lm,52.0,1305.0,241.0,1527,0.034,0.0,52.0,0.0,lm->lh,ipsilateral
IN17B017,804144,17B,L,gaba,-1,lh,lh|lf|rh,52.0,114.0,0.0,1536,0.034,18.0,18.0,16.0,lh->rh lh->lf lh->rm,both
IN01B027_b,804946,01B,R,gaba,-1,rh,rh,52.0,665.0,6.0,1496,0.035,35.0,17.0,0.0,rh->lh rh->rm,both
IN01B015,805844,01B,R,gaba,-1,rm,rm,52.0,381.0,0.0,1163,0.045,0.0,45.0,7.0,rm->rh rm->lh rm->rf,ipsilateral
IN14A018,806227,14A,L,glutamate,-1,rh,rh,52.0,679.0,0.0,901,0.058,36.0,16.0,0.0,rh->lh rh->rm,both
IN08B091,807326,08B,L,acetylcholine,1,lh,lm|lh|rh,52.0,73.0,0.0,474,0.11,11.0,32.0,9.0,lh->lm lh->rh lh->lf,both
TN1c_a,807797,-,L,acetylcholine,1,lm|lh,lh|lm,52.0,95.0,0.0,940,0.055,4.5,43.0,4.5,lm->lh lh->lm,ipsilateral
IN20A.22A067,809705,20A/22A,L,acetylcholine,1,lh,lh|lm,52.0,297.0,21.0,336,0.155,0.0,52.0,0.0,lh->lm,ipsilateral
IN23B068,809879,23B,R,acetylcholine,1,rh,rh,52.0,229.0,0.0,477,0.109,24.0,28.0,0.0,rh->rm rh->lh,both
IN20A.22A064,810405,20A/22A,R,acetylcholine,1,rh,rh,52.0,269.0,70.0,289,0.18,38.0,14.0,0.0,rh->lh rh->rm,contralateral
IN07B075,811161,07B,R,acetylcholine,1,rh,rf|lh,52.0,52.0,0.0,515,0.101,26.0,26.0,0.0,rh->rf rh->lh,both
IN09A045,814111,09A,R,gaba,-1,rm,rm|rh,52.0,267.0,8.0,357,0.146,0.0,52.0,0.0,rm->rh,ipsilateral
IN18B048,816868,18B,L,acetylcholine,1,lh,lh|rh,52.0,131.0,12.0,154,0.338,52.0,0.0,0.0,lh->rh,contralateral
IN13B068,904758,13B,R,gaba,-1,lf,lf,52.0,409.0,29.0,534,0.097,39.0,13.0,0.0,lf->rf lf->lm,contralateral
IN13B031,908961,13B,R,gaba,-1,lh,lh,52.0,629.0,99.0,774,0.067,20.0,32.0,0.0,lh->lm lh->rh,both
IN12B016,909069,12B,R,gaba,-1,rh,lh|rh,52.0,99.0,0.0,1946,0.027,52.0,0.0,0.0,rh->lh,contralateral
IN13B022,803875,13B,R,gaba,-1,lm,lm,51.9,1236.0,0.0,1497,0.035,17.6,33.9,0.4,lm->rm lh->lm lf->lm,both
IN06B036,806237,06B,R,gaba,-1,lh|rm,rm|lh,51.9,75.0,0.0,817,0.064,5.9,13.4,32.7,lh->rm lh->lf rm->lh,both
"IN20A.22A036,IN20A.22A072",808881,20A/22A,R,acetylcholine,1,rm,rm,51.9,372.0,122.0,401,0.129,0.7,30.5,20.7,rh->rm rm->lh rm->rf,both
IN16B105,809716,16B,L,glutamate,-1,lh,lh,51.9,388.0,132.0,415,0.125,12.0,38.9,1.0,lf->lh lh->rh lm->lh,ipsilateral
"IN17A071,IN17A081",905767,17A,R,acetylcholine,1,rh|rm,lm|rm,51.9,54.0,0.0,711,0.073,13.9,7.9,30.1,rh->lm rh->rm rm->lm,both
IN09A037,902341,09A,R,gaba,-1,rh,rh,51.8,635.0,0.0,894,0.058,0.0,51.8,0.0,rm->rh rh->rm,ipsilateral
INXXX193,803855,XXX (unassigned),R,unclear,0,rm|rh,lh|rh,51.6,59.0,18.0,2248,0.023,14.5,12.6,24.5,rm->lh rh->lh rm->rh,both
INXXX360,806032,XXX (unassigned),R,gaba,-1,rh|rf,rh,51.6,200.0,0.0,885,0.058,6.2,43.6,1.8,rf->rh rh->lh,ipsilateral
IN13B078,810329,13B,L,gaba,-1,rm,rm,51.6,472.0,0.0,472,0.109,0.0,51.6,0.0,rm->rf rm->rh rh->rm,ipsilateral
IN06A094,805263,06A,R,gaba,-1,lm|lh,rm|lh,51.5,57.0,0.0,676,0.076,23.0,5.5,23.0,lm->rm lh->rm lm->lh,both
IN04B070,810272,04B,L,acetylcholine,1,lf,lf,51.4,203.0,43.0,203,0.253,0.0,51.4,0.0,lh->lf lm->lf,ipsilateral
IN13A020,906376,13A,R,gaba,-1,rm,rm,51.4,608.0,145.0,702,0.073,40.7,10.4,0.3,lm->rm rh->rm,contralateral
IN05B065,803597,05B,R,gaba,-1,rh|rm,lf|rm,51.3,62.0,0.0,933,0.055,7.2,21.0,23.1,rh->lf rh->rm rm->lf,both
IN12B027,806716,12B,L,gaba,-1,rf|rh,rf,51.3,126.0,64.0,437,0.117,10.3,37.3,3.7,rh->rf rf->lf rf->rm,ipsilateral
INXXX407,807199,XXX (unassigned),L,acetylcholine,1,lh,rm|lh,51.3,82.0,0.0,1106,0.046,5.3,6.8,39.2,lh->rm rh->rm rh->lh,both
IN04B102,807252,04B,L,acetylcholine,1,lf,lf,51.3,359.0,142.0,381,0.135,5.1,46.0,0.2,lh->lf lm->lf lf->lm,ipsilateral
IN16B052,808882,16B,L,glutamate,-1,lm,lm,51.3,532.0,55.0,571,0.09,5.8,45.3,0.2,lm->lf lh->lm lf->lm,ipsilateral
IN04B108,811499,04B,R,acetylcholine,1,rm,rm,51.3,256.0,86.0,276,0.186,0.0,51.3,0.0,rh->rm rm->rh rm->rf,ipsilateral
IN10B032,910111,10B,L,acetylcholine,1,lm|lf,lm|rh,51.3,72.0,0.0,405,0.127,7.6,20.3,23.4,lm->rh lf->lm lf->rh,both
IN08B063,807222,08B,R,acetylcholine,1,rh|rf|lh,lh|lf|rm,51.2,58.0,0.0,334,0.153,16.0,14.9,20.3,rh->lh rh->lf rf->lh,both
IN03A081,808584,03A,L,acetylcholine,1,lf,lf,51.2,377.0,160.0,520,0.098,0.0,51.2,0.0,lm->lf lf->lm lh->lf,ipsilateral
IN23B062,809097,23B,R,acetylcholine,1,rm,rm|lh,51.2,114.0,25.0,377,0.136,1.0,26.2,24.0,rm->lh rf->rm rm->rh,both
IN16B083,800489,16B,L,glutamate,-1,lf,lf,51.1,394.0,123.0,402,0.127,0.0,51.1,0.0,lh->lf lf->lm lm->lf,ipsilateral
IN03A084,805830,03A,L,acetylcholine,1,lf|lm,lf,51.1,299.0,122.0,336,0.152,0.0,51.1,0.0,lm->lf,ipsilateral
IN01A056,905081,01A,L,acetylcholine,1,rf,rf,51.1,314.0,13.0,347,0.147,28.1,1.5,21.5,rf->lh lf->rf rf->lf,both
INXXX100,801869,XXX (unassigned),R,acetylcholine,1,rh,rh,51.0,335.0,0.0,2377,0.021,11.0,0.0,40.0,rh->lm rh->lh,both
IN17A060,803703,17A,R,glutamate,-1,rh,rh,51.0,464.0,334.0,1188,0.043,51.0,0.0,0.0,rh->lh,contralateral
IN04B100,804733,04B,L,acetylcholine,1,lf,lf,51.0,363.0,58.0,385,0.132,23.0,28.0,0.0,lf->lm lf->rf,both
IN12B071,805616,12B,L,gaba,-1,rh|lh,rh|rm,51.0,109.0,0.0,275,0.185,26.0,20.2,4.8,rh->rm lh->rh rh->lh,both
INXXX341,807621,XXX (unassigned),R,gaba,-1,lh,lh|lm,51.0,102.0,0.0,758,0.067,13.0,38.0,0.0,lh->lm lh->rh,ipsilateral
IN12B030,807920,12B,L,gaba,-1,rm,rm,51.0,359.0,182.0,521,0.098,5.8,39.4,5.8,rh->rm lm->rm lf->rm,ipsilateral
IN04B077,807944,04B,R,acetylcholine,1,rm,rm|lh,51.0,334.0,59.0,586,0.087,0.0,0.0,51.0,rm->lh,both
IN01B060,808466,01B,L,gaba,-1,lh,lh,51.0,353.0,0.0,642,0.079,18.0,24.0,9.0,lh->lm lh->rh lh->rm,both
IN07B083_c,809314,07B,R,acetylcholine,1,rh,lf|rf,51.0,51.0,0.0,576,0.089,0.0,20.0,31.0,rh->lf rh->rf,both
IN20A.22A091,815331,20A/22A,L,acetylcholine,1,lh,lh|rh|lm,51.0,116.0,0.0,182,0.28,32.0,19.0,0.0,lh->rh lh->lm,both
IN20A.22A092,815730,20A/22A,R,acetylcholine,1,rm,rm,51.0,200.0,0.0,230,0.222,0.0,51.0,0.0,rm->rf rm->rh,ipsilateral
IN23B039,903190,23B,L,acetylcholine,1,lh,lh|rh,51.0,140.0,0.0,713,0.072,37.0,14.0,0.0,lh->rh lh->lm,contralateral
INXXX288,903492,XXX (unassigned),R,acetylcholine,1,lh,lh|rh,51.0,107.0,0.0,2997,0.017,51.0,0.0,0.0,lh->rh,contralateral
IN20A.22A049,904528,20A/22A,L,acetylcholine,1,lf,lf,51.0,378.0,21.0,442,0.115,9.0,36.0,6.0,lf->lm lf->rf lf->rh,ipsilateral
IN10B010,1053964972,10B,L,acetylcholine,1,lf,rh,51.0,51.0,0.0,6504,0.008,0.0,0.0,51.0,lf->rh,both
GFC3,800385,-,L,acetylcholine,1,lh,lh,50.9,206.0,21.0,222,0.229,0.0,26.6,24.4,rm->lh lm->lh lf->lh,both
IN03A064,805375,03A,L,acetylcholine,1,lh,lh,50.9,621.0,233.0,676,0.075,9.3,41.7,0.0,lm->lh rh->lh,ipsilateral
IN18B020,802038,18B,R,acetylcholine,1,rh,rh|rm|lh,50.8,100.0,0.0,2675,0.019,17.8,23.8,9.2,rh->rm rh->lh rh->lf,both
IN03A036,805971,03A,R,acetylcholine,1,rh,rh,50.8,766.0,402.0,849,0.06,10.9,39.9,0.0,rm->rh lh->rh,ipsilateral
IN00A054,806509,00A,M,gaba,-1,lh|rh|lm,rh|lh,50.7,68.0,0.0,444,0.114,21.5,12.8,16.4,lh->rh lm->rh lh->rf,both
IN00A044,806976,00A,M,gaba,-1,lh|lm|rm,lm|lh|rm,50.7,71.0,0.0,535,0.095,11.8,27.9,11.0,lh->lm rm->lm lh->rm,both
IN12A056,804622,12A,R,acetylcholine,1,rf|rm,rf|lm,50.6,81.0,0.0,187,0.271,14.6,12.9,23.1,rm->rf rf->lm rf->lh,both
IN17A052,804647,17A,L,acetylcholine,1,lf,lf,50.6,1055.0,450.0,1089,0.046,19.6,30.6,0.4,lf->lm rf->lf lf->rf,both
INXXX179,802960,XXX (unassigned),L,acetylcholine,1,lh|lm,lh|rh,50.5,89.0,14.0,2625,0.019,33.6,9.1,7.8,lh->rh lm->lh lm->rh,both
IN04B071,803648,04B,L,acetylcholine,1,lm,lm,50.5,303.0,107.0,453,0.111,5.4,33.5,11.6,lh->lm lm->rh lf->lm,both
IN13A052,806657,13A,L,gaba,-1,lh,lh,50.5,587.0,268.0,618,0.082,0.1,44.6,5.8,lm->lh lh->lm rm->lh,ipsilateral
IN04B071,808540,04B,R,acetylcholine,1,rm,rm,50.5,386.0,213.0,392,0.129,0.0,50.5,0.0,rh->rm,ipsilateral
IN13A026,806507,13A,R,gaba,-1,rh,rh,50.4,379.0,148.0,424,0.119,12.5,30.5,7.4,rm->rh rh->lh lm->rh,both
IN04B010,807982,04B,L,acetylcholine,1,lf,lf,50.4,466.0,128.0,663,0.076,0.0,44.4,6.0,lm->lf lf->lm lf->lh,ipsilateral
IN19A016,801626,19A,R,gaba,-1,rh,rh,50.3,1454.0,1168.0,1488,0.034,5.6,44.7,0.0,rm->rh lh->rh,ipsilateral
IN19A016,801930,19A,L,gaba,-1,lh,lh,50.3,1465.0,1153.0,1509,0.033,2.3,48.0,0.0,lm->lh,ipsilateral
IN04B043_b,804077,04B,R,acetylcholine,1,rh,rh,50.3,373.0,216.0,502,0.1,32.3,11.9,6.1,rh->lh rh->rm lh->rh,both
IN04B057,804870,04B,R,acetylcholine,1,rm,rm,50.3,526.0,5.0,801,0.063,5.0,25.1,20.2,rh->rm lh->rm rm->lh,both
IN11A049,805459,11A,L,acetylcholine,1,rm,rm,50.3,415.0,129.0,591,0.085,0.0,25.2,25.2,rh->rm lh->rm,both
IN17A061,802637,17A,L,acetylcholine,1,lm,lm,50.2,860.0,478.0,883,0.057,0.0,50.2,0.0,lh->lm lm->lh lf->lm,ipsilateral
IN02A023,806636,02A,L,glutamate,-1,lh,lh|rh,50.2,140.0,8.0,732,0.069,24.0,16.2,10.0,lh->rh lf->lh lh->rm,both
dMS2,904400,-,R,acetylcholine,1,rh,rm,50.2,54.0,0.0,598,0.084,2.0,38.3,10.0,rh->rm,ipsilateral
IN12B028,802467,12B,R,gaba,-1,lf,lf,50.1,604.0,62.0,831,0.06,50.1,0.0,0.0,lf->rf rf->lf,contralateral
IN12B024_b,806434,12B,R,gaba,-1,lf,lf,50.1,264.0,62.0,274,0.183,0.0,24.4,25.8,lf->lm rh->lf,both
"IN21A045,IN21A046",810067,21A,L,glutamate,-1,lf,lf|rm,50.1,114.0,0.0,356,0.141,11.5,23.0,15.6,lf->rm lf->lm rf->lf,both
INXXX448,811842,XXX (unassigned),R,gaba,-1,lm|rm|lh,lh,50.1,63.0,0.0,357,0.14,1.6,26.1,22.3,lm->lh rm->lh,both
IN03A075,903136,03A,L,acetylcholine,1,lf,lf,50.1,406.0,162.0,519,0.097,0.0,50.1,0.0,lh->lf lm->lf,ipsilateral
IN13A031,906562,13A,L,gaba,-1,lh,lh,50.1,582.0,25.0,776,0.065,11.3,38.1,0.7,lm->lh lh->rh lh->lm,ipsilateral
IN02A026,802184,02A,R,glutamate,-1,lm,rm|lm|lh,50.0,73.0,0.0,2813,0.018,30.0,13.0,7.0,lm->rm lm->lh lm->rh,both
INXXX471,803039,XXX (unassigned),L,gaba,-1,lf,lf,50.0,1027.0,267.0,1035,0.048,4.3,37.7,8.0,lf->lm lm->lf lf->rh,ipsilateral
IN01B010,803594,01B,R,gaba,-1,rh,rh,50.0,1086.0,0.0,1262,0.04,0.0,50.0,0.0,rh->rm,ipsilateral
IN04B058,804507,04B,R,acetylcholine,1,rm,rm,50.0,514.0,201.0,877,0.057,14.0,21.0,15.0,rm->lh rm->rf rm->lm,both
IN12B024_b,805135,12B,L,gaba,-1,rh,rh,50.0,343.0,153.0,400,0.125,8.3,41.1,0.6,rm->rh rh->rm lh->rh,ipsilateral
IN01A061,805295,01A,R,acetylcholine,1,lh,lh|rh,50.0,136.0,0.0,522,0.096,50.0,0.0,0.0,lh->rh,contralateral
IN13B078,805393,13B,L,gaba,-1,rm,rm,50.0,318.0,21.0,318,0.157,0.0,50.0,0.0,rm->rh rm->rf,ipsilateral
IN13B061,806768,13B,R,gaba,-1,lh,lh,50.0,583.0,0.0,692,0.072,7.0,43.0,0.0,lh->lm lh->rh,ipsilateral
IN23B055,808153,23B,R,acetylcholine,1,rh,rh|rm,50.0,278.0,0.0,564,0.089,0.0,42.0,8.0,rh->rm rh->lm,ipsilateral
"IN20A.22A070,IN20A.22A080",809121,20A/22A,L,acetylcholine,1,lm,lm,50.0,204.0,0.0,568,0.088,0.0,50.0,0.0,lh->lm lm->lh,ipsilateral
IN04B109,809365,04B,R,acetylcholine,1,rm,rm|rh,50.0,174.0,0.0,392,0.128,0.0,41.0,9.0,rm->rh rm->lh,ipsilateral
IN06B074,810652,06B,R,gaba,-1,lh,lm|rm,50.0,50.0,0.0,570,0.088,0.0,35.0,15.0,lh->lm lh->rm,ipsilateral
IN01B052,812500,01B,L,gaba,-1,lf,lf,50.0,259.0,0.0,397,0.126,17.0,33.0,0.0,lf->lm lf->rf,both
IN01A082,813628,01A,R,acetylcholine,1,lh,lh,50.0,292.0,117.0,292,0.171,16.5,9.5,24.0,rm->lh rh->lh lh->lm,both
"IN20A.22A061,IN20A.22A068",904327,20A/22A,R,acetylcholine,1,rm,rm,50.0,674.0,10.0,821,0.061,0.0,50.0,0.0,rm->rh rm->rf,ipsilateral
IN01B007,907638,01B,L,gaba,-1,lh,lh,50.0,211.0,0.0,1805,0.028,18.0,0.0,32.0,lh->rm lh->rh lh->rf,both
IN04B064,908370,04B,R,acetylcholine,1,rh,rh,50.0,563.0,61.0,970,0.052,42.0,8.0,0.0,rh->lh rh->rm,contralateral
IN02A057,909543,02A,L,glutamate,-1,lf,lf|rf,50.0,139.0,0.0,327,0.153,39.0,0.0,11.0,lf->rf lf->rm,contralateral
IN19B067,910309,19B,R,acetylcholine,1,lh,lm|lh|rm,50.0,62.0,0.0,584,0.086,0.0,39.0,11.0,lh->lm lh->rm,ipsilateral
IN01B046_b,940008,01B,L,gaba,-1,lm,lm,50.0,437.0,0.0,984,0.051,0.0,50.0,0.0,lm->lh lm->lf,ipsilateral
IN09A014,801944,09A,R,gaba,-1,rm,rm,49.9,1001.0,0.0,3849,0.013,0.0,39.2,10.7,rm->rf rh->rm lh->rm,ipsilateral
IN11A020,800798,11A,R,acetylcholine,1,rh|rm,rm|rf|lf,49.8,62.0,12.0,409,0.122,1.8,32.7,15.3,rh->rm rh->rf rh->lf,both
IN04B036,805270,04B,L,acetylcholine,1,lm,lm,49.8,972.0,278.0,1267,0.039,15.8,33.4,0.6,lm->lh rm->lm,both
IN21A049,808419,21A,L,glutamate,-1,lf,lf,49.8,390.0,162.0,489,0.102,0.2,21.0,28.6,rm->lf lh->lf lf->rm,both
IN13B033,903396,13B,L,gaba,-1,rf,rf,49.8,374.0,60.0,497,0.1,18.4,22.8,8.6,rf->lf rf->rm rm->rf,both
IN18B038,809167,18B,L,acetylcholine,1,rm|lm,rm,49.7,250.0,60.0,268,0.185,39.0,10.7,0.0,lm->rm rh->rm,contralateral
IN16B082,809411,16B,R,glutamate,-1,rm,rm,49.7,351.0,36.0,351,0.142,7.0,9.8,32.9,lf->rm rm->lm,both
IN21A012,905078,21A,L,acetylcholine,1,lh,lh,49.7,1888.0,1069.0,2185,0.023,21.9,27.6,0.2,lh->rh lh->lm lm->lh,both
IN21A012,801843,21A,R,acetylcholine,1,rh,rh,49.6,1839.0,1047.0,1923,0.026,12.5,37.0,0.1,rm->rh rh->rm rh->lh,ipsilateral
IN09A014,801939,09A,L,gaba,-1,lm,lm,49.6,1056.0,0.0,3896,0.013,0.0,49.6,0.0,lm->lf lh->lm lm->lh,ipsilateral
IN14B009,802426,14B,R,glutamate,-1,rf|rm,lf|lh|rh,49.6,53.0,0.0,2165,0.023,15.0,9.6,25.0,rf->lf rf->lh rf->rh,both
IN19B067,803382,19B,L,acetylcholine,1,lh|rm,rm,49.5,81.0,0.0,505,0.098,13.7,6.0,29.8,lh->rm lm->rm rm->lm,both
IN03B046,805092,03B,L,gaba,-1,lh,rh,49.5,50.0,0.0,991,0.05,37.5,7.6,4.4,lh->rh,contralateral
IN06A042,808180,06A,L,gaba,-1,rm|lh,lm|lh|lf,49.5,54.0,0.0,496,0.1,21.0,12.9,15.6,rm->lm lh->lm rm->lh,both
IN03A081,904928,03A,R,acetylcholine,1,rh,rh,49.5,401.0,210.0,495,0.1,26.4,5.7,17.4,rh->lh lf->rh,both
IN13A013,934595,13A,L,gaba,-1,lh|rm,lh,49.5,112.0,0.0,1152,0.043,10.5,13.3,25.8,rm->lh lf->lh lh->rh,both
IN17A065,802205,17A,R,acetylcholine,1,rf,rf,49.4,698.0,208.0,756,0.065,9.9,32.4,7.1,rf->rm rf->lf rh->rf,both
IN04B107,805596,04B,R,acetylcholine,1,rh,rh,49.4,552.0,307.0,596,0.083,28.1,15.4,5.9,rh->lh rm->rh,both
IN20A.22A067,809333,20A/22A,L,acetylcholine,1,lf,lf,49.4,322.0,73.0,353,0.14,18.8,29.6,1.0,lh->lf rf->lf lf->rf,both
IN01B020,802517,01B,L,gaba,-1,lm,lm,49.3,594.0,0.0,1033,0.048,4.1,45.0,0.2,lf->lm lm->lf lm->lh,ipsilateral
IN00A048,807820,00A,M,gaba,-1,lm|rm,lf|rm|lm|rf,49.3,64.0,0.0,683,0.072,14.3,16.9,18.1,lm->lf lm->rm rm->lf,both
IN21A058,809857,21A,R,glutamate,-1,rm,rm,49.3,350.0,0.0,415,0.119,0.0,49.3,0.0,rf->rm rm->rh,ipsilateral
IN16B075_d,814585,16B,R,glutamate,-1,rm|lf,rm,49.3,226.0,8.0,258,0.191,1.9,14.4,33.1,lf->rm rm->rf,both
IN00A053,804268,00A,M,gaba,-1,rm|lm,lf|rf|rm,49.2,59.0,0.0,546,0.09,3.2,19.0,27.0,rm->lf rm->rf lm->lf,both
IN13A038,806987,13A,L,gaba,-1,lm,lm,49.2,589.0,44.0,619,0.079,2.7,46.4,0.1,lm->lf lh->lm lm->lh,ipsilateral
IN20A.22A024,902314,20A/22A,R,acetylcholine,1,rm,rm,49.2,521.0,42.0,635,0.077,0.4,9.2,39.6,lf->rm,both
IN23B013,902812,23B,R,acetylcholine,1,rm,rm|lm,49.2,199.0,0.0,1344,0.037,32.7,15.8,0.7,rm->lm rm->rh,both
IN17A049,805542,17A,L,acetylcholine,1,lh|lm,lm,49.1,64.0,0.0,707,0.069,0.0,49.1,0.0,lh->lm lf->lm,ipsilateral
IN12B047,809232,12B,R,gaba,-1,lm,lm,49.1,204.0,0.0,363,0.135,43.1,5.2,0.8,rm->lm lm->rm lm->lf,contralateral
IN08A046,809730,08A,L,glutamate,-1,lf|lm,lf,49.1,249.0,38.0,267,0.184,0.0,49.1,0.0,lm->lf,ipsilateral
IN23B051,804745,23B,L,acetylcholine,1,lm,lm|lh,49.0,293.0,9.0,761,0.064,0.0,49.0,0.0,lm->lh,ipsilateral
IN13A029,805312,13A,L,gaba,-1,lh,lh,49.0,468.0,0.0,998,0.049,6.0,43.0,0.0,lh->lm lh->rh,ipsilateral
IN04B105,807916,04B,L,acetylcholine,1,lh,lh,49.0,309.0,32.0,380,0.129,24.0,10.0,15.0,lh->rh lh->rf lh->lm,both
IN07B086,808044,07B,L,acetylcholine,1,lh,rm|lh,49.0,72.0,0.0,645,0.076,7.0,0.0,42.0,lh->rm lh->rh,both
IN19B091,809960,19B,R,acetylcholine,1,rh,lm|lh,49.0,49.0,0.0,472,0.104,19.0,0.0,30.0,rh->lm rh->lh,both
IN16B118,810194,16B,R,glutamate,-1,rh,rh,49.0,353.0,110.0,353,0.139,37.0,0.0,12.0,rh->lh rh->lf,contralateral
INXXX448,811420,XXX (unassigned),L,gaba,-1,lh,lm|rh|lh,49.0,67.0,0.0,418,0.117,19.0,30.0,0.0,lh->lm lh->rh,both
IN08A011,812017,08A,R,glutamate,-1,rm,lh|rh,49.0,49.0,0.0,437,0.112,0.0,13.0,36.0,rm->lh rm->rh,both
IN07B090,812212,07B,L,acetylcholine,1,lh,rh|lh,49.0,80.0,66.0,322,0.152,35.0,6.0,8.0,lh->rh lh->rm lh->lf,contralateral
IN23B072,815859,23B,R,acetylcholine,1,rf,rf|rm,49.0,110.0,0.0,200,0.245,10.0,28.0,11.0,rf->rm rf->lm rf->lf,both
IN09B047,815997,09B,L,glutamate,-1,rh|lm|lh,lh|rh,49.0,70.0,0.0,561,0.087,26.5,14.0,8.5,rh->lh lm->lh lm->rh,both
IN14A015,816311,14A,R,glutamate,-1,lf,lf,49.0,276.0,26.0,458,0.107,8.0,29.0,12.0,lf->lm lf->rh lf->rf,both
IN08B091,904567,08B,R,acetylcholine,1,lh,lh|rm,49.0,90.0,0.0,580,0.084,10.0,0.0,39.0,lh->rm lh->rh,both
IN01B029,905370,01B,R,gaba,-1,rm,rm,49.0,359.0,0.0,955,0.051,0.0,49.0,0.0,rm->rh,ipsilateral
IN23B047,906415,23B,R,acetylcholine,1,rh,rh|lh,49.0,109.0,0.0,782,0.063,39.0,10.0,0.0,rh->lh rh->rm,contralateral
IN12B081,907185,12B,R,gaba,-1,lf,lf|rf,49.0,177.0,0.0,231,0.212,28.0,11.0,10.0,lf->rf lf->lm lf->rm,both
IN07B073_e,911590,07B,L,acetylcholine,1,lm,lm|rm,49.0,217.0,0.0,560,0.088,36.0,13.0,0.0,lm->rm lm->lh,contralateral
IN01B052,932548,01B,R,gaba,-1,rh,rh,49.0,633.0,0.0,760,0.064,11.0,32.0,6.0,rh->rm rh->lh rh->lf,both
IN01B008,946195,01B,L,gaba,-1,lf,lf,49.0,408.0,7.0,1096,0.045,0.0,49.0,0.0,lf->lm,ipsilateral
IN06B059,805979,06B,R,gaba,-1,rh|rm|lh,lh|rh|rm,48.9,67.0,0.0,1002,0.049,15.3,17.0,16.5,rh->lh rm->lh rm->rh,both
IN16B077,810048,16B,R,glutamate,-1,rm,rm,48.9,475.0,138.0,481,0.102,0.0,48.9,0.0,rh->rm,ipsilateral
IN20A.22A009,904865,20A/22A,R,acetylcholine,1,rf,rf,48.9,242.0,140.0,254,0.193,0.0,45.5,3.4,rm->rf rh->rf,ipsilateral
IN04B077,806444,04B,L,acetylcholine,1,lm,lm,48.8,526.0,76.0,842,0.058,31.8,15.9,1.1,rm->lm lm->lf,both
IN13B034,805517,13B,R,gaba,-1,lh,lh,48.7,995.0,5.0,1101,0.044,13.9,34.7,0.1,lh->lm lh->rh lm->lh,ipsilateral
IN20A.22A039,902433,20A/22A,L,acetylcholine,1,lf,lf,48.7,455.0,80.0,500,0.097,0.0,35.7,13.0,lm->lf lf->rh,ipsilateral
IN16B042,905118,16B,L,glutamate,-1,lh,lh,48.7,1097.0,42.0,1772,0.027,0.3,35.6,12.9,lh->lm rm->lh lf->lh,ipsilateral
IN01A078,908721,01A,L,acetylcholine,1,rf|lf|lh,rf,48.7,82.0,0.0,122,0.399,24.3,0.0,24.3,lh->rf lf->rf,both
IN14A051,805377,14A,L,glutamate,-1,rh,rh,48.6,412.0,0.0,604,0.08,0.0,48.6,0.0,rm->rh rh->rm,ipsilateral
IN21A017,800959,21A,R,acetylcholine,1,rh,rh,48.5,1342.0,1012.0,1408,0.034,6.8,41.5,0.2,rm->rh rh->lh,ipsilateral
IN20A.22A035,802210,20A/22A,L,acetylcholine,1,lf,lf,48.5,472.0,92.0,472,0.103,15.4,32.5,0.6,lh->lf lf->rf lf->lm,both
IN16B040,804111,16B,L,glutamate,-1,lh,lh,48.4,1276.0,318.0,1422,0.034,4.9,43.4,0.1,lm->lh lh->lm lh->rh,ipsilateral
IN13B056,806889,13B,R,gaba,-1,lm,lm,48.4,733.0,0.0,809,0.06,17.4,30.2,0.8,lm->lf rm->lm lm->lh,both
IN03A026_c,807009,03A,R,acetylcholine,1,rh,rh,48.4,525.0,343.0,686,0.071,42.7,5.6,0.2,lh->rh rh->lh rm->rh,contralateral
IN06A081,807879,06A,R,gaba,-1,lh|rh,rh|lf,48.4,61.0,0.0,751,0.064,20.4,17.3,10.7,lh->rh lh->lf rh->lf,both
IN09A060,810644,09A,R,gaba,-1,rm|rf,rm,48.3,166.0,0.0,459,0.105,3.9,43.3,1.1,rf->rm rm->rf rh->rm,ipsilateral
IN20A.22A024,909416,20A/22A,R,acetylcholine,1,rm,rm,48.3,669.0,28.0,791,0.061,0.0,48.3,0.0,rh->rm rm->rh rm->rf,ipsilateral
IN04B103,909956,04B,L,acetylcholine,1,lm|lh,lm,48.3,208.0,49.0,245,0.197,0.0,48.3,0.0,lh->lm lf->lm,ipsilateral
IN21A004,801054,21A,L,acetylcholine,1,lm,lm,48.2,2482.0,1262.0,2685,0.018,11.8,36.5,0.0,lh->lm rm->lm lf->lm,ipsilateral
IN07B032,803664,07B,R,acetylcholine,1,rm,lh|rm,48.2,65.0,0.0,1931,0.025,4.6,10.2,33.4,rm->lh rf->lh,both
IN21A049,807556,21A,R,glutamate,-1,rh,rh,48.2,793.0,420.0,866,0.056,0.0,48.2,0.0,rm->rh rh->rm,ipsilateral
IN16B042,801992,16B,L,glutamate,-1,lh,lh,48.1,1077.0,23.0,1750,0.027,0.0,48.1,0.0,lf->lh lm->lh lh->lm,ipsilateral
IN01A081,822498,01A,L,acetylcholine,1,rf|lf,rf,48.1,123.0,0.0,181,0.266,34.8,13.4,0.0,lf->rf rh->rf,contralateral
IN04B025,801604,04B,L,acetylcholine,1,lm,lm,48.0,624.0,85.0,881,0.054,0.0,48.0,0.0,lh->lm lf->lm,ipsilateral
IN14A013,803706,14A,R,glutamate,-1,lf,lf,48.0,1117.0,51.0,1304,0.037,0.0,48.0,0.0,lf->lm,ipsilateral
IN00A045,804575,00A,M,gaba,-1,lh,rh|lh,48.0,93.0,0.0,1633,0.029,48.0,0.0,0.0,lh->rh,contralateral
IN03A033,804640,03A,L,acetylcholine,1,lm,lm,48.0,881.0,320.0,966,0.05,0.0,48.0,0.0,lm->lh,ipsilateral
IN19B091,804680,19B,R,acetylcholine,1,rh|rm,lh|lm,48.0,48.0,0.0,647,0.074,24.7,0.0,23.3,rh->lh rh->lm,both
IN08A017,805289,08A,L,glutamate,-1,lh,lh,48.0,1301.0,96.0,1366,0.035,48.0,0.0,0.0,lh->rh,contralateral
IN04B063,806684,04B,R,acetylcholine,1,rh,rh,48.0,458.0,177.0,500,0.096,48.0,0.0,0.0,rh->lh,contralateral
IN01A088,807081,01A,R,acetylcholine,1,rf,lh|lm,48.0,48.0,0.0,234,0.205,0.0,0.0,48.0,rf->lh rf->lm,both
IN13B077,807197,13B,L,gaba,-1,rh,rh,48.0,527.0,25.0,624,0.077,5.0,43.0,0.0,rh->rm rh->lh,ipsilateral
INXXX407,809050,XXX (unassigned),R,acetylcholine,1,rh,lm,48.0,48.0,0.0,759,0.063,0.0,0.0,48.0,rh->lm,both
IN16B073,809083,16B,R,glutamate,-1,rm,rm,48.0,408.0,97.0,423,0.114,0.0,48.0,0.0,rh->rm rm->rh rm->rf,ipsilateral
IN16B051,809611,16B,R,glutamate,-1,rh,lh,48.0,48.0,0.0,401,0.12,43.0,5.0,0.0,rh->lh rh->rm,contralateral
IN20A.22A073,810090,20A/22A,L,acetylcholine,1,lh,lh,48.0,286.0,41.0,294,0.163,22.0,26.0,0.0,lh->lm lh->rh,both
IN18B050,812762,18B,L,acetylcholine,1,rh,rh|lh,48.0,146.0,59.0,151,0.318,48.0,0.0,0.0,rh->lh,contralateral
INXXX426,819662,XXX (unassigned),R,gaba,-1,lh,rh|lh,48.0,67.0,0.0,282,0.17,48.0,0.0,0.0,lh->rh,contralateral
IN13B021,903550,13B,L,gaba,-1,rh,rh,48.0,479.0,0.0,2648,0.018,23.0,25.0,0.0,rh->rm rh->lh,both
IN20A.22A056,905982,20A/22A,L,acetylcholine,1,lf,lf,48.0,623.0,33.0,896,0.054,29.0,19.0,0.0,lf->rf lf->lm,both
IN20A.22A056,911013,20A/22A,L,acetylcholine,1,lf,lf,48.0,410.0,21.0,461,0.104,26.0,22.0,0.0,lf->rf lf->lm,both
IN01B022,936507,01B,L,gaba,-1,lh,lh,48.0,400.0,0.0,1249,0.038,31.0,17.0,0.0,lh->rh lh->lm,both
IN12B025,804489,12B,L,gaba,-1,rm,rm,47.9,333.0,22.0,458,0.105,0.0,23.0,24.9,lf->rm rh->rm rm->rh,both
IN23B034,806365,23B,R,acetylcholine,1,rf|lf,lm|rf|rm,47.8,61.0,0.0,460,0.104,6.8,17.9,23.1,rf->lm rf->rm lf->lm,both
IN17A061,803863,17A,R,acetylcholine,1,rm,rm,47.7,827.0,506.0,895,0.053,0.0,47.7,0.0,rh->rm rm->rh rf->rm,ipsilateral
IN20A.22A039,805872,20A/22A,R,acetylcholine,1,rf,rf,47.7,337.0,112.0,396,0.12,5.2,35.9,6.5,rf->rm rm->rf lm->rf,ipsilateral
IN03A087,817054,03A,L,acetylcholine,1,lf,lf,47.7,211.0,79.0,238,0.2,13.3,33.7,0.7,lf->lm lf->rf lm->lf,ipsilateral
IN16B113,902806,16B,L,glutamate,-1,lm,lm,47.7,397.0,143.0,429,0.111,0.0,47.7,0.0,lf->lm lm->lh,ipsilateral
IN06B053,907853,06B,L,gaba,-1,rh|rm,lm|rm,47.6,56.0,0.0,722,0.066,14.9,9.6,23.1,rh->lm rm->lm rh->rm,both
IN03A071,933394,03A,R,acetylcholine,1,rm,rm,47.6,586.0,122.0,625,0.076,0.0,47.6,0.0,rm->rh rh->rm,ipsilateral
INXXX471,801371,XXX (unassigned),R,gaba,-1,rm,rm,47.5,2195.0,916.0,2292,0.021,3.0,37.6,6.9,rf->rm rh->rm rm->lh,ipsilateral
IN08A032,808723,08A,R,glutamate,-1,rm,rm,47.5,521.0,339.0,521,0.091,0.0,47.5,0.0,rh->rm rf->rm,ipsilateral
IN19B086,811927,19B,L,acetylcholine,1,lm|rm|lh,rm|lm,47.5,77.0,5.0,329,0.144,30.4,5.8,11.3,lm->rm lh->rm rm->lm,both
IN21A063,813090,21A,R,glutamate,-1,rm|rf,rm,47.5,190.0,123.0,371,0.128,0.0,47.5,0.0,rf->rm,ipsilateral
IN16B065,904323,16B,L,glutamate,-1,lm,lm,47.5,848.0,154.0,1002,0.047,22.7,20.0,4.9,rm->lm lh->lm lm->rh,both
IN12B088,910351,12B,L,gaba,-1,rm|lh|lm,rm,47.5,74.0,0.0,237,0.2,16.8,6.7,24.0,lh->rm lm->rm,both
IN01A056,807923,01A,R,acetylcholine,1,lf,lf,47.4,479.0,58.0,494,0.096,9.7,15.4,22.3,lf->rh lm->lf lf->rf,both
IN20A.22A073,910604,20A/22A,L,acetylcholine,1,lh,lh,47.4,233.0,17.0,233,0.204,18.5,28.4,0.5,lh->lm lh->rh lf->lh,both
IN19A022,802494,19A,L,gaba,-1,lf,lf,47.3,980.0,688.0,1139,0.041,0.1,42.9,4.3,lf->lm lm->lf,ipsilateral
IN06B056,806852,06B,L,gaba,-1,lf|rm|lh|rf,lm|rm,47.2,57.0,0.0,597,0.079,11.1,20.0,16.0,lf->lm rm->lm lh->lm,both
IN08A038,807427,08A,R,glutamate,-1,rm,rm,47.2,373.0,69.0,597,0.079,8.8,38.2,0.2,rm->rf rm->lm rf->rm,ipsilateral
IN06A048,908685,06A,L,gaba,-1,rh|lf|lh,rh|lf|lm,47.2,62.0,0.0,749,0.063,9.9,16.7,20.6,lf->rh lh->rh rh->lf,both
IN04B011,905023,04B,R,acetylcholine,1,rm,rm,47.1,982.0,164.0,1107,0.043,8.8,32.1,6.2,rf->rm rm->lm rm->rf,both
IN20A.22A004,906750,20A/22A,L,acetylcholine,1,lf,lf,47.1,762.0,448.0,912,0.052,10.9,36.2,0.0,lm->lf rf->lf,ipsilateral
IN04B018,912553,04B,R,acetylcholine,1,rm,rm,47.1,175.0,17.0,191,0.246,29.6,0.7,16.8,lm->rm lf->rm rm->lm,both
IN14A004,802041,14A,R,glutamate,-1,lf,lf,47.0,1447.0,231.0,1724,0.027,38.0,0.0,9.0,lf->rf lf->rh,contralateral
IN20A.22A066,802129,20A/22A,R,acetylcholine,1,rh,rh,47.0,547.0,134.0,630,0.075,33.0,14.0,0.0,rh->lh rh->rm,contralateral
IN14A009,802709,14A,L,glutamate,-1,rf,rf,47.0,815.0,58.0,978,0.048,36.0,11.0,0.0,rf->lf rf->rm,contralateral
IN18B035,804842,18B,L,acetylcholine,1,lh|rh,lh|rh,47.0,74.0,0.0,1384,0.034,26.5,10.4,10.1,lh->rh rh->lh,both
IN03B056,806303,03B,L,gaba,-1,lh,lh,47.0,433.0,427.0,785,0.06,47.0,0.0,0.0,lh->rh,contralateral
IN09A076,806606,09A,R,gaba,-1,rm,rm,47.0,302.0,14.0,317,0.148,0.0,47.0,0.0,rm->rh rm->rf,ipsilateral
IN20A.22A053,807104,20A/22A,R,acetylcholine,1,rm,rm,47.0,655.0,82.0,874,0.054,0.3,30.2,16.5,rm->rh lf->rm rm->rf,both
IN07B067,807904,07B,L,acetylcholine,1,rm,rh,47.0,47.0,6.0,773,0.061,0.0,47.0,0.0,rm->rh,ipsilateral
IN20A.22A086,810159,20A/22A,L,acetylcholine,1,lh,lh|lm,47.0,171.0,0.0,550,0.085,13.0,34.0,0.0,lh->lm lh->rh,ipsilateral
IN12B053,812391,12B,L,gaba,-1,rm,rm,47.0,234.0,0.0,247,0.19,0.0,47.0,0.0,rm->rh rm->rf,ipsilateral
IN06A110,812541,06A,R,gaba,-1,rh,lh|rh,47.0,58.0,0.0,336,0.14,47.0,0.0,0.0,rh->lh,contralateral
IN03B090,813410,03B,R,gaba,-1,lh,lf|lm|rm,47.0,47.0,0.0,321,0.146,0.0,33.0,14.0,lh->lf lh->lm lh->rm,ipsilateral
IN09A049,814212,09A,R,gaba,-1,rf,rf,47.0,266.0,0.0,297,0.158,11.0,28.0,8.0,rf->rm rf->lf rf->lh,both
IN20A.22A090,814269,20A/22A,R,acetylcholine,1,rh,rh,47.0,234.0,0.0,315,0.149,23.0,24.0,0.0,rh->rm rh->lh,both
IN16B075_h,904748,16B,R,glutamate,-1,rf,rf|rm,47.0,249.0,65.0,483,0.097,6.0,41.0,0.0,rf->rm rf->lf,ipsilateral
IN08A011,908642,08A,R,glutamate,-1,rm,rh,47.0,54.0,7.0,869,0.054,0.0,47.0,0.0,rm->rh,ipsilateral
IN23B072,913933,23B,L,acetylcholine,1,lf,lf,47.0,183.0,0.0,319,0.147,5.0,25.0,17.0,lf->lm lf->rm lf->rf,both
IN09A031,914587,09A,R,gaba,-1,rf,rf|lf,47.0,213.0,0.0,553,0.085,47.0,0.0,0.0,rf->lf,contralateral
IN00A068,940583,00A,M,gaba,-1,lm,lh|rm,47.0,47.0,0.0,429,0.11,12.0,29.0,6.0,lm->lh lm->rm lm->rh,both
IN03B053,804926,03B,R,gaba,-1,rh,rh,46.9,150.0,0.0,806,0.058,25.9,19.6,1.4,rh->rm rh->lh lh->rh,both
IN13B070,805917,13B,R,gaba,-1,lm,lm,46.9,847.0,5.0,1003,0.047,0.0,46.9,0.0,lf->lm lm->lf,ipsilateral
IN00A043,806068,00A,M,gaba,-1,lh,lh|lf|rf,46.9,81.0,0.0,860,0.055,0.0,25.8,21.0,lh->lf lh->rf,both
IN01B039,907040,01B,R,gaba,-1,rh|lh,rh,46.9,233.0,6.0,542,0.087,46.9,0.0,0.0,lh->rh,contralateral
IN04B074,805143,04B,R,acetylcholine,1,rh,rh,46.8,553.0,387.0,586,0.08,12.2,34.2,0.3,rm->rh lh->rh,ipsilateral
IN03A032,806503,03A,R,acetylcholine,1,rm,rm,46.8,556.0,160.0,598,0.078,0.3,39.8,6.7,rh->rm rm->rh rm->lh,ipsilateral
IN16B083,809771,16B,L,glutamate,-1,lf,lf,46.8,385.0,98.0,392,0.119,0.0,46.8,0.0,lf->lm lh->lf,ipsilateral
IN20A.22A024,807365,20A/22A,L,acetylcholine,1,lm,lm,46.7,779.0,53.0,926,0.05,8.9,37.7,0.1,lm->lf lf->lm lm->rm,ipsilateral
"IN20A.22A070,IN20A.22A080",808605,20A/22A,R,acetylcholine,1,rm,rm|rh,46.7,203.0,0.0,594,0.079,0.0,46.7,0.0,rm->rh rh->rm,ipsilateral
IN12B074,810201,12B,L,gaba,-1,rm|rh,rm,46.7,165.0,0.0,371,0.126,0.0,46.7,0.0,rh->rm rm->rh rm->rf,ipsilateral
INXXX448,812045,XXX (unassigned),R,gaba,-1,lh|rh,lh|rm,46.7,77.0,0.0,460,0.101,23.7,9.6,13.4,rh->lh lh->rm rh->rm,both
IN01A027,801658,01A,R,acetylcholine,1,lh,lm|lh,46.6,61.0,0.0,3186,0.015,0.2,45.8,0.6,lh->lm,ipsilateral
IN12B075,909700,12B,L,gaba,-1,rm|lm,rm,46.6,167.0,0.0,312,0.149,46.6,0.0,0.0,lm->rm rm->lm,contralateral
IN13B011,802012,13B,L,gaba,-1,rm,rm,46.5,1414.0,207.0,1974,0.024,0.2,35.5,10.8,rh->rm rm->lh rf->rm,ipsilateral
IN12B024_c,804835,12B,R,gaba,-1,lm,lm,46.5,274.0,146.0,408,0.114,0.1,43.7,2.7,lh->lm lf->lm lm->lf,ipsilateral
IN01A078,811426,01A,R,acetylcholine,1,lf|rf,lf,46.5,153.0,5.0,265,0.175,36.8,9.7,0.0,rf->lf lh->lf,contralateral
IN20A.22A048,806896,20A/22A,L,acetylcholine,1,lh,lh,46.3,527.0,24.0,755,0.061,5.7,40.3,0.3,lm->lh lh->lm lh->rh,ipsilateral
IN01A076,809635,01A,L,acetylcholine,1,rm,rm,46.3,310.0,19.0,325,0.143,11.6,34.3,0.4,rm->rh rm->lm rh->rm,ipsilateral
IN12B074,810915,12B,L,gaba,-1,rh|rm,rh,46.3,110.0,14.0,208,0.223,0.0,46.3,0.0,rm->rh,ipsilateral
IN13A036,811377,13A,R,gaba,-1,rm,rm,46.3,270.0,0.0,473,0.098,0.0,46.3,0.0,rh->rm rm->rh,ipsilateral
IN20A.22A036,907045,20A/22A,R,acetylcholine,1,rf,rf,46.3,319.0,151.0,319,0.145,8.4,37.3,0.6,rh->rf rf->rm rf->lf,ipsilateral
IN11A022,805311,11A,L,acetylcholine,1,lm|lf,lh|lm|rh,46.2,54.0,0.0,584,0.079,4.2,29.2,12.8,lm->lh lf->lh lm->rh,both
IN08A043,809788,08A,L,glutamate,-1,lh,lh,46.2,565.0,437.0,589,0.079,0.0,46.2,0.0,lm->lh,ipsilateral
IN03A048,805918,03A,R,acetylcholine,1,rh,rh,46.1,944.0,562.0,1033,0.045,46.1,0.0,0.0,lh->rh,contralateral
IN04B112,810245,04B,R,acetylcholine,1,rm,rm,46.1,209.0,0.0,468,0.099,0.5,32.1,13.5,rm->rh rm->lh rh->rm,both
INXXX448,904109,XXX (unassigned),L,gaba,-1,lh|rm,rh|lm|lh,46.1,57.0,0.0,337,0.137,25.4,16.4,4.3,lh->rh rm->rh lh->lm,both
IN03A026_c,803108,03A,L,acetylcholine,1,lh,lh,46.0,977.0,557.0,1128,0.041,42.9,3.0,0.1,lh->rh,contralateral
IN06A054,804600,06A,R,gaba,-1,rf|lf,lh,46.0,46.0,0.0,1139,0.04,0.0,21.9,24.1,rf->lh lf->lh,both
IN17A090,805170,17A,L,acetylcholine,1,lh,lh|lm|rh,46.0,128.0,0.0,1001,0.046,22.0,24.0,0.0,lh->lm lh->rh,both
IN20A.22A024,805667,20A/22A,L,acetylcholine,1,lh,lh,46.0,526.0,80.0,769,0.06,11.0,35.0,0.0,lh->lm lh->rh,ipsilateral
IN12B079_c,805716,12B,R,gaba,-1,lh,lm,46.0,46.0,0.0,624,0.074,0.0,46.0,0.0,lh->lm,ipsilateral
IN19B075,806588,19B,L,acetylcholine,1,rm,lh,46.0,46.0,0.0,901,0.051,0.0,0.0,46.0,rm->lh,both
IN23B068,806971,23B,R,acetylcholine,1,rh,rh,46.0,278.0,0.0,549,0.084,26.0,20.0,0.0,rh->lh rh->rm,both
IN20A.22A013,808024,20A/22A,R,acetylcholine,1,rf,rf|lf,46.0,265.0,29.0,424,0.108,41.0,5.0,0.0,rf->lf rf->rm,contralateral
IN04B041,809261,04B,L,acetylcholine,1,lf,lf,46.0,319.0,107.0,417,0.11,7.9,37.0,1.1,lm->lf lf->rf,ipsilateral
IN13A028,904576,13A,R,gaba,-1,rh,rh,46.0,386.0,18.0,419,0.11,9.5,36.0,0.5,rh->rm rm->rh rh->lh,ipsilateral
IN01B017,908024,01B,L,gaba,-1,lm,lm,46.0,541.0,0.0,1398,0.033,0.0,46.0,0.0,lm->lh lm->lf,ipsilateral
IN09A031,908333,09A,R,gaba,-1,rm,rm,46.0,487.0,0.0,1416,0.032,0.0,8.0,38.0,rm->lf rm->lh rm->rh,both
IN17A052,804760,17A,R,acetylcholine,1,rf,rf,45.9,858.0,490.0,895,0.051,19.9,25.4,0.6,rf->rm lf->rf,both
IN21A012,802792,21A,R,acetylcholine,1,rf,rf,45.8,958.0,657.0,982,0.047,0.0,45.8,0.0,rh->rf rf->rm,ipsilateral
IN06A050,806286,06A,L,gaba,-1,lh|lm|rm,lh|rh,45.8,74.0,60.0,1004,0.046,19.0,13.7,13.1,lh->rh lm->lh rm->lh,both
IN16B095,809640,16B,L,glutamate,-1,lm,lm,45.8,441.0,201.0,471,0.097,0.0,45.8,0.0,lh->lm lm->lh lm->lf,ipsilateral
IN06B065,817664,06B,R,gaba,-1,lm|rm,lm,45.7,140.0,111.0,247,0.185,45.7,0.0,0.0,rm->lm,contralateral
IN23B089,809704,23B,R,acetylcholine,1,rm|rh,rm,45.6,117.0,0.0,392,0.116,0.0,45.6,0.0,rh->rm rm->rh,ipsilateral
IN20A.22A082,909065,20A/22A,L,acetylcholine,1,lf|lh,lf|lh,45.6,108.0,0.0,275,0.166,0.0,45.6,0.0,lf->lh lh->lf,ipsilateral
IN13A008,802127,13A,L,gaba,-1,lh,lh,45.5,335.0,0.0,2932,0.016,18.5,26.8,0.2,lh->lm lh->rh,both
IN20A.22A004,802307,20A/22A,R,acetylcholine,1,rh,rh,45.5,1241.0,517.0,1576,0.029,31.8,13.4,0.3,rh->lh rm->rh lh->rh,both
IN00A038,802425,00A,M,gaba,-1,rh,lm|rh|lh,45.5,62.0,0.0,645,0.071,13.1,10.3,22.1,rh->lm rh->lh,both
IN00A038,804185,00A,M,gaba,-1,rh|lh,lm|rm|rh,45.5,55.0,0.0,635,0.072,5.5,19.2,20.8,rh->lm rh->rm lh->lm,both
IN20A.22A012,806661,20A/22A,L,acetylcholine,1,lf,lf,45.5,350.0,48.0,597,0.076,0.0,45.5,0.0,lh->lf lf->lm,ipsilateral
"IN20A.22A070,IN20A.22A080",808961,20A/22A,L,acetylcholine,1,lm,lm,45.5,244.0,5.0,593,0.077,7.2,37.5,0.8,lm->lh lh->lm lf->lm,ipsilateral
IN12B072,812194,12B,L,gaba,-1,rf,rf,45.5,137.0,0.0,163,0.279,28.8,2.3,14.4,lm->rf lf->rf rf->lf,both
IN08A030,813311,08A,L,glutamate,-1,lf,lf,45.5,306.0,186.0,337,0.135,0.0,45.5,0.0,lm->lf,ipsilateral
IN20A.22A009,804935,20A/22A,L,acetylcholine,1,lm,lm,45.4,519.0,235.0,524,0.087,4.7,37.8,2.8,lh->lm lf->lm rm->lm,ipsilateral
IN17A052,904826,17A,L,acetylcholine,1,lf,lf,45.3,978.0,424.0,1001,0.045,17.3,27.7,0.3,lf->lm rf->lf lf->rf,both
INXXX337,805242,XXX (unassigned),R,gaba,-1,rm|lf|lm|lh,lh|rh,45.2,49.0,0.0,1384,0.033,3.6,20.9,20.8,rm->lh rm->rh lf->lh,both
IN20A.22A071,807166,20A/22A,L,acetylcholine,1,lf,lf,45.2,333.0,0.0,527,0.086,0.0,45.2,0.0,lf->lm lm->lf lf->lh,ipsilateral
IN12B037_a,808855,12B,L,gaba,-1,rm,rm,45.2,232.0,20.0,343,0.132,8.0,30.3,6.9,rm->rh rm->rf rm->lm,both
IN00A066,808032,00A,M,gaba,-1,lm|lh,lh|rm,45.1,65.0,0.0,611,0.074,10.7,24.1,10.3,lm->lh lm->rm lm->rh,both
INXXX137,801369,XXX (unassigned),R,acetylcholine,1,rh,lh|rh,45.0,78.0,0.0,4204,0.011,45.0,0.0,0.0,rh->lh,contralateral
IN23B020,803018,23B,L,acetylcholine,1,lh,lh|lm,45.0,192.0,0.0,1612,0.028,0.0,40.0,5.0,lh->lm lh->rm,ipsilateral
IN00A033,803317,00A,M,gaba,-1,lh|rf,rh|lh,45.0,51.0,0.0,2132,0.021,32.2,10.8,2.0,lh->rh rf->rh,contralateral
IN03A062_f,805413,03A,L,acetylcholine,1,lm,lm,45.0,667.0,39.0,806,0.056,25.6,19.0,0.4,lm->rm lm->lh lf->lm,both
IN00A035,805704,00A,M,gaba,-1,lm|lh,lf|rf,45.0,45.0,0.0,766,0.059,0.0,23.4,21.6,lm->lf lm->rf lh->lf,both
IN20A.22A053,808125,20A/22A,L,acetylcholine,1,lf,lf,45.0,408.0,0.0,510,0.088,14.0,31.0,0.0,lf->lm lf->rf,both
IN07B075,809144,07B,R,acetylcholine,1,rh,rf|lh|rh,45.0,53.0,0.0,610,0.074,18.0,27.0,0.0,rh->rf rh->lh,both
IN12B070,809849,12B,R,gaba,-1,rh|lf,lf,45.0,80.0,0.0,337,0.134,0.0,0.0,45.0,rh->lf,both
IN02A057,812133,02A,R,glutamate,-1,rf,rf|lf,45.0,122.0,0.0,327,0.138,37.0,8.0,0.0,rf->lf rf->rm,contralateral
IN12B035,907224,12B,L,gaba,-1,rm,lf|rf,45.0,45.0,0.0,107,0.421,0.0,12.0,33.0,rm->lf rm->rf,both
IN14A038,908287,14A,R,glutamate,-1,lh,lh,45.0,331.0,0.0,568,0.079,28.0,17.0,0.0,lh->rh lh->lm,both
IN00A043,806217,00A,M,gaba,-1,lh,lh|lf|rf,44.9,89.0,0.0,750,0.06,1.2,28.9,14.8,lh->lf lh->rf lh->lm,both
IN12B068_a,806568,12B,R,gaba,-1,rh|lh|lm,lh|rh,44.8,62.0,0.0,642,0.07,27.3,9.2,8.3,rh->lh lm->lh rm->lh,both
IN03A060,802998,03A,R,acetylcholine,1,rm,rm,44.7,671.0,255.0,756,0.059,0.4,36.7,7.6,rh->rm rm->lh rm->rh,ipsilateral
INXXX206,803405,XXX (unassigned),L,acetylcholine,1,lh|rh,rh|lh,44.7,88.0,10.0,1803,0.025,43.5,0.6,0.6,lh->rh rh->lh,contralateral
IN03A033,804808,03A,L,acetylcholine,1,lm,lm,44.7,935.0,484.0,965,0.046,0.0,44.7,0.0,lm->lh lf->lm,ipsilateral
IN13A030,805897,13A,R,gaba,-1,rh,rh,44.7,681.0,227.0,720,0.062,0.0,44.7,0.0,rm->rh,ipsilateral
IN11A030,807804,11A,L,acetylcholine,1,lh|lm,lm|lf|rf,44.7,58.0,0.0,422,0.106,0.9,32.3,11.6,lh->lm lh->lf lm->lf,ipsilateral
IN17A041,905938,17A,L,glutamate,-1,lm,lm,44.7,2267.0,940.0,2358,0.019,0.0,37.7,7.0,lf->lm rh->lm lm->lh,ipsilateral
INXXX373,929749,XXX (unassigned),L,acetylcholine,1,lh|rh,rh,44.7,76.0,0.0,1582,0.028,44.7,0.0,0.0,lh->rh,contralateral
IN12A025,803465,12A,L,acetylcholine,1,lh,lh|rh|lm,44.6,97.0,6.0,1446,0.031,27.7,15.8,1.1,lh->rh lh->lm,both
IN09A066,810734,09A,R,gaba,-1,rm,rm,44.6,407.0,0.0,639,0.07,0.0,44.6,0.0,rh->rm rm->rh,ipsilateral
IN14A066,905753,14A,L,glutamate,-1,rf|lf,rf,44.6,208.0,0.0,381,0.117,44.6,0.0,0.0,lf->rf,contralateral
IN19B012,800583,19B,L,acetylcholine,1,rm,rm,44.5,4456.0,2200.0,4566,0.01,29.4,15.1,0.0,lm->rm rf->rm,both
IN00A035,806016,00A,M,gaba,-1,lh|rh|lm,rf|lf,44.5,47.0,0.0,796,0.056,2.8,18.8,22.8,lh->rf rh->rf lm->rf,both
IN04B107,808205,04B,L,acetylcholine,1,lh,lh,44.5,356.0,169.0,476,0.094,37.2,6.5,0.8,lh->rh lm->lh,contralateral
IN20A.22A087,816103,20A/22A,R,acetylcholine,1,rm|lf,rm,44.5,109.0,47.0,119,0.374,0.0,4.4,40.1,lf->rm,both
IN04B024,808400,04B,R,acetylcholine,1,rf|rm|rh,rf,44.4,104.0,41.0,151,0.294,0.0,44.4,0.0,rm->rf rh->rf,ipsilateral
IN11A014,905707,11A,R,acetylcholine,1,rm,rm,44.4,184.0,0.0,727,0.061,0.0,39.4,5.0,rh->rm rm->rf rm->rh,ipsilateral
IN04B074,910196,04B,R,acetylcholine,1,rh,rh,44.4,351.0,236.0,368,0.121,13.7,29.4,1.3,rm->rh rh->lh,both
IN04B017,803054,04B,L,acetylcholine,1,lm,lm,44.3,991.0,130.0,1280,0.035,35.3,8.8,0.2,rm->lm lm->rm lm->lf,contralateral
IN13A027,808857,13A,R,gaba,-1,rf,rf,44.3,413.0,195.0,427,0.104,31.2,12.6,0.4,lf->rf rm->rf rf->lf,contralateral
IN06A042,809603,06A,L,gaba,-1,rm|lh,lm|lf|lh,44.3,47.0,0.0,322,0.138,14.7,13.0,16.7,rm->lm rm->lf lh->lm,both
IN23B028,805869,23B,L,acetylcholine,1,lf,lf,44.2,155.0,0.0,648,0.068,12.3,23.2,8.7,lf->rf lf->lm lf->rh,both
IN12A026,905171,12A,L,acetylcholine,1,lh|rh|lm,lh|rh,44.2,75.0,19.0,2680,0.016,25.3,13.4,5.6,rh->lh lm->lh lh->rh,both
IN20A.22A009,905631,20A/22A,R,acetylcholine,1,rf,rf,44.2,210.0,115.0,225,0.196,0.0,38.7,5.4,rh->rf rm->rf lm->rf,ipsilateral
IN14A009,801876,14A,L,glutamate,-1,rm,rm,44.1,1560.0,312.0,1863,0.024,0.0,44.1,0.0,rm->rf rm->rh,ipsilateral
IN03A071,804163,03A,R,acetylcholine,1,rm,rm,44.1,577.0,225.0,678,0.065,0.0,44.1,0.0,rh->rm rm->rh,ipsilateral
IN09A060,805355,09A,R,gaba,-1,rh,rh,44.1,217.0,0.0,711,0.062,1.6,28.1,14.4,rf->rh rh->lf rh->rm,both
IN08A043,810397,08A,R,glutamate,-1,rh,rh,44.1,503.0,437.0,570,0.077,0.0,44.1,0.0,rm->rh,ipsilateral
IN21A020,802239,21A,L,acetylcholine,1,lm,lm,44.0,1377.0,566.0,1625,0.027,12.4,31.5,0.1,lf->lm rm->lm lm->lh,ipsilateral
IN23B031,803781,23B,R,acetylcholine,1,rm,rm|rh,44.0,150.0,0.0,788,0.056,0.0,44.0,0.0,rm->rh,ipsilateral
IN20A.22A054,804062,20A/22A,L,acetylcholine,1,lh,lh,44.0,491.0,42.0,753,0.058,0.0,44.0,0.0,lh->lm,ipsilateral
INXXX258,804736,XXX (unassigned),R,gaba,-1,lh|rh,rh|lh,44.0,76.0,0.0,1654,0.027,44.0,0.0,0.0,lh->rh rh->lh,contralateral
IN07B061,805184,07B,L,glutamate,-1,lh|rh,lh|rh,44.0,84.0,0.0,1267,0.035,31.3,6.2,6.5,lh->rh rh->lh lf->lh,contralateral
IN23B046,805187,23B,R,acetylcholine,1,rh,rh|lh,44.0,106.0,0.0,795,0.055,44.0,0.0,0.0,rh->lh,contralateral
IN12B022,805618,12B,R,gaba,-1,lh,lh,44.0,261.0,51.0,629,0.07,32.0,12.0,0.0,lh->rh lh->lf,contralateral
IN13A029,806331,13A,L,gaba,-1,lh,lh,44.0,382.0,0.0,747,0.059,0.0,44.0,0.0,lh->lm,ipsilateral
IN23B049,806952,23B,L,acetylcholine,1,lf,lf|rf,44.0,183.0,0.0,461,0.095,44.0,0.0,0.0,lf->rf,contralateral
IN01A063_a,809452,01A,R,acetylcholine,1,lf,lf,44.0,569.0,230.0,598,0.074,0.0,44.0,0.0,lf->lm,ipsilateral
IN16B047,810042,16B,R,glutamate,-1,rh,lh|rm,44.0,44.0,0.0,463,0.095,32.0,7.0,5.0,rh->lh rh->rm rh->lf,contralateral
IN07B075,810091,07B,R,acetylcholine,1,rh,lh|rf,44.0,44.0,0.0,505,0.087,23.0,21.0,0.0,rh->lh rh->rf,both
IN20A.22A039,906418,20A/22A,L,acetylcholine,1,lh,lh,44.0,298.0,68.0,431,0.102,15.4,27.0,1.6,lm->lh lh->rh,both
IN11A027_c,907253,11A,R,acetylcholine,1,lm|rm,rh,44.0,44.0,0.0,220,0.2,5.0,14.0,25.0,lm->rh rm->rh lh->rh,both
IN16B108,909399,16B,L,glutamate,-1,lh,lh,44.0,821.0,5.0,845,0.052,35.0,9.0,0.0,lh->rh lh->lm,contralateral
IN20A.22A036,909522,20A/22A,R,acetylcholine,1,rf,rf,44.0,287.0,67.0,293,0.15,11.3,32.0,0.7,rh->rf rf->rm rf->lf,ipsilateral
"IN20A.22A070,IN20A.22A080",910487,20A/22A,L,acetylcholine,1,lm,lm,44.0,234.0,0.0,677,0.065,5.5,38.0,0.5,lm->lh lh->lm lm->rm,ipsilateral
IN13B018,933090,13B,R,gaba,-1,lf,lf,44.0,996.0,351.0,1134,0.039,44.0,0.0,0.0,lf->rf,contralateral
IN17B003,801577,17B,R,gaba,-1,rh|lh,lm|rh,43.9,56.0,0.0,3978,0.011,3.4,11.8,28.7,rh->lm lh->lm,both
IN00A041,806192,00A,M,gaba,-1,rh|lm|lh|rm,rm|lm,43.9,53.0,6.0,826,0.053,12.2,16.5,15.1,rh->rm lm->rm lh->rm,both
IN03A071,807791,03A,R,acetylcholine,1,rm,rm,43.9,506.0,128.0,555,0.079,0.0,43.9,0.0,rm->rh rh->rm,ipsilateral
IN20A.22A016,806423,20A/22A,L,acetylcholine,1,lm,lm,43.8,495.0,32.0,687,0.064,32.2,10.8,0.8,lm->rm lf->lm,contralateral
IN08A026,808387,08A,L,glutamate,-1,lm,lm,43.8,624.0,593.0,624,0.07,0.0,43.8,0.0,lh->lm lf->lm,ipsilateral
"IN21A091,IN21A092",812827,21A,R,glutamate,-1,rh|rm,rh,43.8,179.0,5.0,320,0.137,5.0,33.8,5.0,rm->rh,ipsilateral
IN00A055,804452,00A,M,gaba,-1,rm|lm,rm|rh|lm,43.7,79.0,0.0,799,0.055,17.8,16.5,9.4,rm->rh rm->lm lm->rm,both
IN20A.22A067,807753,20A/22A,L,acetylcholine,1,lm,lm,43.7,428.0,84.0,491,0.089,0.0,43.7,0.0,lf->lm,ipsilateral
IN13A005,903700,13A,R,gaba,-1,rm,rm,43.7,2016.0,292.0,2684,0.016,0.0,34.0,9.7,rh->rm rm->rh rm->lf,ipsilateral
IN20A.22A043,908011,20A/22A,L,acetylcholine,1,lm,lm,43.7,494.0,240.0,504,0.087,0.0,43.7,0.0,lm->lh lm->lf lf->lm,ipsilateral
IN16B070,808506,16B,L,glutamate,-1,lf,lf,43.6,377.0,164.0,400,0.109,43.6,0.0,0.0,lf->rf rf->lf,contralateral
IN07B061,808879,07B,R,glutamate,-1,rh|rm|lh,lh|rh,43.6,63.0,0.0,1514,0.029,31.5,3.5,8.7,rh->lh rm->lh,contralateral
IN02A034,811857,02A,R,glutamate,-1,rm|rf,rm|rf,43.6,116.0,49.0,227,0.192,0.0,43.6,0.0,rf->rm rm->rf,ipsilateral
IN05B013,802652,05B,L,gaba,-1,lh|rm|rh|lm,lm|rh|lh,43.5,55.0,0.0,1068,0.041,11.9,16.4,15.2,,both
IN00A041,806736,00A,M,gaba,-1,lm|rh|lh,rm|lm,43.5,55.0,0.0,660,0.066,12.6,15.6,15.3,lm->rm rh->rm rh->lm,both
INXXX416,811204,XXX (unassigned),R,unclear,0,rm|rh,rh,43.5,58.0,0.0,256,0.17,8.1,27.4,8.1,rm->rh lm->rh lh->rh,both
IN01B010,804330,01B,R,gaba,-1,rm,rm,43.4,950.0,0.0,1194,0.036,0.0,43.4,0.0,rm->rh,ipsilateral
IN04B054_b,805141,04B,L,acetylcholine,1,lh,lh,43.4,537.0,62.0,717,0.061,20.6,22.4,0.4,lh->rh lh->lm lm->lh,both
IN03A053,903054,03A,R,acetylcholine,1,rh,rh,43.4,559.0,314.0,577,0.075,20.1,22.4,0.9,rm->rh rh->lh,both
IN27X007,801855,27X,L,unclear,0,lh|rm,lh|rh,43.3,60.0,0.0,817,0.053,10.1,16.2,17.0,rm->lh lh->rh,both
IN05B075,804336,05B,L,gaba,-1,lm|rh|rm,rh|lm|rf,43.3,56.0,0.0,581,0.075,8.0,14.1,21.2,lm->rh rm->rh,both
IN00A036,805658,00A,M,gaba,-1,rh|lh|lm,lm|rm|lf,43.3,49.0,0.0,502,0.086,3.4,20.0,19.9,rh->lm lh->lm rh->rm,both
IN03A058,806631,03A,L,acetylcholine,1,lm,lm,43.3,705.0,261.0,759,0.057,0.0,43.3,0.0,lh->lm lf->lm,ipsilateral
IN12B047,810805,12B,R,gaba,-1,lf|rh,lf,43.3,120.0,12.0,211,0.205,8.4,9.5,25.3,rh->lf lf->rf lf->lm,both
IN13B014,903397,13B,L,gaba,-1,rm,rm,43.3,1453.0,24.0,3789,0.011,5.0,38.3,0.0,rm->rh rm->lm,ipsilateral
IN19B095,804650,19B,R,acetylcholine,1,rh|lh,lh|lf,43.2,51.0,0.0,313,0.138,30.4,7.2,5.6,rh->lh lf->lh rh->lf,contralateral
IN03A033,804725,03A,R,acetylcholine,1,rm,rm,43.2,779.0,405.0,807,0.054,0.0,39.8,3.3,rm->rh rm->rf,ipsilateral
TN1a_g,804949,-,R,acetylcholine,1,rm|lf|lm,lh|lm,43.2,47.0,9.0,1478,0.029,11.4,16.4,15.4,rm->lh rm->lm,both
IN19B041,806052,19B,R,acetylcholine,1,rm|lh,lh,43.2,56.0,0.0,959,0.045,0.0,8.0,35.2,rm->lh rf->lh lm->lh,both
IN12B030,809454,12B,R,gaba,-1,lf,lf|lm,43.2,243.0,40.0,273,0.158,0.0,35.9,7.3,lf->lm rh->lf,ipsilateral
IN20A.22A090,812311,20A/22A,R,acetylcholine,1,rh,rh,43.2,241.0,0.0,331,0.131,13.1,28.2,1.9,rf->rh rh->lh,both
IN21A097,817074,21A,L,glutamate,-1,lf|lm,lf,43.1,144.0,46.0,144,0.299,0.0,43.1,0.0,lm->lf lf->lm,ipsilateral
IN20A.22A009,903631,20A/22A,R,acetylcholine,1,rf,rf,43.1,180.0,97.0,192,0.224,0.0,40.3,2.8,rh->rf rm->rf,ipsilateral
IN13B059,800361,13B,L,gaba,-1,rf,rf,43.0,183.0,0.0,262,0.164,18.0,5.0,20.0,rf->lh rf->lf rf->rh,both
IN08A040,800830,08A,R,glutamate,-1,lf,rh,43.0,43.0,0.0,518,0.083,0.0,0.0,43.0,lf->rh,both
IN17A042,801537,17A,L,acetylcholine,1,lh|rh,lm|lh|rh,43.0,59.0,0.0,1184,0.036,11.4,20.7,10.9,lh->lm rh->lm lh->rh,both
IN04B078,802571,04B,L,acetylcholine,1,lf,lf,43.0,340.0,56.0,541,0.079,19.5,23.4,0.0,lm->lf rf->lf,both
IN00A033,805103,00A,M,gaba,-1,lh,rh,43.0,43.0,0.0,1897,0.023,43.0,0.0,0.0,lh->rh,contralateral
IN01B017,805437,01B,R,gaba,-1,rm,rm,43.0,449.0,15.0,1301,0.033,0.0,43.0,0.0,rm->rf rm->rh,ipsilateral
IN18B034,805525,18B,L,acetylcholine,1,lm|rm,lm|rm,43.0,83.0,16.0,1460,0.029,39.4,1.9,1.7,lm->rm rm->lm,contralateral
IN14A018,806597,14A,R,glutamate,-1,lh,lh,43.0,557.0,0.0,762,0.056,32.0,11.0,0.0,lh->rh lh->lm,contralateral
IN21A042,806887,21A,L,glutamate,-1,lm,lm,43.0,386.0,195.0,447,0.096,0.0,43.0,0.0,lm->lh lm->lf,ipsilateral
IN01A031,808272,01A,R,acetylcholine,1,lh,lh,43.0,344.0,110.0,1719,0.025,24.0,19.0,0.0,lh->rh lh->lm,both
IN12B021,808386,12B,R,gaba,-1,lf,lf,43.0,164.0,5.0,196,0.219,21.0,22.0,0.0,lf->rf lf->lm lf->lh,both
IN02A041,808894,02A,R,glutamate,-1,rm,rm|rf,43.0,113.0,12.0,422,0.102,12.0,20.0,11.0,rm->rf rm->lm rm->lh,both
IN14A050,810192,14A,L,glutamate,-1,rh,rh,43.0,416.0,12.0,442,0.097,15.0,28.0,0.0,rh->rm rh->lh,both
IN20A.22A081,811354,20A/22A,R,acetylcholine,1,rh,rh,43.0,306.0,22.0,656,0.066,22.0,16.0,5.0,rh->lh rh->rm rh->lf,both
IN07B090,811581,07B,L,acetylcholine,1,lh,rh|lh,43.0,80.0,75.0,272,0.158,38.0,4.8,0.2,lh->rh lh->lf,contralateral
IN03A051,812004,03A,R,acetylcholine,1,rf,rf,43.0,317.0,196.0,338,0.127,22.4,19.0,1.6,rf->lf rm->rf,both
INXXX448,812099,XXX (unassigned),R,gaba,-1,rh,lh|rm|rh,43.0,53.0,0.0,318,0.135,29.0,14.0,0.0,rh->lh rh->rm,both
IN06B080,812413,06B,R,gaba,-1,rh,lm,43.0,43.0,0.0,511,0.084,5.0,0.0,38.0,rh->lm rh->lh,both
IN20A.22A082,812679,20A/22A,L,acetylcholine,1,lh,lf|lh,43.0,67.0,0.0,191,0.225,10.0,33.0,0.0,lh->lf lh->rh,ipsilateral
IN01B069_b,813896,01B,R,gaba,-1,rf,rf|rm,43.0,216.0,0.0,478,0.09,9.0,34.0,0.0,rf->rm rf->lf,ipsilateral
IN20A.22A084,815031,20A/22A,R,acetylcholine,1,rm|rh,rm,43.0,124.0,0.0,253,0.17,0.0,43.0,0.0,rh->rm,ipsilateral
IN01B046_a,903144,01B,R,gaba,-1,rm,rm,43.0,608.0,0.0,1112,0.039,0.0,43.0,0.0,rm->rh rm->rf,ipsilateral
IN23B009,904062,23B,R,acetylcholine,1,rf,rf,43.0,342.0,0.0,2025,0.021,20.0,17.0,6.0,rf->lf rf->rm rf->lm,both
IN03B046,907895,03B,L,gaba,-1,lh|lm,rh,43.0,43.0,0.0,999,0.043,32.8,3.5,6.7,lh->rh lm->rh,contralateral
IN12B043,908821,12B,R,gaba,-1,lf,lf|lm,43.0,240.0,0.0,317,0.136,0.0,43.0,0.0,lf->lm,ipsilateral
IN03A051,909002,03A,L,acetylcholine,1,lf,lf,43.0,489.0,117.0,541,0.079,36.0,7.0,0.0,lf->rf lf->lm,contralateral
IN20A.22A016,909443,20A/22A,L,acetylcholine,1,lm,lm,43.0,603.0,32.0,823,0.052,31.4,11.0,0.6,lm->rm lf->lm,contralateral
IN10B038,934185,10B,L,acetylcholine,1,lh,lh|rh,43.0,138.0,0.0,369,0.117,36.0,0.0,7.0,lh->rh lh->rf,contralateral
IN20A.22A090,1051547429,20A/22A,L,acetylcholine,1,lh,lh|rh,43.0,141.0,0.0,217,0.198,30.0,13.0,0.0,lh->rh lh->lm,both
IN20A.22A024,810877,20A/22A,L,acetylcholine,1,lf,lf,42.9,573.0,139.0,612,0.07,8.6,20.6,13.7,rh->lf lf->lm lm->lf,both
IN23B028,903067,23B,R,acetylcholine,1,rm,rm,42.9,222.0,0.0,726,0.059,4.9,7.0,30.9,rm->lf rm->lh lf->rm,both
IN06B077,805467,06B,L,gaba,-1,rh|rm|lh,rh|lf,42.8,60.0,0.0,999,0.043,12.7,18.8,11.4,rm->rh lh->rh rh->lf,both
IN16B064,806762,16B,L,glutamate,-1,lf,lf,42.8,381.0,159.0,709,0.06,42.8,0.0,0.0,lf->rf rf->lf,contralateral
IN11A012,906106,11A,L,acetylcholine,1,lf|lh|rh|lm,lh|rm|lf,42.8,52.0,0.0,507,0.085,9.2,18.6,15.1,lf->lh lh->rm lf->rm,both
IN13A014,802990,13A,R,gaba,-1,rf,rf,42.7,760.0,450.0,760,0.056,39.5,3.1,0.1,lf->rf rf->lf,contralateral
"IN03A087,IN03A092",807654,03A,L,acetylcholine,1,lh,lh,42.7,317.0,107.0,432,0.099,5.4,36.7,0.6,lm->lh lh->rh lh->lm,ipsilateral
IN09B038,907866,09B,L,acetylcholine,1,rm,rm|lh,42.7,86.0,0.0,435,0.098,0.5,13.7,28.5,rm->lh rm->rh rm->rf,both
IN08B087,806464,08B,L,acetylcholine,1,lh|lm|rh,rh|lh,42.6,64.0,0.0,633,0.067,22.8,8.7,11.2,lh->rh lm->rh lm->lh,both
IN00A034,805042,00A,M,gaba,-1,lh|lm,rh|rm,42.5,48.0,0.0,974,0.044,18.7,5.5,18.3,lh->rh lm->rh lh->rm,both
IN04B097,810762,04B,R,acetylcholine,1,rm,rm,42.5,229.0,17.0,298,0.143,0.0,42.5,0.0,rh->rm rf->rm,ipsilateral
IN17A061,804136,17A,R,acetylcholine,1,rm,rm,42.4,798.0,475.0,844,0.05,0.0,42.4,0.0,rh->rm rm->rh rf->rm,ipsilateral
IN09B043,806530,09B,L,glutamate,-1,rm|lm|rh,rm|lm,42.4,69.0,0.0,655,0.065,24.5,8.8,9.1,rm->lm rh->rm lm->rm,both
IN00A064,808384,00A,M,gaba,-1,lm|lh|rm,rm|lm,42.4,60.0,0.0,372,0.114,21.8,9.4,11.3,lm->rm lh->rm lh->lm,both
IN20A.22A045,809218,20A/22A,L,acetylcholine,1,lm,lm,42.4,370.0,143.0,393,0.108,0.0,42.4,0.0,lf->lm,ipsilateral
IN07B073_d,811811,07B,L,acetylcholine,1,lm,lm|rm,42.4,156.0,14.0,464,0.091,36.4,0.6,5.4,lm->rm rm->lm lm->rh,contralateral
IN06B052,903414,06B,R,gaba,-1,lh|lm|rm,lh|rh,42.4,56.0,0.0,1382,0.031,10.0,16.2,16.3,lm->lh lh->rh lm->rh,both
IN00A010,919595,00A,M,gaba,-1,lm|rm,rm|lm|lf,42.4,59.0,0.0,2106,0.02,17.7,13.8,10.9,lm->rm lm->lf rm->lm,both
IN01A067,810283,01A,L,acetylcholine,1,rm,rm,42.3,351.0,21.0,407,0.104,0.0,42.3,0.0,rh->rm rm->rf,ipsilateral
IN03A065,811214,03A,L,acetylcholine,1,lf,lf,42.3,326.0,83.0,345,0.123,0.0,42.3,0.0,lm->lf lh->lf,ipsilateral
IN12B025,905529,12B,R,gaba,-1,lh,lh,42.3,368.0,43.0,489,0.087,0.0,42.3,0.0,lh->lm lf->lh,ipsilateral
IN03A073,806221,03A,R,acetylcholine,1,rf,rf,42.2,224.0,95.0,232,0.182,22.8,17.2,2.2,rf->lf rm->rf,both
IN20A.22A013,907782,20A/22A,L,acetylcholine,1,lf,lf,42.2,564.0,92.0,714,0.059,28.3,13.2,0.7,lf->rf lh->lf,both
IN05B061,908304,05B,L,gaba,-1,lm|rm,lm,42.2,77.0,0.0,653,0.065,19.1,10.4,12.7,rm->lm lm->rf lh->lm,both
IN21A028,807523,21A,R,glutamate,-1,rf,rf,42.1,144.0,40.0,153,0.275,0.0,28.8,13.3,rm->rf lm->rf rh->rf,both
IN20A.22A073,811034,20A/22A,L,acetylcholine,1,lh,lh,42.1,243.0,37.0,248,0.17,7.6,34.1,0.4,lh->lm lm->lh lh->rh,ipsilateral
IN21A015,801757,21A,L,glutamate,-1,lh,lh,42.0,1192.0,85.0,1204,0.035,1.8,40.1,0.1,lh->lm,ipsilateral
IN01A061,802813,01A,L,acetylcholine,1,rh,rh|lh,42.0,162.0,0.0,692,0.061,42.0,0.0,0.0,rh->lh,contralateral
IN08A028,802863,08A,R,glutamate,-1,rh,rh,42.0,531.0,56.0,622,0.068,27.0,15.0,0.0,rh->lh rh->rm,both
IN16B040,804632,16B,R,glutamate,-1,rh,rh,42.0,1053.0,290.0,1194,0.035,25.0,17.0,0.0,rh->lh rh->rm,both
IN13B017,805008,13B,L,gaba,-1,rm,rm,42.0,790.0,132.0,943,0.045,0.0,42.0,0.0,rm->rh,ipsilateral
IN06A016,805416,06A,R,gaba,-1,rh,lh,42.0,42.0,0.0,1569,0.027,37.9,0.0,4.1,rh->lh,contralateral
IN04B032,805431,04B,L,acetylcholine,1,lh,lh,42.0,724.0,224.0,874,0.048,13.0,29.0,0.0,lh->lm lh->rh,both
IN03A055,806846,03A,R,acetylcholine,1,rh,rh,42.0,305.0,25.0,317,0.133,14.7,26.8,0.5,rf->rh rm->rh lh->rh,both
IN11A021,807254,11A,L,acetylcholine,1,lh|lm|lf,rm,42.0,45.0,0.0,508,0.083,12.9,4.4,24.8,lh->rm lm->rm lf->rm,both
IN20A.22A081,808184,20A/22A,L,acetylcholine,1,lh,lh,42.0,368.0,62.0,548,0.077,24.0,18.0,0.0,lh->rh lh->lm,both
IN12B053,812593,12B,R,gaba,-1,lm,lm,42.0,276.0,0.0,290,0.145,5.0,37.0,0.0,lm->lh lm->lf lm->rm,ipsilateral
IN09A064,814946,09A,R,gaba,-1,rf,rf|rm,42.0,92.0,9.0,186,0.226,10.0,23.0,9.0,rf->rm rf->lf rf->lh,both
IN03B086_e,815478,03B,R,gaba,-1,lh,rm|lm|lf,42.0,42.0,0.0,321,0.131,0.0,24.0,18.0,lh->rm lh->lm lh->lf,both
IN03A068,903536,03A,L,acetylcholine,1,lh,lh,42.0,745.0,214.0,851,0.049,42.0,0.0,0.0,lh->rh,contralateral
IN00A017,904624,00A,M,unclear,0,lh|rh,lh|rh,42.0,84.0,0.0,857,0.049,42.0,0.0,0.0,lh->rh rh->lh,contralateral
IN19A030,905262,19A,R,gaba,-1,rm,rm,42.0,1263.0,797.0,1365,0.031,6.2,35.8,0.0,rh->rm lm->rm,ipsilateral
IN12B041,905622,12B,R,gaba,-1,lf,lf|rh,42.0,236.0,12.0,472,0.089,0.0,5.0,37.0,lf->rh lf->lm,both
IN20A.22A048,907702,20A/22A,L,acetylcholine,1,lh,lh,42.0,403.0,10.0,640,0.066,15.9,25.0,1.1,lm->lh lh->rh,both
IN20A.22A086,909108,20A/22A,L,acetylcholine,1,lh,lh|rh,42.0,150.0,0.0,498,0.084,25.0,17.0,0.0,lh->rh lh->lm,both
IN03A089,909486,03A,R,acetylcholine,1,rm,rm,42.0,441.0,0.0,582,0.072,0.0,0.0,42.0,rm->lf rm->lh,both
IN01B027_b,1051323883,01B,L,gaba,-1,lh,lh,42.0,611.0,0.0,1374,0.031,0.0,23.0,19.0,lh->lm lh->rm,both
IN07B076_a,1051589143,07B,L,acetylcholine,1,lh,rm|lh,42.0,62.0,0.0,295,0.142,0.0,0.0,42.0,lh->rm,both
IN21A042,803627,21A,R,glutamate,-1,rm,rm,41.9,347.0,119.0,391,0.107,0.0,41.9,0.0,rm->rh rm->rf rh->rm,ipsilateral
IN06A020,805512,06A,R,gaba,-1,lh|rm,rm,41.9,66.0,0.0,1703,0.025,3.6,2.4,35.9,lh->rm,both
IN04B037,903840,04B,L,acetylcholine,1,lf,lf,41.9,757.0,484.0,791,0.053,0.0,31.9,10.0,lf->lm lm->lf lf->rh,ipsilateral
IN16B056,906105,16B,L,glutamate,-1,lf,lf,41.9,343.0,12.0,404,0.104,0.0,41.9,0.0,lm->lf lh->lf,ipsilateral
"IN20A.22A061,IN20A.22A068",907725,20A/22A,R,acetylcholine,1,rm,rm,41.9,576.0,11.0,789,0.053,0.0,41.9,0.0,rh->rm rm->rh rm->rf,ipsilateral
IN06B017,808161,06B,L,gaba,-1,lm|lh,rh|lh,41.8,48.0,0.0,1114,0.038,12.2,11.7,17.9,lm->rh lm->lh lh->rh,both
IN08A043,810566,08A,R,glutamate,-1,rh,rh,41.8,290.0,136.0,351,0.119,0.0,41.8,0.0,rm->rh rh->rm,ipsilateral
IN13B070,940088,13B,L,gaba,-1,rf,rf,41.8,447.0,50.0,560,0.075,25.0,15.8,1.0,rf->lf rh->rf,both
IN05B061,805278,05B,L,gaba,-1,lm|rm|lh|rh,lm|rf,41.7,53.0,0.0,715,0.058,9.5,16.0,16.2,rm->lm lh->lm lm->rf,both
IN12B024_c,805286,12B,L,gaba,-1,rm,rm,41.7,290.0,191.0,436,0.096,3.6,38.0,0.1,rh->rm rm->rh rf->rm,ipsilateral
IN12A056,811016,12A,L,acetylcholine,1,lf|lh,lf,41.7,117.0,0.0,168,0.248,2.3,20.7,18.7,lh->lf lf->rh lf->lm,both
IN00A048,802561,00A,M,gaba,-1,lm|rm,rf|rm|lm|lf,41.6,54.0,0.0,596,0.07,12.6,14.2,14.8,lm->rf lm->rm rm->rf,both
IN20A.22A050,811838,20A/22A,R,acetylcholine,1,rm,rm,41.6,283.0,23.0,293,0.142,0.0,41.6,0.0,rh->rm,ipsilateral
IN16B098,903937,16B,R,glutamate,-1,rf,rf,41.6,350.0,70.0,409,0.102,41.6,0.0,0.0,lf->rf rf->lf,contralateral
IN21A028,905489,21A,L,glutamate,-1,lh,lh,41.6,500.0,149.0,547,0.076,41.6,0.0,0.0,lh->rh rh->lh,contralateral
INXXX217,801670,XXX (unassigned),R,gaba,-1,rh|lh,lh|rh,41.5,77.0,0.0,2783,0.015,35.9,2.8,2.8,rh->lh lh->rh,contralateral
IN06B056,807157,06B,R,gaba,-1,lh|rh|lm,rm|lf,41.5,44.0,0.0,595,0.07,8.3,18.4,14.7,lh->rm rh->rm lm->rm,both
IN08A032,807994,08A,L,glutamate,-1,lm,lm,41.5,659.0,389.0,659,0.063,0.0,41.5,0.0,lh->lm lm->lf lf->lm,ipsilateral
IN11A041,809573,11A,R,acetylcholine,1,lh|rh|rf,rh|lm|rm,41.5,51.0,8.0,188,0.22,9.5,17.3,14.7,lh->rh,both
IN20A.22A087,816676,20A/22A,L,acetylcholine,1,lm|lf,lm,41.5,148.0,76.0,148,0.28,0.0,41.5,0.0,lf->lm,ipsilateral
IN08A049,822044,08A,R,glutamate,-1,rf|rh,rf,41.5,253.0,62.0,261,0.159,0.0,41.5,0.0,rh->rf,ipsilateral
IN03A045,911054,03A,R,acetylcholine,1,rf,rf,41.5,361.0,107.0,384,0.108,0.0,41.5,0.0,rm->rf rh->rf,ipsilateral
INXXX341,946056,XXX (unassigned),R,gaba,-1,rf|lh,lh|lm,41.5,67.0,0.0,509,0.082,0.0,8.0,33.5,rf->lh rf->lm lh->lm,both
IN06A065,805595,06A,R,gaba,-1,rm,rm|lh|rh,41.4,67.0,0.0,860,0.048,3.4,12.9,25.1,rm->lh rm->rh,both
IN06A085,806839,06A,R,gaba,-1,rm,rh|rm,41.4,54.0,0.0,575,0.072,1.4,31.9,8.1,rm->rh rm->lh,ipsilateral
IN08A028,807711,08A,L,glutamate,-1,lh,lh,41.4,385.0,45.0,623,0.066,36.4,4.9,0.1,lh->rh rh->lh lh->lm,contralateral
IN04B104,810120,04B,R,acetylcholine,1,rf,rf,41.4,213.0,94.0,213,0.194,0.0,41.4,0.0,rm->rf rh->rf,ipsilateral
IN14A076,813308,14A,L,glutamate,-1,rf|lf,rf,41.4,91.0,0.0,314,0.132,41.4,0.0,0.0,lf->rf,contralateral
IN01B021,909376,01B,R,gaba,-1,rf,rf|rh,41.4,168.0,0.0,305,0.136,4.7,36.4,0.3,rf->rh rh->rf rf->lf,ipsilateral
IN20A.22A077,1051236130,20A/22A,L,acetylcholine,1,lf|lh,lf,41.4,85.0,0.0,132,0.313,0.0,41.4,0.0,lh->lf,ipsilateral
IN20A.22A046,808690,20A/22A,R,acetylcholine,1,rm,rm,41.3,311.0,217.0,311,0.133,0.0,41.3,0.0,rh->rm,ipsilateral
IN12B027,808533,12B,L,gaba,-1,rf|rh,rf,41.2,78.0,34.0,290,0.142,4.2,33.2,3.8,rh->rf rf->lf,ipsilateral
IN09A019,810081,09A,R,gaba,-1,rh,lm|rm,41.2,44.0,0.0,515,0.08,2.0,13.4,25.8,rh->lm rh->rm,both
IN11A019,935988,11A,L,acetylcholine,1,lm|lh,lm,41.2,85.0,14.0,695,0.059,0.0,41.2,0.0,lh->lm,ipsilateral
IN13B104,803834,13B,R,gaba,-1,rh|lh,lh|rh,41.1,67.0,0.0,515,0.08,27.7,5.9,7.5,rh->lh lh->rh,both
IN04B074,805212,04B,L,acetylcholine,1,lh,lh,41.1,755.0,474.0,777,0.053,15.5,25.1,0.5,lm->lh lh->rh,both
IN07B044,806435,07B,L,acetylcholine,1,lm,lm,41.1,155.0,6.0,439,0.094,13.8,16.1,11.2,lm->rm lm->rh lh->lm,both
IN20A.22A039,908148,20A/22A,L,acetylcholine,1,lf,lf,41.1,342.0,104.0,386,0.106,0.0,35.1,6.0,lf->lm lm->lf lf->rh,ipsilateral
IN20A.22A046,908694,20A/22A,R,acetylcholine,1,rm,rm,41.1,301.0,207.0,309,0.133,0.0,41.1,0.0,rh->rm,ipsilateral
IN01B003,801490,01B,L,gaba,-1,lf,lf,41.0,488.0,0.0,3400,0.012,26.0,15.0,0.0,lf->rf lf->lm,both
IN13B029,804552,13B,L,gaba,-1,rm,rm|rh,41.0,186.0,11.0,378,0.108,0.0,41.0,0.0,rm->rh,ipsilateral
IN03A041,805062,03A,R,acetylcholine,1,rh,rh,41.0,523.0,87.0,555,0.074,23.0,13.0,5.0,rh->lh rh->rm rh->lf,both
IN02A015,805836,02A,L,acetylcholine,1,rm,rm,41.0,758.0,330.0,807,0.051,0.0,41.0,0.0,rh->rm,ipsilateral
IN03B056,807963,03B,R,gaba,-1,rh,rh,41.0,303.0,303.0,552,0.074,41.0,0.0,0.0,rh->lh,contralateral
IN20A.22A085,808314,20A/22A,L,acetylcholine,1,lm,lm,41.0,383.0,32.0,665,0.062,0.0,41.0,0.0,lm->lf lm->lh,ipsilateral
INXXX406,808624,XXX (unassigned),L,gaba,-1,lh,rh|lh,41.0,63.0,0.0,627,0.065,41.0,0.0,0.0,lh->rh,contralateral
IN06B080,808747,06B,L,gaba,-1,lm|rm|rh,lh,41.0,41.0,0.0,456,0.09,8.5,21.2,11.3,lm->lh rm->lh rh->lh,both
IN09B049,809866,09B,L,glutamate,-1,rm,lm|rm,41.0,70.0,0.0,551,0.074,36.0,5.0,0.0,rm->lm rm->rf,contralateral
IN06A071,809920,06A,L,gaba,-1,lh,rh|rm|lh,41.0,52.0,0.0,348,0.118,20.0,7.0,14.0,lh->rh lh->rm lh->lf,both
IN07B075,810769,07B,R,acetylcholine,1,rh,lh|rf,41.0,46.0,0.0,541,0.076,23.0,18.0,0.0,rh->lh rh->rf,both
IN12B056,810801,12B,R,gaba,-1,lh,lh|lm,41.0,186.0,17.0,292,0.14,0.0,41.0,0.0,lh->lm,ipsilateral
IN04B108,811781,04B,R,acetylcholine,1,rm|rh,rm,41.0,192.0,13.0,225,0.182,0.0,41.0,0.0,rh->rm rf->rm,ipsilateral
IN20A.22A048,908924,20A/22A,L,acetylcholine,1,lh,lh,41.0,550.0,16.0,748,0.055,7.0,34.0,0.0,lh->lm lh->rh,ipsilateral
IN01B067,910219,01B,L,gaba,-1,lm,lm,41.0,350.0,0.0,632,0.065,0.0,41.0,0.0,lm->lh lm->lf,ipsilateral
IN01B027_a,1052280561,01B,R,gaba,-1,rh,rh,41.0,544.0,6.0,1325,0.031,34.0,7.0,0.0,rh->lh rh->rm,contralateral
INXXX193,802941,XXX (unassigned),L,unclear,0,rm|lm|lh,lh|rh,40.9,49.0,24.0,2364,0.017,1.6,18.8,20.6,rm->lh lm->lh,both
IN13A020,803489,13A,L,gaba,-1,lm,lm,40.9,669.0,103.0,764,0.054,28.5,12.1,0.2,rm->lm lh->lm lm->rm,both
IN20A.22A013,811153,20A/22A,R,acetylcholine,1,rf,rf,40.9,217.0,29.0,305,0.134,35.9,4.5,0.5,lf->rf rf->lf rf->rm,contralateral
IN09A050,808323,09A,R,gaba,-1,rm,rm|rf,40.8,136.0,12.0,485,0.084,0.0,40.8,0.0,rm->rf rf->rm,ipsilateral
IN16B016,902667,16B,L,glutamate,-1,lm,lm,40.8,2100.0,1985.0,2612,0.016,0.0,37.8,3.0,lf->lm lh->lm,ipsilateral
IN12B024_a,905812,12B,L,gaba,-1,rh,rh,40.8,418.0,176.0,490,0.083,3.0,37.8,0.0,rm->rh rh->rm,ipsilateral
IN12B020,800733,12B,L,gaba,-1,rf,rf,40.7,194.0,13.0,252,0.162,11.1,28.7,0.9,rm->rf rf->lf rf->rh,ipsilateral
IN20A.22A039,803380,20A/22A,R,acetylcholine,1,rf,rf,40.7,317.0,93.0,337,0.121,9.5,30.7,0.5,rf->rm rh->rf rf->lf,ipsilateral
IN03A063,803606,03A,L,acetylcholine,1,lm,lm,40.7,779.0,147.0,931,0.044,0.0,40.7,0.0,lm->lh lf->lm,ipsilateral
IN00A043,806005,00A,M,gaba,-1,lh,lh|lf|rf,40.7,67.0,0.0,706,0.058,4.7,18.9,17.1,lh->lf lh->rf lh->rm,both
IN14A021,810527,14A,L,glutamate,-1,rf|lf,rf,40.7,187.0,0.0,264,0.154,40.7,0.0,0.0,lf->rf,contralateral
IN17A032,801669,17A,L,acetylcholine,1,lh,rh,40.6,41.0,0.0,1416,0.029,31.1,5.6,3.9,lh->rh lh->lm,contralateral
IN11A021,805946,11A,R,acetylcholine,1,rm|lm,lm|rf|lf,40.6,51.0,0.0,698,0.058,10.8,14.7,15.0,rm->lm rm->rf lm->rf,both
IN16B096,809697,16B,L,glutamate,-1,lh,lh,40.6,296.0,21.0,370,0.11,23.5,16.6,0.5,lh->rh lh->lm lm->lh,both
INXXX471,801860,XXX (unassigned),L,gaba,-1,lm,lm,40.4,2139.0,835.0,2265,0.018,0.0,34.6,5.8,lf->lm lh->lm rh->lm,ipsilateral
IN06B066,802889,06B,R,gaba,-1,lh|lm,rh|lh,40.4,54.0,0.0,941,0.043,21.2,7.4,11.8,lh->rh lh->rm lm->rh,both
IN07B073_e,812050,07B,L,acetylcholine,1,lm,lm,40.3,149.0,0.0,450,0.089,20.3,13.0,7.0,rm->lm lm->lh lm->rm,both
IN06B063,801221,06B,R,gaba,-1,rh|rm,rh|lm|lh,40.2,53.0,0.0,696,0.058,16.4,7.2,16.6,rh->lm rh->lh rm->rh,both
INXXX258,802172,XXX (unassigned),L,gaba,-1,lh,rh|lh,40.2,55.0,0.0,1533,0.026,35.5,3.7,0.9,lh->rh,contralateral
IN04B017,804391,04B,L,acetylcholine,1,lm,lm,40.2,750.0,103.0,1084,0.037,40.2,0.0,0.0,rm->lm lm->rm,contralateral
IN20A.22A049,808150,20A/22A,L,acetylcholine,1,lm,lm,40.2,456.0,17.0,601,0.067,0.0,40.2,0.0,lm->lf lf->lm,ipsilateral
INXXX448,814203,XXX (unassigned),R,gaba,-1,lh|lm|rm,lh|rh,40.2,62.0,0.0,272,0.148,13.2,13.9,13.2,lm->lh rm->lh lh->rh,both
IN12B066_b,814346,12B,R,gaba,-1,lf|rh|rf,lf,40.2,87.0,0.0,163,0.246,16.7,0.0,23.4,rh->lf rf->lf,both
IN04B095,908634,04B,R,acetylcholine,1,rf,rm|rf,40.2,62.0,0.0,347,0.116,1.4,33.5,5.3,rf->rm rf->lh,ipsilateral
IN06A065,805822,06A,L,gaba,-1,lm,lh,40.1,47.0,0.0,774,0.052,0.0,40.1,0.0,lm->lh,ipsilateral
IN09B045,807101,09B,L,glutamate,-1,lm,rm|lm,40.1,68.0,0.0,624,0.064,30.0,2.8,7.3,lm->rm lm->rf,contralateral
IN12B030,807270,12B,R,gaba,-1,lm,lm,40.1,378.0,163.0,544,0.074,0.2,24.8,15.0,rh->lm lf->lm lh->lm,both
IN03A065,902431,03A,L,acetylcholine,1,lf,lf,40.1,338.0,107.0,357,0.112,0.0,40.1,0.0,lm->lf lh->lf,ipsilateral
IN01A032,801528,01A,R,acetylcholine,1,lf,lf,40.0,594.0,0.0,1580,0.025,0.0,25.0,15.0,lf->lm lf->rm,both
IN04B101,801569,04B,L,acetylcholine,1,lf,lf,40.0,435.0,264.0,466,0.086,15.0,25.0,0.0,lf->lm lf->rf lf->lh,both
IN23B027,802056,23B,L,acetylcholine,1,lf,lf,40.0,698.0,0.0,1555,0.026,15.0,25.0,0.0,lf->lm lf->rf,both
IN12B079_c,802464,12B,R,gaba,-1,lh,lm,40.0,40.0,0.0,482,0.083,0.0,40.0,0.0,lh->lm,ipsilateral
IN01B017,803614,01B,R,gaba,-1,rm,rm,40.0,483.0,25.0,1220,0.033,0.0,40.0,0.0,rm->rf rm->rh,ipsilateral
IN03A033,804665,03A,L,acetylcholine,1,lm,lm,40.0,1008.0,260.0,1173,0.034,0.0,40.0,0.0,lm->lh,ipsilateral
IN20A.22A053,806907,20A/22A,L,acetylcholine,1,lm,lm,40.0,773.0,10.0,982,0.041,0.0,40.0,0.0,lm->lh lm->lf,ipsilateral
IN16B054,807029,16B,L,glutamate,-1,lh,lh,40.0,852.0,35.0,1004,0.04,12.0,28.0,0.0,lh->lm lh->rh,ipsilateral
IN13A029,807037,13A,R,gaba,-1,rh,rh,40.0,467.0,0.0,705,0.057,23.0,17.0,0.0,rh->lh rh->rm,both
IN02A044,807348,02A,L,glutamate,-1,lh,rh|lh,40.0,64.0,0.0,844,0.047,40.0,0.0,0.0,lh->rh,contralateral
IN20A.22A019,807578,20A/22A,L,acetylcholine,1,lh,lh,40.0,253.0,36.0,413,0.097,15.0,25.0,0.0,lh->lm lh->rh,both
IN01B027_b,807968,01B,R,gaba,-1,rh,rh,40.0,540.0,0.0,1194,0.034,12.0,20.0,8.0,rh->rm rh->lh rh->lm,both
IN01B040,808836,01B,L,gaba,-1,lm,lm,40.0,472.0,0.0,698,0.057,0.0,40.0,0.0,lm->lf,ipsilateral
IN16B061,809153,16B,L,glutamate,-1,lf,lf,40.0,334.0,244.0,339,0.118,40.0,0.0,0.0,lf->rf rf->lf,contralateral
IN01A076,809379,01A,R,acetylcholine,1,lm,lm,40.0,451.0,5.0,505,0.079,0.0,40.0,0.0,lm->lh,ipsilateral
IN07B073_e,809428,07B,L,acetylcholine,1,lm,lm,40.0,128.0,0.0,431,0.093,7.0,14.0,19.0,lm->rh lm->lh lm->rm,both
IN12B073,809621,12B,R,gaba,-1,lh,lh|lm,40.0,141.0,0.0,406,0.099,5.0,28.0,7.0,lh->lm lh->rf lh->rh,ipsilateral
INXXX450,810205,XXX (unassigned),R,gaba,-1,lh,lh|rh,40.0,178.0,0.0,692,0.058,34.0,6.0,0.0,lh->rh lh->lm,contralateral
IN09A047,810595,09A,L,gaba,-1,lh,lh|rh,40.0,85.0,0.0,266,0.15,29.0,11.0,0.0,lh->rh lh->lm,contralateral
IN08A050,811686,08A,R,glutamate,-1,rf,rf,40.0,220.0,0.0,231,0.173,0.0,27.0,13.0,rm->rf rf->lh,both
IN04B115,812322,04B,L,acetylcholine,1,lf,lf|rh|lm,40.0,105.0,0.0,202,0.198,0.0,18.0,22.0,lf->rh lf->lm,both
IN03B057,812751,03B,L,gaba,-1,lf|rm,lh,40.0,40.0,0.0,527,0.076,0.0,28.2,11.8,lf->lh rm->lh,ipsilateral
IN01B041,813378,01B,R,gaba,-1,rf,rf,40.0,221.0,0.0,287,0.139,9.0,31.0,0.0,rf->rm rf->lf,ipsilateral
IN08A050,819006,08A,R,glutamate,-1,rf|rm,rf,40.0,195.0,0.0,195,0.205,0.0,30.0,10.0,rm->rf rf->lh,ipsilateral
IN06B066,905703,06B,R,gaba,-1,lh|lm|rm,rm|rh|lh,40.0,51.0,0.0,591,0.068,14.8,9.8,15.5,lh->rm lh->rh lm->rm,both
IN01A063_a,909121,01A,L,acetylcholine,1,rf,rf,40.0,251.0,82.0,281,0.142,5.0,35.0,0.0,rf->rm rf->lf,ipsilateral
IN01A048,804414,01A,L,acetylcholine,1,rh,rh,39.9,168.0,0.0,1236,0.032,16.0,21.9,2.0,rh->lh rf->rh rh->rm,both
IN13A030,805364,13A,L,gaba,-1,lh,lh,39.9,572.0,144.0,657,0.061,0.0,39.9,0.0,lm->lh,ipsilateral
IN19A022,802985,19A,R,gaba,-1,rh,rh,39.8,1462.0,918.0,1485,0.027,13.8,25.9,0.2,rm->rh rh->lh lh->rh,both
IN05B086,809275,05B,L,gaba,-1,rh|lm,rf|rh|lh,39.8,52.0,0.0,483,0.082,5.8,16.4,17.5,rh->rf lm->rh lm->rf,both
IN08A050,815174,08A,L,glutamate,-1,lf|lm,lf,39.7,168.0,18.0,203,0.195,0.0,39.7,0.0,lm->lf,ipsilateral
IN12B052,806877,12B,R,gaba,-1,lm,lm,39.6,267.0,0.0,741,0.053,0.0,39.6,0.0,lf->lm lm->lh,ipsilateral
IN13A054,905204,13A,R,gaba,-1,rm,rm,39.6,473.0,256.0,504,0.079,0.0,21.1,18.4,rm->rh lf->rm,both
IN12B056,935670,12B,R,gaba,-1,lh,lh,39.6,249.0,28.0,348,0.114,0.0,39.6,0.0,lh->lm lm->lh,ipsilateral
IN03A036,804480,03A,L,acetylcholine,1,lh,lh,39.5,990.0,590.0,1031,0.038,0.0,39.5,0.0,lm->lh,ipsilateral
INXXX412,806172,XXX (unassigned),R,gaba,-1,lh|rh,lh|rh,39.5,73.0,0.0,941,0.042,29.5,5.0,5.0,lh->rh rh->lh,contralateral
IN10B032,806891,10B,L,acetylcholine,1,lm,lm|rh,39.5,91.0,0.0,627,0.063,6.3,12.5,20.7,lm->rh lh->lm lm->lf,both
IN03A060,903549,03A,R,acetylcholine,1,rm,rm,39.5,643.0,169.0,704,0.056,0.3,33.5,5.7,rh->rm rm->lh,ipsilateral
IN09A002,800296,09A,L,gaba,-1,lm,lm,39.4,1535.0,801.0,1922,0.021,26.9,12.4,0.1,lm->rm lm->lh lh->lm,both
IN21A001,800347,21A,R,glutamate,-1,rf,rf,39.4,2004.0,1328.0,2010,0.02,0.0,39.4,0.0,rm->rf,ipsilateral
IN21A054,811449,21A,L,glutamate,-1,lh|lf,lh,39.4,231.0,9.0,392,0.1,4.2,34.4,0.8,lf->lh lh->rh,ipsilateral
IN14A098,811891,14A,R,glutamate,-1,lh,lh,39.4,305.0,0.0,393,0.1,19.7,0.0,19.7,rm->lh rh->lh,both
IN00A022,905250,00A,M,gaba,-1,lm|lh,lm|rh|rm,39.4,54.0,0.0,1376,0.029,14.1,12.4,12.9,lm->rh lh->lm lh->rh,both
IN04A002,804409,04A,R,acetylcholine,1,rh,rh,39.3,244.0,105.0,643,0.061,6.8,32.0,0.5,rh->rm rm->rh rh->lh,ipsilateral
IN20A.22A024,903647,20A/22A,R,acetylcholine,1,rf,rf,39.3,447.0,113.0,555,0.071,10.7,28.3,0.3,rf->rm rm->rf rf->lf,ipsilateral
IN01A069,911270,01A,L,acetylcholine,1,rf|rm,rf,39.3,133.0,0.0,283,0.139,3.7,34.3,1.3,rm->rf,ipsilateral
IN17A061,800442,17A,L,acetylcholine,1,lm,lm,39.2,787.0,469.0,814,0.048,0.0,39.2,0.0,lh->lm lf->lm lm->lh,ipsilateral
IN12B031,805273,12B,R,gaba,-1,lm,lm,39.2,255.0,47.0,888,0.044,11.5,27.2,0.5,lm->rm lm->lh lf->lm,both
IN12B054,810626,12B,L,gaba,-1,rm|rh,rh|lm,39.2,56.0,29.0,238,0.165,8.9,25.2,5.1,rm->rh rm->lm rh->lm,both
IN12B040,1051045520,12B,R,gaba,-1,lf,lf,39.1,209.0,123.0,223,0.175,4.4,34.1,0.6,lm->lf lf->lm lf->rf,ipsilateral
IN01A041,801999,01A,L,acetylcholine,1,lf,lf,39.0,220.0,13.0,411,0.095,29.0,0.0,10.0,lf->rf lf->rm lf->rh,contralateral
IN19A022,802896,19A,L,gaba,-1,lh,lh,39.0,1466.0,956.0,1478,0.026,10.7,28.3,0.0,lm->lh rh->lh,ipsilateral
INXXX227,803244,XXX (unassigned),L,acetylcholine,1,lh,lh,39.0,1055.0,221.0,1799,0.022,0.0,39.0,0.0,lh->lm,ipsilateral
IN09B048,803931,09B,L,glutamate,-1,lh,lh|rh,39.0,92.0,0.0,346,0.113,34.0,0.0,5.0,lh->rh lh->rf,contralateral
IN23B049,804945,23B,L,acetylcholine,1,lm,lm,39.0,264.0,0.0,811,0.048,0.0,39.0,0.0,lm->lh,ipsilateral
IN09B044,806033,09B,L,glutamate,-1,lm,lm|lh|rm,39.0,100.0,0.0,773,0.05,17.0,17.0,5.0,lm->rm lm->lh lm->rf,both
IN05B084,806299,05B,R,gaba,-1,lh|rh,lh|rh|lm,39.0,67.0,0.0,1109,0.035,28.0,5.5,5.5,rh->lh lh->rh rh->lm,contralateral
IN14A023,806612,14A,L,glutamate,-1,rm,rm,39.0,638.0,0.0,857,0.046,22.0,7.0,10.0,rm->lm rm->lh rm->rh,both
vMS11,806948,-,L,glutamate,-1,lh|rh,rh,39.0,54.0,5.0,808,0.048,34.0,3.5,1.5,lh->rh,contralateral
IN03A088,808829,03A,L,acetylcholine,1,lh,lh,39.0,397.0,0.0,713,0.055,7.0,0.0,32.0,lh->rf lh->rh,both
IN08A026,809016,08A,R,glutamate,-1,rm,rm,39.0,688.0,514.0,694,0.056,0.0,39.0,0.0,rh->rm rf->rm,ipsilateral
IN16B105,809549,16B,L,glutamate,-1,lh,lh,39.0,387.0,125.0,402,0.097,31.0,8.0,0.0,lh->rh lh->lm,contralateral
IN23B050,810599,23B,L,acetylcholine,1,lf,lf|rf,39.0,178.0,5.0,409,0.095,30.0,9.0,0.0,lf->rf lf->lm,contralateral
IN09A048,816196,09A,L,gaba,-1,lf,lf|lm,39.0,78.0,0.0,129,0.302,0.0,32.0,7.0,lf->lm lf->rh,ipsilateral
IN08A048,819841,08A,L,glutamate,-1,lh|lf,lh,39.0,102.0,57.0,112,0.348,5.0,32.0,2.0,lf->lh lh->rh lh->lm,ipsilateral
IN04B078,908316,04B,L,acetylcholine,1,lh,lh,39.0,765.0,52.0,1420,0.027,28.0,11.0,0.0,lh->rh lh->lm,contralateral
IN12B033,908390,12B,L,gaba,-1,rm,rm,39.0,254.0,0.0,593,0.066,0.0,39.0,0.0,rm->rf rm->rh,ipsilateral
IN20A.22A012,908975,20A/22A,R,acetylcholine,1,rf,rf,39.0,169.0,5.0,242,0.161,5.0,34.0,0.0,rf->rh rf->rm rf->lf,ipsilateral
IN16B108,908998,16B,R,glutamate,-1,rh,rh,39.0,730.0,13.0,758,0.051,39.0,0.0,0.0,rh->lh,contralateral
IN13B077,914039,13B,R,gaba,-1,lh,lh,39.0,690.0,13.0,790,0.049,0.0,39.0,0.0,lh->lm,ipsilateral
IN01A063_c,935467,01A,R,acetylcholine,1,lf,lf,39.0,303.0,73.0,303,0.129,11.0,28.0,0.0,lf->lm lf->rf,ipsilateral
IN01A032,940584,01A,R,acetylcholine,1,lm,lm,39.0,1508.0,0.0,3511,0.011,39.0,0.0,0.0,lm->rm,contralateral
IN20A.22A090,1051059602,20A/22A,R,acetylcholine,1,rh,rh,39.0,312.0,0.0,427,0.091,33.0,6.0,0.0,rh->lh rh->rm,contralateral
IN13B021,802800,13B,L,gaba,-1,rm,rm,38.9,458.0,0.0,2660,0.015,21.1,0.9,16.9,rm->lm lf->rm,both
IN00A054,810271,00A,M,gaba,-1,lh|rh,rh|lh|rf,38.9,64.0,0.0,441,0.088,26.9,5.5,6.5,lh->rh rh->lh lh->rf,both
IN07B030,902514,07B,L,glutamate,-1,rh|lh|lf,rh|lm,38.9,52.0,0.0,2773,0.014,9.2,12.3,17.3,lh->rh rh->lm lh->lm,both
IN13B080,904124,13B,R,gaba,-1,lh,lh,38.9,323.0,83.0,371,0.105,18.8,18.9,1.2,lf->lh lh->rh,both
IN09A066,933260,09A,L,gaba,-1,lm,lm,38.9,383.0,0.0,600,0.065,0.0,38.9,0.0,lm->lh lh->lm,ipsilateral
IN19A037,802241,19A,L,gaba,-1,lh,lh,38.8,1293.0,968.0,1312,0.03,30.8,7.8,0.2,lh->rh lm->lh,contralateral
IN06B025,805469,06B,L,gaba,-1,rm|lm,lm|rf|rm|lf,38.8,55.0,0.0,803,0.048,16.8,11.1,10.9,rm->lm rm->rf lm->rf,both
IN08A037,807366,08A,R,glutamate,-1,rh,rh,38.8,659.0,411.0,691,0.056,16.0,22.6,0.2,rm->rh lh->rh rh->rm,both
IN20A.22A038,911554,20A/22A,L,acetylcholine,1,lf,lf,38.8,360.0,199.0,381,0.102,9.9,4.8,24.1,lf->rh lf->rf lm->lf,both
IN04B074,805798,04B,R,acetylcholine,1,rh,rh,38.7,546.0,368.0,559,0.069,5.6,32.7,0.4,rm->rh rh->lh,ipsilateral
IN19B091,805941,19B,L,acetylcholine,1,lh,rh|lh,38.7,47.0,0.0,449,0.086,35.0,0.7,3.0,lh->rh,contralateral
IN06B071,806988,06B,L,gaba,-1,rm,rh|lh,38.7,40.0,0.0,1063,0.036,0.6,25.7,12.4,rm->rh rm->lh,both
IN06B072,808851,06B,R,gaba,-1,rf|rh|rm|lh,lh|rm,38.7,45.0,0.0,574,0.067,7.4,9.4,21.8,rf->lh rh->lh rm->lh,both
IN12B085,810346,12B,L,gaba,-1,rh|lm,rh|lh,38.7,78.0,0.0,194,0.199,13.3,5.7,19.7,lm->rh rh->lh lm->lh,both
IN23B025,903996,23B,L,acetylcholine,1,lh,lh,38.7,207.0,0.0,1198,0.032,0.0,22.9,15.8,lh->lm lh->rm,both
IN11A032_d,908973,11A,R,acetylcholine,1,rm|rh,rf|lm,38.7,41.0,0.0,399,0.097,6.5,18.6,13.6,rm->rf rh->rf rm->lm,both
IN14A058,910326,14A,R,glutamate,-1,lh,lh,38.7,278.0,0.0,423,0.092,20.5,17.8,0.4,lm->lh rh->lh lh->rh,both
IN21A057,912621,21A,R,glutamate,-1,rm|lm|rh|rf,rm|rf,38.7,57.0,0.0,133,0.291,7.8,25.0,5.9,rm->rf rh->rm rf->rm,both
IN06A008,802712,06A,R,gaba,-1,rf|rm,lh|lm|rm,38.6,45.0,0.0,2240,0.017,2.9,7.1,28.6,rf->lh rm->lh rf->rm,both
IN08A039,809481,08A,L,glutamate,-1,lm,lm,38.6,689.0,538.0,689,0.056,0.0,38.6,0.0,lf->lm,ipsilateral
IN03A051,810325,03A,R,acetylcholine,1,rf,rf,38.6,190.0,100.0,235,0.164,33.6,4.5,0.5,rf->lf lf->rf rf->rm,contralateral
IN19A008,800490,19A,L,gaba,-1,lf,lf,38.5,2397.0,476.0,2641,0.015,0.0,31.5,7.0,lh->lf lm->lf lf->rm,ipsilateral
IN17A041,803685,17A,L,glutamate,-1,lf,lf,38.5,1556.0,763.0,1599,0.024,9.6,28.9,0.0,lh->lf lm->lf rf->lf,ipsilateral
IN03A053,804233,03A,L,acetylcholine,1,lh,lh,38.5,360.0,164.0,379,0.102,20.5,11.8,6.3,lh->rh lh->lm rm->lh,both
IN13B062,804878,13B,L,gaba,-1,rh,rh,38.5,379.0,27.0,620,0.062,0.0,38.5,0.0,rm->rh rh->rm,ipsilateral
IN20A.22A009,805066,20A/22A,L,acetylcholine,1,lf,lf,38.5,357.0,196.0,376,0.102,0.0,38.5,0.0,lm->lf lh->lf lf->lm,ipsilateral
IN04B103,805116,04B,R,acetylcholine,1,rm,rm,38.5,276.0,107.0,281,0.137,0.0,38.5,0.0,rh->rm rm->rh,ipsilateral
IN21A037,807137,21A,L,glutamate,-1,lm,lm,38.5,414.0,188.0,457,0.084,0.0,38.5,0.0,lm->lh lh->lm,ipsilateral
IN13B051,807547,13B,L,gaba,-1,rm,rm,38.5,585.0,0.0,865,0.045,0.0,38.5,0.0,rf->rm rm->rf,ipsilateral
IN08A011,907979,08A,L,glutamate,-1,lm,rh|lm,38.5,59.0,19.0,575,0.067,0.0,0.0,38.5,lm->rh,both
IN18B026,803999,18B,L,acetylcholine,1,rh,lm|rh,38.4,57.0,0.0,1868,0.021,7.4,8.8,22.2,rh->lm rh->rm rh->lh,both
IN06B050,806413,06B,R,gaba,-1,lh|lm,lh,38.4,84.0,8.0,1028,0.037,2.1,33.4,2.9,lm->lh,ipsilateral
IN06B058,807455,06B,R,gaba,-1,lm|rm|lh,lh|lf,38.4,42.0,0.0,717,0.054,1.0,25.9,11.5,lm->lh lm->lf rm->lh,both
IN16B050,810728,16B,R,glutamate,-1,rf,rf,38.4,231.0,25.0,241,0.159,21.6,16.8,0.0,lf->rf rh->rf,both
IN20A.22A036,935536,20A/22A,R,acetylcholine,1,rf,rf,38.4,233.0,100.0,233,0.165,9.0,28.4,1.0,rh->rf rf->lf rf->rm,ipsilateral
IN11A001,800178,11A,R,gaba,-1,lh|rh|rm,lm|rh|rm,38.3,46.0,0.0,8464,0.005,12.1,14.5,11.7,lh->rh lh->lm lh->rm,both
IN03A046,802830,03A,R,acetylcholine,1,rf,rf,38.3,355.0,64.0,360,0.106,0.0,38.3,0.0,rm->rf rf->rm,ipsilateral
IN04B050,804612,04B,L,acetylcholine,1,lf,lf,38.3,329.0,129.0,358,0.107,38.3,0.0,0.0,rf->lf,contralateral
IN20A.22A042,806400,20A/22A,L,acetylcholine,1,lm,lm,38.3,694.0,26.0,775,0.049,20.5,17.3,0.5,lm->rm lf->lm,both
IN04B037,907643,04B,L,acetylcholine,1,lh,lh,38.3,326.0,86.0,400,0.096,0.0,38.3,0.0,lm->lh lh->lm lf->lh,ipsilateral
IN03B058,806758,03B,L,gaba,-1,lh|lm,rh,38.2,43.0,0.0,715,0.053,29.6,1.2,7.4,lh->rh lm->rh,contralateral
IN20A.22A071,902419,20A/22A,L,acetylcholine,1,lf|lm,lf,38.2,147.0,5.0,298,0.128,0.0,38.2,0.0,lm->lf lf->lh,ipsilateral
IN02A013,903464,02A,L,glutamate,-1,lm|lh,lm|rm,38.2,59.0,0.0,2593,0.015,16.5,12.9,8.8,lh->lm lm->rm lh->rm,both
IN17A056,807230,17A,L,acetylcholine,1,lh|rh|lf|rm,lh|lm,38.1,59.0,0.0,741,0.051,10.7,15.8,11.6,rh->lh lf->lh rm->lh,both
IN16B083,809049,16B,R,glutamate,-1,rm,rm,38.1,485.0,204.0,485,0.079,0.0,28.1,10.0,rh->rm lh->rm,ipsilateral
IN13B053,809226,13B,L,gaba,-1,rh,rh,38.1,389.0,0.0,546,0.07,0.0,38.1,0.0,rm->rh,ipsilateral
INXXX466,801429,XXX (unassigned),R,acetylcholine,1,rh,rh,38.0,3618.0,525.0,3843,0.01,7.0,31.0,0.0,rh->rm rh->lh,ipsilateral
IN01B007,801795,01B,R,gaba,-1,rh,rh,38.0,217.0,0.0,1732,0.022,0.0,0.0,38.0,rh->lf rh->lm,both
IN08A050,801880,08A,L,glutamate,-1,lf,lf,38.0,198.0,23.0,235,0.161,18.2,19.8,0.0,lm->lf rf->lf,both
IN13A054,801988,13A,R,gaba,-1,rh,rh,38.0,463.0,233.0,486,0.078,14.8,22.9,0.4,rm->rh lh->rh rh->lh,both
IN04B058,803483,04B,L,acetylcholine,1,lm,lm,38.0,881.0,341.0,1503,0.025,26.0,12.0,0.0,lm->rm lm->lf lm->lh,both
vMS12_c,804840,-,L,acetylcholine,1,rh,lm|rm,38.0,40.0,0.0,1606,0.024,0.9,12.7,24.4,rh->lm rh->rm,both
INXXX406,805591,XXX (unassigned),L,gaba,-1,lm,lh|rh,38.0,38.0,0.0,504,0.075,0.0,26.0,12.0,lm->lh lm->rh,both
IN13B079,806625,13B,R,gaba,-1,lf,lf|rh,38.0,133.0,0.0,218,0.174,0.0,10.0,28.0,lf->rh lf->lh,both
IN01B061,808407,01B,L,gaba,-1,lh,lh|rh,38.0,241.0,0.0,954,0.04,38.0,0.0,0.0,lh->rh,contralateral
IN12B052,809277,12B,R,gaba,-1,lf,lf|rh,38.0,151.0,17.0,302,0.126,0.0,0.0,38.0,lf->rh,both
IN08A041,811853,08A,L,glutamate,-1,lm,lm,38.0,351.0,164.0,470,0.081,0.0,38.0,0.0,lm->lh lm->lf,ipsilateral
IN06B077,903314,06B,R,gaba,-1,rh,rh|lh|lf,38.0,60.0,0.0,1087,0.035,19.0,0.0,19.0,rh->lh rh->lf rh->lm,both
IN17A061,904173,17A,L,acetylcholine,1,lh,lh,38.0,323.0,45.0,323,0.118,23.7,13.4,0.9,lh->rh lm->lh rh->lh,both
IN23B018,906373,23B,L,acetylcholine,1,lf,lf,38.0,348.0,29.0,1046,0.036,7.0,18.0,13.0,lf->lm lf->rm lf->rf,both
IN11A022,907376,11A,R,acetylcholine,1,rf,lh|lm|rh,38.0,38.0,0.0,539,0.071,0.0,10.0,28.0,rf->lh rf->rh rf->lm,both
IN04B043_a,907391,04B,L,acetylcholine,1,lh,lh|rh,38.0,205.0,72.0,285,0.133,31.0,7.0,0.0,lh->rh lh->lm,contralateral
IN06A097,909031,06A,L,gaba,-1,rh,lh,38.0,38.0,0.0,562,0.068,38.0,0.0,0.0,rh->lh,contralateral
IN01A076,912153,01A,L,acetylcholine,1,rm,rm,38.0,412.0,27.0,422,0.09,12.0,26.0,0.0,rm->rh rm->lm,both
IN00A048,803449,00A,M,gaba,-1,lm|lh,lm|rm,37.9,52.0,0.0,669,0.057,12.3,13.3,12.4,lm->rm lh->lm,both
IN16B016,801296,16B,R,glutamate,-1,rm,rm,37.8,1771.0,1623.0,2228,0.017,20.2,17.6,0.0,lm->rm rh->rm rf->rm,both
IN19A013,801747,19A,R,gaba,-1,rm,rm,37.8,2442.0,1971.0,2448,0.015,0.0,37.8,0.0,rf->rm rm->rh rm->rf,ipsilateral
IN21A051,810465,21A,R,glutamate,-1,rh,rh,37.8,464.0,194.0,497,0.076,0.0,37.8,0.0,rm->rh rh->rm,ipsilateral
IN20A.22A028,810658,20A/22A,R,acetylcholine,1,rh,rh,37.8,662.0,559.0,675,0.056,25.2,12.6,0.0,lh->rh rm->rh,both
IN09B049,811363,09B,R,glutamate,-1,lm|rm,lf|lm|rm,37.8,50.0,0.0,509,0.074,11.8,13.7,12.3,lm->lf rm->lf rm->lm,both
IN20A.22A091,817529,20A/22A,L,acetylcholine,1,lh|lf,lh|rh|lm,37.8,58.0,12.0,99,0.381,16.5,15.8,5.5,lh->rh lh->lm lf->lh,both
IN23B061,903792,23B,R,acetylcholine,1,rm,rm|rh,37.7,95.0,0.0,545,0.069,2.3,23.9,11.5,rm->rh lh->rm rm->lh,both
IN14A066,909575,14A,R,glutamate,-1,lf,lf,37.7,297.0,0.0,438,0.086,37.7,0.0,0.0,rf->lf,contralateral
GFC4,805095,-,L,acetylcholine,1,lf,lf,37.6,207.0,44.0,267,0.141,0.0,21.5,16.1,lm->lf rm->lf,both
IN16B080,809533,16B,R,glutamate,-1,rf,rf,37.6,362.0,64.0,438,0.086,37.6,0.0,0.0,lf->rf rf->lf,contralateral
IN03A091,902894,03A,L,acetylcholine,1,lm,lm,37.6,405.0,233.0,459,0.082,5.0,32.4,0.1,lh->lm lm->lh rm->lm,ipsilateral
IN04B049_b,903141,04B,R,acetylcholine,1,rm,rm,37.6,724.0,61.0,809,0.046,0.0,37.6,0.0,rh->rm rm->rf rm->rh,ipsilateral
IN11B013,907354,11B,L,gaba,-1,rm|lm|lf,rh|lh,37.6,40.0,5.0,1028,0.037,4.1,17.2,16.3,rm->rh lm->rh rm->lh,both
IN20A.22A013,907812,20A/22A,R,acetylcholine,1,rf,rf,37.6,281.0,26.0,390,0.096,37.6,0.0,0.0,rf->lf lf->rf,contralateral
IN07B061,805574,07B,R,glutamate,-1,rh|lh|rm,lh,37.5,55.0,0.0,1285,0.029,26.9,1.3,9.2,rh->lh rm->lh,contralateral
IN16B121,812768,16B,L,glutamate,-1,lf|lm,lf,37.5,101.0,0.0,280,0.134,8.4,17.5,11.6,lm->lf lf->rf lf->rm,both
IN08A023,810162,08A,L,glutamate,-1,lm,lm,37.4,288.0,80.0,324,0.116,0.0,37.4,0.0,lh->lm,ipsilateral
IN20A.22A024,903325,20A/22A,R,acetylcholine,1,rh,rh,37.4,422.0,133.0,464,0.081,4.8,24.8,7.8,rh->rm rm->rh lf->rh,both
IN20A.22A051,811534,20A/22A,R,acetylcholine,1,rh,rh,37.3,322.0,216.0,333,0.112,0.0,0.0,37.3,lf->rh,both
IN04B075,800953,04B,L,acetylcholine,1,lh,lh,37.2,660.0,187.0,1028,0.036,0.0,37.2,0.0,lf->lh lh->lm,ipsilateral
IN11A004,804711,11A,L,acetylcholine,1,lh|lm,lf|lm,37.2,40.0,0.0,1398,0.027,2.0,32.2,3.0,lh->lf lm->lf lh->lm,ipsilateral
IN03A077,806268,03A,L,acetylcholine,1,lh,lh,37.2,288.0,66.0,595,0.063,10.2,26.2,0.8,lm->lh lh->rh lh->lm,ipsilateral
IN14A079,808911,14A,R,glutamate,-1,lm,lm,37.2,427.0,0.0,532,0.07,10.3,26.2,0.7,lh->lm lm->rm,ipsilateral
IN03B043,907951,03B,R,gaba,-1,lh|lm|rf,rh|lh,37.2,43.0,0.0,1012,0.037,16.8,10.2,10.2,lh->rh rf->rh lm->rh,both
IN13B017,805550,13B,R,gaba,-1,lf,lf,37.1,672.0,178.0,820,0.045,31.1,5.7,0.3,rf->lf lf->lh,contralateral
IN23B031,803714,23B,L,acetylcholine,1,lh,lh,37.0,329.0,0.0,1224,0.03,7.0,30.0,0.0,lh->lm lh->rh,ipsilateral
IN19B068,804937,19B,R,acetylcholine,1,lh,rh|lh,37.0,50.0,0.0,1720,0.022,37.0,0.0,0.0,lh->rh,contralateral
IN04B025,805412,04B,R,acetylcholine,1,rh,rh,37.0,712.0,168.0,857,0.043,17.0,20.0,0.0,rh->rm rh->lh,both
IN03A068,807167,03A,L,acetylcholine,1,lh,lh,37.0,493.0,113.0,574,0.064,37.0,0.0,0.0,lh->rh,contralateral
IN01B046_a,807391,01B,R,gaba,-1,rm,rm,37.0,526.0,0.0,960,0.039,0.0,37.0,0.0,rm->rh rm->rf,ipsilateral
IN20A.22A056,807497,20A/22A,L,acetylcholine,1,lf,lf,37.0,378.0,64.0,449,0.082,21.0,5.0,11.0,lf->rf lf->rh lf->lm,both
IN11B017_b,809681,11B,R,gaba,-1,rh|rf,rm|lh,37.0,37.0,0.0,347,0.107,10.2,24.0,2.8,rh->rm rh->lh rf->rm,both
IN13B029,810967,13B,L,gaba,-1,rf,rf|rh,37.0,119.0,0.0,234,0.158,0.0,37.0,0.0,rf->rh rf->rm,ipsilateral
IN06A115,811044,06A,R,gaba,-1,rm|rh,lh|rh,37.0,42.0,0.0,551,0.067,11.2,8.0,17.8,rm->lh rh->lh rm->rh,both
IN03B090,814288,03B,R,gaba,-1,rh,lf|lm|rf,37.0,37.0,0.0,207,0.179,0.0,6.0,31.0,rh->lf rh->lm rh->rf,both
IN05B085,814291,05B,L,gaba,-1,rf|lh,rm,37.0,37.0,0.0,188,0.197,0.0,22.4,14.6,rf->rm lh->rm,both
IN21A096,821214,21A,L,glutamate,-1,lm,lf,37.0,43.0,32.0,49,0.755,0.0,37.0,0.0,lm->lf,ipsilateral
IN00A030,904261,00A,M,gaba,-1,lm|lh|rm,lf|rf,37.0,37.0,0.0,461,0.08,0.0,21.2,15.8,lm->lf lm->rf rm->lf,both
IN20A.22A053,908889,20A/22A,L,acetylcholine,1,lm,lm,37.0,685.0,6.0,890,0.042,0.0,37.0,0.0,lm->lh lm->lf,ipsilateral
IN06B081,912237,06B,R,gaba,-1,lf,rh|lh,37.0,37.0,0.0,440,0.084,0.0,6.0,31.0,lf->rh lf->lh,both
IN20A.22A073,934900,20A/22A,L,acetylcholine,1,lh,lh,37.0,296.0,8.0,311,0.119,7.0,30.0,0.0,lh->lm lh->rh,ipsilateral
IN12B023,804657,12B,R,gaba,-1,lf,lf,36.9,249.0,179.0,249,0.148,0.0,24.0,12.9,lh->lf rh->lf,both
INXXX416,909363,XXX (unassigned),L,unclear,0,lm,rh|lh,36.9,38.0,0.0,259,0.143,3.0,8.9,25.0,lm->rh lm->lh,both
IN20A.22A049,909385,20A/22A,R,acetylcholine,1,rm,rm,36.9,375.0,49.0,393,0.094,0.0,0.0,36.9,lf->rm,both
IN06B017,805301,06B,R,gaba,-1,lh|lm|rh,lh|rh,36.8,50.0,0.0,1598,0.023,12.8,12.2,11.8,lh->rh lm->lh lm->rh,both
IN20A.22A091,815928,20A/22A,L,acetylcholine,1,lm|lf,lm,36.8,132.0,83.0,139,0.265,0.0,36.8,0.0,lf->lm,ipsilateral
IN23B087,909786,23B,R,acetylcholine,1,rh,rh,36.8,150.0,0.0,500,0.074,8.3,16.8,11.7,rh->lf rf->rh rh->rf,both
INXXX316,802825,XXX (unassigned),R,gaba,-1,rf|rh,rh|lh,36.7,47.0,0.0,2640,0.014,3.1,25.7,7.9,rf->rh rf->lh rm->rh,ipsilateral
IN03A081,806862,03A,L,acetylcholine,1,lm,lm,36.7,483.0,178.0,677,0.054,0.0,36.7,0.0,lm->lh lf->lm lh->lm,ipsilateral
IN17A079,808637,17A,R,acetylcholine,1,rm,rm,36.7,818.0,0.0,983,0.037,6.8,29.7,0.2,rh->rm rm->lm rm->rh,ipsilateral
IN16B070,809394,16B,R,glutamate,-1,rf,rf,36.7,208.0,85.0,221,0.166,36.7,0.0,0.0,rf->lf lf->rf,contralateral
IN21A061,907783,21A,L,glutamate,-1,lh,lh,36.7,387.0,114.0,395,0.093,0.0,36.7,0.0,lm->lh,ipsilateral
IN12B066_a,913464,12B,R,gaba,-1,lf|lm,lf,36.7,77.0,5.0,104,0.353,0.0,23.7,13.0,lm->lf rh->lf lh->lf,both
IN21A008,801103,21A,L,glutamate,-1,lm,lm,36.6,1358.0,155.0,1938,0.019,0.0,36.6,0.0,lm->lf lf->lm,ipsilateral
INXXX363,906513,XXX (unassigned),L,gaba,-1,lh|rh,rh,36.6,50.0,0.0,1160,0.032,36.6,0.0,0.0,lh->rh,contralateral
INXXX247,803335,XXX (unassigned),R,acetylcholine,1,rh|lh|rm,lh,36.5,47.0,0.0,1744,0.021,25.3,1.3,9.8,rh->lh rm->lh,both
IN06B058,805903,06B,R,gaba,-1,lm|rm,rm|lh,36.5,46.0,0.0,903,0.04,12.7,12.0,11.8,lm->rm lm->lh rm->lh,both
IN09A037,807973,09A,L,gaba,-1,lh,lh,36.5,548.0,0.0,694,0.053,0.0,36.5,0.0,lh->lm lm->lh,ipsilateral
IN12B056,811037,12B,L,gaba,-1,rh,rh|rm,36.5,198.0,23.0,279,0.131,0.0,36.5,0.0,rh->rm rm->rh,ipsilateral
IN00A008,803564,00A,M,gaba,-1,rh|lh,rh|lh,36.4,75.0,0.0,3081,0.012,30.4,4.3,1.7,rh->lh lh->rh rh->rm,contralateral
IN13B022,803687,13B,L,gaba,-1,rm,rm,36.4,1372.0,0.0,1514,0.024,0.0,27.9,8.5,rh->rm rf->rm lf->rm,ipsilateral
IN06B055,806360,06B,R,gaba,-1,lm|lh,rm|rh,36.4,40.0,0.0,921,0.039,18.8,5.6,12.0,lm->rm lm->rh lh->rm,both
INXXX415,806541,XXX (unassigned),R,gaba,-1,rh|lm|rm,rh|lh|lm,36.4,52.0,0.0,961,0.038,10.4,10.1,15.9,rh->lh lm->rh lm->lh,both
IN00A045,804309,00A,M,gaba,-1,lm|lh,rm|lm,36.3,49.0,0.0,1414,0.026,20.0,6.3,10.0,lm->rm lh->rm lh->lm,both
IN06B066,807661,06B,L,gaba,-1,lm|rm,lh|lm,36.3,48.0,0.0,728,0.05,10.1,20.2,6.1,lm->lh lm->rm rm->lh,both
IN08A043,812611,08A,R,glutamate,-1,rh,rh,36.3,358.0,263.0,392,0.093,5.8,30.3,0.2,rh->rm rm->rh rh->lh,ipsilateral
IN00A069,908365,00A,M,gaba,-1,lh|rh,rh|lm|lh,36.3,49.0,0.0,628,0.058,14.3,11.6,10.4,lh->rh lh->lm rh->lm,both
IN05B037,802207,05B,L,gaba,-1,rh|lf,rh,36.2,72.0,0.0,2036,0.018,8.2,5.4,22.5,lf->rh lh->rh rm->rh,both
IN06B056,806813,06B,L,gaba,-1,lm|rh|lh|lf,lm|rm,36.2,47.0,0.0,662,0.055,4.4,18.2,13.5,rh->lm lh->lm lf->lm,both
IN08A049,810257,08A,L,glutamate,-1,lm,lm,36.2,549.0,108.0,561,0.065,0.0,36.2,0.0,lf->lm,ipsilateral
IN21A041,907640,21A,R,glutamate,-1,rh|lm|rm,rh,36.2,79.0,79.0,79,0.458,0.0,17.4,18.7,lm->rh rm->rh,both
IN17A030,803133,17A,R,acetylcholine,1,rh,lh|rh,36.1,48.0,0.0,1573,0.023,33.8,0.5,1.7,rh->lh,contralateral
IN13A038,806649,13A,L,gaba,-1,lm,lm,36.1,545.0,0.0,645,0.056,0.0,36.1,0.0,lm->lf lh->lm lm->lh,ipsilateral
INXXX244,816908,XXX (unassigned),R,unclear,0,lm|rh,rh|rm,36.1,54.0,0.0,1612,0.022,6.4,4.6,25.1,lm->rh lm->rm rh->rm,both
IN03A036,905500,03A,R,acetylcholine,1,rh,rh,36.1,930.0,598.0,981,0.037,10.0,26.1,0.0,rm->rh lh->rh,ipsilateral
IN23B009,800537,23B,L,acetylcholine,1,lf,lf,36.0,784.0,0.0,3372,0.011,0.0,36.0,0.0,lf->lm,ipsilateral
IN04B066,804774,04B,R,acetylcholine,1,rf,rf,36.0,234.0,8.0,280,0.129,7.0,29.0,0.0,rf->rm rf->lf,ipsilateral
IN00A022,804889,00A,M,gaba,-1,lm,rh|lm|lh,36.0,60.0,0.0,1403,0.026,0.0,10.0,26.0,lm->rh lm->lh,both
INXXX385,804899,XXX (unassigned),L,gaba,-1,lh,rh|lh,36.0,67.0,0.0,1526,0.024,36.0,0.0,0.0,lh->rh,contralateral
IN13B027,804958,13B,L,gaba,-1,rh,rh,36.0,554.0,0.0,752,0.048,28.0,8.0,0.0,rh->lh rh->rm,contralateral
IN23B085,805228,23B,R,acetylcholine,1,rh,rh,36.0,216.0,0.0,633,0.057,30.0,0.0,6.0,rh->lh rh->lf,contralateral
IN04B032,805968,04B,R,acetylcholine,1,rh,rh,36.0,879.0,369.0,1014,0.036,6.0,30.0,0.0,rh->rm rh->lh,ipsilateral
IN03A068,806054,03A,R,acetylcholine,1,rh,rh,36.0,824.0,238.0,955,0.038,36.0,0.0,0.0,rh->lh,contralateral
IN04B100,806108,04B,L,acetylcholine,1,lh,lh,36.0,650.0,72.0,717,0.05,25.0,11.0,0.0,lh->rh lh->lm,both
IN20A.22A053,806998,20A/22A,R,acetylcholine,1,rm,rm,36.0,742.0,71.0,890,0.04,0.0,36.0,0.0,rm->rh rm->rf,ipsilateral
IN12B053,807855,12B,L,gaba,-1,rm,rm,36.0,210.0,0.0,245,0.147,0.0,36.0,0.0,rm->rf rm->rh,ipsilateral
IN11A031,808081,11A,R,acetylcholine,1,rm,rm|lh,36.0,82.0,0.0,745,0.048,5.0,0.0,31.0,rm->lh rm->lm,both
IN04B048,808542,04B,L,acetylcholine,1,lh,lh,36.0,461.0,84.0,493,0.073,21.0,15.0,0.0,lh->rh lh->lm,both
IN16B101,808996,16B,L,glutamate,-1,lh,lh,36.0,427.0,13.0,498,0.072,23.0,13.0,0.0,lh->rh lh->lm,both
IN04B077,809461,04B,R,acetylcholine,1,rm,rm|lh,36.0,184.0,23.0,365,0.099,0.0,0.0,36.0,rm->lh,both
IN12B073,809903,12B,L,gaba,-1,rh,rh,36.0,138.0,0.0,354,0.102,0.0,19.0,17.0,rh->rm rh->lf,both
IN13A036,809975,13A,R,gaba,-1,rm,rm,36.0,321.0,0.0,656,0.055,0.0,29.0,7.0,rm->rh rm->lh,ipsilateral
IN21A064,811570,21A,L,glutamate,-1,lf|lm,lf,36.0,89.0,0.0,207,0.174,7.1,19.0,9.9,lm->lf lf->rm lf->rf,both
IN20A.22A053,811638,20A/22A,L,acetylcholine,1,lf,lf,36.0,371.0,0.0,448,0.08,8.0,28.0,0.0,lf->lm lf->rf,ipsilateral
IN20A.22A085,811804,20A/22A,R,acetylcholine,1,rf,rf|lf,36.0,151.0,31.0,259,0.139,36.0,0.0,0.0,rf->lf,contralateral
IN12B084,812949,12B,L,gaba,-1,rm,rf,36.0,36.0,0.0,112,0.321,0.0,36.0,0.0,rm->rf,ipsilateral
IN03A055,813538,03A,R,acetylcholine,1,rh,rh,36.0,988.0,117.0,1257,0.029,30.0,6.0,0.0,rh->lh rh->rm,contralateral
IN20A.22A090,813990,20A/22A,L,acetylcholine,1,lh,lh|rh,36.0,220.0,0.0,381,0.094,36.0,0.0,0.0,lh->rh,contralateral
IN21A099,814561,21A,L,glutamate,-1,lh|lm,lh|lm,36.0,100.0,0.0,209,0.172,0.0,36.0,0.0,lm->lh lh->lm,ipsilateral
IN09A041,816337,09A,L,gaba,-1,lm,lm|lh,36.0,70.0,0.0,258,0.14,0.0,36.0,0.0,lm->lh lm->lf,ipsilateral
IN20A.22A051,905843,20A/22A,L,acetylcholine,1,lh,lh,36.0,274.0,188.0,319,0.113,7.4,28.0,0.6,lm->lh lh->lm lf->lh,ipsilateral
IN01B012,906188,01B,L,gaba,-1,lh,lh,36.0,724.0,0.0,2259,0.016,6.0,0.0,30.0,lh->rf lh->rh,both
IN13A054,907380,13A,R,gaba,-1,rm,rm,36.0,511.0,216.0,560,0.064,0.0,36.0,0.0,rm->rh rm->rf,ipsilateral
IN07B068,907517,07B,R,acetylcholine,1,lh,rf|lf,36.0,36.0,0.0,522,0.069,0.0,8.0,28.0,lh->rf lh->lf,both
IN03A059,908279,03A,R,acetylcholine,1,rh,rh,36.0,613.0,131.0,743,0.048,0.0,36.0,0.0,rh->rm,ipsilateral
IN08B091,908987,08B,R,acetylcholine,1,lh,rm|lh,36.0,54.0,11.0,455,0.079,8.0,0.0,28.0,lh->rm lh->rh,both
IN20A.22A092,911505,20A/22A,R,acetylcholine,1,rm,rm|rf,36.0,162.0,0.0,189,0.19,0.0,36.0,0.0,rm->rf rm->rh,ipsilateral
IN09A060,912485,09A,L,gaba,-1,lm,lm|lf,36.0,239.0,5.0,594,0.061,0.0,36.0,0.0,lm->lf,ipsilateral
IN13A002,800524,13A,R,gaba,-1,rm,rm,35.9,4228.0,182.0,6098,0.006,7.0,28.9,0.0,rh->rm rm->lm rm->rh,ipsilateral
IN04B054_b,801351,04B,R,acetylcholine,1,rh,rh,35.9,598.0,101.0,869,0.041,27.9,7.8,0.2,rh->lh lh->rh rh->rm,contralateral
IN21A047_c,808413,21A,R,glutamate,-1,rm,rm,35.9,592.0,20.0,613,0.059,0.5,21.9,13.5,rh->rm rm->lh,both
IN08A011,808779,08A,L,glutamate,-1,lm|rh,rh,35.9,49.0,0.0,534,0.067,0.0,0.0,35.9,lm->rh,both
IN11B012,924883,11B,L,gaba,-1,lh|rm,lh|rh|lf,35.9,62.0,7.0,1999,0.018,11.4,11.4,13.1,rm->lh lh->rh lh->lf,both
IN19A024,801698,19A,R,gaba,-1,rm,rm,35.8,2029.0,301.0,2134,0.017,24.8,11.0,0.0,rm->lm rm->rh lm->rm,both
IN12B024_c,903026,12B,R,gaba,-1,lh,lh,35.8,231.0,135.0,331,0.108,26.5,8.8,0.5,lh->rh lh->lm lm->lh,contralateral
INXXX247,803222,XXX (unassigned),R,acetylcholine,1,rh|rm|lh,lh,35.7,45.0,0.0,1856,0.019,25.0,0.0,10.7,rh->lh rm->lh,both
IN17A033,805405,17A,L,acetylcholine,1,lh|lm,lm|rf,35.7,43.0,0.0,719,0.05,0.8,23.7,11.2,lh->lm lh->rf,both
IN04B102,812162,04B,L,acetylcholine,1,lm,lm,35.7,261.0,91.0,303,0.118,0.3,23.0,12.4,lf->lm rh->lm lm->lh,both
IN00A019,903278,00A,M,gaba,-1,lm|rm,rm|lm,35.7,71.0,0.0,1921,0.019,35.7,0.0,0.0,lm->rm rm->lm,contralateral
IN00A043,907261,00A,M,gaba,-1,lh|rh|lm,lh|rm,35.7,50.0,0.0,785,0.045,11.6,13.1,10.9,rh->lh lm->lh lh->rm,both
IN16B105,808067,16B,L,glutamate,-1,lh,lh,35.6,373.0,158.0,401,0.089,10.3,24.6,0.7,lf->lh lh->rh lm->lh,both
IN21A084,814209,21A,L,glutamate,-1,lm|rf,lf|rf,35.6,41.0,0.0,197,0.18,7.7,20.3,7.6,lm->lf lm->rf lm->rm,both
IN23B043,903418,23B,R,acetylcholine,1,rm,rm,35.6,280.0,0.0,1751,0.02,15.7,19.6,0.3,rm->lm rm->rh rh->rm,both
IN20A.22A089,903696,20A/22A,R,acetylcholine,1,rm|lf,rm,35.6,125.0,0.0,224,0.159,8.6,2.4,24.6,lf->rm rm->lm,both
IN08A050,906103,08A,L,glutamate,-1,lf,lf,35.6,181.0,14.0,226,0.158,14.8,20.8,0.0,lm->lf rf->lf,both
IN18B035,805239,18B,R,acetylcholine,1,rh|rm|rf,rh|lh,35.5,48.0,0.0,1183,0.03,10.1,12.6,12.8,rh->lh rm->rh rf->rh,both
IN12B025,806015,12B,R,gaba,-1,lh,lh,35.5,280.0,40.0,410,0.087,0.0,35.5,0.0,lh->lm lf->lh,ipsilateral
IN03A075,806584,03A,L,acetylcholine,1,lf,lf,35.5,530.0,298.0,567,0.063,0.0,35.5,0.0,lh->lf lf->lm,ipsilateral
IN03A065,809703,03A,R,acetylcholine,1,rf|rh,rf,35.5,184.0,35.0,192,0.185,6.7,27.5,1.3,rh->rf rf->lf,ipsilateral
IN13A035,904676,13A,R,gaba,-1,rf,rf,35.5,315.0,177.0,362,0.098,22.2,13.3,0.0,lf->rf rm->rf,both
"IN20A.22A036,IN20A.22A072",908819,20A/22A,L,acetylcholine,1,lm,lm,35.5,382.0,59.0,419,0.085,0.1,31.3,4.2,lm->lf lm->lh lh->lm,ipsilateral
IN17A061,806137,17A,L,acetylcholine,1,lh,lh,35.4,281.0,53.0,281,0.126,21.6,13.2,0.6,lh->rh lm->lh lh->lm,both
IN09A019,806152,09A,R,gaba,-1,rh,lm,35.4,40.0,0.0,814,0.043,2.2,3.3,29.9,rh->lm,both
IN16B060,903110,16B,R,glutamate,-1,rf|lf,rf,35.4,96.0,0.0,154,0.23,19.0,15.2,1.3,lf->rf rh->rf rf->rm,both
IN00A063,911100,00A,M,gaba,-1,lm|lh,rm|lh|rh,35.4,37.0,0.0,656,0.054,19.9,4.4,11.1,lm->rm lh->rm lm->rh,both
IN06B050,807358,06B,R,gaba,-1,lm|lh,lh,35.3,57.0,0.0,930,0.038,0.0,35.3,0.0,lm->lh,ipsilateral
"IN16B088,IN16B109",809569,16B,L,glutamate,-1,lh,lh,35.3,273.0,28.0,378,0.093,18.6,16.3,0.4,lh->rh lh->lm lm->lh,both
IN09A033,812230,09A,R,gaba,-1,rh,lh|rh,35.3,56.0,0.0,182,0.194,27.4,7.3,0.6,rh->lh rh->rm,contralateral
IN23B022,852029,23B,L,acetylcholine,1,lf,lf,35.3,304.0,0.0,1003,0.035,0.3,23.3,11.7,lh->lf lf->rm lf->lh,both
IN03A053,908597,03A,R,acetylcholine,1,rh,rh,35.3,599.0,312.0,624,0.057,25.6,9.3,0.4,rh->lh rm->rh,contralateral
INXXX258,934897,XXX (unassigned),L,gaba,-1,lh|rh,rh,35.3,53.0,0.0,1876,0.019,28.0,6.6,0.7,lh->rh rf->rh,contralateral
IN03A045,801909,03A,L,acetylcholine,1,lf,lf,35.2,754.0,267.0,766,0.046,4.7,30.5,0.0,lm->lf lh->lf rf->lf,ipsilateral
IN21A017,802684,21A,L,acetylcholine,1,lf,lf,35.2,918.0,687.0,937,0.038,0.0,35.2,0.0,lm->lf lh->lf,ipsilateral
IN03A033,805551,03A,R,acetylcholine,1,rm,rm,35.2,880.0,238.0,961,0.037,0.0,35.2,0.0,rm->rh rh->rm,ipsilateral
IN04B081,806810,04B,L,acetylcholine,1,lf,lf,35.2,257.0,111.0,283,0.124,4.6,30.2,0.4,lh->lf lf->lm lm->lf,ipsilateral
IN01A074,810810,01A,R,acetylcholine,1,lf,lf,35.2,375.0,0.0,425,0.083,0.0,35.2,0.0,lm->lf,ipsilateral
IN21A049,909052,21A,R,glutamate,-1,rm,rm,35.2,403.0,165.0,604,0.058,13.5,21.6,0.0,rh->rm lm->rm,both
IN03B058,801541,03B,R,gaba,-1,rh|rm,rh,35.1,82.0,0.0,662,0.053,10.3,14.1,10.7,rm->rh lm->rh lh->rh,both
"IN21A023,IN21A024",802222,21A,R,glutamate,-1,rh,rh,35.1,1390.0,0.0,1870,0.019,0.2,12.8,22.1,lm->rh rh->rm,both
IN14A098,811374,14A,L,glutamate,-1,rh,rh,35.1,336.0,0.0,432,0.081,0.0,35.1,0.0,rm->rh,ipsilateral
IN03A087,817845,03A,R,acetylcholine,1,rf,rf,35.1,128.0,37.0,143,0.246,6.1,28.1,0.9,rm->rf rf->rm rf->lf,ipsilateral
IN03B043,803327,03B,R,gaba,-1,lh,rh|lh,35.0,46.0,6.0,1027,0.034,29.0,6.0,0.0,lh->rh lh->lf,contralateral
IN03A062_e,803847,03A,L,acetylcholine,1,lm,lm,35.0,574.0,0.0,803,0.044,35.0,0.0,0.0,lm->rm,contralateral
IN11A006,803919,11A,L,acetylcholine,1,lh,lm|lh|rh,35.0,43.0,0.0,1659,0.021,8.0,24.0,3.0,lh->lm lh->rh,both
IN20A.22A053,803928,20A/22A,R,acetylcholine,1,rm,rm,35.0,535.0,55.0,771,0.045,0.0,35.0,0.0,rm->rh,ipsilateral
"IN14A042,IN14A047",804045,14A,R,glutamate,-1,lf,lf,35.0,450.0,0.0,477,0.073,35.0,0.0,0.0,lf->rf,contralateral
IN20A.22A053,805077,20A/22A,R,acetylcholine,1,rm,rm,35.0,672.0,69.0,866,0.04,0.0,35.0,0.0,rm->rh rm->rf,ipsilateral
IN09A078,808376,09A,R,gaba,-1,rh,rh|lf,35.0,144.0,0.0,724,0.048,0.0,0.0,35.0,rh->lf,both
IN20A.22A012,808898,20A/22A,R,acetylcholine,1,rf,rf,35.0,196.0,18.0,317,0.11,6.0,29.0,0.0,rf->rm rf->rh rf->lf,ipsilateral
IN07B086,808931,07B,R,acetylcholine,1,rh,lh|rf|rm,35.0,35.0,0.0,597,0.059,15.0,20.0,0.0,rh->lh rh->rm rh->rf,both
IN20A.22A065,809188,20A/22A,R,acetylcholine,1,rm,rm,35.0,406.0,30.0,406,0.086,0.0,35.0,0.0,rm->rh rm->rf,ipsilateral
IN08A047,809234,08A,L,glutamate,-1,lh,lh,35.0,863.0,597.0,863,0.041,0.0,35.0,0.0,lm->lh,ipsilateral
IN07B064,810414,07B,L,acetylcholine,1,lm|lh,lf|rm,35.0,35.0,0.0,462,0.076,7.9,24.0,3.1,lm->lf lm->rm lh->lf,both
IN06A022,810855,06A,R,gaba,-1,lh,rm|lh,35.0,48.0,0.0,413,0.085,0.0,0.0,35.0,lh->rm,both
IN20A.22A073,811171,20A/22A,R,acetylcholine,1,rh,rh,35.0,258.0,50.0,263,0.133,17.5,17.0,0.5,rh->lh rh->rm rf->rh,both
IN16B111,812359,16B,R,glutamate,-1,rh,lf|lh,35.0,35.0,0.0,266,0.132,17.0,0.0,18.0,rh->lf rh->lh,both
IN20A.22A092,815003,20A/22A,L,acetylcholine,1,lm,lm,35.0,293.0,0.0,388,0.09,0.0,35.0,0.0,lm->lf lm->lh,ipsilateral
IN07B098,820900,07B,R,acetylcholine,1,rh,lh,35.0,35.0,0.0,351,0.1,35.0,0.0,0.0,rh->lh,contralateral
IN07B073_d,906552,07B,R,acetylcholine,1,rm,rm|lh,35.0,99.0,5.0,402,0.087,5.0,6.0,24.0,rm->lh rm->rf rm->lm,both
IN06A045,907238,06A,L,gaba,-1,lh|lm,lh,35.0,83.0,0.0,951,0.037,0.0,35.0,0.0,lm->lh lh->lm,ipsilateral
IN13B040,929309,13B,L,gaba,-1,rf,rf,35.0,214.0,7.0,289,0.121,23.0,12.0,0.0,rf->lf rf->rm,both
IN03A059,1050112921,03A,R,acetylcholine,1,rh,rh,35.0,730.0,158.0,971,0.036,0.0,35.0,0.0,rh->rm,ipsilateral
IN09B047,808038,09B,R,glutamate,-1,rh|lh,lh|rh,34.9,56.0,0.0,530,0.066,25.0,4.4,5.6,rh->lh lh->rh rh->lm,contralateral
IN20A.22A017,803925,20A/22A,L,acetylcholine,1,lm,lm,34.8,829.0,0.0,987,0.035,0.0,34.8,0.0,lf->lm lm->lh,ipsilateral
IN16B055,806317,16B,L,glutamate,-1,lf,lf,34.8,512.0,0.0,517,0.067,34.8,0.0,0.0,rf->lf lf->rf,contralateral
IN08A032,810034,08A,R,glutamate,-1,rm,rm,34.8,474.0,317.0,486,0.072,0.4,26.8,7.6,rh->rm rm->lh rm->rh,ipsilateral
IN13A038,811487,13A,R,gaba,-1,rf,rf,34.8,227.0,0.0,306,0.114,28.8,5.5,0.5,lf->rf rf->lf rf->rm,contralateral
IN23B034,806177,23B,L,acetylcholine,1,lf|rm,lf,34.7,104.0,0.0,470,0.074,1.9,15.1,17.7,rm->lf lf->lm lf->rm,both
IN03A069,809325,03A,R,acetylcholine,1,rf,rf,34.7,162.0,97.0,231,0.15,5.5,17.7,11.5,rf->lm rm->rf rf->rm,both
IN03A031,801819,03A,L,acetylcholine,1,lh,lh,34.6,507.0,193.0,547,0.063,0.0,34.6,0.0,lm->lh,ipsilateral
IN04B081,809108,04B,L,acetylcholine,1,lm,lm,34.6,423.0,162.0,428,0.081,0.0,34.6,0.0,lh->lm lm->lf lm->lh,ipsilateral
IN20A.22A065,810210,20A/22A,R,acetylcholine,1,rm,rm,34.6,416.0,32.0,416,0.083,0.0,34.6,0.0,rm->rh rh->rm,ipsilateral
IN20A.22A043,810375,20A/22A,R,acetylcholine,1,rm,rm,34.6,228.0,151.0,290,0.119,0.0,0.7,34.0,lf->rm rm->lh,both
IN04B046,910811,04B,L,acetylcholine,1,lm,lm,34.6,401.0,160.0,543,0.064,0.0,34.6,0.0,lh->lm lm->lh,ipsilateral
IN09A002,800685,09A,L,gaba,-1,lf,lf,34.5,927.0,516.0,1113,0.031,16.0,13.4,5.0,lf->rf lf->lm lf->rm,both
IN13A025,806524,13A,R,gaba,-1,rm,rm,34.5,638.0,57.0,693,0.05,0.0,34.5,0.0,rf->rm rh->rm rm->rh,ipsilateral
INXXX406,808656,XXX (unassigned),R,gaba,-1,lh|rm,rh|lh,34.5,41.0,0.0,643,0.054,14.0,14.0,6.5,rm->rh lh->rh rm->lh,both
IN03A077,816551,03A,R,acetylcholine,1,rh,rh,34.5,733.0,184.0,935,0.037,0.0,34.5,0.0,rh->rm rm->rh,ipsilateral
IN03A077,818434,03A,R,acetylcholine,1,rh,rh,34.5,616.0,210.0,852,0.041,29.9,4.4,0.2,rh->lh lh->rh rm->rh,contralateral
IN21A064,902291,21A,R,glutamate,-1,rf|rm,rf|rm,34.5,63.0,0.0,154,0.224,6.0,22.5,6.0,rf->rm rm->rf rf->lm,both
IN00A016,802037,00A,M,gaba,-1,lf|rf,lf,34.4,54.0,5.0,539,0.064,13.7,10.9,9.9,rf->lf rh->lf lh->lf,both
IN20A.22A009,802169,20A/22A,R,acetylcholine,1,rm,rm,34.4,424.0,264.0,473,0.073,5.9,28.5,0.0,rh->rm lm->rm,ipsilateral
IN04B037,805847,04B,R,acetylcholine,1,rf,rf,34.4,403.0,274.0,409,0.084,20.6,13.8,0.0,lf->rf rh->rf rm->rf,both
IN12B025,809551,12B,L,gaba,-1,rf,rf,34.4,133.0,23.0,198,0.174,16.4,9.7,8.3,lf->rf rf->rh rf->lh,both
IN21A058,810481,21A,R,glutamate,-1,rm,rm,34.4,273.0,5.0,390,0.088,0.0,34.4,0.0,rf->rm rm->rh,ipsilateral
IN04B059,811080,04B,R,acetylcholine,1,rf|rh,rf,34.4,204.0,90.0,204,0.169,0.0,34.4,0.0,rh->rf,ipsilateral
INXXX119,904941,XXX (unassigned),R,gaba,-1,lh,lh|rh,34.4,120.0,17.0,2256,0.015,24.9,8.3,1.2,lh->rh rh->lh lh->lm,contralateral
IN03A047,928813,03A,L,acetylcholine,1,lm,lm,34.4,723.0,505.0,739,0.047,0.0,34.4,0.0,lh->lm lf->lm,ipsilateral
INXXX363,805743,XXX (unassigned),R,gaba,-1,rh,lh,34.3,37.0,0.0,1126,0.03,32.8,0.0,1.5,rh->lh,contralateral
IN21A093,814979,21A,R,glutamate,-1,rh|lh,rh,34.3,141.0,59.0,214,0.16,22.9,0.0,11.4,lh->rh lm->rh,both
IN07B061,906189,07B,L,glutamate,-1,lm|lh|rh,rh|rm,34.3,40.0,0.0,1086,0.032,14.7,1.0,18.5,lm->rh lh->rh,both
IN23B018,803270,23B,L,acetylcholine,1,lm,lm,34.2,613.0,11.0,1708,0.02,0.0,34.2,0.0,lm->lh,ipsilateral
IN09B047,919785,09B,R,glutamate,-1,lm|rf,lh|rf,34.2,40.0,0.0,390,0.088,1.0,20.6,12.5,lm->lh lm->rf rf->lh,both
INXXX247,800502,XXX (unassigned),L,acetylcholine,1,lh|rh|lm,rh,34.1,49.0,0.0,1693,0.02,22.3,1.7,10.1,lh->rh lm->rh,both
IN08A034,812181,08A,R,glutamate,-1,rf,rf,34.1,223.0,99.0,250,0.136,0.0,34.1,0.0,rm->rf rh->rf,ipsilateral
IN16B095,906108,16B,R,glutamate,-1,rm,rm,34.1,269.0,100.0,274,0.125,0.0,19.9,14.2,rm->rh lf->rm,both
INXXX466,801149,XXX (unassigned),L,acetylcholine,1,lh,lh,34.0,3741.0,351.0,4164,0.008,7.0,27.0,0.0,lh->lm lh->rh,ipsilateral
IN06B070,802485,06B,R,gaba,-1,lh,lh,34.0,339.0,9.0,756,0.045,7.0,22.0,5.0,lh->lm lh->rh lh->rm,both
IN23B037,802700,23B,R,acetylcholine,1,rm,rm,34.0,286.0,0.0,1304,0.026,0.0,25.0,9.0,rm->rh rm->lh,ipsilateral
IN00A038,803326,00A,M,gaba,-1,rh,lh|rh|rm,34.0,45.0,0.0,1030,0.033,22.0,7.0,5.0,rh->lh rh->rm rh->lf,both
IN13B014,803517,13B,L,gaba,-1,rf,rf,34.0,387.0,14.0,1024,0.033,23.0,11.0,0.0,rf->lf rf->rm,both
IN01B008,804011,01B,R,gaba,-1,rf,rf|lf,34.0,191.0,0.0,737,0.046,34.0,0.0,0.0,rf->lf,contralateral
IN02A030,804355,02A,L,glutamate,-1,lh,lh|rh,34.0,77.0,0.0,1984,0.017,34.0,0.0,0.0,lh->rh,contralateral
IN13B030,804813,13B,R,gaba,-1,lm,lm,34.0,397.0,0.0,924,0.037,4.8,29.0,0.2,lm->lh lf->lm lh->lm,ipsilateral
IN08A017,805429,08A,R,glutamate,-1,rh,rh,34.0,1205.0,83.0,1264,0.027,28.0,6.0,0.0,rh->lh rh->rm,contralateral
IN16B075,805826,16B,L,glutamate,-1,lf,lf,34.0,642.0,240.0,1011,0.034,21.0,13.0,0.0,lf->rf lf->lm lf->lh,both
INXXX427,806113,XXX (unassigned),L,acetylcholine,1,lh,rh,34.0,34.0,0.0,1731,0.02,31.4,0.0,2.6,lh->rh,contralateral
IN16B122,806935,16B,R,glutamate,-1,rf,rf|lf,34.0,159.0,6.0,204,0.167,26.0,8.0,0.0,rf->lf rf->rm,contralateral
IN18B042,807056,18B,R,acetylcholine,1,rm|rh|rf,rh|lh,34.0,47.0,6.0,708,0.048,4.0,23.0,7.0,rm->rh rf->rh rm->lh,both
IN18B049,807083,18B,R,acetylcholine,1,rh,lm,34.0,34.0,0.0,860,0.04,3.0,1.9,29.1,rh->lm,both
IN23B058,807191,23B,R,acetylcholine,1,rh,rh|rm,34.0,126.0,0.0,502,0.068,13.0,21.0,0.0,rh->rm rh->lh,both
IN08A029,807456,08A,L,glutamate,-1,lm,lm,34.0,664.0,91.0,703,0.048,0.0,34.0,0.0,lm->lf,ipsilateral
IN18B041,807869,18B,L,acetylcholine,1,lh,rm,34.0,34.0,0.0,668,0.051,0.0,0.0,34.0,lh->rm,both
IN09A060,809391,09A,L,gaba,-1,lm,lm,34.0,266.0,0.0,603,0.056,10.0,23.0,1.0,lh->lm lm->rm,both
IN19B075,809510,19B,L,acetylcholine,1,rm,lh,34.0,34.0,0.0,783,0.043,0.0,0.0,34.0,rm->lh,both
IN16B047,810592,16B,L,glutamate,-1,lh,rh|lh|rm,34.0,52.0,0.0,616,0.055,22.0,0.0,12.0,lh->rh lh->rm,both
IN01A081,813100,01A,R,acetylcholine,1,lf|rf,lf,34.0,213.0,0.0,287,0.118,34.0,0.0,0.0,rf->lf,contralateral
IN12B058,814456,12B,R,gaba,-1,lf,lf|lm,34.0,179.0,0.0,217,0.157,0.0,34.0,0.0,lf->lm,ipsilateral
IN20A.22A090,815861,20A/22A,R,acetylcholine,1,rh,rh,34.0,238.0,0.0,329,0.103,20.0,14.0,0.0,rh->lh rh->rm,both
IN01B015,902317,01B,L,gaba,-1,lm,lm,34.0,573.0,0.0,1431,0.024,0.0,34.0,0.0,lm->lh lm->lf,ipsilateral
IN21A035,905861,21A,L,glutamate,-1,lf,lf,34.0,532.0,57.0,575,0.059,34.0,0.0,0.0,rf->lf,contralateral
IN10B023,906655,10B,L,acetylcholine,1,rh,rh,34.0,982.0,98.0,1498,0.023,27.0,0.0,7.0,rh->lh rh->lf,contralateral
IN03A046,908318,03A,L,acetylcholine,1,lf,lf,34.0,640.0,173.0,710,0.048,0.0,34.0,0.0,lf->lm,ipsilateral
IN19B086,908897,19B,R,acetylcholine,1,rh,lm|rm,34.0,34.0,0.0,208,0.163,5.0,12.0,17.0,rh->lm rh->rm rh->lh,both
IN20A.22A081,910429,20A/22A,L,acetylcholine,1,lh,lh,34.0,378.0,64.0,662,0.051,15.0,19.0,0.0,lh->lm lh->rh,both
IN04B093,803553,04B,R,acetylcholine,1,rf,rf,33.9,103.0,8.0,362,0.094,1.2,15.3,17.4,rf->lh rf->rm lm->rf,both
IN05B037,803884,05B,R,gaba,-1,rh|lf,rh,33.9,72.0,0.0,1850,0.018,5.9,2.8,25.2,lf->rh lh->rh,both
IN04B074,806474,04B,R,acetylcholine,1,rh,rh,33.9,430.0,276.0,454,0.075,9.4,23.9,0.6,rm->rh rh->lh,ipsilateral
IN13A054,807508,13A,L,gaba,-1,lm,lm,33.9,550.0,197.0,606,0.056,6.4,27.2,0.3,lm->lh rm->lm lm->lf,ipsilateral
"IN04B113,IN04B114",810340,04B,R,acetylcholine,1,rh,rh,33.9,334.0,222.0,353,0.096,10.5,22.9,0.5,rm->rh rh->lh rh->rm,both
IN16B076,905517,16B,R,glutamate,-1,rm,rm|rf,33.9,86.0,17.0,126,0.269,0.0,33.9,0.0,rm->rf rf->rm,ipsilateral
IN21A017,905714,21A,L,acetylcholine,1,lh,lh,33.9,1519.0,1171.0,1591,0.021,5.9,27.9,0.1,lf->lh lh->rh,ipsilateral
IN27X007,801479,27X,R,unclear,0,rh|lm|rm|lh,lh|lf,33.8,39.0,0.0,599,0.056,8.5,13.0,12.3,rh->lh lm->lh rm->lh,both
IN04B025,805155,04B,L,acetylcholine,1,lm,lm,33.8,460.0,80.0,683,0.05,0.5,23.8,9.5,lh->lm lm->rh,ipsilateral
IN05B065,807267,05B,L,gaba,-1,rh|lh|rm|lm,lh|lf|rh,33.8,41.0,0.0,593,0.057,7.5,12.5,13.8,rh->lh rh->lf rm->lh,both
IN05B086,808735,05B,R,gaba,-1,rh|rm|lh,lh|rm|rh,33.8,45.0,0.0,553,0.061,9.8,14.5,9.5,rh->lh rh->rm rm->lh,both
INXXX396,910607,XXX (unassigned),L,gaba,-1,rh|lh,rh,33.8,114.0,0.0,938,0.036,33.8,0.0,0.0,lh->rh,contralateral
IN23B045,805039,23B,L,acetylcholine,1,lh,lh|lm,33.7,81.0,0.0,648,0.052,0.7,32.5,0.5,lh->lm,ipsilateral
INXXX466,800863,XXX (unassigned),L,acetylcholine,1,lf,lf,33.6,3445.0,743.0,3692,0.009,15.9,6.0,11.6,lf->rf rh->lf lf->lm,both
IN20A.22A045,808806,20A/22A,L,acetylcholine,1,lm,lm,33.6,353.0,142.0,409,0.082,0.0,33.6,0.0,lf->lm,ipsilateral
IN04B026,905969,04B,R,acetylcholine,1,rf,rf,33.6,314.0,107.0,389,0.086,4.8,28.6,0.2,rm->rf rf->rm rf->rh,ipsilateral
IN05B085,806077,05B,L,gaba,-1,rh|lh|rm,rm|lm,33.5,37.0,0.0,827,0.04,1.6,17.4,14.5,rh->rm lh->rm rh->lm,both
IN06B058,807227,06B,R,gaba,-1,lm|lh,lh|lf|rh,33.5,39.0,0.0,727,0.046,3.1,24.5,5.9,lm->lh lm->lf lm->rh,ipsilateral
IN00A065,810064,00A,M,gaba,-1,lm|lh,lm|rm,33.5,58.0,0.0,464,0.072,21.4,6.5,5.6,lm->rm lh->lm lh->rm,both
IN10B038,811448,10B,R,acetylcholine,1,rm,rm|lm,33.5,98.0,0.0,418,0.08,12.4,18.5,2.6,rm->lm rf->rm rm->rh,both
IN11A012,913716,11A,R,acetylcholine,1,rf|lh,lf|rf|rm,33.5,40.0,0.0,394,0.085,8.6,13.8,11.1,rf->lf lh->lf rf->rm,both
IN23B037,804731,23B,L,acetylcholine,1,lf,lf,33.4,270.0,0.0,755,0.044,0.0,33.4,0.0,lf->lm lm->lf,ipsilateral
IN18B042,905284,18B,R,acetylcholine,1,rh,lh|lf|rm,33.4,34.0,0.0,1301,0.026,15.6,6.4,11.4,rh->lh rh->lf rh->rm,both
IN13A030,905842,13A,L,gaba,-1,lh,lh,33.4,497.0,158.0,559,0.06,0.0,33.4,0.0,lm->lh lh->lm,ipsilateral
IN19B091,909586,19B,R,acetylcholine,1,rh,lm|lh,33.4,35.0,0.0,492,0.068,14.4,1.2,17.8,rh->lm rh->lh,both
IN23B023,803249,23B,L,acetylcholine,1,lm,lm,33.3,282.0,0.0,991,0.034,0.0,33.3,0.0,lm->lh lm->lf,ipsilateral
IN21A051,804749,21A,R,glutamate,-1,rh,rh,33.3,717.0,481.0,730,0.046,0.0,33.3,0.0,rm->rh,ipsilateral
IN03A026_b,805226,03A,R,acetylcholine,1,rh,rh,33.3,864.0,412.0,917,0.036,27.2,6.0,0.1,rh->lh lh->rh rm->rh,contralateral
IN16B093,807960,16B,L,glutamate,-1,lh,rf|rm|lm,33.3,34.0,0.0,568,0.059,1.2,5.3,26.8,lh->rf lh->rm lh->lm,both
IN20A.22A067,808816,20A/22A,R,acetylcholine,1,rm,rm,33.3,340.0,77.0,359,0.093,0.0,0.0,33.3,lf->rm,both
IN20A.22A087,816768,20A/22A,L,acetylcholine,1,lm|lf,lm,33.3,148.0,100.0,148,0.225,0.0,33.3,0.0,lf->lm,ipsilateral
INXXX363,806398,XXX (unassigned),R,gaba,-1,rh,lh,33.2,35.0,0.0,976,0.034,33.2,0.0,0.0,rh->lh,contralateral
IN05B085,808245,05B,L,gaba,-1,lh|rh|rm,lm|rf|lf,33.2,36.0,0.0,468,0.071,3.7,15.4,14.1,lh->lm lh->rf,both
IN04B108,809405,04B,L,acetylcholine,1,lm,lm,33.2,341.0,5.0,395,0.084,0.0,33.2,0.0,lh->lm,ipsilateral
IN20A.22A001,906687,20A/22A,L,acetylcholine,1,lf,lf,33.2,1445.0,1055.0,1515,0.022,0.0,33.2,0.0,lh->lf lm->lf,ipsilateral
IN03A069,930010,03A,L,acetylcholine,1,lf,lf,33.2,654.0,166.0,764,0.043,10.6,22.2,0.4,lm->lf lf->rf,both
INXXX294,805724,XXX (unassigned),L,acetylcholine,1,lh,lh|rh,33.1,75.0,0.0,2831,0.012,24.3,5.6,3.2,lh->rh lm->lh,contralateral
IN12B081,807404,12B,R,gaba,-1,rf|lm,rm|rf|lm,33.1,46.0,0.0,199,0.167,9.3,12.7,11.1,rf->rm lm->rm rf->lm,both
"IN20A.22A061,IN20A.22A066",807822,20A/22A,R,acetylcholine,1,rh,rh,33.1,546.0,177.0,617,0.054,0.0,33.1,0.0,rh->rm rm->rh,ipsilateral
IN01B020,905146,01B,R,gaba,-1,rm,rm,33.1,342.0,0.0,763,0.043,0.5,19.1,13.5,rm->lh rh->rm rm->rh,both
IN10B030,800888,10B,L,acetylcholine,1,lh,lh|rh,33.0,59.0,0.0,372,0.089,20.0,5.0,8.0,lh->rh lh->rm lh->lm,both
IN20A.22A053,803364,20A/22A,R,acetylcholine,1,rm,rm,33.0,755.0,53.0,910,0.036,0.0,33.0,0.0,rm->rh rm->rf,ipsilateral
IN20A.22A012,803372,20A/22A,L,acetylcholine,1,lf,lf,33.0,630.0,121.0,844,0.039,33.0,0.0,0.0,lf->rf,contralateral
IN02A020,804128,02A,L,glutamate,-1,lm,lm,33.0,296.0,5.0,1161,0.028,0.0,33.0,0.0,lm->lf,ipsilateral
IN13B023,804190,13B,R,gaba,-1,lm,lm,33.0,1580.0,27.0,2054,0.016,6.0,27.0,0.0,lm->lf lm->lh lm->rm,ipsilateral
IN04B054_b,805211,04B,R,acetylcholine,1,rh,rh,33.0,614.0,129.0,788,0.042,22.0,11.0,0.0,rh->lh rh->rm,both
IN08B080,805356,08B,R,acetylcholine,1,rm|rh|lm,rh|lh|rm,33.0,46.0,0.0,895,0.037,8.8,14.3,9.9,rm->rh rm->lh rh->lh,both
IN16B075_e,805991,16B,L,glutamate,-1,lm,lm,33.0,883.0,138.0,1106,0.03,0.0,24.0,9.0,lm->lh lm->rh lm->lf,ipsilateral
IN03A062_e,806472,03A,L,acetylcholine,1,lm,lm,33.0,662.0,15.0,800,0.041,27.0,6.0,0.0,lm->rm lm->lf,contralateral
IN04B077,807615,04B,R,acetylcholine,1,rm,rm,33.0,300.0,97.0,531,0.062,0.0,0.0,33.0,rm->lh,both
IN06A094,807616,06A,R,gaba,-1,lh,rm|lh,33.0,46.0,6.0,674,0.049,6.0,0.0,27.0,lh->rm lh->rh,both
IN04B088,808198,04B,R,acetylcholine,1,rh,rh,33.0,386.0,172.0,417,0.079,9.0,19.0,5.0,rh->rm rh->lh rh->lm,both
IN23B087,809340,23B,L,acetylcholine,1,lh,lh|rh,33.0,99.0,0.0,483,0.068,27.0,6.0,0.0,lh->rh lh->lf,contralateral
IN20A.22A081,809666,20A/22A,L,acetylcholine,1,lh,lh,33.0,266.0,17.0,573,0.058,25.0,8.0,0.0,lh->rh lh->lm,contralateral
IN06A066,811904,06A,R,gaba,-1,lh,rh|lh,33.0,39.0,0.0,1048,0.031,33.0,0.0,0.0,lh->rh,contralateral
IN20A.22A064,812273,20A/22A,R,acetylcholine,1,rh,rh,33.0,279.0,112.0,310,0.106,24.0,9.0,0.0,rh->lh rh->rm,contralateral
INXXX460,812715,XXX (unassigned),L,gaba,-1,lh,lm|lh|rh,33.0,56.0,0.0,374,0.088,10.0,23.0,0.0,lh->lm lh->rh,both
IN07B087,813307,07B,L,acetylcholine,1,lh|rm,rm|lh,33.0,64.0,0.0,376,0.088,0.0,0.0,33.0,lh->rm rm->lh,both
IN16B038,902859,16B,L,glutamate,-1,lf,lf,33.0,981.0,213.0,1026,0.032,28.0,5.0,0.0,lf->rf lf->lm,contralateral
IN03A094,904790,03A,L,acetylcholine,1,lf,lf,33.0,246.0,16.0,251,0.131,33.0,0.0,0.0,lf->rf,contralateral
INXXX267,905726,XXX (unassigned),R,gaba,-1,rm|lh,rh,33.0,33.0,0.0,1757,0.019,15.2,17.8,0.0,rm->rh lh->rh,both
"IN20A.22A061,IN20A.22A066",906083,20A/22A,R,acetylcholine,1,rh,rh,33.0,523.0,116.0,646,0.051,0.0,33.0,0.0,rh->rm,ipsilateral
IN16B075_h,906353,16B,L,glutamate,-1,lf,lf,33.0,627.0,150.0,979,0.034,19.0,14.0,0.0,lf->rf lf->lm,both
IN09B043,909801,09B,L,glutamate,-1,lf,lf|rf|rm,33.0,57.0,0.0,406,0.081,24.0,0.0,9.0,lf->rf lf->rm,contralateral
IN00A017,802580,00A,M,unclear,0,rh|lh,rh|lh,32.9,66.0,0.0,1042,0.032,32.9,0.0,0.0,rh->lh lh->rh,contralateral
IN06B077,804995,06B,R,gaba,-1,lh|rh,rh,32.9,46.0,0.0,1049,0.031,32.9,0.0,0.0,lh->rh,contralateral
IN11A021,806284,11A,L,acetylcholine,1,lm|rh,lm|lf|rf|rm,32.9,41.0,0.0,665,0.049,6.3,13.3,13.3,lm->rf lm->lf lm->rm,both
IN08A043,809563,08A,R,glutamate,-1,rh,rh,32.9,555.0,467.0,555,0.059,0.0,32.9,0.0,rm->rh,ipsilateral
IN01A079,811357,01A,R,acetylcholine,1,lf,lf,32.9,268.0,0.0,371,0.089,0.0,0.0,32.9,rh->lf,both
IN12A030,802304,12A,L,acetylcholine,1,lm|lf,lh|lm,32.8,50.0,0.0,1806,0.018,0.0,32.8,0.0,lm->lh lf->lh lf->lm,ipsilateral
IN13B104,803745,13B,L,gaba,-1,lh|rh,rh|lh|rm,32.8,53.0,0.0,525,0.062,19.9,5.2,7.7,lh->rh rh->lh lh->rm,both
IN08A037,805223,08A,R,glutamate,-1,rh,rh,32.8,752.0,461.0,780,0.042,7.3,25.5,0.0,rm->rh lh->rh,ipsilateral
IN12B028,805530,12B,L,gaba,-1,rf,rf,32.8,351.0,73.0,504,0.065,32.8,0.0,0.0,lf->rf rf->lf,contralateral
IN04B084,807477,04B,L,acetylcholine,1,lm,lm,32.8,342.0,32.0,549,0.06,0.0,32.8,0.0,lh->lm lf->lm lm->lh,ipsilateral
IN13A014,902313,13A,R,gaba,-1,rm,rm,32.8,976.0,261.0,1029,0.032,1.5,8.2,23.1,lf->rm rh->rm,both
IN12B024_a,904185,12B,R,gaba,-1,lh,lh,32.8,146.0,23.0,169,0.194,11.8,19.8,1.2,lh->rh lm->lh lh->lm,both
IN23B031,904206,23B,R,acetylcholine,1,rh,rh|lh,32.8,164.0,0.0,763,0.043,30.6,1.8,0.4,rh->lh,contralateral
IN04B106,907017,04B,L,acetylcholine,1,lm,lm,32.8,424.0,192.0,492,0.067,5.6,26.8,0.4,lh->lm lm->rm,ipsilateral
IN13B027,800131,13B,R,gaba,-1,lm,lm,32.7,984.0,10.0,1380,0.024,15.8,16.7,0.2,lm->rm lf->lm lm->lh,both
IN21A028,801425,21A,L,glutamate,-1,lf,lf,32.7,248.0,55.0,297,0.11,0.0,19.6,13.1,lm->lf rm->lf,both
IN23B028,804780,23B,L,acetylcholine,1,lm,lm,32.7,434.0,0.0,1174,0.028,0.1,24.7,7.9,lm->lh lm->rh,ipsilateral
IN14A034,809680,14A,R,glutamate,-1,lm,lm,32.7,430.0,65.0,495,0.066,0.0,32.7,0.0,lh->lm lm->lf,ipsilateral
IN12B081,813774,12B,L,gaba,-1,rf|lf,rf|rm|lf,32.7,54.0,0.0,116,0.282,17.7,9.3,5.7,lf->rf rf->rm rf->lf,both
IN03A091,904422,03A,R,acetylcholine,1,rm,rm,32.7,391.0,226.0,406,0.08,0.4,19.7,12.6,rm->lh rh->rm rm->rh,both
IN13B027,929688,13B,L,gaba,-1,rm,rm,32.7,834.0,0.0,1272,0.026,9.7,22.7,0.3,rf->rm rm->lm rh->rm,both
IN03A071,800279,03A,L,acetylcholine,1,lm,lm,32.6,886.0,498.0,1027,0.032,0.0,32.6,0.0,lm->lh lh->lm,ipsilateral
IN13A005,800903,13A,L,gaba,-1,lm,lm,32.6,2360.0,379.0,3043,0.011,0.0,32.6,0.0,lf->lm lm->lf lm->lh,ipsilateral
INXXX335,805753,XXX (unassigned),R,gaba,-1,rh|lm,lh|lm|rh,32.6,41.0,0.0,631,0.052,15.6,3.4,13.6,rh->lh rh->lm lm->lh,both
GFC4,812963,-,L,acetylcholine,1,lf|lm,lf,32.6,165.0,45.0,212,0.154,0.0,32.6,0.0,lm->lf,ipsilateral
IN03B058,907001,03B,L,gaba,-1,lh|rh|lm,rh|lh,32.6,50.0,0.0,757,0.043,23.3,2.8,6.5,lh->rh lm->rh rh->lh,contralateral
vMS12_d,805152,-,L,acetylcholine,1,rh,rm|lm|rh,32.5,42.0,0.0,1316,0.025,0.0,17.8,14.7,rh->rm rh->lm,both
IN08B083_d,805825,08B,R,acetylcholine,1,lh|rh,rm|rh|lm,32.5,39.0,0.0,795,0.041,7.5,11.2,13.8,lh->rm rh->rm lh->rh,both
IN20A.22A042,806557,20A/22A,L,acetylcholine,1,lm,lm,32.5,629.0,53.0,677,0.048,10.7,21.5,0.3,lf->lm lm->rm lm->lf,both
IN06A116,811333,06A,R,gaba,-1,rm|lh|rh,rm,32.5,53.0,0.0,470,0.069,3.0,13.8,15.7,lh->rm rh->rm,both
IN08A035,819547,08A,L,glutamate,-1,lh,lh,32.5,401.0,20.0,573,0.057,0.0,32.5,0.0,lm->lh lh->lm,ipsilateral
IN13A033,903633,13A,R,gaba,-1,rm,rm,32.5,482.0,112.0,492,0.066,32.5,0.0,0.0,lm->rm rm->lm,contralateral
IN23B013,802904,23B,L,acetylcholine,1,lm,lm,32.4,197.0,0.0,1331,0.024,23.5,8.4,0.5,lm->rm lm->lh,contralateral
IN02A015,805041,02A,R,acetylcholine,1,lh,lh,32.4,798.0,270.0,830,0.039,15.4,12.3,4.6,rh->lh lf->lh rm->lh,both
IN23B043,806515,23B,L,acetylcholine,1,lm,lm,32.4,228.0,0.0,1126,0.029,11.6,20.4,0.4,lm->lh lm->rm lf->lm,both
IN13A054,806785,13A,L,gaba,-1,lm,lm,32.4,607.0,319.0,672,0.048,0.0,32.4,0.0,lm->lh lf->lm,ipsilateral
IN13B012,801794,13B,L,gaba,-1,rm,rm,32.3,1618.0,980.0,1646,0.02,26.2,3.0,3.0,lm->rm rm->lm,contralateral
IN13A053,811953,13A,R,gaba,-1,rh,rh,32.3,228.0,125.0,228,0.141,5.1,22.8,4.3,rm->rh lh->rh rh->rm,ipsilateral
IN13B012,902617,13B,R,gaba,-1,lm,lm,32.2,1425.0,680.0,1497,0.022,2.0,30.2,0.0,lm->lf lf->lm lh->lm,ipsilateral
IN13A042,808947,13A,L,gaba,-1,lh,lh,32.1,324.0,252.0,345,0.093,14.6,9.7,7.8,rh->lh lm->lh rm->lh,both
IN12B047,809781,12B,L,gaba,-1,rm,rm,32.1,140.0,22.0,308,0.104,5.7,13.9,12.5,rh->rm lh->rm rm->lm,both
IN20A.22A069,819941,20A/22A,R,acetylcholine,1,rf|lf|rh,rf,32.1,66.0,48.0,72,0.445,17.0,15.1,0.0,lf->rf rh->rf,both
IN21A020,905168,21A,R,acetylcholine,1,rm,rm,32.1,1053.0,390.0,1212,0.026,0.0,5.1,27.0,rm->lf lf->rm rh->rm,both
IN23B039,801174,23B,L,acetylcholine,1,lm,lm,32.0,197.0,0.0,885,0.036,5.0,27.0,0.0,lm->lh lm->lf lm->rm,ipsilateral
IN14A011,802564,14A,R,glutamate,-1,lf,lf,32.0,874.0,55.0,1145,0.028,24.0,0.0,8.0,lf->rf lf->rh,contralateral
IN20A.22A004,802829,20A/22A,L,acetylcholine,1,lm,lm,32.0,1066.0,431.0,1278,0.025,32.0,0.0,0.0,rm->lm,contralateral
IN13B023,804573,13B,L,gaba,-1,rm,rm,32.0,1379.0,104.0,1709,0.019,0.0,27.0,5.0,rm->rh rm->rf rm->lh,ipsilateral
IN13A029,805656,13A,L,gaba,-1,lh,lh,32.0,587.0,0.0,981,0.033,0.0,32.0,0.0,lh->lm,ipsilateral
IN20A.22A024,805840,20A/22A,L,acetylcholine,1,lm,lm,32.0,1015.0,148.0,1170,0.027,0.0,32.0,0.0,lm->lf lm->lh,ipsilateral
IN14A018,806953,14A,L,glutamate,-1,rh,rh,32.0,620.0,0.0,778,0.041,15.0,17.0,0.0,rh->rm rh->lh,both
IN16B071,807121,16B,R,glutamate,-1,rh,rm,32.0,32.0,0.0,435,0.074,0.0,32.0,0.0,rh->rm,ipsilateral
IN12B031,807417,12B,L,gaba,-1,rf,rf|rm,32.0,126.0,55.0,408,0.078,13.0,19.0,0.0,rf->rm rf->lf,both
IN16B072,807592,16B,R,glutamate,-1,rm,rh|lh,32.0,32.0,0.0,723,0.044,0.0,27.0,5.0,rm->rh rm->lh,ipsilateral
IN23B073,807612,23B,L,acetylcholine,1,lm,lm,32.0,276.0,0.0,522,0.061,0.0,32.0,0.0,lm->lh,ipsilateral
IN07B054,808137,07B,R,acetylcholine,1,rm,lm|rm,32.0,49.0,0.0,484,0.066,32.0,0.0,0.0,rm->lm,contralateral
IN09A021,808684,09A,R,gaba,-1,rf,rf|rm,32.0,115.0,17.0,500,0.064,0.0,21.0,11.0,rf->rm rf->lh,both
IN16B075,811441,16B,R,glutamate,-1,rf,rf,32.0,223.0,71.0,453,0.071,15.0,17.0,0.0,rf->rh rf->lf,both
IN20A.22A073,811786,20A/22A,L,acetylcholine,1,lh,lh,32.0,302.0,25.0,314,0.102,9.0,23.0,0.0,lh->lm lh->rh,ipsilateral
IN03B090,811990,03B,L,gaba,-1,lh,lm|lf,32.0,32.0,0.0,277,0.116,0.0,32.0,0.0,lh->lm lh->lf,ipsilateral
IN20A.22A073,811994,20A/22A,R,acetylcholine,1,rh,rh,32.0,221.0,51.0,236,0.136,19.0,13.0,0.0,rh->lh rh->rm,both
IN21A099,813365,21A,R,glutamate,-1,rh,rh|rm,32.0,108.0,0.0,221,0.145,0.0,24.0,8.0,rh->rm rh->lf,ipsilateral
IN12B085,814121,12B,R,gaba,-1,rm,lh|rh,32.0,32.0,0.0,104,0.308,0.0,5.0,27.0,rm->lh rm->rh,both
IN14A110,815022,14A,R,glutamate,-1,lh,lh|rh,32.0,110.0,0.0,129,0.248,19.0,13.0,0.0,lh->rh lh->lm,both
IN01A087_a,818433,01A,L,acetylcholine,1,lf,rh|rm,32.0,32.0,0.0,92,0.348,0.0,0.0,32.0,lf->rh lf->rm,both
IN23B018,904961,23B,L,acetylcholine,1,lm,lm,32.0,506.0,0.0,1741,0.018,0.0,27.0,5.0,lm->lh lm->rh,ipsilateral
IN20A.22A007,905887,20A/22A,L,acetylcholine,1,lf,lf,32.0,1266.0,489.0,1386,0.023,0.0,32.0,0.0,lf->lm,ipsilateral
IN07B076_b,906528,07B,L,acetylcholine,1,lh,rm|lh,32.0,45.0,0.0,357,0.09,0.0,0.0,32.0,lh->rm,both
IN23B028,907006,23B,R,acetylcholine,1,rh,rh,32.0,229.0,0.0,953,0.034,10.0,11.0,11.0,rh->rm rh->lm rh->lh,both
IN02A032,910512,02A,L,glutamate,-1,lh,rh|lh,32.0,39.0,0.0,529,0.06,32.0,0.0,0.0,lh->rh,contralateral
IN12B062,911192,12B,L,gaba,-1,rh,rh,32.0,394.0,7.0,574,0.056,17.0,15.0,0.0,rh->lh rh->rm,both
IN06A052,942374,06A,L,gaba,-1,lh,rh|lh,32.0,48.0,0.0,878,0.036,25.0,7.0,0.0,lh->rh lh->lf,contralateral
IN20A.22A090,1052256825,20A/22A,L,acetylcholine,1,lh,lh,32.0,197.0,0.0,309,0.104,6.0,26.0,0.0,lh->lm lh->rh,ipsilateral
IN21A015,801467,21A,R,glutamate,-1,rh,rh,31.9,1658.0,563.0,1699,0.019,0.0,31.9,0.0,rh->rm rm->rh,ipsilateral
IN04B110,809692,04B,L,acetylcholine,1,lh,lh,31.9,300.0,134.0,326,0.098,6.4,24.9,0.6,lm->lh lh->rh,ipsilateral
"IN20A.22A036,IN20A.22A072",804426,20A/22A,R,acetylcholine,1,rm,rm,31.8,354.0,57.0,388,0.082,0.0,31.8,0.0,rm->rh rh->rm rm->rf,ipsilateral
IN03A036,804724,03A,L,acetylcholine,1,lh,lh,31.8,933.0,481.0,1038,0.031,0.0,31.8,0.0,lm->lh,ipsilateral
IN16B097,808556,16B,L,glutamate,-1,lm,lm,31.8,423.0,122.0,437,0.073,0.0,31.8,0.0,lf->lm lh->lm,ipsilateral
IN20A.22A065,809343,20A/22A,L,acetylcholine,1,lm,lm,31.8,444.0,33.0,450,0.071,0.0,31.8,0.0,lm->lf lm->lh lh->lm,ipsilateral
IN08A039,810999,08A,L,glutamate,-1,lm,lm,31.8,509.0,443.0,522,0.061,0.0,31.8,0.0,lf->lm,ipsilateral
IN08A041,820601,08A,R,glutamate,-1,rm,rm,31.8,254.0,218.0,287,0.111,0.0,31.8,0.0,rh->rm,ipsilateral
IN11A047,805201,11A,R,acetylcholine,1,lh,lh,31.7,270.0,216.0,330,0.096,12.8,11.1,7.8,rh->lh lf->lh rf->lh,both
IN11A048,805832,11A,L,acetylcholine,1,rm,rm,31.7,564.0,313.0,677,0.047,0.0,31.7,0.0,rh->rm,ipsilateral
IN19B067,903416,19B,L,acetylcholine,1,lh|lm,rm,31.7,39.0,0.0,735,0.043,6.0,0.9,24.9,lh->rm lm->rm,both
IN06B077,805964,06B,L,gaba,-1,rm|rh|lh,lm|lf|rm|rh,31.6,38.0,0.0,926,0.034,7.9,9.8,13.8,rm->lm rh->lm rm->lf,both
IN20A.22A017,806224,20A/22A,R,acetylcholine,1,rf|lf,rf,31.6,95.0,7.0,146,0.216,31.6,0.0,0.0,lf->rf rf->lf,contralateral
IN08A011,807198,08A,R,glutamate,-1,rm|lh|rh,lh|rh,31.6,43.0,0.0,446,0.071,11.4,4.7,15.5,rm->lh rh->lh rm->rh,both
IN11A030,808638,11A,R,acetylcholine,1,rh|rm,rf|lf|lh,31.6,33.0,0.0,400,0.079,5.4,15.5,10.6,rh->rf rh->lf rh->lh,both
INXXX322,907722,XXX (unassigned),L,acetylcholine,1,lh,lh|rh,31.6,64.0,0.0,1398,0.023,23.7,4.6,3.3,lh->rh lf->lh lf->rh,contralateral
IN13B028,806418,13B,L,gaba,-1,rf,rf,31.5,620.0,23.0,710,0.044,7.7,23.5,0.3,rm->rf rf->lf,ipsilateral
IN21A083,926810,21A,L,glutamate,-1,lf|lm,lf,31.5,164.0,30.0,172,0.183,0.0,24.5,7.0,lm->lf lf->rh,ipsilateral
IN19A016,802625,19A,R,gaba,-1,rf,rf,31.4,753.0,552.0,753,0.042,0.0,31.4,0.0,rf->rm rh->rf,ipsilateral
IN00A009,804425,00A,M,gaba,-1,lf|rf,lf|rf,31.4,65.0,0.0,1045,0.03,31.4,0.0,0.0,rf->lf lf->rf,contralateral
IN00A054,809662,00A,M,gaba,-1,rh|lh,rh|lh,31.4,63.0,0.0,436,0.072,26.4,3.1,1.9,lh->rh rh->lh,contralateral
IN01A081,822174,01A,R,acetylcholine,1,lf,lf,31.4,197.0,0.0,287,0.109,0.0,0.0,31.4,rm->lf rh->lf,both
IN21A028,804617,21A,L,glutamate,-1,lm,lm,31.3,667.0,105.0,786,0.04,4.8,19.6,6.9,lf->lm rh->lm lm->rm,both
IN20A.22A015,805526,20A/22A,L,acetylcholine,1,lf,lf,31.3,339.0,159.0,393,0.08,9.1,5.3,16.9,lf->rh lf->rf lh->lf,both
IN04B081,809765,04B,L,acetylcholine,1,lf,lf,31.3,326.0,178.0,333,0.094,0.0,31.3,0.0,lm->lf,ipsilateral
IN05B017,903467,05B,R,gaba,-1,lh|lm|rm,lm|rm|rh|lh,31.3,41.0,0.0,1092,0.029,10.2,11.0,10.1,lh->lm lh->rm lh->rh,both
IN04B044,804036,04B,R,acetylcholine,1,rh,rh,31.2,982.0,200.0,1228,0.025,19.8,11.2,0.2,rh->lh rm->rh,both
IN03A047,807226,03A,R,acetylcholine,1,rm,rm,31.2,587.0,354.0,602,0.052,0.0,31.2,0.0,rh->rm rm->rh,ipsilateral
IN03B058,810322,03B,L,gaba,-1,lh|rh|lm,rh|lh,31.2,51.0,0.0,429,0.073,23.0,3.5,4.7,lh->rh lm->rh rh->lh,contralateral
IN04B104,810897,04B,R,acetylcholine,1,rm,rm,31.2,241.0,68.0,241,0.13,0.0,31.2,0.0,rh->rm rm->rh,ipsilateral
IN03A062_h,804754,03A,L,acetylcholine,1,lm,lm,31.1,627.0,113.0,739,0.042,24.7,6.1,0.3,lm->rm lf->lm,contralateral
IN01A030,805061,01A,R,acetylcholine,1,lm,lm,31.1,698.0,196.0,891,0.035,0.0,31.1,0.0,lh->lm lf->lm,ipsilateral
IN13A025,805078,13A,L,gaba,-1,lm,lm,31.1,662.0,50.0,856,0.036,0.0,31.1,0.0,lh->lm lm->lh lm->lf,ipsilateral
IN12B074,805650,12B,R,gaba,-1,lm,lm,31.1,152.0,0.0,361,0.086,0.0,14.2,16.9,rh->lm lm->lf,both
IN12B083,809392,12B,L,gaba,-1,rf|lf,rf,31.1,84.0,0.0,125,0.249,26.1,3.5,1.5,lf->rf rf->lf rf->rm,contralateral
IN08A023,810410,08A,R,glutamate,-1,rm,rm,31.1,273.0,18.0,273,0.114,0.0,25.1,6.0,rh->rm rf->rm lh->rm,ipsilateral
IN12B066_a,812909,12B,L,gaba,-1,rf|lf,rf|lf,31.1,63.0,0.0,82,0.38,31.1,0.0,0.0,lf->rf rf->lf,contralateral
IN16B082,933316,16B,R,glutamate,-1,rf,rf,31.1,221.0,50.0,236,0.132,0.0,31.1,0.0,rm->rf,ipsilateral
IN03A031,801483,03A,L,acetylcholine,1,lh,lh,31.0,454.0,168.0,486,0.064,4.2,26.8,0.0,lm->lh rh->lh,ipsilateral
IN04B009,803815,04B,L,acetylcholine,1,lf,lf,31.0,635.0,239.0,698,0.044,17.0,6.0,8.0,lf->rf lf->rh lf->lm,both
IN20A.22A036,803974,20A/22A,L,acetylcholine,1,lf,lf,31.0,454.0,141.0,459,0.068,10.8,20.0,0.2,lf->rf lf->lm lm->lf,both
IN16B086,804035,16B,R,glutamate,-1,rh,rh,31.0,537.0,99.0,561,0.055,10.0,21.0,0.0,rh->rm rh->lh,both
INXXX284,806013,XXX (unassigned),R,gaba,-1,rh,rh,31.0,608.0,406.0,703,0.044,18.4,12.4,0.2,rm->rh rh->lh lh->rh,both
IN01B027_b,806287,01B,L,gaba,-1,lh,lh,31.0,436.0,0.0,1303,0.024,0.0,24.0,7.0,lh->lm lh->rm,ipsilateral
IN20A.22A017,806574,20A/22A,L,acetylcholine,1,lf,lf,31.0,594.0,6.0,629,0.049,0.0,31.0,0.0,lm->lf,ipsilateral
IN16B071,806997,16B,R,glutamate,-1,rh,rm|lh,31.0,31.0,0.0,443,0.07,10.0,21.0,0.0,rh->rm rh->lh,both
IN12B083,807706,12B,R,gaba,-1,lf|lm,lf,31.0,71.0,0.0,114,0.272,10.0,10.5,10.5,lm->lf rh->lf rf->lf,both
IN01B046_b,807882,01B,R,gaba,-1,rm,rm,31.0,331.0,0.0,785,0.039,0.0,31.0,0.0,rm->rh rm->rf,ipsilateral
IN06B066,809991,06B,L,gaba,-1,rm,rm|rh,31.0,76.0,0.0,601,0.052,0.0,31.0,0.0,rm->rh,ipsilateral
IN14A032,810247,14A,L,glutamate,-1,rh,rh,31.0,304.0,15.0,339,0.091,9.3,21.0,0.7,rm->rh rh->lh,both
IN12B053,812576,12B,L,gaba,-1,rm,rm,31.0,179.0,12.0,212,0.146,0.0,31.0,0.0,rm->rf rm->rh,ipsilateral
IN07B073_e,812882,07B,R,acetylcholine,1,rm,rm|lh,31.0,106.0,0.0,409,0.076,5.0,0.0,26.0,rm->lh rm->lm rm->lf,both
IN16B121,814182,16B,L,glutamate,-1,lf,lf|rh|rf,31.0,63.0,0.0,224,0.138,11.0,0.0,20.0,lf->rh lf->rf lf->rm,both
IN14A095,815044,14A,L,glutamate,-1,rh,rh,31.0,197.0,10.0,202,0.153,23.0,8.0,0.0,rh->lh rh->rm,contralateral
IN06B076,815932,06B,R,gaba,-1,lm|rm,rh,31.0,31.0,0.0,599,0.052,4.4,12.5,14.1,lm->rh rm->rh lh->rh,both
IN23B036,904217,23B,L,acetylcholine,1,lh,lh,31.0,417.0,0.0,1368,0.023,6.0,0.0,25.0,lh->rm lh->rf lh->rh,both
IN20A.22A007,905658,20A/22A,R,acetylcholine,1,rf,rf,31.0,849.0,320.0,1050,0.03,6.0,25.0,0.0,rf->rm rf->lf,ipsilateral
IN20A.22A089,907448,20A/22A,L,acetylcholine,1,lf,lf,31.0,206.0,6.0,341,0.091,0.0,18.0,13.0,lf->lm lf->rh,both
IN13B033,907857,13B,R,gaba,-1,lh,lh,31.0,866.0,52.0,1136,0.027,5.0,26.0,0.0,lh->lm lh->rh,ipsilateral
IN13B068,908306,13B,L,gaba,-1,rf,rf,31.0,335.0,22.0,457,0.068,19.0,12.0,0.0,rf->lf rf->rm,both
IN13A038,909215,13A,R,gaba,-1,rm,rm,31.0,396.0,0.0,474,0.065,0.0,31.0,0.0,rm->rh rh->rm rf->rm,ipsilateral
IN21A034,935973,21A,R,glutamate,-1,rm|lm,rh|lh|rf,31.0,31.0,0.0,136,0.228,0.0,17.6,13.4,rm->rh lm->rh rm->lh,both
IN00A047,940733,00A,M,gaba,-1,lh|rm|lm,rm|lm,31.0,38.0,0.0,409,0.076,6.8,10.5,13.7,lh->rm lh->lm lm->rm,both
IN00A056,809358,00A,M,gaba,-1,lh|rh,rh,30.9,41.0,0.0,436,0.071,24.9,1.2,4.8,lh->rh lh->rf,contralateral
IN13A036,813012,13A,R,gaba,-1,rm,rm,30.9,211.0,0.0,387,0.08,0.0,30.9,0.0,rh->rm rm->rh,ipsilateral
IN04B081,813018,04B,R,acetylcholine,1,rf|rm,rf,30.9,178.0,113.0,184,0.168,0.0,30.9,0.0,rm->rf rf->rm,ipsilateral
IN06B066,903853,06B,L,gaba,-1,rh|rm,lm|lh|rm,30.9,34.0,0.0,609,0.051,12.4,5.1,13.4,rh->lm rh->lh rm->lm,both
IN13B070,905866,13B,R,gaba,-1,lf,lf,30.9,463.0,49.0,517,0.06,30.9,0.0,0.0,rf->lf lf->rf,contralateral
IN19B034,802801,19B,R,acetylcholine,1,lh|rm,rh|lh,30.8,38.0,0.0,3051,0.01,17.8,7.2,5.8,lh->rh rm->rh,both
IN12A034,803448,12A,L,acetylcholine,1,lh|lm,lh,30.8,63.0,0.0,1709,0.018,2.2,25.8,2.8,lm->lh,ipsilateral
IN18B034,803920,18B,R,acetylcholine,1,rh,rh|lm|rm|lh,30.8,58.0,0.0,1391,0.022,10.0,10.9,9.9,rh->lm rh->rm rh->lh,both
IN05B084,808522,05B,L,gaba,-1,lh,rh|lm,30.8,33.0,0.0,862,0.036,25.8,4.6,0.4,lh->rh lh->lm,contralateral
IN23B018,802910,23B,R,acetylcholine,1,rh,rh,30.7,732.0,22.0,1714,0.018,0.0,18.7,12.0,rh->rm rh->lf rm->rh,both
IN13B037,805336,13B,L,gaba,-1,rh,rh,30.7,436.0,0.0,572,0.054,30.7,0.0,0.0,lh->rh,contralateral
IN16B098,909373,16B,R,glutamate,-1,rh,rh,30.7,546.0,93.0,572,0.054,11.8,18.7,0.2,rh->rm rh->lh rm->rh,both
IN03A053,805997,03A,L,acetylcholine,1,lh,lh,30.6,463.0,214.0,506,0.06,25.7,4.6,0.3,lh->rh lm->lh,contralateral
IN12B025,806135,12B,R,gaba,-1,lm,lm,30.6,404.0,39.0,539,0.057,7.5,22.6,0.5,lf->lm lm->rm,ipsilateral
IN08A043,815418,08A,R,glutamate,-1,rm,rm,30.6,275.0,265.0,289,0.106,0.0,30.6,0.0,rh->rm,ipsilateral
IN21A070,934676,21A,L,glutamate,-1,lf|lm,lf,30.6,146.0,40.0,146,0.21,0.0,30.6,0.0,lm->lf,ipsilateral
IN06B056,804619,06B,R,gaba,-1,lh|lm|rh,rm|lm,30.5,36.0,0.0,539,0.057,6.9,11.6,12.0,lh->rm lh->lm lm->rm,both
IN23B030,805680,23B,L,acetylcholine,1,lm,lm,30.5,175.0,0.0,882,0.035,0.0,30.5,0.0,lm->lh lm->lf lf->lm,ipsilateral
IN04B077,806074,04B,L,acetylcholine,1,lm,lm,30.5,506.0,83.0,849,0.036,19.5,10.6,0.4,rm->lm lm->lf,both
IN14A078,806571,14A,L,glutamate,-1,rm,rm,30.5,333.0,0.0,805,0.038,0.0,30.5,0.0,rm->rh rf->rm,ipsilateral
IN12A053_b,807297,12A,R,acetylcholine,1,rh,lh|rh|lm,30.5,40.0,5.0,796,0.038,13.6,6.3,10.6,rh->lh rh->lm,both
IN08A047,807434,08A,R,glutamate,-1,rh,rh,30.5,755.0,479.0,755,0.04,0.0,30.5,0.0,rm->rh rh->rm,ipsilateral
IN20A.22A051,810749,20A/22A,R,acetylcholine,1,rh,rh,30.5,348.0,244.0,369,0.083,0.0,20.4,10.2,rm->rh lf->rh,both
IN04B044,802375,04B,L,acetylcholine,1,lh,lh,30.4,573.0,57.0,748,0.041,8.9,21.4,0.1,lh->lm lh->rh lm->lh,ipsilateral
IN12B020,802582,12B,L,gaba,-1,rf,rf,30.4,289.0,14.0,350,0.087,21.4,0.5,8.5,lf->rf rf->lh rf->lf,contralateral
IN20A.22A067,804316,20A/22A,R,acetylcholine,1,rm,rm,30.4,345.0,62.0,365,0.083,0.0,0.0,30.4,lf->rm,both
IN06A050,804696,06A,R,gaba,-1,rh|lh,lh|rh,30.4,46.0,20.0,1433,0.021,30.4,0.0,0.0,rh->lh,contralateral
IN01A030,804875,01A,L,acetylcholine,1,rm,rm,30.4,676.0,246.0,827,0.037,0.0,30.4,0.0,rh->rm rm->rh,ipsilateral
IN04B033,805458,04B,R,acetylcholine,1,rm,rm,30.4,404.0,104.0,574,0.053,7.9,4.7,17.8,lh->rm lm->rm rm->rf,both
IN23B008,801311,23B,L,acetylcholine,1,lh,lh|rm,30.3,66.0,0.0,2973,0.01,5.3,6.9,18.1,lh->rm rh->lh lh->lm,both
IN14B009,802259,14B,L,glutamate,-1,lf|lm|lh,lh|lm|rm,30.3,37.0,0.0,2376,0.013,1.9,23.3,5.1,lf->lh lm->lh lf->lm,ipsilateral
INXXX387,806386,XXX (unassigned),L,acetylcholine,1,lh,lh|rh,30.3,81.0,0.0,589,0.051,20.1,7.4,2.8,lh->rh lm->lh,both
IN23B024,810906,23B,R,acetylcholine,1,rf|rm,lh|rm,30.3,32.0,0.0,400,0.076,0.0,6.3,24.0,rf->lh rf->rm rm->lh,both
IN13A015,802750,13A,R,gaba,-1,rh,rh,30.2,1849.0,332.0,2084,0.014,30.2,0.0,0.0,lh->rh rh->lh,contralateral
IN01B021,803870,01B,L,gaba,-1,lm,lm,30.2,728.0,0.0,1278,0.024,0.0,30.2,0.0,lm->lf lf->lm,ipsilateral
IN13B073,804439,13B,L,gaba,-1,rm,rm,30.2,531.0,0.0,599,0.05,0.0,30.2,0.0,rm->rf rf->rm rm->rh,ipsilateral
IN03B058,812619,03B,L,gaba,-1,lm|lh,lh|rh,30.2,35.0,0.0,306,0.099,3.6,15.2,11.4,lm->lh lm->rh lh->rh,both
IN00A060,907264,00A,M,gaba,-1,rm|lm,lh|rh,30.2,34.0,0.0,485,0.062,4.8,12.4,13.0,rm->lh lm->lh rm->rh,both
IN01A027,802223,01A,L,acetylcholine,1,rh,lm|rh,30.0,48.0,0.0,3429,0.009,1.5,7.0,21.6,rh->lm rh->rm,both
IN21A005,802605,21A,R,acetylcholine,1,rf,rf,30.0,1169.0,558.0,1782,0.017,7.0,22.9,0.1,rf->rh lf->rf,ipsilateral
IN01B006,803535,01B,R,gaba,-1,rm,rm|rh,30.0,96.0,0.0,1250,0.024,0.0,30.0,0.0,rm->rh,ipsilateral
IN23B028,804259,23B,R,acetylcholine,1,rh,rh,30.0,290.0,0.0,1104,0.027,15.0,0.0,15.0,rh->lm rh->lh,both
IN11A006,804394,11A,L,acetylcholine,1,lh,lh|lf|rh|lm,30.0,42.0,0.0,1683,0.018,11.0,19.0,0.0,lh->rh lh->lf lh->lm,both
IN07B067,804467,07B,R,acetylcholine,1,rh,lh|rh,30.0,37.0,0.0,991,0.03,30.0,0.0,0.0,rh->lh,contralateral
IN01B010,804567,01B,R,gaba,-1,rf,rf,30.0,317.0,0.0,554,0.054,21.0,9.0,0.0,rf->lf rf->rm,contralateral
IN13B023,804939,13B,R,gaba,-1,lh,lh,30.0,1006.0,29.0,1466,0.02,0.0,30.0,0.0,lh->lm,ipsilateral
IN20A.22A051,805889,20A/22A,R,acetylcholine,1,rh,rh,30.0,431.0,262.0,437,0.069,7.0,23.0,0.0,rh->rm rh->lh,ipsilateral
IN14A104,805989,14A,R,glutamate,-1,lh,lh,30.0,281.0,0.0,978,0.031,12.0,6.0,12.0,lh->rm lh->rh lh->lm,both
INXXX363,806646,XXX (unassigned),L,gaba,-1,lh,rh|lh,30.0,44.0,0.0,948,0.032,30.0,0.0,0.0,lh->rh,contralateral
IN20A.22A048,806659,20A/22A,L,acetylcholine,1,lh,lh,30.0,666.0,5.0,886,0.034,0.0,30.0,0.0,lh->lm,ipsilateral
IN21A037,807764,21A,L,glutamate,-1,lh,lh,30.0,213.0,98.0,300,0.1,21.0,9.0,0.0,lh->rh lh->lm,contralateral
IN16B098,808603,16B,L,glutamate,-1,lf,lf,30.0,437.0,56.0,477,0.063,23.0,7.0,0.0,lf->rf lf->lm,contralateral
IN13B063,809545,13B,R,gaba,-1,lm,lm,30.0,404.0,0.0,566,0.053,0.0,30.0,0.0,lm->lh lm->lf,ipsilateral
IN16B083,809850,16B,R,glutamate,-1,rm,rm,30.0,427.0,197.0,448,0.067,0.0,24.0,6.0,rm->rh rm->lh,ipsilateral
vMS11,810510,-,R,glutamate,-1,rh|lh,lh|rh,30.0,53.0,0.0,660,0.045,30.0,0.0,0.0,rh->lh lh->rh,contralateral
IN03B071,811170,03B,L,gaba,-1,lh,rh|lh,30.0,56.0,0.0,641,0.047,30.0,0.0,0.0,lh->rh,contralateral
IN19A100,811410,19A,R,gaba,-1,rh,rh,30.0,313.0,0.0,364,0.082,0.0,30.0,0.0,rh->rm,ipsilateral
IN02A063,815229,02A,L,glutamate,-1,lm,rm|rf|lm,30.0,36.0,0.0,271,0.111,23.0,0.0,7.0,lm->rm lm->rf,contralateral
IN01B084,815280,01B,R,gaba,-1,rh,rh,30.0,164.0,0.0,321,0.093,0.0,10.0,20.0,rh->lm rh->rm rh->lf,both
INXXX228,903171,XXX (unassigned),L,acetylcholine,1,lh,lh|lm,30.0,74.0,0.0,5451,0.006,10.0,15.0,5.0,lh->lm lh->rh lh->rm,both
IN23B043,904082,23B,R,acetylcholine,1,rh,rh,30.0,441.0,0.0,1599,0.019,5.0,6.0,19.0,rh->lf rh->rm rh->lm,both
IN03A046,904565,03A,L,acetylcholine,1,lf,lf,30.0,558.0,172.0,623,0.048,0.0,30.0,0.0,lf->lm,ipsilateral
IN23B046,905836,23B,L,acetylcholine,1,lm,lm|lh,30.0,102.0,0.0,628,0.048,0.0,30.0,0.0,lm->lh,ipsilateral
"IN20A.22A036,IN20A.22A072",905853,20A/22A,L,acetylcholine,1,lm,lm,30.0,418.0,90.0,434,0.069,0.0,30.0,0.0,lm->lf lm->lh,ipsilateral
IN00A030,907745,00A,M,gaba,-1,lm|lh,lf|rf,30.0,30.0,0.0,488,0.061,0.0,18.4,11.6,lm->lf lm->rf,both
IN03A094,908071,03A,L,acetylcholine,1,lf,lf,30.0,250.0,52.0,335,0.09,0.0,30.0,0.0,lf->lm,ipsilateral
IN03A049,908157,03A,L,acetylcholine,1,lf,lf,30.0,497.0,180.0,614,0.049,12.0,18.0,0.0,lf->lm lf->rf,both
IN16B122,908738,16B,L,glutamate,-1,lf,lf,30.0,306.0,38.0,347,0.086,24.0,0.0,6.0,lf->rf lf->rm,contralateral
IN09A034,909203,09A,R,gaba,-1,rh,rh,30.0,266.0,7.0,721,0.042,9.1,20.9,0.0,rm->rh lh->rh,both
IN04B013,802382,04B,L,acetylcholine,1,lf,lf,29.9,606.0,185.0,732,0.041,29.9,0.0,0.0,lf->rf rf->lf,contralateral
IN20A.22A051,808338,20A/22A,L,acetylcholine,1,lh,lh,29.9,195.0,120.0,230,0.13,11.2,17.9,0.8,lf->lh lh->rh lh->lm,both
IN13A038,820763,13A,R,gaba,-1,rm,rm,29.9,413.0,0.0,430,0.069,0.0,29.9,0.0,rm->rf rh->rm rm->rh,ipsilateral
IN19A008,800782,19A,R,gaba,-1,rf,rf,29.8,1658.0,185.0,2017,0.015,4.5,19.3,6.0,rh->rf rf->rm rf->lh,both
IN04B054_b,802400,04B,L,acetylcholine,1,lh,lh,29.8,550.0,128.0,668,0.045,0.0,29.8,0.0,lm->lh lh->lm,ipsilateral
IN09B038,806959,09B,R,acetylcholine,1,lf,lf,29.8,324.0,27.0,687,0.043,0.0,29.8,0.0,lm->lf lf->lm,ipsilateral
IN12B052,807881,12B,L,gaba,-1,rm,rm,29.8,209.0,0.0,602,0.05,0.4,22.8,6.6,rh->rm rm->rh rm->lh,ipsilateral
IN09B043,810104,09B,R,glutamate,-1,lf|rf,lf|lm|rf,29.8,53.0,0.0,421,0.071,13.8,11.6,4.4,lf->lm rf->lf lf->rf,both
"IN08A026,IN08A033",810337,08A,L,glutamate,-1,lm,lm,29.8,465.0,243.0,471,0.063,0.0,29.8,0.0,lf->lm,ipsilateral
IN17A041,804830,17A,R,glutamate,-1,rm,rm,29.7,1270.0,578.0,1285,0.023,16.2,13.5,0.0,lm->rm rh->rm rf->rm,both
IN12B020,805216,12B,L,gaba,-1,rf,rf,29.7,401.0,13.0,446,0.067,10.5,18.7,0.5,rm->rf rf->lf,both
IN20A.22A016,807372,20A/22A,R,acetylcholine,1,rm,rm,29.7,393.0,30.0,653,0.046,0.0,17.2,12.5,rf->rm lf->rm,both
IN20A.22A024,806262,20A/22A,R,acetylcholine,1,rm,rm,29.6,772.0,134.0,896,0.033,0.0,29.6,0.0,rm->rf rh->rm rm->rh,ipsilateral
IN16B085,808602,16B,R,glutamate,-1,rh,rh,29.6,513.0,155.0,577,0.051,0.0,29.6,0.0,rm->rh,ipsilateral
IN11A021,809328,11A,R,acetylcholine,1,rm|rf,rm|lm,29.6,59.0,8.0,616,0.048,10.9,13.6,5.1,rm->lm rf->rm rh->rm,both
IN19B091,804942,19B,L,acetylcholine,1,lh,rh|lh,29.5,35.0,0.0,455,0.065,26.7,1.4,1.4,lh->rh,contralateral
IN14A063,810367,14A,R,glutamate,-1,lm,lm,29.5,337.0,0.0,378,0.078,4.6,15.9,9.0,lh->lm rh->lm lm->rm,both
IN08A050,814295,08A,R,glutamate,-1,rf,rf,29.5,243.0,0.0,243,0.122,0.0,17.5,12.0,rm->rf rf->lh,both
IN03A039,803385,03A,L,acetylcholine,1,lh,lh,29.4,445.0,108.0,471,0.063,12.9,16.3,0.2,lh->rh lh->lm lm->lh,both
IN07B054,804364,07B,L,acetylcholine,1,rm|lm|lh,rm,29.4,49.0,0.0,548,0.054,14.7,0.0,14.7,lm->rm lh->rm,both
IN20A.22A065,809388,20A/22A,R,acetylcholine,1,rm,rm,29.4,450.0,60.0,450,0.065,0.0,29.4,0.0,rm->rh rm->rf rh->rm,ipsilateral
IN13A068,809393,13A,R,gaba,-1,rh,rh,29.4,454.0,364.0,480,0.061,7.0,22.4,0.0,rm->rh lh->rh,ipsilateral
IN14A051,904649,14A,R,glutamate,-1,lh,lh,29.4,329.0,0.0,512,0.057,0.0,29.4,0.0,lm->lh lh->lm,ipsilateral
IN20A.22A035,906184,20A/22A,L,acetylcholine,1,lf,lf,29.4,431.0,124.0,436,0.068,8.9,20.4,0.1,lf->lm lf->rf lh->lf,both
IN01B001,800268,01B,L,gaba,-1,lm|lh,lm|lf,29.3,44.0,0.0,8129,0.004,0.0,29.3,0.0,lm->lf lh->lm lh->lf,ipsilateral
IN04B074,804854,04B,L,acetylcholine,1,lh,lh,29.3,610.0,271.0,692,0.042,29.3,0.0,0.0,rh->lh lh->rh,contralateral
IN14A108,807413,14A,L,glutamate,-1,rh,rh,29.3,296.0,0.0,867,0.034,0.0,29.3,0.0,rf->rh rm->rh,ipsilateral
IN13B056,807883,13B,L,gaba,-1,rm,rm,29.3,599.0,0.0,653,0.045,0.0,29.2,0.0,rm->rh rm->rf rf->rm,ipsilateral
IN13A014,802546,13A,L,gaba,-1,lf,lf,29.2,942.0,507.0,942,0.031,29.2,0.0,0.0,rf->lf lf->rf,contralateral
IN06B058,802575,06B,L,gaba,-1,rm|rh,lh|lf|lm,29.2,30.0,0.0,604,0.048,7.2,2.8,19.2,rm->lh rm->lf rm->lm,both
IN00A063,807691,00A,M,gaba,-1,lm|lh,rm|lm,29.2,37.0,0.0,502,0.058,16.0,6.2,7.0,lm->rm lh->rm lm->lh,both
IN08B083_b,904321,08B,L,acetylcholine,1,lm|rh,lh|rm|lm|lf,29.2,33.0,0.0,822,0.036,10.5,14.7,4.0,lm->lh lm->rm rh->lh,both
IN08A030,905046,08A,R,glutamate,-1,rf,rf,29.2,433.0,281.0,433,0.067,0.0,29.2,0.0,rf->rm rm->rf,ipsilateral
IN08A028,806699,08A,L,glutamate,-1,lh,lh,29.1,259.0,41.0,515,0.057,29.1,0.0,0.0,rh->lh lh->rh,contralateral
IN04B104,810898,04B,R,acetylcholine,1,rm,rm,29.1,273.0,72.0,292,0.1,0.0,29.1,0.0,rh->rm rm->rh,ipsilateral
IN09B038,813547,09B,R,acetylcholine,1,lh,lm|lh,29.1,35.0,0.0,146,0.199,0.1,28.5,0.5,lh->lm,ipsilateral
IN21A015,801495,21A,L,glutamate,-1,lm,lm,29.0,2692.0,1554.0,2750,0.011,10.8,18.1,0.1,rm->lm lm->lf lm->lh,both
INXXX331,803397,XXX (unassigned),R,acetylcholine,1,rh,rh,29.0,215.0,0.0,1926,0.015,29.0,0.0,0.0,rh->lh,contralateral
IN23B037,803722,23B,L,acetylcholine,1,lh,lh,29.0,262.0,0.0,935,0.031,0.0,29.0,0.0,lh->lm,ipsilateral
"IN16B088,IN16B109",804421,16B,R,glutamate,-1,rh,rh,29.0,284.0,39.0,419,0.069,24.0,5.0,0.0,rh->lh rh->rm,contralateral
IN16B080,806030,16B,L,glutamate,-1,lf,lf,29.0,733.0,47.0,781,0.037,19.0,10.0,0.0,lf->rf lf->lm,both
IN02A020,806615,02A,R,glutamate,-1,rh,rh,29.0,218.0,6.0,726,0.04,8.0,21.0,0.0,rh->rm rh->lh,ipsilateral
IN12B039,806632,12B,L,gaba,-1,rh,rh,29.0,241.0,0.0,657,0.044,8.0,0.0,21.0,rh->lf rh->lh,both
IN14A015,807116,14A,L,glutamate,-1,rf,rf,29.0,228.0,5.0,309,0.094,6.0,15.0,8.0,rf->rm rf->lh rf->lf,both
IN03B056,807148,03B,L,gaba,-1,lh,lh,29.0,430.0,405.0,1278,0.023,29.0,0.0,0.0,lh->rh,contralateral
IN20A.22A047,807184,20A/22A,L,acetylcholine,1,lh,lh,29.0,388.0,48.0,445,0.065,7.0,22.0,0.0,lh->lm lh->rh,ipsilateral
IN19B072,807250,19B,L,acetylcholine,1,rm|rf,rh,29.0,29.0,0.0,569,0.051,0.0,29.0,0.0,rm->rh rf->rh,ipsilateral
IN03A046,808629,03A,R,acetylcholine,1,rf,rf,29.0,290.0,57.0,311,0.093,0.0,29.0,0.0,rf->rm,ipsilateral
INXXX426,808711,XXX (unassigned),L,gaba,-1,rh|lh,lh,29.0,49.0,0.0,329,0.088,29.0,0.0,0.0,rh->lh,contralateral
IN12B025,808778,12B,L,gaba,-1,rf,rf,29.0,123.0,13.0,204,0.142,9.0,9.2,10.8,rf->lh lf->rf rf->rh,both
IN20A.22A065,808904,20A/22A,L,acetylcholine,1,lm,lm,29.0,388.0,55.0,394,0.074,0.0,29.0,0.0,lm->lf lm->lh,ipsilateral
INXXX407,808927,XXX (unassigned),L,acetylcholine,1,lh,lh|rm,29.0,74.0,0.0,742,0.039,0.0,0.0,29.0,lh->rm,both
IN16B087,809643,16B,L,glutamate,-1,lh,rf,29.0,29.0,0.0,367,0.079,0.0,0.0,29.0,lh->rf,both
IN20A.22A035,810163,20A/22A,L,acetylcholine,1,lf,lf,29.0,377.0,77.0,392,0.074,11.0,18.0,0.0,lf->lm lf->rf,both
IN12B029,811587,12B,L,gaba,-1,rf,lf|rf,29.0,46.0,0.0,188,0.154,29.0,0.0,0.0,rf->lf,contralateral
IN20A.22A073,812125,20A/22A,R,acetylcholine,1,rh,rh,29.0,215.0,43.0,231,0.126,13.6,15.0,0.4,rh->lh rh->rm rf->rh,both
IN06B062,812681,06B,L,gaba,-1,lm|lh|rm,lf,29.0,29.0,0.0,213,0.136,0.0,20.5,8.5,lm->lf lh->lf rm->lf,ipsilateral
IN20A.22A048,813091,20A/22A,L,acetylcholine,1,lh,lh,29.0,226.0,0.0,311,0.093,8.0,21.0,0.0,lh->lm lh->rh,ipsilateral
IN13B078,813852,13B,L,gaba,-1,rh,rh|rm,29.0,183.0,42.0,183,0.158,0.0,29.0,0.0,rh->rm,ipsilateral
IN03A051,817800,03A,L,acetylcholine,1,lf,lf,29.0,410.0,148.0,462,0.063,29.0,0.0,0.0,lf->rf,contralateral
IN23B063,903295,23B,L,acetylcholine,1,lh,lh,29.0,127.0,0.0,609,0.048,7.0,8.0,14.0,lh->rm lh->lf lh->rh,both
"IN20A.22A070,IN20A.22A080",903401,20A/22A,R,acetylcholine,1,rm,rm|rh,29.0,171.0,0.0,367,0.079,0.0,29.0,0.0,rm->rh,ipsilateral
IN03B090,905012,03B,R,gaba,-1,lh,lf|lm,29.0,29.0,0.0,240,0.121,0.0,29.0,0.0,lh->lf lh->lm,ipsilateral
IN04B068,911431,04B,R,acetylcholine,1,rh,rh,29.0,516.0,47.0,584,0.05,29.0,0.0,0.0,rh->lh,contralateral
IN23B038,932853,23B,L,acetylcholine,1,lh,lh,29.0,127.0,0.0,547,0.053,14.0,15.0,0.0,lh->lm lh->rh,both
IN02A030,804604,02A,R,glutamate,-1,rh,rh|lh,28.9,104.0,0.0,1825,0.016,28.9,0.0,0.0,rh->lh lh->rh,contralateral
IN00A059,806294,00A,M,gaba,-1,lh|rh|lm,lm|lh|rm,28.9,38.0,0.0,776,0.037,6.3,12.5,10.1,lh->lm lh->rm rh->lm,both
IN01B037_b,806782,01B,R,gaba,-1,rm,rm,28.9,238.0,0.0,588,0.049,0.5,12.9,15.5,rm->lh rh->rm rm->rh,both
IN10B038,810411,10B,L,acetylcholine,1,lm|lf,lm,28.9,82.0,0.0,265,0.109,0.0,28.9,0.0,lf->lm lh->lm,ipsilateral
IN13A008,800701,13A,L,gaba,-1,lf,lf|lm,28.8,162.0,0.0,1613,0.018,0.0,28.8,0.0,lf->lm,ipsilateral
IN13A019,803101,13A,L,gaba,-1,lm,lm,28.8,904.0,34.0,1295,0.022,5.7,23.0,0.1,lm->lf lh->lm rm->lm,ipsilateral
IN06B056,903361,06B,R,gaba,-1,lh|lm|rh,lm|lh|rm|rh,28.8,38.0,0.0,559,0.052,8.3,11.0,9.6,lh->lm lh->rm lm->lh,both
IN20A.22A088,911599,20A/22A,R,acetylcholine,1,rh|lf,rh,28.8,89.0,71.0,97,0.297,0.0,0.0,28.8,lf->rh,both
IN21A035,803998,21A,R,glutamate,-1,rm,rm,28.7,753.0,94.0,828,0.035,0.0,28.7,0.0,rh->rm,ipsilateral
IN20A.22A009,804649,20A/22A,L,acetylcholine,1,lf,lf,28.7,197.0,98.0,206,0.139,0.0,28.7,0.0,lm->lf lf->lm lh->lf,ipsilateral
IN21A037,806727,21A,R,glutamate,-1,rh,rh,28.7,443.0,229.0,525,0.055,4.9,23.7,0.1,rh->rm rm->rh rh->lh,ipsilateral
IN04B067,807055,04B,L,acetylcholine,1,lf,lf,28.7,166.0,82.0,441,0.065,4.4,23.7,0.6,lm->lf lf->lm lf->rf,ipsilateral
IN03A083,807131,03A,L,acetylcholine,1,lh,lh,28.7,354.0,181.0,629,0.046,24.7,3.7,0.3,lh->rh lm->lh,contralateral
IN04B071,909214,04B,L,acetylcholine,1,lm,lm,28.7,492.0,192.0,534,0.054,0.0,28.7,0.0,lh->lm lf->lm,ipsilateral
IN20A.22A051,807674,20A/22A,R,acetylcholine,1,rh,rh,28.6,560.0,397.0,579,0.049,0.0,28.6,0.0,rm->rh rh->rm,ipsilateral
IN12B090,813021,12B,R,gaba,-1,lf|lm,lf,28.6,62.0,0.0,157,0.182,0.0,28.6,0.0,lm->lf,ipsilateral
IN20A.22A024,902432,20A/22A,L,acetylcholine,1,lf,lf,28.6,600.0,165.0,620,0.046,9.8,18.6,0.2,lm->lf lf->rf lf->lm,both
INXXX373,804538,XXX (unassigned),L,acetylcholine,1,lh|rh,rh,28.5,53.0,0.0,1375,0.021,28.5,0.0,0.0,lh->rh,contralateral
IN12B039,808741,12B,R,gaba,-1,lf,lf,28.5,165.0,26.0,378,0.075,0.0,28.5,0.0,lf->lm lh->lf,ipsilateral
IN21A047_d,810001,21A,R,glutamate,-1,rm,rm,28.5,371.0,0.0,377,0.075,0.0,6.6,21.9,lf->rm rf->rm,both
IN00A022,905156,00A,M,gaba,-1,lh|rh|lm,lm|rm|rh|lf,28.5,33.0,0.0,1555,0.018,4.8,12.2,11.5,lh->lm lh->rm rh->lm,both
IN21A047_d,810253,21A,L,glutamate,-1,lm,lm,28.4,417.0,15.0,423,0.067,0.0,28.4,0.0,lf->lm,ipsilateral
IN01A082,815786,01A,L,acetylcholine,1,rh,rh,28.4,229.0,56.0,248,0.115,15.4,12.4,0.6,rh->rm lh->rh rh->lh,both
IN20A.22A042,910478,20A/22A,R,acetylcholine,1,rf,rf,28.4,281.0,67.0,313,0.091,12.0,16.1,0.3,rm->rf rh->rf lf->rf,both
IN06A065,1052002184,06A,R,gaba,-1,rm,rm|lh,28.4,60.0,0.0,605,0.047,5.4,8.3,14.7,rm->lh rm->rh lm->rm,both
IN13B067,803954,13B,R,gaba,-1,lm,lm,28.3,339.0,40.0,411,0.069,6.6,21.3,0.4,lf->lm lm->rm,ipsilateral
IN05B051,804448,05B,L,gaba,-1,rm|lm|rh,rh,28.3,38.0,0.0,1325,0.021,0.0,13.3,15.1,rm->rh lm->rh lf->rh,both
IN07B038,804449,07B,L,acetylcholine,1,lf|lh|rh|rm,lh|rh,28.3,38.0,0.0,1370,0.021,7.4,13.0,7.9,lf->lh rh->lh rm->lh,both
IN04B102,806021,04B,L,acetylcholine,1,lm,lm,28.3,428.0,175.0,518,0.055,0.1,21.8,6.4,lf->lm lm->lh rh->lm,ipsilateral
IN23B049,813347,23B,R,acetylcholine,1,rf|rm,rf,28.3,73.0,0.0,195,0.145,5.5,20.3,2.5,rm->rf rf->lf,ipsilateral
IN11A004,803724,11A,L,acetylcholine,1,lf|lh|rf,lf,28.2,51.0,0.0,1720,0.016,9.4,16.6,2.3,lh->lf rf->lf,both
IN20A.22A049,903893,20A/22A,L,acetylcholine,1,lf,lf,28.2,326.0,53.0,342,0.082,0.0,28.2,0.0,lm->lf lh->lf,ipsilateral
IN08A022,907008,08A,R,glutamate,-1,rm,rm,28.2,589.0,5.0,687,0.041,0.0,28.2,0.0,rf->rm rm->rh,ipsilateral
IN03A066,808086,03A,R,acetylcholine,1,rf,rf,28.1,269.0,203.0,277,0.101,0.0,28.1,0.0,rh->rf rm->rf rf->rm,ipsilateral
IN11B020,810509,11B,L,gaba,-1,lm|lh,lh|lm,28.1,48.0,0.0,746,0.038,0.0,28.1,0.0,lm->lh lh->lm,ipsilateral
IN08A044,813080,08A,R,glutamate,-1,rh,rh,28.1,360.0,239.0,439,0.064,0.0,28.1,0.0,rm->rh,ipsilateral
IN03A033,903459,03A,L,acetylcholine,1,lm,lm,28.1,788.0,412.0,823,0.034,0.0,28.1,0.0,lm->lh lf->lm,ipsilateral
IN06B066,907274,06B,R,gaba,-1,lm|rm|lh,lh|rh|lm,28.1,34.0,0.0,707,0.04,5.1,12.2,10.8,lm->lh rm->lh lm->rh,both
IN23B009,800225,23B,R,acetylcholine,1,rm,rm,28.0,1045.0,0.0,5449,0.005,0.0,28.0,0.0,rm->rh,ipsilateral
IN23B009,800243,23B,R,acetylcholine,1,rh,rh,28.0,895.0,0.0,5346,0.005,28.0,0.0,0.0,rh->lh,contralateral
IN07B038,800552,07B,R,acetylcholine,1,lh,lf|rm,28.0,28.0,0.0,1302,0.022,0.0,22.0,6.0,lh->lf lh->rm,ipsilateral
IN14A038,801733,14A,L,glutamate,-1,rh,rh,28.0,393.0,9.0,592,0.047,12.0,16.0,0.0,rh->rm rh->lh,both
IN16B014,801773,16B,L,glutamate,-1,lf,lf,28.0,1057.0,455.0,1510,0.019,12.0,16.0,0.0,lf->lm lf->rf,both
IN23B037,801938,23B,L,acetylcholine,1,lm,lm,28.0,445.0,0.0,1717,0.016,1.0,26.9,0.1,lm->lh lm->lf,ipsilateral
IN01B027_d,803000,01B,L,gaba,-1,lm,lm,28.0,518.0,5.0,1022,0.027,0.0,28.0,0.0,lm->lf,ipsilateral
IN00A061,803265,00A,M,gaba,-1,lm,rm|lf|rf|lm,28.0,33.0,0.0,557,0.05,15.0,7.0,6.0,lm->rm lm->lf lm->rf,both
IN04B009,803410,04B,R,acetylcholine,1,rf,rf,28.0,385.0,147.0,435,0.064,5.9,22.0,0.1,rf->rm rm->rf rf->lf,ipsilateral
IN10B032,805221,10B,R,acetylcholine,1,rm,rm|lh|lf,28.0,52.0,0.0,450,0.062,0.0,0.0,28.0,rm->lh rm->lf,both
IN03B038,805503,03B,L,gaba,-1,lh|rm,lh|rm|rh,28.0,52.0,0.0,1905,0.015,7.5,2.5,18.0,lh->rm lh->rh rm->lh,both
IN07B068,805521,07B,R,acetylcholine,1,lh|rm,rf,28.0,28.0,0.0,462,0.061,0.0,10.8,17.2,lh->rf rm->rf,both
IN08B083_c,805563,08B,L,acetylcholine,1,rh|lm,rm|lh,28.0,28.0,0.0,838,0.033,11.3,16.7,0.0,rh->rm lm->rm rh->lh,both
INXXX416,805619,XXX (unassigned),L,unclear,0,lm|lh,rh,28.0,28.0,0.0,171,0.164,4.8,3.4,19.8,lm->rh lh->rh rm->rh,both
IN20A.22A048,806714,20A/22A,L,acetylcholine,1,lh,lh,28.0,598.0,0.0,741,0.038,0.0,28.0,0.0,lh->lm,ipsilateral
IN06A022,807330,06A,L,gaba,-1,lh|rm,lm|lh,28.0,38.0,0.0,792,0.035,8.2,13.8,6.0,lh->lm rm->lm rm->lh,both
IN06B071,807583,06B,L,gaba,-1,rm|rh,lh|rh,28.0,30.0,0.0,794,0.035,2.6,11.0,14.4,rm->lh rm->rh,both
IN23B065,807778,23B,L,acetylcholine,1,lf|lm,lf|lm,28.0,59.0,0.0,430,0.065,0.8,27.0,0.2,lm->lf lf->lm,ipsilateral
IN01B026,807835,01B,R,gaba,-1,rh,rh,28.0,184.0,0.0,859,0.033,15.0,13.0,0.0,rh->lh rh->rm,both
IN06A042,807851,06A,R,gaba,-1,lh,rm|lh,28.0,41.0,0.0,505,0.055,0.0,0.0,28.0,lh->rm,both
IN06B063,807878,06B,L,gaba,-1,lm,lh|rh,28.0,28.0,0.0,722,0.039,0.0,18.0,10.0,lm->lh lm->rh,both
IN16B075_f,808810,16B,R,glutamate,-1,rm,rm,28.0,582.0,131.0,619,0.045,0.0,0.0,28.0,rm->lh,both
IN04B088,808915,04B,L,acetylcholine,1,lh,lh,28.0,322.0,138.0,359,0.078,5.0,23.0,0.0,lh->lm lh->rh,ipsilateral
INXXX280,809355,XXX (unassigned),L,gaba,-1,lh,lm,28.0,28.0,0.0,833,0.034,0.0,26.0,2.0,lh->lm,ipsilateral
IN14A037,809834,14A,L,glutamate,-1,rh,rh,28.0,478.0,36.0,514,0.054,23.0,5.0,0.0,rh->lh rh->rm,contralateral
IN20A.22A086,810207,20A/22A,R,acetylcholine,1,rh,rh,28.0,228.0,0.0,493,0.057,0.0,16.0,12.0,rh->rm rh->lf,both
IN12B059,810772,12B,R,gaba,-1,lh,lh|rh,28.0,125.0,28.0,450,0.062,21.0,7.0,0.0,lh->rh lh->lf,contralateral
IN07B090,811319,07B,R,acetylcholine,1,rh,rh|lh,28.0,69.0,69.0,276,0.101,28.0,0.0,0.0,rh->lh,contralateral
IN06B079,812144,06B,L,gaba,-1,rh,rh|lh|lm,28.0,51.0,0.0,413,0.068,15.0,0.0,13.0,rh->lh rh->lm,both
IN07B094_b,812516,07B,R,acetylcholine,1,rh,lh,28.0,28.0,0.0,327,0.086,28.0,0.0,0.0,rh->lh,contralateral
IN20A.22A092,816392,20A/22A,R,acetylcholine,1,rm,rm,28.0,182.0,0.0,237,0.118,0.0,28.0,0.0,rm->rf rm->rh,ipsilateral
IN23B018,902322,23B,L,acetylcholine,1,lf,lf,28.0,329.0,13.0,1228,0.023,12.0,11.0,5.0,lf->rf lf->lm lf->rm,both
IN23B022,903255,23B,R,acetylcholine,1,rf,rf,28.0,159.0,0.0,705,0.04,0.0,14.0,14.0,rf->rm rf->lm,both
IN20A.22A073,904404,20A/22A,L,acetylcholine,1,lh,lh,28.0,212.0,12.0,218,0.128,5.0,23.0,0.0,lh->lm lh->rh,ipsilateral
IN01B064,904795,01B,L,gaba,-1,lf,lf,28.0,210.0,0.0,464,0.06,23.0,5.0,0.0,lf->rf lf->lm,contralateral
IN06B070,907819,06B,R,gaba,-1,lh,lh,28.0,337.0,0.0,661,0.042,0.0,28.0,0.0,lh->lm,ipsilateral
IN13B044,907858,13B,L,gaba,-1,rh,rh,28.0,267.0,0.0,572,0.049,22.0,6.0,0.0,lh->rh rm->rh,contralateral
IN20A.22A053,908351,20A/22A,L,acetylcholine,1,lm,lm,28.0,624.0,21.0,843,0.033,0.0,28.0,0.0,lm->lh,ipsilateral
IN20A.22A089,908767,20A/22A,L,acetylcholine,1,lf,lf|lm,28.0,97.0,0.0,151,0.185,5.0,23.0,0.0,lf->lm lf->rf,ipsilateral
IN06B079,910212,06B,L,gaba,-1,rh,rh|lm|lh,28.0,54.0,0.0,464,0.06,14.0,0.0,14.0,rh->lm rh->lh,both
IN16B106,910846,16B,R,glutamate,-1,rh,lh|rh,28.0,35.0,0.0,277,0.101,28.0,0.0,0.0,rh->lh,contralateral
IN09A064,912190,09A,R,gaba,-1,rf,rf|rm,28.0,68.0,0.0,131,0.214,0.0,23.0,5.0,rf->rm rf->lh,ipsilateral
IN03B055,936307,03B,L,gaba,-1,lh|rm,rm|lm,28.0,43.0,0.0,504,0.056,3.4,4.6,20.0,lh->rm lh->lm rm->lm,both
IN20A.22A009,803623,20A/22A,R,acetylcholine,1,rm,rm,27.9,361.0,182.0,426,0.066,4.0,23.9,0.0,rh->rm rf->rm lm->rm,ipsilateral
IN09A013,905051,09A,R,gaba,-1,rm,rm,27.9,1342.0,0.0,3097,0.009,16.9,10.9,0.1,lm->rm rm->rh,both
IN12A053_a,803984,12A,R,acetylcholine,1,rh|rm,lh|rh,27.8,35.0,0.0,886,0.031,11.6,6.8,9.5,rh->lh rm->lh rm->rh,both
IN14A039,811703,14A,L,glutamate,-1,rh,rh,27.8,352.0,0.0,440,0.063,6.6,20.8,0.4,rm->rh rh->lh,ipsilateral
IN04B027,905995,04B,R,acetylcholine,1,rm,rm,27.8,534.0,86.0,655,0.042,0.0,27.8,0.0,rm->rh rf->rm,ipsilateral
IN09A028,801852,09A,R,gaba,-1,rh,rh|lf,27.7,98.0,20.0,547,0.051,0.6,10.7,16.4,rh->lf rh->rm,both
IN17A034,803126,17A,L,acetylcholine,1,lh,lm|rf,27.7,30.0,0.0,1114,0.025,0.6,17.7,9.4,lh->lm lh->rf,both
IN04B046,805373,04B,L,acetylcholine,1,lm,lm,27.7,680.0,237.0,771,0.036,0.2,21.7,5.8,lh->lm lm->rh,ipsilateral
IN00A065,808923,00A,M,gaba,-1,lm|lh,lm|lf|rf|rh,27.7,38.0,0.0,404,0.069,1.9,14.7,11.1,lm->lf lm->rf lh->lm,both
IN06A096,909128,06A,L,gaba,-1,lm|lh,lh,27.7,34.0,0.0,519,0.053,0.0,27.7,0.0,lm->lh,ipsilateral
IN11A028,800520,11A,L,acetylcholine,1,lh|lm,lm|rm|lh,27.6,38.0,0.0,708,0.039,6.4,12.5,8.8,lh->lm lh->rm lm->rm,both
IN00A009,802089,00A,M,gaba,-1,rm|rh,rh|rm|lm,27.6,39.0,0.0,2851,0.01,7.9,14.7,5.0,rm->rh rm->lm,both
IN13A031,802680,13A,R,gaba,-1,rh,rh,27.6,418.0,11.0,494,0.056,6.6,20.6,0.4,rm->rh rh->lh,ipsilateral
IN21A013,802895,21A,R,glutamate,-1,rf,rf,27.6,988.0,872.0,997,0.028,12.6,14.9,0.0,lf->rf rm->rf,both
IN09A002,801382,09A,R,gaba,-1,rf,rf,27.5,538.0,283.0,799,0.034,16.4,10.8,0.3,rf->lf rh->rf lf->rf,both
IN18B042,806975,18B,L,acetylcholine,1,lh|lf|lm,rh|lh,27.5,30.0,0.0,654,0.042,12.5,2.5,12.5,lh->rh lf->rh lm->rh,both
IN08A032,807685,08A,L,glutamate,-1,lm,lm,27.5,542.0,289.0,542,0.051,0.0,27.5,0.0,lh->lm lm->lh,ipsilateral
IN12B035,808122,12B,R,gaba,-1,lf|lh,lf,27.5,50.0,0.0,226,0.122,2.5,22.5,2.5,lh->lf,ipsilateral
IN23B014,904275,23B,L,acetylcholine,1,lh,lh,27.5,180.0,0.0,2292,0.012,0.3,8.5,18.7,lh->rf lm->lh,both
IN00A036,804069,00A,M,gaba,-1,lm|rh|lh,rm|lm|lf,27.4,30.0,0.0,502,0.055,6.2,11.8,9.4,lm->rm rh->rm lh->rm,both
IN21A037,806950,21A,R,glutamate,-1,rh,rh,27.4,389.0,200.0,455,0.06,5.8,21.4,0.2,rm->rh rh->rm rh->lh,ipsilateral
IN19B057,808298,19B,L,acetylcholine,1,lh|rh,lm|rh,27.4,29.0,0.0,662,0.041,8.4,16.0,3.0,lh->lm lh->rh rh->lm,both
IN19A030,903510,19A,L,gaba,-1,lm,lm,27.4,1458.0,687.0,1502,0.018,0.0,27.4,0.0,lf->lm lh->lm,ipsilateral
IN20A.22A001,802257,20A/22A,L,acetylcholine,1,lf,lf,27.3,1297.0,977.0,1364,0.02,0.0,27.3,0.0,lm->lf lh->lf,ipsilateral
IN13B021,804716,13B,L,gaba,-1,rf|lf,rf|lm,27.3,55.0,0.0,932,0.029,16.3,3.7,7.3,lf->rf rf->lm lf->lm,both
IN13A034,907741,13A,L,gaba,-1,lm,lm,27.3,225.0,188.0,225,0.122,0.0,27.3,0.0,lf->lm,ipsilateral
IN13B006,802324,13B,L,gaba,-1,rm,rm,27.2,937.0,568.0,1104,0.025,0.0,27.2,0.0,rh->rm,ipsilateral
IN19B070,808048,19B,L,acetylcholine,1,rh|lh,rh,27.2,50.0,13.0,492,0.055,22.2,0.0,5.0,lh->rh lf->rh,contralateral
IN19B057,808230,19B,L,acetylcholine,1,lh,rh|lm,27.2,34.0,0.0,632,0.043,19.2,7.1,0.9,lh->rh lh->lm,contralateral
IN08A023,810277,08A,R,glutamate,-1,rm,rm,27.2,299.0,152.0,347,0.078,0.0,27.2,0.0,rh->rm,ipsilateral
IN20A.22A009,806639,20A/22A,R,acetylcholine,1,rm,rm,27.1,332.0,169.0,368,0.074,3.2,23.9,0.0,rh->rm rf->rm lm->rm,ipsilateral
IN23B067_d,808541,23B,L,acetylcholine,1,lf,lf|rm,27.1,97.0,0.0,454,0.06,0.0,0.0,27.1,lf->rm rm->lf,both
IN08A048,1052272390,08A,L,glutamate,-1,lh,lh,27.1,249.0,131.0,269,0.101,0.0,27.1,0.0,lm->lh lh->lm,ipsilateral
TN1a_g,801245,-,L,acetylcholine,1,lm|rm,lh|rh|lm,27.0,34.0,0.0,1270,0.021,4.3,12.1,10.6,lm->lh lm->rh rm->lh,both
IN09B044,801643,09B,R,glutamate,-1,lf,lf|lm,27.0,64.0,0.0,479,0.056,5.0,17.0,5.0,lf->lm lf->rm lf->rf,both
IN13A015,802706,13A,L,gaba,-1,lh,lh,27.0,1770.0,252.0,2077,0.013,18.0,9.0,0.0,lh->rh lh->lm,both
IN07B075,805025,07B,L,acetylcholine,1,lh,lf|rh,27.0,27.0,11.0,458,0.059,11.0,16.0,0.0,lh->lf lh->rh,both
IN23B049,805176,23B,R,acetylcholine,1,rm,rm,27.0,356.0,0.0,943,0.029,0.0,27.0,0.0,rm->rh,ipsilateral
IN04B085,805360,04B,L,acetylcholine,1,lf,lf,27.0,595.0,370.0,699,0.039,0.0,27.0,0.0,lm->lf,ipsilateral
IN08A011,805424,08A,R,glutamate,-1,rm|rf,rh,27.0,27.0,0.0,913,0.03,0.0,27.0,0.0,rm->rh rf->rh,ipsilateral
IN01A065,806070,01A,R,acetylcholine,1,lh,lh|rh,27.0,131.0,0.0,781,0.035,27.0,0.0,0.0,lh->rh,contralateral
IN20A.22A018,807655,20A/22A,L,acetylcholine,1,lf,lf,27.0,447.0,349.0,447,0.06,16.0,0.0,11.0,lf->rf lf->rh,both
IN02A044,807672,02A,R,glutamate,-1,lm,lh|rh,27.0,27.0,0.0,910,0.03,0.0,14.0,13.0,lm->lh lm->rh,both
IN07B075,808712,07B,L,acetylcholine,1,lh,lf,27.0,27.0,0.0,501,0.054,0.0,27.0,0.0,lh->lf,ipsilateral
IN16B066,809309,16B,L,glutamate,-1,lh,rf|lh,27.0,46.0,0.0,271,0.1,5.0,0.0,22.0,lh->rf lh->rh,both
IN02A041,809693,02A,L,glutamate,-1,lm,lm,27.0,132.0,20.0,476,0.057,10.0,17.0,0.0,lm->lf lm->rm,both
IN06A011,809783,06A,L,gaba,-1,lm,lm|lf,27.0,57.0,0.0,413,0.065,0.0,27.0,0.0,lm->lf lm->lh,ipsilateral
IN12B036,809871,12B,L,gaba,-1,rf,rf,27.0,114.0,0.0,327,0.083,0.0,17.0,10.0,rf->rm rf->lm,both
IN06B069,810622,06B,L,gaba,-1,rm,rh|rm,27.0,35.0,0.0,360,0.075,0.0,27.0,0.0,rm->rh,ipsilateral
IN11B017_a,810875,11B,R,gaba,-1,rh,lh,27.0,27.0,0.0,283,0.095,27.0,0.0,0.0,rh->lh,contralateral
IN09A048,813456,09A,L,gaba,-1,lm,lm|lh,27.0,62.0,0.0,204,0.132,0.0,27.0,0.0,lm->lh lm->lf,ipsilateral
IN03B086_e,814038,03B,L,gaba,-1,lh,rm|lf,27.0,27.0,0.0,384,0.07,0.0,8.0,19.0,lh->rm lh->lf,both
IN07B098,814119,07B,R,acetylcholine,1,rh,lh,27.0,27.0,0.0,322,0.084,27.0,0.0,0.0,rh->lh,contralateral
IN19A093,815745,19A,L,gaba,-1,lh,rh,27.0,27.0,0.0,78,0.346,24.8,0.0,2.2,lh->rh,contralateral
IN20A.22A092,815835,20A/22A,L,acetylcholine,1,lf,lf,27.0,153.0,0.0,212,0.127,0.0,19.0,8.0,lf->lm lf->rh,ipsilateral
IN20A.22A090,816718,20A/22A,L,acetylcholine,1,lh,lh,27.0,243.0,0.0,440,0.061,16.0,11.0,0.0,lh->rh lh->lm,both
IN09B054,817584,09B,R,glutamate,-1,lf,lm|rm,27.0,27.0,0.0,69,0.391,0.0,15.0,12.0,lf->lm lf->rm,both
IN21A037,902736,21A,L,glutamate,-1,lm,lm,27.0,424.0,220.0,538,0.05,0.0,27.0,0.0,lm->lh,ipsilateral
IN13B080,904167,13B,L,gaba,-1,rh,rh,27.0,346.0,125.0,386,0.07,27.0,0.0,0.0,rh->lh,contralateral
IN23B040,905782,23B,L,acetylcholine,1,lf,lf|lm,27.0,62.0,0.0,502,0.054,0.0,22.0,5.0,lf->lm lf->rm,ipsilateral
IN01B012,905813,01B,R,gaba,-1,rh,rh,27.0,875.0,0.0,2414,0.011,0.0,0.0,27.0,rh->lf,both
IN20A.22A049,907395,20A/22A,R,acetylcholine,1,rf,rf,27.0,292.0,15.0,374,0.072,14.0,13.0,0.0,rf->lf rf->rm,both
IN11A032_a,911145,11A,L,acetylcholine,1,lm|lh|lf,rm|lm,27.0,33.0,0.0,188,0.144,13.8,4.0,9.2,lm->rm lh->rm lf->rm,both
IN13B080,804897,13B,R,gaba,-1,lm,lm,26.9,417.0,184.0,487,0.055,0.0,26.9,0.0,lf->lm lm->lh,ipsilateral
IN06B066,805188,06B,L,gaba,-1,rh|rm,rh|rm,26.9,58.0,0.0,400,0.067,0.0,26.9,0.0,rh->rm rm->rh,ipsilateral
IN01B032,808061,01B,R,gaba,-1,rm,rm,26.9,175.0,0.0,587,0.046,0.0,1.1,25.8,rm->lh lf->rm,both
IN21A041,912020,21A,L,glutamate,-1,lm|lh,lh,26.9,43.0,37.0,43,0.625,0.0,20.9,6.0,lm->lh rm->lh,ipsilateral
IN00A031,801010,00A,M,gaba,-1,lh|lm|lf,lm|rf|lf|rm,26.8,33.0,0.0,1436,0.019,3.3,13.8,9.7,lh->lm lh->rf lh->rm,both
IN06A009,802765,06A,R,gaba,-1,lh|lf|rf,lh,26.8,46.0,6.0,1337,0.02,3.9,9.7,13.2,lf->lh rf->lh rm->lh,both
IN20A.22A039,805019,20A/22A,R,acetylcholine,1,rm,rm,26.8,302.0,49.0,314,0.085,0.3,19.8,6.7,rf->rm rm->rf rm->lf,ipsilateral
AN19B046,805673,-,R,acetylcholine,1,lh|lm,lh,26.8,54.0,0.0,820,0.033,4.7,13.3,8.7,lm->lh rm->lh lh->rh,both
IN13B044,808277,13B,L,gaba,-1,rh,rh,26.8,272.0,0.0,600,0.045,26.8,0.0,0.0,lh->rh,contralateral
IN12B079_d,809989,12B,L,gaba,-1,rm|rh,rm,26.8,59.0,0.0,490,0.055,0.0,26.8,0.0,rh->rm,ipsilateral
IN03B055,811309,03B,L,gaba,-1,lh|rm,rm|lm|rh,26.8,31.0,0.0,597,0.045,5.2,5.8,15.8,lh->rm lh->lm lh->rh,both
IN13B085,802569,13B,L,gaba,-1,rh,rh,26.7,132.0,0.0,256,0.104,14.5,10.7,1.5,rh->lh rm->rh,both
vMS12_c,804850,-,R,acetylcholine,1,rh,rm|lm|rh,26.7,34.0,0.0,1513,0.018,0.7,19.1,6.8,rh->rm rh->lm,ipsilateral
IN23B061,902839,23B,R,acetylcholine,1,rm,rm|rh|lh,26.7,48.0,0.0,293,0.091,2.7,14.3,9.7,rm->rh rm->lh rh->rm,both
INXXX416,907500,XXX (unassigned),R,unclear,0,rm|rh|lm,rh,26.7,40.0,0.0,267,0.1,5.1,15.4,6.2,rm->rh lm->rh lh->rh,both
IN17A044,804964,17A,L,acetylcholine,1,lf,lf,26.6,528.0,156.0,602,0.044,20.8,5.6,0.2,lf->rf lh->lf,contralateral
IN06B066,806869,06B,R,gaba,-1,lh|rm|lm,lh|rh,26.6,33.0,0.0,1098,0.024,5.3,10.6,10.8,rm->lh rm->rh lh->rh,both
IN08A046,814735,08A,R,glutamate,-1,rf|rm,rf,26.6,133.0,75.0,140,0.19,0.0,26.6,0.0,rm->rf rh->rf,ipsilateral
IN03A053,801471,03A,R,acetylcholine,1,rh,rh,26.5,486.0,258.0,502,0.053,6.7,19.5,0.3,rm->rh rh->lh,ipsilateral
IN14A011,803657,14A,L,glutamate,-1,rf,rf,26.5,324.0,27.0,526,0.05,4.9,21.5,0.1,rf->rm rh->rf rf->lf,ipsilateral
IN20A.22A016,805484,20A/22A,L,acetylcholine,1,lf,lf,26.5,306.0,16.0,394,0.067,0.0,26.5,0.0,lm->lf lf->lm,ipsilateral
IN20A.22A039,807155,20A/22A,R,acetylcholine,1,rh,rh,26.5,395.0,47.0,456,0.058,5.7,20.5,0.3,rm->rh rh->lh,ipsilateral
IN06A109,808578,06A,R,gaba,-1,rh|rm,rh,26.5,54.0,0.0,896,0.03,7.0,12.5,7.0,rm->rh rh->lm rh->lh,both
IN12B047,801180,12B,L,gaba,-1,rf|lf,rf|lf,26.4,96.0,0.0,151,0.175,26.4,0.0,0.0,rf->lf lf->rf,contralateral
IN06B073,804907,06B,L,gaba,-1,lh|lf|rh,rh|lh,26.4,37.0,0.0,1765,0.015,19.3,1.9,5.2,lh->rh lf->rh,contralateral
IN12B020,805195,12B,R,gaba,-1,lf,lf,26.4,583.0,49.0,675,0.039,0.0,17.4,9.0,lm->lf lf->rh lf->lm,both
IN20A.22A047,806977,20A/22A,R,acetylcholine,1,rh,rh,26.4,525.0,32.0,548,0.048,0.0,26.4,0.0,rh->rm rm->rh,ipsilateral
IN12B052,807614,12B,R,gaba,-1,lm,lm,26.4,263.0,6.0,620,0.043,0.0,26.4,0.0,lm->lh lf->lm lm->lf,ipsilateral
IN21A047_d,811473,21A,L,glutamate,-1,lm,lm,26.4,276.0,24.0,283,0.093,0.0,26.4,0.0,lf->lm,ipsilateral
IN03A051,813931,03A,L,acetylcholine,1,lf,lf,26.4,346.0,207.0,391,0.068,26.4,0.0,0.0,rf->lf lf->rf,contralateral
IN16B090,940079,16B,R,glutamate,-1,rm,rm,26.4,246.0,45.0,261,0.101,0.0,18.4,8.0,rf->rm rm->lh rm->rh,both
IN02A010,801705,02A,R,glutamate,-1,rh,rh,26.3,105.0,0.0,2416,0.011,5.9,19.2,1.2,rm->rh rh->lh rf->rh,ipsilateral
INXXX284,805390,XXX (unassigned),L,gaba,-1,lh,lh,26.3,553.0,342.0,737,0.036,12.7,13.3,0.3,lm->lh lh->rh,both
IN11A021,807017,11A,L,acetylcholine,1,lh|lm|lf,lm,26.3,36.0,0.0,730,0.036,1.2,25.2,0.0,lh->lm lf->lm,ipsilateral
IN03A065,810632,03A,R,acetylcholine,1,rf,rf,26.3,186.0,55.0,207,0.127,7.2,18.3,0.8,rh->rf rf->lf,both
vPR9_c,803619,-,M,gaba,-1,lh,lm|rm|rh,26.2,27.0,0.0,1719,0.015,5.2,10.9,10.1,lh->lm lh->rm lh->rh,both
IN06B036,805676,06B,R,gaba,-1,lh,lh|rm|lm,26.2,38.0,0.0,1098,0.024,6.4,9.6,10.2,lh->rm lh->lm lh->rh,both
IN03B053,806393,03B,R,gaba,-1,rh,rh,26.2,99.0,0.0,826,0.032,21.2,4.4,0.6,rh->lh lh->rh rh->rm,contralateral
IN09A028,807016,09A,L,gaba,-1,lh,lh|lm,26.2,105.0,6.0,495,0.053,1.2,15.9,9.1,lh->lm lh->rf,both
IN21A058,809071,21A,R,glutamate,-1,rm,rm,26.2,259.0,0.0,386,0.068,13.3,12.2,0.7,rm->lm rf->rm,both
IN04B070,809961,04B,R,acetylcholine,1,rf,rf,26.2,133.0,23.0,160,0.164,0.0,26.2,0.0,rh->rf rm->rf,ipsilateral
IN04B071,801834,04B,R,acetylcholine,1,rm,rm,26.1,268.0,120.0,298,0.088,0.0,26.1,0.0,rh->rm,ipsilateral
IN14A021,803676,14A,R,glutamate,-1,lf,lf,26.1,382.0,0.0,490,0.053,16.1,0.4,9.6,rf->lf lf->rh,both
IN03A047,805880,03A,L,acetylcholine,1,lm,lm,26.1,697.0,498.0,737,0.035,0.0,26.1,0.0,lh->lm lf->lm,ipsilateral
IN01B056,816535,01B,R,gaba,-1,rh,rh,26.1,257.0,24.0,570,0.046,26.1,0.0,0.0,lh->rh rh->lh,contralateral
IN14A004,801040,14A,R,glutamate,-1,lh,lh,26.0,1981.0,226.0,2262,0.011,19.9,6.0,0.1,lh->rh lf->lh,contralateral
IN23B022,801603,23B,L,acetylcholine,1,lf,lf,26.0,285.0,0.0,1071,0.024,0.0,19.0,7.0,lf->lm lf->rm lf->lh,ipsilateral
IN20A.22A013,801840,20A/22A,L,acetylcholine,1,lf,lf,26.0,586.0,110.0,709,0.037,26.0,0.0,0.0,lf->rf,contralateral
IN13A029,801987,13A,R,gaba,-1,rh,rh,26.0,415.0,0.0,629,0.041,26.0,0.0,0.0,rh->lh,contralateral
IN03A033,802246,03A,R,acetylcholine,1,rm,rm,26.0,774.0,360.0,808,0.032,0.0,26.0,0.0,rm->rh,ipsilateral
IN16B042,803098,16B,L,glutamate,-1,lf,lf,26.0,578.0,12.0,1114,0.023,7.0,0.0,19.0,lf->rh lf->rm lf->rf,both
IN00A045,803734,00A,M,gaba,-1,rm|rh|lm,lm|rm|rf,26.0,34.0,0.0,1562,0.017,11.2,7.9,7.0,rm->lm rh->lm rm->rf,both
IN03A068,805125,03A,L,acetylcholine,1,lh,lh,26.0,716.0,181.0,791,0.033,26.0,0.0,0.0,lh->rh,contralateral
IN00A049,805863,00A,M,gaba,-1,lm|rm,lm|rm,26.0,47.0,0.0,902,0.029,20.9,2.5,2.6,rm->lm lm->rm,contralateral
IN03A089,806319,03A,R,acetylcholine,1,rh,rh,26.0,738.0,0.0,965,0.027,26.0,0.0,0.0,rh->lh,contralateral
IN23B041,806658,23B,L,acetylcholine,1,lf,lf|rf,26.0,77.0,0.0,350,0.074,26.0,0.0,0.0,lf->rf,contralateral
IN06B080,806954,06B,R,gaba,-1,rh,lh|lm,26.0,26.0,0.0,607,0.043,21.0,0.0,5.0,rh->lh rh->lm,contralateral
IN16B075_f,807112,16B,R,glutamate,-1,rm,rm,26.0,630.0,104.0,700,0.037,0.0,6.0,20.0,rm->lh rm->rh,both
"IN20A.22A061,IN20A.22A068",807135,20A/22A,L,acetylcholine,1,lm,lm,26.0,693.0,44.0,917,0.028,0.0,26.0,0.0,lm->lh lm->lf,ipsilateral
IN09B044,807393,09B,L,glutamate,-1,lf,lf|rm|rf,26.0,44.0,0.0,537,0.048,10.0,0.0,16.0,lf->rm lf->rf,both
IN20A.22A038,808154,20A/22A,L,acetylcholine,1,lf,lf,26.0,436.0,258.0,460,0.057,7.0,0.0,19.0,lf->rh lf->rf,both
IN14A044,808722,14A,L,glutamate,-1,rm,rm,26.0,497.0,0.0,625,0.042,26.0,0.0,0.0,rm->lm,contralateral
IN17A075,808988,17A,R,acetylcholine,1,rf|rh|lm,rh,26.0,38.0,0.0,452,0.058,0.0,16.0,10.0,rf->rh lm->rh,both
IN20A.22A081,809654,20A/22A,R,acetylcholine,1,rh,rh,26.0,230.0,21.0,451,0.058,13.0,13.0,0.0,rh->rm rh->lh,both
IN16B087,810511,16B,R,glutamate,-1,rh,lf,26.0,26.0,0.0,292,0.089,0.0,0.0,26.0,rh->lf,both
IN11B017_a,811405,11B,L,gaba,-1,lh|lm,rh,26.0,26.0,0.0,304,0.086,20.8,0.0,5.2,lh->rh lm->rh,contralateral
IN20A.22A073,811568,20A/22A,L,acetylcholine,1,lh,lh,26.0,304.0,13.0,313,0.083,5.0,21.0,0.0,lh->lm lh->rh,ipsilateral
INXXX316,811579,XXX (unassigned),L,gaba,-1,lh,rh|lh,26.0,50.0,0.0,1639,0.016,26.0,0.0,0.0,lh->rh,contralateral
IN04B086,812448,04B,R,acetylcholine,1,rf,rf,26.0,143.0,90.0,168,0.155,0.0,26.0,0.0,rf->rm rf->rh,ipsilateral
IN01B095,812472,01B,R,gaba,-1,rh,rh|lm,26.0,107.0,0.0,488,0.053,0.0,0.0,26.0,rh->lm,both
IN07B090,812900,07B,R,acetylcholine,1,rh,rh|lh,26.0,59.0,52.0,224,0.116,19.0,7.0,0.0,rh->lh rh->rf,contralateral
IN04B112,812906,04B,R,acetylcholine,1,rf,rm|rf,26.0,49.0,0.0,220,0.118,0.0,26.0,0.0,rf->rm,ipsilateral
IN09A048,816263,09A,R,gaba,-1,rm,rh|rm,26.0,46.0,0.0,133,0.195,0.0,26.0,0.0,rm->rh rm->rf,ipsilateral
IN20A.22A018,818943,20A/22A,L,acetylcholine,1,lf,lf,26.0,237.0,169.0,242,0.107,7.0,7.0,12.0,lf->rh lf->rf lf->lm,both
IN16B075_c,904737,16B,L,glutamate,-1,lm,lm,26.0,463.0,29.0,511,0.051,0.0,26.0,0.0,lm->lh lm->lf,ipsilateral
IN23B013,909211,23B,R,acetylcholine,1,rf,rf|rm,26.0,85.0,0.0,591,0.044,0.0,18.0,8.0,rf->rm rf->lm,both
IN04B097,909711,04B,R,acetylcholine,1,rf,rf,26.0,130.0,36.0,140,0.186,0.0,26.0,0.0,rh->rf rm->rf,ipsilateral
IN06A071,910103,06A,R,gaba,-1,rm|rh,lh,26.0,26.0,0.0,524,0.05,10.8,0.0,15.2,rm->lh rh->lh,both
IN20A.22A012,912504,20A/22A,R,acetylcholine,1,rf,rf,26.0,114.0,15.0,149,0.174,14.0,12.0,0.0,rf->lf rf->rh,both
IN12B049,935565,12B,R,gaba,-1,lf,lf,26.0,160.0,21.0,282,0.092,0.0,12.0,14.0,lf->rh lf->lm,both
IN06B066,940582,06B,R,gaba,-1,lh|rm|lm,lh|rh|lm,26.0,33.0,0.0,680,0.038,7.4,10.4,8.2,lh->rh rm->lh rm->rh,both
INXXX466,801728,XXX (unassigned),L,acetylcholine,1,lm,lm,25.9,4865.0,585.0,5325,0.005,0.0,25.9,0.0,lf->lm lm->lf,ipsilateral
INXXX179,802312,XXX (unassigned),R,acetylcholine,1,rh,lh|rh,25.9,36.0,0.0,2879,0.009,20.8,1.4,3.7,rh->lh rm->lh,contralateral
IN04B092,802358,04B,R,acetylcholine,1,rf,rf,25.9,299.0,161.0,299,0.087,0.0,25.9,0.0,rh->rf,ipsilateral
IN17B017,803771,17B,R,gaba,-1,rh,rh|rm,25.9,96.0,6.0,1647,0.016,6.9,18.9,0.1,rh->rm rh->lh,ipsilateral
IN20A.22A043,808515,20A/22A,L,acetylcholine,1,lm,lm,25.9,447.0,271.0,468,0.055,0.0,25.9,0.0,lm->lf lm->lh lf->lm,ipsilateral
IN01A077,809821,01A,R,acetylcholine,1,lm,lm,25.9,378.0,45.0,422,0.061,0.0,25.9,0.0,lf->lm lm->lf,ipsilateral
IN19B089,811031,19B,L,acetylcholine,1,lh|rh,rh,25.9,34.0,0.0,339,0.077,21.9,0.0,4.0,lh->rh lm->rh,contralateral
IN12B066_b,814532,12B,L,gaba,-1,rf|lf,rf,25.9,60.0,0.0,174,0.149,17.8,0.0,8.1,lf->rf lm->rf,both
IN19B091,911760,19B,L,acetylcholine,1,lh,rh,25.9,27.0,0.0,359,0.072,24.7,0.0,1.3,lh->rh,contralateral
INXXX201,802322,XXX (unassigned),R,acetylcholine,1,lh,lh,25.8,187.0,0.0,1782,0.014,16.8,0.8,8.2,rh->lh lh->rm,both
IN03A026_a,803802,03A,R,acetylcholine,1,rh,rh,25.8,909.0,545.0,944,0.027,25.8,0.0,0.0,rh->lh lh->rh,contralateral
IN19B091,809531,19B,L,acetylcholine,1,lh|lm,rh|lh,25.8,31.0,0.0,394,0.066,17.7,1.8,6.3,lh->rh lm->rh,both
IN20A.22A046,811007,20A/22A,R,acetylcholine,1,rm,rm,25.8,249.0,165.0,258,0.1,0.0,25.8,0.0,rh->rm rf->rm,ipsilateral
IN20A.22A008,902480,20A/22A,L,acetylcholine,1,lf,lf,25.8,474.0,281.0,489,0.053,0.0,25.8,0.0,lm->lf,ipsilateral
IN02A059,908958,02A,L,glutamate,-1,rh|lh,lh|lm,25.8,32.0,0.0,550,0.047,20.8,1.1,3.9,rh->lh rh->lm,contralateral
INXXX253,801566,XXX (unassigned),L,gaba,-1,rh|lh,rh,25.7,62.0,0.0,1045,0.025,25.7,0.0,0.0,lh->rh,contralateral
INXXX053,837101,XXX (unassigned),L,gaba,-1,lh,lh,25.7,426.0,109.0,426,0.06,9.5,16.2,0.0,rh->lh lf->lh lm->lh,both
IN06A066,804593,06A,R,gaba,-1,rh|rm,rh,25.6,94.0,0.0,1548,0.017,10.8,13.7,1.1,rm->rh rh->lh lh->rh,both
IN12B030,809577,12B,L,gaba,-1,rm,rm,25.6,309.0,128.0,472,0.054,0.0,10.4,15.2,lf->rm rh->rm rm->rh,both
IN04B069,806241,04B,L,acetylcholine,1,lf,lf,25.5,485.0,235.0,574,0.044,0.0,0.0,25.5,rh->lf,both
IN06A117,905174,06A,L,gaba,-1,lh,lh,25.5,140.0,0.0,679,0.038,25.5,0.0,0.0,lh->rh rh->lh,contralateral
IN04B099,808421,04B,R,acetylcholine,1,rm,rm,25.3,383.0,60.0,439,0.058,0.0,25.3,0.0,rm->rh rh->rm,ipsilateral
IN08A032,808698,08A,L,glutamate,-1,lm,lm,25.3,570.0,428.0,570,0.044,0.0,25.3,0.0,lh->lm,ipsilateral
IN13B035,904081,13B,L,gaba,-1,rh,rh,25.3,597.0,0.0,699,0.036,25.3,0.0,0.0,lh->rh,contralateral
IN13A068,906718,13A,L,gaba,-1,lh,lh,25.3,383.0,305.0,389,0.065,0.0,25.3,0.0,lm->lh,ipsilateral
INXXX261,803389,XXX (unassigned),R,glutamate,-1,rh|rm,lh,25.2,28.0,0.0,1773,0.014,14.7,2.8,7.6,rh->lh rm->lh lm->lh,both
IN12B079_b,814239,12B,L,gaba,-1,rh|rm,rh|rm,25.2,67.0,0.0,701,0.036,0.0,25.2,0.0,rh->rm rm->rh,ipsilateral
IN08A036,815946,08A,R,glutamate,-1,rf,rf,25.2,162.0,46.0,177,0.143,14.7,10.5,0.0,lf->rf rh->rf,both
IN20A.22A067,909230,20A/22A,R,acetylcholine,1,rm,rm,25.2,327.0,32.0,393,0.064,0.0,0.0,25.2,lf->rm,both
IN11A004,804613,11A,R,acetylcholine,1,rf|rm,rf|rm,25.1,53.0,0.0,1219,0.021,0.0,25.1,0.0,rm->rf rf->rm,ipsilateral
IN04B025,805520,04B,R,acetylcholine,1,rm,rm,25.1,331.0,26.0,485,0.052,0.4,16.1,8.5,rh->rm rm->lh,both
IN13B094,815231,13B,L,gaba,-1,rm,rm,25.1,137.0,36.0,137,0.184,0.0,25.1,0.0,rm->rf rm->rh rh->rm,ipsilateral
IN20A.22A009,902284,20A/22A,L,acetylcholine,1,lf,lf,25.1,329.0,154.0,339,0.074,0.0,22.6,2.5,lh->lf lm->lf lf->lm,ipsilateral
IN20A.22A051,903699,20A/22A,R,acetylcholine,1,rh,rh,25.1,452.0,301.0,461,0.054,0.0,15.9,9.2,rm->rh lf->rh rh->rm,both
IN23B037,802194,23B,L,acetylcholine,1,lh,lh,25.0,391.0,0.0,1410,0.018,0.0,25.0,0.0,lh->lm,ipsilateral
IN06B076,802364,06B,R,gaba,-1,lm,rh,25.0,25.0,0.0,407,0.061,0.0,0.0,25.0,lm->rh,both
IN13B013,802963,13B,L,gaba,-1,rf,rf,25.0,440.0,0.0,1443,0.017,0.0,18.0,7.0,rf->rm rf->lh,ipsilateral
IN23B017,803021,23B,L,acetylcholine,1,lh,lh,25.0,220.0,0.0,1521,0.016,0.0,13.0,12.0,lh->lm lh->rm,both
IN14A078,803071,14A,R,glutamate,-1,lm,lm,25.0,464.0,10.0,974,0.026,16.0,9.0,0.0,lm->rm lm->lh,both
IN04B011,803087,04B,R,acetylcholine,1,rm,rm,25.0,875.0,196.0,1026,0.024,0.0,15.0,10.0,rm->rh rm->lh,both
IN23B067_e,803312,23B,L,acetylcholine,1,lm,lm|rm,25.0,155.0,0.0,777,0.032,25.0,0.0,0.0,lm->rm,contralateral
IN02A044,803921,02A,L,glutamate,-1,lf|lm,rh|lh,25.0,25.0,0.0,816,0.031,0.0,12.0,13.0,lf->rh lf->lh lm->rh,both
IN01B067,805252,01B,L,gaba,-1,lm,lm,25.0,276.0,0.0,607,0.041,0.0,25.0,0.0,lm->lf lm->lh,ipsilateral
IN06B079,805299,06B,R,gaba,-1,lh,rm|rh,25.0,25.0,0.0,464,0.054,11.0,0.0,14.0,lh->rm lh->rh,both
IN17A085,805401,17A,L,acetylcholine,1,rh,rh|lm,25.0,68.0,0.0,692,0.036,0.0,0.0,25.0,rh->lm,both
IN04B085,806220,04B,R,acetylcholine,1,rf,rf,25.0,321.0,178.0,440,0.057,5.0,7.0,13.0,rf->lh rf->rh rf->lf,both
IN07B054,806662,07B,L,acetylcholine,1,lm,rm|lf|lm,25.0,30.0,0.0,634,0.039,20.0,5.0,0.0,lm->rm lm->lf,contralateral
"IN20A.22A061,IN20A.22A066",807058,20A/22A,L,acetylcholine,1,lh,lh,25.0,388.0,87.0,566,0.044,0.0,25.0,0.0,lh->lm,ipsilateral
IN09B044,807441,09B,R,glutamate,-1,rm,rm|lh|lm,25.0,47.0,0.0,636,0.039,9.0,6.0,10.0,rm->lh rm->lm rm->rh,both
IN19B058,808986,19B,L,acetylcholine,1,lh|rm,rh,25.0,25.0,0.0,614,0.041,18.1,6.9,0.0,lh->rh rm->rh,contralateral
IN16B097,809077,16B,L,glutamate,-1,lh,lh,25.0,415.0,57.0,437,0.057,20.0,5.0,0.0,lh->rh lh->lm,contralateral
"IN17A082,IN17A086",809138,17A,L,acetylcholine,1,lh,rh|rm,25.0,25.0,0.0,600,0.042,12.9,0.0,12.1,lh->rh lh->rm,both
IN12B074,809791,12B,L,gaba,-1,rm,rm,25.0,164.0,0.0,365,0.068,0.0,12.0,13.0,rm->lh rm->rh rm->rf,both
IN09A076,810033,09A,R,gaba,-1,rf,rf,25.0,182.0,0.0,200,0.125,0.0,25.0,0.0,rf->rm,ipsilateral
IN04B108,811072,04B,R,acetylcholine,1,rm,rm,25.0,314.0,87.0,359,0.07,0.0,25.0,0.0,rm->rf rm->rh,ipsilateral
IN20A.22A078,811103,20A/22A,L,acetylcholine,1,lm,lm,25.0,314.0,28.0,442,0.057,0.0,19.0,6.0,lm->lh lm->rh,ipsilateral
IN06A136,811832,06A,R,gaba,-1,lh,rh,25.0,25.0,0.0,451,0.055,25.0,0.0,0.0,lh->rh,contralateral
INXXX460,812932,XXX (unassigned),R,gaba,-1,lh,lm|lh|rh,25.0,37.0,0.0,335,0.075,7.0,18.0,0.0,lh->lm lh->rh,ipsilateral
INXXX448,813084,XXX (unassigned),L,gaba,-1,lh,lm|lh,25.0,33.0,0.0,304,0.082,0.0,25.0,0.0,lh->lm,ipsilateral
IN07B098,813561,07B,R,acetylcholine,1,rh,lh,25.0,25.0,0.0,258,0.097,25.0,0.0,0.0,rh->lh,contralateral
IN11B020,813821,11B,L,gaba,-1,lm,lh,25.0,25.0,0.0,551,0.045,0.0,25.0,0.0,lm->lh,ipsilateral
IN09A061,814850,09A,L,gaba,-1,lf,lf|lm,25.0,69.0,0.0,130,0.192,0.0,25.0,0.0,lf->lm,ipsilateral
IN20A.22A092,816621,20A/22A,R,acetylcholine,1,rm,rm|rf,25.0,120.0,0.0,163,0.153,0.0,25.0,0.0,rm->rf rm->rh,ipsilateral
IN13B018,902706,13B,L,gaba,-1,rf,rf,25.0,547.0,227.0,720,0.035,25.0,0.0,0.0,rf->lf,contralateral
IN03B055,903415,03B,L,gaba,-1,lh,rm|lm,25.0,25.0,0.0,533,0.047,0.0,5.0,20.0,lh->rm lh->lm,both
IN04B094,905119,04B,L,acetylcholine,1,lf,lf,25.0,526.0,220.0,626,0.04,8.0,17.0,0.0,lf->lm lf->rf,both
INXXX322,905613,XXX (unassigned),L,acetylcholine,1,lh,lh|rh,25.0,65.0,0.0,1477,0.017,25.0,0.0,0.0,lh->rh,contralateral
IN03A094,906197,03A,R,acetylcholine,1,rf,rf,25.0,137.0,7.0,205,0.122,15.0,10.0,0.0,rf->lf rf->rm,both
IN14A015,906698,14A,L,glutamate,-1,rf,rf,25.0,257.0,7.0,333,0.075,0.0,16.0,9.0,rf->rm rf->lh,both
IN12B027,906710,12B,L,gaba,-1,rm,rm,25.0,196.0,52.0,684,0.037,20.0,5.0,0.0,rm->lm rm->rf,contralateral
IN19B075,907276,19B,L,acetylcholine,1,rm,lh,25.0,25.0,0.0,640,0.039,0.0,0.0,25.0,rm->lh,both
IN23B030,907897,23B,L,acetylcholine,1,lh,lh,25.0,192.0,0.0,870,0.029,15.0,10.0,0.0,lh->rh lh->lf,both
IN11A032_c,908226,11A,L,acetylcholine,1,lm|lh,rm|lh,25.0,26.0,0.0,393,0.064,13.7,5.0,6.3,lm->rm lm->lh lh->rm,both
IN01B046_b,909314,01B,L,gaba,-1,lm,lm,25.0,299.0,0.0,904,0.028,0.0,25.0,0.0,lm->lh lm->lf,ipsilateral
IN01B007,909728,01B,L,gaba,-1,lf,lf|lm,25.0,112.0,0.0,1108,0.023,0.0,25.0,0.0,lf->lm,ipsilateral
IN09A031,936481,09A,L,gaba,-1,lh,lh,25.0,567.0,0.0,1738,0.014,0.0,25.0,0.0,lh->lf,ipsilateral
IN03A095,936661,03A,L,acetylcholine,1,lh,lh,25.0,307.0,0.0,397,0.063,17.0,8.0,0.0,lh->rh lh->lm,both
INXXX416,939644,XXX (unassigned),L,unclear,0,lm|lh,rh,25.0,25.0,0.0,291,0.086,9.4,0.0,15.6,lm->rh lh->rh,both
IN13B014,902344,13B,L,gaba,-1,rh,rh,24.9,1226.0,30.0,2380,0.01,3.3,12.6,9.0,rm->rh rh->lf lh->rh,both
IN19B067,904399,19B,R,acetylcholine,1,rh|lh|lm|rm,lm|lh|rh,24.9,34.0,0.0,871,0.029,9.0,7.9,8.0,rh->lm rh->lh lh->lm,both
IN13A053,909901,13A,R,gaba,-1,rh,rh,24.9,643.0,421.0,649,0.038,5.4,19.5,0.0,rm->rh lh->rh,ipsilateral
IN19B012,800837,19B,R,acetylcholine,1,lm,lm,24.8,4853.0,2229.0,5115,0.005,20.4,4.4,0.0,rm->lm lh->lm,contralateral
IN06A020,805096,06A,L,gaba,-1,lh|rm|lm,rm,24.8,38.0,0.0,1723,0.014,5.8,0.0,18.9,lh->rm lm->rm,both
IN04B092,808485,04B,L,acetylcholine,1,lf,lf,24.8,313.0,168.0,320,0.077,0.0,24.8,0.0,lm->lf lh->lf,ipsilateral
IN04B091,808559,04B,L,acetylcholine,1,lf,lf,24.8,172.0,135.0,309,0.08,5.6,18.8,0.4,lh->lf lf->lm lf->rf,ipsilateral
IN13A022,903701,13A,R,gaba,-1,rm,rm,24.8,356.0,42.0,672,0.037,16.6,7.8,0.4,rm->lm rh->rm,both
IN13B012,801258,13B,L,gaba,-1,rh,rh,24.7,678.0,176.0,753,0.033,15.2,9.4,0.1,lh->rh rm->rh rh->lh,both
IN19B056,802245,19B,L,acetylcholine,1,lh|rh|rm,rh|lh,24.7,38.0,21.0,527,0.047,13.9,6.0,4.7,lh->rh rm->rh,both
IN00A014,802908,00A,M,gaba,-1,rm|lm|lh,rm|lm,24.7,39.0,0.0,1787,0.014,13.8,4.7,6.1,lm->rm rm->lm lh->rm,both
"IN21A023,IN21A024",804454,21A,R,glutamate,-1,rm,rm,24.7,1202.0,0.0,1668,0.015,0.0,24.7,0.0,rh->rm rm->rh,ipsilateral
IN06A056,806153,06A,R,gaba,-1,rm|rh,rh|lh,24.7,32.0,0.0,896,0.028,3.3,14.7,6.7,rm->rh rm->lh rh->lh,both
IN04B073,809191,04B,R,acetylcholine,1,rf,rf,24.7,84.0,34.0,104,0.238,12.4,12.4,0.0,rh->rf lf->rf,both
IN12B078,811257,12B,L,gaba,-1,rm,rm,24.7,95.0,0.0,254,0.097,0.0,24.7,0.0,rh->rm rm->rh rm->rf,ipsilateral
IN06B042,801746,06B,L,gaba,-1,lh,rm|lf|lh,24.6,30.0,0.0,2150,0.011,1.0,7.8,15.8,lh->rm lh->lf,both
IN13A074,804241,13A,R,gaba,-1,rh,rh,24.6,367.0,176.0,378,0.065,4.9,4.9,14.7,lm->rh rm->rh lh->rh,both
vMS12_b,804524,-,R,acetylcholine,1,rh,rm|lm,24.6,26.0,0.0,1700,0.014,0.9,14.6,9.1,rh->rm rh->lm,both
IN13B022,805260,13B,L,gaba,-1,rf,rf,24.6,559.0,0.0,645,0.038,0.0,24.6,0.0,rm->rf,ipsilateral
IN20A.22A039,807208,20A/22A,L,acetylcholine,1,lm,lm,24.6,450.0,14.0,540,0.046,0.0,24.6,0.0,lh->lm lm->lh,ipsilateral
IN13A033,807298,13A,L,gaba,-1,lm,lm,24.6,496.0,112.0,501,0.049,18.6,5.8,0.2,rm->lm lm->lf,contralateral
IN05B093,818458,05B,R,gaba,-1,rh|lm,lh|rh,24.6,34.0,0.0,603,0.041,9.4,7.6,7.6,rh->lh lm->rh lm->lh,both
IN08B080,800393,08B,L,acetylcholine,1,lh|lm,lh|rh,24.5,41.0,0.0,722,0.034,7.2,14.3,3.0,lm->lh lf->lh rh->lh,both
IN05B017,803224,05B,R,gaba,-1,lm|lh|rh,rh|lm|lh|rm,24.5,33.0,0.0,986,0.025,8.4,6.7,9.4,lm->rh lh->rh,both
IN04B105,809233,04B,R,acetylcholine,1,rh,rh,24.5,337.0,65.0,393,0.062,0.0,17.5,7.0,rm->rh rh->rm rh->lf,ipsilateral
IN20A.22A069,814721,20A/22A,R,acetylcholine,1,rf|lf,rf,24.5,108.0,82.0,119,0.206,17.3,7.2,0.0,lf->rf rm->rf,contralateral
IN09B052_b,815264,09B,R,glutamate,-1,rf|rh|rm,lh|rh|lm,24.5,27.0,0.0,171,0.143,6.6,4.5,13.4,rf->lh rh->lh rm->lh,both
IN19A064,903973,19A,L,gaba,-1,lh,lh,24.5,281.0,19.0,385,0.064,0.0,24.5,0.0,lm->lh,ipsilateral
IN04B031,907557,04B,R,acetylcholine,1,rf,rf,24.5,408.0,262.0,414,0.059,24.5,0.0,0.0,lf->rf rf->lf,contralateral
vPR9_c,803360,-,M,gaba,-1,lh|rh,rm|lm,24.4,25.0,0.0,1991,0.012,0.4,9.9,14.1,lh->rm lh->lm rh->rm,both
IN04B099,803621,04B,L,acetylcholine,1,lm,lm,24.4,352.0,62.0,419,0.058,0.0,24.4,0.0,lh->lm,ipsilateral
IN08B068,805460,08B,R,acetylcholine,1,rh|rm,rf|rm|lh,24.3,28.0,0.0,1231,0.02,5.0,16.3,3.0,rh->rm rh->rf rh->lh,both
IN17A029,802917,17A,R,acetylcholine,1,rh,lh|rh,24.2,36.0,0.0,1843,0.013,17.8,2.5,3.9,rh->lh rm->lh,contralateral
INXXX390,805891,XXX (unassigned),L,gaba,-1,rh|lh,rh,24.2,71.0,0.0,648,0.037,24.2,0.0,0.0,lh->rh,contralateral
IN04B074,807196,04B,L,acetylcholine,1,lh,lh,24.2,432.0,289.0,464,0.052,4.0,20.2,0.0,lm->lh rh->lh,ipsilateral
IN11A002,803842,11A,L,acetylcholine,1,lh,lm,24.1,26.0,0.0,1305,0.018,1.9,19.7,2.5,lh->lm rh->lm,ipsilateral
"IN14A042,IN14A047",808562,14A,R,glutamate,-1,lh,lh,24.1,703.0,0.0,733,0.033,24.1,0.0,0.0,rh->lh,contralateral
IN23B009,800303,23B,L,acetylcholine,1,lh,lh,24.0,1109.0,0.0,5270,0.005,13.0,11.0,0.0,lh->rh lh->lm,both
IN03A051,802093,03A,R,acetylcholine,1,rf,rf,24.0,240.0,147.0,258,0.093,24.0,0.0,0.0,rf->lf,contralateral
IN21A049,803238,21A,L,glutamate,-1,lm,lm,24.0,655.0,215.0,816,0.029,0.0,10.9,13.1,rh->lm lf->lm,both
IN06A006,803315,06A,L,gaba,-1,lf|lm,rf|lh,24.0,24.0,7.0,1803,0.013,9.9,5.0,9.1,lf->rf lm->rf lf->lh,both
IN23B046,803655,23B,R,acetylcholine,1,rh,rh|lh,24.0,89.0,0.0,641,0.037,24.0,0.0,0.0,rh->lh,contralateral
"IN21A023,IN21A024",803691,21A,L,glutamate,-1,lh,lh,24.0,1379.0,0.0,2068,0.012,0.0,24.0,0.0,lh->lm,ipsilateral
IN07B098,805933,07B,R,acetylcholine,1,rh,lh|lm,24.0,24.0,0.0,358,0.067,14.0,0.0,10.0,rh->lh rh->lm,both
IN17A098,806349,17A,R,acetylcholine,1,rh,lh|rm,24.0,24.0,0.0,435,0.055,19.0,5.0,0.0,rh->lh rh->rm,contralateral
IN23B063,806592,23B,L,acetylcholine,1,lm,lm,24.0,173.0,0.0,713,0.034,7.0,17.0,0.0,lm->lf lm->lh lm->rm,ipsilateral
"IN17A080,IN17A083",806945,17A,L,acetylcholine,1,rh,lh,24.0,24.0,0.0,706,0.034,24.0,0.0,0.0,rh->lh,contralateral
IN03A069,807700,03A,L,acetylcholine,1,lf,lf,24.0,521.0,151.0,695,0.035,10.0,14.0,0.0,lf->lm lf->rf,both
IN16B106,807844,16B,R,glutamate,-1,rh,lh|rm,24.0,24.0,0.0,322,0.075,16.0,8.0,0.0,rh->lh rh->rm,both
IN20A.22A043,808650,20A/22A,R,acetylcholine,1,rm,rm,24.0,359.0,196.0,414,0.058,0.0,24.0,0.0,rm->rh rm->rf,ipsilateral
IN04B105,808721,04B,R,acetylcholine,1,rh,rh,24.0,337.0,79.0,385,0.062,8.0,8.0,8.0,rh->rm rh->lh rh->lf,both
"IN17A088,IN17A089",808801,17A,R,acetylcholine,1,rh,rh,24.0,74.0,12.0,226,0.106,7.0,6.0,11.0,rh->lm rh->lh rh->rm,both
IN20A.22A041,808832,20A/22A,R,acetylcholine,1,rh,rh,24.0,217.0,60.0,282,0.085,0.0,24.0,0.0,rh->rm,ipsilateral
IN00A067,809126,00A,M,gaba,-1,lm,lh|rm|rh,24.0,24.0,0.0,325,0.074,8.0,11.0,5.0,lm->lh lm->rm lm->rh,both
IN12B065,809173,12B,R,gaba,-1,lm,lf|rh,24.0,24.0,5.0,72,0.333,0.0,18.0,6.0,lm->lf lm->rh,ipsilateral
IN20A.22A071,809723,20A/22A,R,acetylcholine,1,rf,rf,24.0,181.0,13.0,379,0.063,0.0,24.0,0.0,rf->rh rf->rm,ipsilateral
IN12B059,809779,12B,L,gaba,-1,rh,rh,24.0,262.0,5.0,487,0.049,15.0,9.0,0.0,rh->lh rh->rm,both
IN12B059,810198,12B,R,gaba,-1,lm,lm,24.0,339.0,0.0,533,0.045,0.0,24.0,0.0,lm->lh lm->lf,ipsilateral
IN20A.22A045,810284,20A/22A,L,acetylcholine,1,lm,lm,24.0,321.0,149.0,341,0.07,0.0,24.0,0.0,lf->lm,ipsilateral
IN09A083,810607,09A,L,gaba,-1,lf,lf,24.0,198.0,12.0,315,0.076,0.0,0.0,24.0,lf->rh lf->rm,both
IN11B017_b,811196,11B,L,gaba,-1,lh,rh,24.0,24.0,0.0,344,0.07,24.0,0.0,0.0,lh->rh,contralateral
IN19B091,811302,19B,R,acetylcholine,1,rh,lm|lh,24.0,24.0,0.0,469,0.051,5.0,0.0,19.0,rh->lm rh->lh,both
IN19A100,812293,19A,R,gaba,-1,rh,rh,24.0,207.0,0.0,244,0.098,0.0,24.0,0.0,rh->rm,ipsilateral
IN11B017_a,812711,11B,R,gaba,-1,rh,lh|rm,24.0,24.0,0.0,267,0.09,19.0,5.0,0.0,rh->lh rh->rm,contralateral
IN16B051,813388,16B,R,glutamate,-1,rh,lh|rm,24.0,24.0,0.0,197,0.122,18.0,6.0,0.0,rh->lh rh->rm,contralateral
IN03A094,815781,03A,L,acetylcholine,1,lf,lf,24.0,164.0,32.0,180,0.133,10.0,14.0,0.0,lf->lm lf->rf,both
IN06B081,816608,06B,L,gaba,-1,lm,rh|rm,24.0,24.0,0.0,172,0.14,7.0,0.0,17.0,lm->rh lm->rm,both
IN09A014,820440,09A,R,gaba,-1,rf,rf,24.0,145.0,0.0,599,0.04,24.0,0.0,0.0,lf->rf rf->lf,contralateral
IN19A117,821591,19A,R,gaba,-1,lf|rm,rh|lh,24.0,24.0,19.0,24,1.0,0.0,11.6,12.4,lf->rh rm->rh lf->lh,both
IN23B035,902772,23B,L,acetylcholine,1,lm,lh|rh,24.0,24.0,0.0,610,0.039,0.0,16.0,8.0,lm->lh lm->rh,both
IN20A.22A070,905434,20A/22A,R,acetylcholine,1,rm,rm,24.0,178.0,0.0,544,0.044,0.0,24.0,0.0,rm->rh,ipsilateral
IN20A.22A067,905802,20A/22A,R,acetylcholine,1,rh,rh,24.0,278.0,30.0,288,0.083,0.0,24.0,0.0,rh->rm,ipsilateral
IN04B069,905820,04B,R,acetylcholine,1,rf,rf,24.0,167.0,54.0,226,0.106,0.0,5.0,19.0,rf->lh rf->rh,both
IN20A.22A035,907394,20A/22A,R,acetylcholine,1,rf,rf,24.0,325.0,64.0,325,0.074,13.0,11.0,0.0,rf->lf rf->rm,both
IN11B018,907446,11B,L,gaba,-1,lf|lh,rh|lh,24.0,26.0,0.0,1697,0.014,2.7,9.0,12.3,lf->rh lf->lh lh->rh,both
IN20A.22A018,907750,20A/22A,L,acetylcholine,1,lf,lf,24.0,382.0,294.0,382,0.063,14.0,0.0,10.0,lf->rf lf->rh,both
IN03A081,910148,03A,L,acetylcholine,1,lh,lh,24.0,464.0,286.0,528,0.045,17.0,7.0,0.0,lh->rh lh->lm,contralateral
IN01B016,910345,01B,L,gaba,-1,lh,lh,24.0,318.0,0.0,536,0.045,24.0,0.0,0.0,lh->rh,contralateral
IN03A053,805942,03A,L,acetylcholine,1,lh,lh,23.9,434.0,184.0,480,0.05,15.7,7.9,0.3,lh->rh lm->lh,both
IN06A106,806263,06A,L,gaba,-1,lh|rh,lh|rh,23.9,55.0,0.0,1247,0.019,21.0,1.9,1.0,lh->rh rh->lh,contralateral
GFC4,812297,-,R,acetylcholine,1,rf,rf,23.8,225.0,62.0,262,0.091,0.0,0.0,23.8,lm->rf,both
IN03A039,804236,03A,R,acetylcholine,1,rh,rh,23.7,701.0,190.0,718,0.033,5.9,17.7,0.1,rh->rm rm->rh rh->lh,ipsilateral
IN03A058,806392,03A,L,acetylcholine,1,lm,lm,23.7,635.0,371.0,666,0.036,2.7,21.0,0.0,lh->lm rm->lm,ipsilateral
INXXX396,812240,XXX (unassigned),L,gaba,-1,lh|rh,rh|lm,23.7,32.0,0.0,81,0.292,14.1,3.6,5.9,lh->rh lm->rh lh->lm,both
IN09A092,817259,09A,L,gaba,-1,lm|lf,lm,23.7,129.0,26.0,147,0.161,0.0,23.7,0.0,lf->lm,ipsilateral
IN21A012,801026,21A,L,acetylcholine,1,lf,lf,23.6,1376.0,946.0,1443,0.016,0.0,16.9,6.8,lh->lf rh->lf,ipsilateral
IN13A005,801433,13A,R,gaba,-1,rf,rf,23.6,1563.0,109.0,1773,0.013,6.9,16.6,0.1,rh->rf rf->lf,ipsilateral
IN04B076,807022,04B,R,acetylcholine,1,rh,rh,23.6,486.0,111.0,695,0.034,23.6,0.0,0.0,rh->lh lh->rh,contralateral
IN21A002,800371,21A,R,glutamate,-1,rf,rf,23.5,1285.0,303.0,1443,0.016,7.1,16.4,0.0,rm->rf lf->rf,both
IN16B018,803006,16B,R,gaba,-1,rf,rf,23.4,529.0,70.0,550,0.043,23.4,0.0,0.0,rf->lf lf->rf,contralateral
IN03A039,804563,03A,L,acetylcholine,1,lh,lh,23.4,492.0,60.0,507,0.046,5.9,17.4,0.1,lh->lm lh->rh lm->lh,ipsilateral
IN13B058,809312,13B,L,gaba,-1,rh,rh,23.4,348.0,0.0,501,0.047,23.4,0.0,0.0,lh->rh,contralateral
IN01A077,810981,01A,L,acetylcholine,1,rm,rm,23.4,290.0,27.0,346,0.068,0.0,23.4,0.0,rf->rm,ipsilateral
IN20A.22A049,902779,20A/22A,L,acetylcholine,1,lm,lm,23.4,394.0,96.0,415,0.056,0.0,23.4,0.0,lf->lm,ipsilateral
IN17A044,904764,17A,R,acetylcholine,1,rm,rm,23.4,1307.0,670.0,1456,0.016,0.0,16.6,6.8,rh->rm lh->rm rm->rf,ipsilateral
IN04B013,905080,04B,R,acetylcholine,1,rf,rf,23.4,458.0,179.0,528,0.044,23.4,0.0,0.0,rf->lf lf->rf,contralateral
IN12B092,908717,12B,R,gaba,-1,lf,lf,23.4,239.0,180.0,239,0.098,0.0,0.0,23.4,rh->lf,both
IN03A064,805905,03A,L,acetylcholine,1,lh,lh,23.3,584.0,266.0,589,0.039,7.8,15.3,0.2,lm->lh lh->rh,both
IN08A030,811115,08A,R,glutamate,-1,rf,rf,23.3,459.0,238.0,459,0.051,0.0,23.3,0.0,rm->rf rf->rm,ipsilateral
IN08A036,817916,08A,R,glutamate,-1,rf,rf,23.3,182.0,175.0,182,0.128,0.0,23.3,0.0,rh->rf,ipsilateral
IN23B023,903419,23B,R,acetylcholine,1,rm,rm,23.3,234.0,0.0,949,0.025,0.0,23.3,0.0,rm->rf rm->rh rh->rm,ipsilateral
IN21A087,816318,21A,R,glutamate,-1,rh|rm,rh,23.2,66.0,66.0,73,0.318,0.0,19.6,3.6,rm->rh lm->rh,ipsilateral
"IN14A042,IN14A047",903077,14A,L,glutamate,-1,rf,rf,23.2,241.0,0.0,311,0.075,0.0,23.2,0.0,rm->rf,ipsilateral
IN11A021,909198,11A,R,acetylcholine,1,rh|rm|rf,lm|rm,23.2,28.0,0.0,516,0.045,8.3,2.7,12.2,rh->lm rm->lm rf->lm,both
IN19A100,911661,19A,L,gaba,-1,lh|lf,lh,23.2,65.0,28.0,65,0.356,0.0,23.2,0.0,lf->lh lh->lm lm->lh,ipsilateral
IN20A.22A039,939911,20A/22A,R,acetylcholine,1,rf,rf,23.2,146.0,28.0,202,0.115,0.5,16.2,6.5,rh->rf rf->lh rm->rf,both
IN12B031,940661,12B,R,gaba,-1,lm,lm,23.2,304.0,41.0,1020,0.023,0.0,23.2,0.0,lm->lh lm->lf lh->lm,ipsilateral
IN06A024,800952,06A,R,gaba,-1,rm,rm|lh,23.0,49.0,0.0,1567,0.015,0.0,0.0,23.0,rm->lh,both
IN12A012,801125,12A,L,gaba,-1,lh,rm|rh|lm,23.0,25.0,0.0,1988,0.012,6.6,4.5,11.9,lh->rm lh->rh lh->lm,both
IN17A030,801920,17A,L,acetylcholine,1,lh,rh|lh|rm,23.0,30.0,0.0,1742,0.013,17.0,0.0,6.0,lh->rh lh->rm,contralateral
INXXX258,802294,XXX (unassigned),R,gaba,-1,lh,lh|rh,23.0,93.0,0.0,3564,0.006,17.0,6.0,0.0,lh->rh lh->lm,contralateral
IN18B026,803004,18B,R,acetylcholine,1,lh,lm|lh,23.0,35.0,0.0,2341,0.01,5.0,13.0,5.0,lh->lm lh->rm lh->rh,both
IN00A027,803463,00A,M,gaba,-1,lh,lh|rh,23.0,48.0,0.0,1456,0.016,23.0,0.0,0.0,lh->rh,contralateral
IN04B087,804141,04B,L,acetylcholine,1,lm,lm,23.0,725.0,144.0,1337,0.017,5.0,18.0,0.0,lm->lf lm->rm,ipsilateral
IN01B010,804187,01B,L,gaba,-1,lh,lh,23.0,1143.0,0.0,1218,0.019,0.0,23.0,0.0,lh->lm,ipsilateral
IN19B068,804451,19B,L,acetylcholine,1,rh,lh|rh,23.0,33.0,0.0,1798,0.013,23.0,0.0,0.0,rh->lh,contralateral
INXXX322,805118,XXX (unassigned),R,acetylcholine,1,rh,rh|lh,23.0,56.0,0.0,1425,0.016,23.0,0.0,0.0,rh->lh,contralateral
IN04B067,805259,04B,R,acetylcholine,1,rf,rf|rm,23.0,96.0,47.0,214,0.107,5.0,18.0,0.0,rf->rm rf->lf,ipsilateral
vMS12_d,805444,-,R,acetylcholine,1,rh,rm|lm,23.0,23.0,0.0,1280,0.018,0.0,12.0,11.0,rh->rm rh->lm,both
IN03A092,805613,03A,L,acetylcholine,1,lh,lh,23.0,475.0,7.0,742,0.031,0.0,23.0,0.0,lh->lm,ipsilateral
IN06A065,806537,06A,L,gaba,-1,lm|lh,lh|rh,23.0,32.0,0.0,682,0.034,1.7,15.7,5.6,lm->lh lm->rh rm->lh,both
IN03A046,806759,03A,L,acetylcholine,1,lf,lf,23.0,536.0,151.0,619,0.037,0.0,23.0,0.0,lf->lm,ipsilateral
IN09B047,807388,09B,L,glutamate,-1,rm|lf|lm,lh|rm|lf|lm,23.0,30.0,0.0,411,0.056,4.5,9.0,9.5,rm->lh lf->lh lf->rm,both
IN00A052,807668,00A,M,gaba,-1,lm|lf|rm,rm|lm,23.0,35.0,0.0,806,0.029,15.1,3.2,4.7,lm->rm lf->rm lf->lm,both
IN20A.22A048,807809,20A/22A,L,acetylcholine,1,lh,lh,23.0,280.0,0.0,385,0.06,14.0,9.0,0.0,lh->rh lh->lm,both
IN06B058,807921,06B,L,gaba,-1,rm,lh|lf,23.0,23.0,0.0,629,0.037,0.0,3.4,19.6,rm->lh rm->lf lm->lh,both
IN13B070,808669,13B,L,gaba,-1,rh,rh,23.0,515.0,12.0,622,0.037,5.0,18.0,0.0,rh->rm rh->lh,ipsilateral
IN07B075,808987,07B,L,acetylcholine,1,lh,lf,23.0,23.0,0.0,459,0.05,0.0,23.0,0.0,lh->lf,ipsilateral
IN16B080,809540,16B,R,glutamate,-1,rf,rf,23.0,371.0,37.0,392,0.059,18.0,5.0,0.0,rf->lf rf->rm,contralateral
IN20A.22A085,809567,20A/22A,L,acetylcholine,1,lm,lm,23.0,257.0,6.0,577,0.04,0.0,23.0,0.0,lm->lf lm->lh,ipsilateral
IN17A085,809709,17A,L,acetylcholine,1,rh,lm|rh,23.0,39.0,0.0,459,0.05,0.0,0.0,23.0,rh->lm,both
IN09A063,812093,09A,R,gaba,-1,rm,rm,23.0,428.0,0.0,538,0.043,0.0,23.0,0.0,rm->rh rm->rf,ipsilateral
IN07B099,818386,07B,L,acetylcholine,1,lh,rh,23.0,23.0,0.0,147,0.156,23.0,0.0,0.0,lh->rh,contralateral
IN01A088,820689,01A,L,acetylcholine,1,lf,rh|rm,23.0,23.0,0.0,169,0.136,0.0,0.0,23.0,lf->rh lf->rm,both
IN04B101,872508,04B,L,acetylcholine,1,lf,lf,23.0,257.0,111.0,257,0.089,17.0,6.0,0.0,lf->rf lf->lh,contralateral
IN12B056,906082,12B,L,gaba,-1,rh,rh,23.0,241.0,55.0,298,0.077,5.0,18.0,0.0,rh->rm rh->lh,ipsilateral
IN20A.22A038,906258,20A/22A,R,acetylcholine,1,rf,rf,23.0,281.0,205.0,288,0.08,14.0,0.0,9.0,rf->lf rf->lh,both
IN13B030,907619,13B,L,gaba,-1,rm,rm,23.0,430.0,6.0,928,0.025,0.1,17.0,5.9,rm->rh rh->rm rm->lh,ipsilateral
IN06A035,908236,06A,L,gaba,-1,lh|lm,rh,23.0,23.0,0.0,1504,0.015,17.4,1.5,4.2,lh->rh lm->rh,contralateral
IN06A087,910763,06A,L,gaba,-1,lm,lh|rh,23.0,23.0,0.0,544,0.042,0.0,17.0,6.0,lm->lh lm->rh,ipsilateral
IN01B047,935661,01B,R,gaba,-1,rf,rf,23.0,182.0,0.0,364,0.063,11.0,12.0,0.0,rf->lf rf->rm rf->rh,both
IN23B030,935899,23B,R,acetylcholine,1,rm,rm|lm,23.0,110.0,0.0,739,0.031,18.0,5.0,0.0,rm->lm rm->rh,contralateral
IN20A.22A049,940297,20A/22A,R,acetylcholine,1,rm,rm,23.0,432.0,5.0,550,0.042,0.0,16.0,7.0,rm->rf rm->lh,both
IN21A056,946242,21A,R,glutamate,-1,rf,rf,23.0,315.0,66.0,333,0.069,23.0,0.0,0.0,rf->lf,contralateral
IN13B022,946338,13B,L,gaba,-1,rf,rf,23.0,426.0,0.0,486,0.047,14.0,9.0,0.0,rf->lf rf->rm,both
IN19A015,802821,19A,L,gaba,-1,lh,lh,22.9,1118.0,129.0,1231,0.019,9.0,13.9,0.1,lh->lf lh->rh rh->lh,both
IN13B027,803929,13B,R,gaba,-1,lh,lh,22.9,925.0,0.0,1253,0.018,0.0,22.9,0.0,lm->lh lh->lm,ipsilateral
IN06A045,807033,06A,R,gaba,-1,lh|rm,lh,22.9,72.0,0.0,791,0.029,0.0,0.0,22.9,rm->lh lh->rm,both
IN10B030,807530,10B,L,acetylcholine,1,lh,lh|lm,22.9,53.0,0.0,454,0.05,5.9,9.9,7.1,lh->lm lh->rm lh->rh,both
IN07B074,813162,07B,L,acetylcholine,1,lm,lm|lh|lf,22.9,42.0,11.0,552,0.041,0.0,22.9,0.0,lm->lh lm->lf,ipsilateral
IN23B028,906410,23B,L,acetylcholine,1,lm,lm,22.9,439.0,0.0,1292,0.018,0.1,13.9,8.9,lm->lh lm->rh lh->lm,both
IN00A051,907647,00A,M,gaba,-1,rm|lh,lm|rm,22.9,26.0,0.0,512,0.045,13.0,5.9,4.0,rm->lm lh->lm rf->lm,both
IN21A036,803731,21A,R,glutamate,-1,rh,rh,22.8,445.0,218.0,509,0.045,0.0,16.0,6.8,rm->rh lm->rh,ipsilateral
IN20A.22A051,902421,20A/22A,R,acetylcholine,1,rh,rh,22.8,230.0,124.0,235,0.097,0.0,11.0,11.8,lf->rh rm->rh,both
IN00A063,903078,00A,M,gaba,-1,lm|rm,rm|lm,22.8,31.0,0.0,526,0.043,22.8,0.0,0.0,lm->rm,contralateral
IN13A035,906329,13A,R,gaba,-1,rf,rf,22.8,409.0,128.0,495,0.046,15.8,6.7,0.3,lf->rf rf->rm,both
INXXX363,934908,XXX (unassigned),L,gaba,-1,lh,lh|rh,22.8,52.0,0.0,1456,0.016,21.6,0.7,0.5,lh->rh rh->lh,contralateral
IN05B008,800342,05B,L,gaba,-1,lh|lf,rh|lm,22.7,23.0,0.0,3854,0.006,10.7,4.9,7.1,lh->rh lf->rh lh->lm,both
IN01A065,805333,01A,L,acetylcholine,1,rh|rm,rh,22.7,96.0,0.0,805,0.028,4.9,16.7,1.1,rm->rh rh->lh,ipsilateral
vMS12_c,805335,-,R,acetylcholine,1,rh,rm|rh|lm,22.7,32.0,0.0,1293,0.018,0.3,15.7,6.7,rh->rm rh->lm,both
IN03A047,905010,03A,R,acetylcholine,1,rm,rm,22.7,549.0,381.0,557,0.041,0.1,3.5,19.1,rm->lh lh->rm rh->rm,both
IN17A040,800790,17A,R,acetylcholine,1,rh|lh|lm,rh|lh,22.6,39.0,0.0,1314,0.017,14.2,3.1,5.3,lh->rh lm->rh rh->lh,both
IN03A026_a,803852,03A,L,acetylcholine,1,lh,lh,22.6,869.0,477.0,919,0.025,12.2,10.3,0.1,lm->lh lh->rh rh->lh,both
IN00A062,806876,00A,M,gaba,-1,rh|rm|lm|lh,rm|lf,22.6,29.0,0.0,473,0.048,5.7,8.8,8.0,rh->rm lm->rm lh->rm,both
IN04B081,810046,04B,L,acetylcholine,1,lf,lf,22.6,266.0,150.0,283,0.08,0.0,22.6,0.0,lm->lf,ipsilateral
IN10B038,933592,10B,R,acetylcholine,1,rm,rm,22.6,99.0,0.0,449,0.05,6.5,15.6,0.5,rm->rh rm->lm rh->rm,both
IN19A016,802562,19A,R,gaba,-1,rf,rf,22.5,839.0,621.0,847,0.027,0.0,22.5,0.0,rf->rm rh->rf,ipsilateral
INXXX290,804411,XXX (unassigned),L,unclear,0,lh|rh,rh|lh,22.5,44.0,0.0,1141,0.02,22.5,0.0,0.0,lh->rh rh->lh,contralateral
IN21A050,809622,21A,L,glutamate,-1,lm,lm,22.5,231.0,0.0,354,0.063,5.6,16.5,0.4,lf->lm lh->lm lm->rm,ipsilateral
IN12B065,813409,12B,R,gaba,-1,lf|lm,lf|rh,22.5,59.0,0.0,128,0.175,0.0,6.4,16.0,lf->rh lm->lf lm->rh,both
IN03A033,904247,03A,R,acetylcholine,1,rm,rm,22.5,674.0,234.0,738,0.03,0.0,22.5,0.0,rm->rh rh->rm,ipsilateral
IN05B011a,910810,05B,R,gaba,-1,lf|lm|lh,lm|rh|rm,22.5,27.0,0.0,5235,0.004,4.0,9.1,9.4,lf->lm lh->lm,both
IN12B084,800869,12B,R,gaba,-1,lm|lf,lf|rf,22.4,36.0,0.0,92,0.243,2.7,16.4,3.3,lm->lf lm->rf lf->rf,ipsilateral
vMS12_d,805207,-,R,acetylcholine,1,rh,rm|lm,22.4,23.0,0.0,1353,0.017,0.5,11.4,10.5,rh->rm rh->lm,both
IN12B086,807528,12B,L,gaba,-1,lh|lm|rf,rf|lm|rh,22.4,30.0,0.0,166,0.135,2.2,5.6,14.6,lh->rf lm->rf lh->lm,both
IN02A045,811950,02A,R,glutamate,-1,lh|rh|rm,rm|lf,22.4,27.0,0.0,409,0.055,0.0,9.1,13.3,lh->rm rh->rm lh->lf,both
IN04B102,806769,04B,R,acetylcholine,1,rm,rm,22.3,258.0,95.0,342,0.065,0.0,22.3,0.0,rh->rm rf->rm,ipsilateral
IN04B081,810059,04B,R,acetylcholine,1,rm,rm,22.3,349.0,170.0,358,0.062,0.0,22.3,0.0,rh->rm,ipsilateral
IN06B072,807207,06B,R,gaba,-1,rm|rf,lh|rf,22.2,23.0,0.0,568,0.039,0.5,7.3,14.4,rm->lh rm->rf rf->lh,both
IN05B011a,800320,05B,L,gaba,-1,rm|rh|rf,rm|rh|lm,22.1,29.0,0.0,5426,0.004,3.2,11.9,6.9,rh->rm rm->rh,both
IN00A042,803251,00A,M,gaba,-1,lh|lm,lf|rf|rm,22.1,23.0,0.0,823,0.027,2.9,10.3,8.9,lh->lf lh->rf lm->lf,both
IN03A083,811682,03A,R,acetylcholine,1,rh,rh,22.1,223.0,54.0,370,0.06,7.5,0.5,14.1,lm->rh rh->lh,both
IN13B012,800800,13B,R,gaba,-1,lh,lh,22.0,582.0,84.0,638,0.034,6.8,15.2,0.0,lm->lh rh->lh lf->lh,both
IN14A008,800987,14A,R,glutamate,-1,lh,lh,22.0,4190.0,567.0,5022,0.004,15.0,7.0,0.0,lh->rh lh->lm,both
IN23B033,802331,23B,L,acetylcholine,1,lh,lh,22.0,526.0,0.0,1631,0.013,0.0,22.0,0.0,lh->lm,ipsilateral
IN02A010,803450,02A,R,glutamate,-1,rh,rh|rm,22.0,61.0,0.0,1661,0.013,4.4,15.9,1.7,rh->rm lh->rh,ipsilateral
INXXX213,803595,XXX (unassigned),R,gaba,-1,rh,rh|lh,22.0,49.0,0.0,3456,0.006,22.0,0.0,0.0,rh->lh,contralateral
IN03A091,804160,03A,L,acetylcholine,1,lm,lm,22.0,451.0,188.0,588,0.037,0.0,22.0,0.0,lm->lh,ipsilateral
IN23B040,805323,23B,R,acetylcholine,1,rm,rm|rh,22.0,68.0,0.0,790,0.028,0.0,22.0,0.0,rm->rh,ipsilateral
INXXX268,806372,XXX (unassigned),L,gaba,-1,lh,rh,22.0,22.0,0.0,1006,0.022,22.0,0.0,0.0,lh->rh,contralateral
IN11A016,806544,11A,R,acetylcholine,1,rh,rm|lm,22.0,22.0,0.0,439,0.05,0.0,16.0,6.0,rh->rm rh->lm,ipsilateral
IN20A.22A024,806868,20A/22A,R,acetylcholine,1,rm,rm,22.0,724.0,119.0,852,0.026,0.0,22.0,0.0,rm->rf rm->rh,ipsilateral
IN20A.22A053,807214,20A/22A,L,acetylcholine,1,lm,lm,22.0,477.0,25.0,744,0.03,0.0,22.0,0.0,lm->lh lm->lf,ipsilateral
IN12B035,807710,12B,L,gaba,-1,lf,lf|rf,22.0,45.0,0.0,147,0.15,22.0,0.0,0.0,lf->rf,contralateral
IN06B072,808110,06B,L,gaba,-1,lm|lf,rm|lm|rf,22.0,26.0,0.0,594,0.037,10.1,2.9,9.0,lm->rm lf->rm lf->lm,both
IN20A.22A071,808374,20A/22A,R,acetylcholine,1,rf,rf,22.0,220.0,0.0,414,0.053,0.0,22.0,0.0,rf->rm rf->rh,ipsilateral
IN16B080,808397,16B,L,glutamate,-1,lf,lf,22.0,658.0,34.0,682,0.032,22.0,0.0,0.0,lf->rf,contralateral
IN20A.22A059,808979,20A/22A,L,acetylcholine,1,lh,lh|rh,22.0,131.0,0.0,441,0.05,22.0,0.0,0.0,lh->rh,contralateral
"IN04B113,IN04B114",810020,04B,L,acetylcholine,1,lh,lh,22.0,262.0,128.0,284,0.077,22.0,0.0,0.0,lh->rh,contralateral
IN23B068,810432,23B,L,acetylcholine,1,lh,lh,22.0,229.0,0.0,594,0.037,22.0,0.0,0.0,lh->rh,contralateral
IN21A054,811895,21A,R,glutamate,-1,rh,rh,22.0,283.0,0.0,385,0.057,5.0,5.0,12.0,rh->lf rh->rm rh->lm,both
IN09A058,812734,09A,R,gaba,-1,rh,rh|lh,22.0,41.0,0.0,427,0.052,16.0,6.0,0.0,rh->lh rh->rm,contralateral
IN20A.22A082,812961,20A/22A,R,acetylcholine,1,rf,rf|rh,22.0,41.0,0.0,156,0.141,5.0,17.0,0.0,rf->rh rf->lf,ipsilateral
IN09A048,815742,09A,R,gaba,-1,rf,rf|rm|lh,22.0,57.0,0.0,87,0.253,0.0,12.0,10.0,rf->rm rf->lh,both
IN09B052_a,815818,09B,L,glutamate,-1,rm,rh|lh,22.0,22.0,0.0,143,0.154,0.0,12.0,10.0,rm->rh rm->lh,both
IN21A102,815833,21A,R,glutamate,-1,rh,rm|rh|lh,22.0,32.0,0.0,86,0.256,6.0,16.0,0.0,rh->rm rh->lh,ipsilateral
IN20A.22A092,816315,20A/22A,L,acetylcholine,1,lm,lm,22.0,281.0,0.0,400,0.055,0.0,22.0,0.0,lm->lf lm->lh,ipsilateral
IN06A122,817561,06A,R,gaba,-1,rh,rm,22.0,22.0,0.0,294,0.075,0.0,22.0,0.0,rh->rm,ipsilateral
IN20A.22A092,818326,20A/22A,R,acetylcholine,1,rm,rm|rf,22.0,90.0,0.0,130,0.169,0.0,22.0,0.0,rm->rf rm->rh,ipsilateral
IN01B022,902342,01B,R,gaba,-1,rh,rh,22.0,331.0,0.0,1246,0.018,22.0,0.0,0.0,rh->lh,contralateral
IN21A047_e,902708,21A,R,glutamate,-1,rf,rf,22.0,347.0,33.0,397,0.055,0.0,0.0,22.0,rf->lh,both
IN13A029,904307,13A,L,gaba,-1,lh,lh,22.0,217.0,0.0,481,0.046,0.0,22.0,0.0,lh->lm,ipsilateral
IN03A070,906414,03A,R,acetylcholine,1,rh,rh,22.0,748.0,331.0,827,0.027,22.0,0.0,0.0,rh->lh,contralateral
IN20A.22A012,907197,20A/22A,L,acetylcholine,1,lf,lf,22.0,434.0,125.0,509,0.043,5.0,12.0,5.0,lf->lm lf->rh lf->rf,both
INXXX428,907444,XXX (unassigned),L,gaba,-1,lm,lh,22.0,22.0,0.0,549,0.04,0.0,22.0,0.0,lm->lh,ipsilateral
IN06A136,909874,06A,R,gaba,-1,rm,rh,22.0,22.0,0.0,367,0.06,0.0,22.0,0.0,rm->rh,ipsilateral
IN19B087,910339,19B,R,acetylcholine,1,rh,lh,22.0,22.0,0.0,510,0.043,22.0,0.0,0.0,rh->lh,contralateral
IN02A049,910784,02A,L,glutamate,-1,lh,rh|lm|rf,22.0,22.0,0.0,458,0.048,10.0,6.0,6.0,lh->rh lh->rf lh->lm,both
IN05B032,913441,05B,L,gaba,-1,lm|rm,lm|rh|lh,22.0,30.0,0.0,264,0.083,3.8,8.7,9.5,lm->rh rm->lm lm->lh,both
IN23B040,942571,23B,L,acetylcholine,1,lf,lf|lm,22.0,45.0,0.0,450,0.049,0.0,22.0,0.0,lf->lm,ipsilateral
IN01B020,942792,01B,L,gaba,-1,lf,lf,22.0,318.0,0.0,553,0.04,22.0,0.0,0.0,lf->rf,contralateral
IN20A.22A038,946426,20A/22A,R,acetylcholine,1,rf,rf,22.0,285.0,173.0,298,0.074,5.0,0.0,17.0,rf->lh rf->lf,both
IN20A.22A012,1051645871,20A/22A,L,acetylcholine,1,lf,lf,22.0,393.0,71.0,526,0.042,0.0,17.0,5.0,lf->lm lf->rh,ipsilateral
IN23B009,802187,23B,L,acetylcholine,1,lh,lh,21.9,98.0,0.0,1705,0.013,0.0,14.9,7.0,lh->lm lh->rm lf->lh,both
IN19B056,802769,19B,L,acetylcholine,1,lh|rh,rh,21.9,33.0,22.0,499,0.044,19.2,0.0,2.7,lh->rh lf->rh,contralateral
IN13B024,805499,13B,L,gaba,-1,rm,rm,21.9,927.0,0.0,964,0.023,0.0,15.9,6.0,rm->rf rm->lh rh->rm,ipsilateral
IN06A054,807493,06A,L,gaba,-1,lf|rf,lf|lm|rm,21.9,30.0,0.0,1013,0.022,5.0,9.9,7.0,rf->lf lf->lm lf->rm,both
IN06B066,810368,06B,L,gaba,-1,rm|rh,rh|rm,21.9,36.0,0.0,543,0.04,0.0,21.9,0.0,rm->rh,ipsilateral
IN16B104,811685,16B,R,glutamate,-1,rh|lh,lf|lh,21.9,23.0,0.0,342,0.064,3.9,3.9,14.1,rh->lf rh->lh lh->lf,both
IN13A032,905075,13A,L,gaba,-1,lm,lm,21.9,432.0,157.0,705,0.031,5.8,15.9,0.2,lf->lm lm->rm,ipsilateral
IN08A036,805699,08A,R,glutamate,-1,rf,rf,21.8,334.0,281.0,334,0.065,0.0,21.8,0.0,rh->rf,ipsilateral
IN20A.22A043,808660,20A/22A,R,acetylcholine,1,rm,rm,21.8,320.0,180.0,345,0.063,0.0,21.8,0.0,rm->rf rf->rm,ipsilateral
IN05B091,808797,05B,L,gaba,-1,rm|rh,rh|lh,21.8,30.0,0.0,657,0.033,5.5,9.8,6.5,rm->rh rm->lh rh->lh,both
IN17A078,812225,17A,R,acetylcholine,1,rm|rh,rh|rm,21.8,40.0,0.0,230,0.095,0.0,21.8,0.0,rm->rh rh->rm,ipsilateral
INXXX212,802403,XXX (unassigned),R,acetylcholine,1,rh|lh,lh|rh,21.7,36.0,23.0,2599,0.008,17.8,1.3,2.6,rh->lh lh->rh rm->lh,contralateral
IN17A042,803446,17A,R,acetylcholine,1,rh|lh,rh|lh,21.7,44.0,0.0,1232,0.018,21.7,0.0,0.0,rh->lh lh->rh,contralateral
IN23B065,804520,23B,L,acetylcholine,1,lm,lm|lf,21.7,51.0,0.0,699,0.031,5.4,15.4,0.9,lm->lf lm->rm lf->lm,ipsilateral
IN12B023,807183,12B,L,gaba,-1,rf,rf,21.7,224.0,168.0,224,0.097,0.0,10.9,10.9,rh->rf lm->rf,both
IN20A.22A043,811081,20A/22A,R,acetylcholine,1,rm,rm,21.7,216.0,139.0,264,0.082,0.5,7.5,13.7,lf->rm rm->rf,both
IN16B121,817179,16B,L,glutamate,-1,lf,lf,21.7,94.0,0.0,309,0.07,5.8,14.7,1.2,lm->lf lf->rf lh->lf,both
IN03A081,909662,03A,R,acetylcholine,1,rh,rh,21.7,415.0,249.0,468,0.046,5.9,15.7,0.1,rh->rm rm->rh rh->lh,ipsilateral
IN08A030,937495,08A,L,glutamate,-1,lf,lf,21.7,270.0,217.0,286,0.076,13.0,8.7,0.0,rf->lf lm->lf,both
IN20A.22A042,807697,20A/22A,R,acetylcholine,1,rm,rm,21.6,398.0,46.0,463,0.047,0.0,0.0,21.6,lf->rm,both
IN12B027,908235,12B,L,gaba,-1,rm,rm,21.6,172.0,53.0,678,0.032,0.0,21.6,0.0,rh->rm,ipsilateral
IN17A061,908594,17A,R,acetylcholine,1,rf,rf,21.6,351.0,190.0,373,0.058,0.0,21.6,0.0,rf->rm rm->rf rh->rf,ipsilateral
IN06A054,805631,06A,R,gaba,-1,lf|rf,lf|rh|lm,21.5,30.0,0.0,624,0.034,7.8,7.5,6.1,rf->lf lf->rh rf->rh,both
IN05B028,810204,05B,R,gaba,-1,lf|lm,rh|rm,21.5,24.0,0.0,1177,0.018,2.4,2.6,16.4,lf->rh lm->rh lf->rm,both
IN08A025,811444,08A,L,glutamate,-1,lf,lf,21.5,274.0,78.0,356,0.06,21.5,0.0,0.0,rf->lf,contralateral
IN17A035,803375,17A,R,acetylcholine,1,rh,lh|rm,21.4,22.0,0.0,1096,0.02,15.0,4.4,2.0,rh->lh rh->rm,both
vMS11,805744,-,R,glutamate,-1,rh|lh,lh,21.4,35.0,0.0,1077,0.02,21.4,0.0,0.0,rh->lh,contralateral
IN08A039,908440,08A,R,glutamate,-1,rm,rm,21.4,423.0,364.0,428,0.05,0.0,21.4,0.0,rf->rm,ipsilateral
INXXX416,910865,XXX (unassigned),R,unclear,0,rm|lm|rh,rh,21.4,26.0,0.0,190,0.112,0.0,11.1,10.2,rm->rh lm->rh,both
INXXX287,802242,XXX (unassigned),L,gaba,-1,lh,rh|lh,21.3,29.0,0.0,3728,0.006,20.1,0.3,0.9,lh->rh,contralateral
IN09A035,807631,09A,L,gaba,-1,lh,lh,21.3,520.0,0.0,791,0.027,0.0,21.3,0.0,lm->lh,ipsilateral
IN17A061,813496,17A,R,acetylcholine,1,rh,rh,21.3,406.0,152.0,425,0.05,0.0,21.3,0.0,rf->rh rm->rh,ipsilateral
IN00A056,953574,00A,M,gaba,-1,lh|rh,rh,21.3,26.0,0.0,424,0.05,21.3,0.0,0.0,lh->rh,contralateral
IN13A040,806424,13A,R,gaba,-1,rh,rh,21.2,637.0,436.0,663,0.032,4.9,16.2,0.1,rm->rh rh->lh,ipsilateral
IN08A042,811156,08A,R,glutamate,-1,rh,rh,21.2,280.0,55.0,306,0.069,4.7,16.2,0.3,rm->rh rh->lh,ipsilateral
IN13A035,904838,13A,L,gaba,-1,lf,lf,21.2,364.0,224.0,453,0.047,12.1,9.1,0.0,rf->lf lh->lf,both
IN04B044,805954,04B,L,acetylcholine,1,lh,lh,21.1,352.0,64.0,413,0.051,0.0,21.1,0.0,lm->lh lh->lm lf->lh,ipsilateral
IN04B106,808282,04B,R,acetylcholine,1,rm,rm,21.1,355.0,103.0,392,0.054,0.0,21.1,0.0,rh->rm,ipsilateral
IN04B027,903845,04B,R,acetylcholine,1,rm,rm,21.1,416.0,145.0,449,0.047,0.0,21.1,0.0,rm->rh rh->rm,ipsilateral
IN09A057,906502,09A,R,gaba,-1,rh,rh,21.1,308.0,82.0,308,0.068,0.0,21.1,0.0,rh->rm rm->rh,ipsilateral
IN01B001,800193,01B,R,gaba,-1,rm|rh,rm|rh|rf,21.0,36.0,0.0,7211,0.003,0.0,21.0,0.0,rh->rm rm->rh rm->rf,ipsilateral
IN03A068,800547,03A,L,acetylcholine,1,lh,lh,21.0,396.0,134.0,490,0.043,16.0,5.0,0.0,lh->rh lh->lm,contralateral
IN23B020,801753,23B,R,acetylcholine,1,rh,rh,21.0,125.0,0.0,1630,0.013,5.0,7.0,9.0,rh->lm rh->rm rh->lh,both
IN04B100,802314,04B,L,acetylcholine,1,lm,lm,21.0,741.0,59.0,864,0.024,5.0,16.0,0.0,lm->lh lm->rm,ipsilateral
IN04B078,804152,04B,L,acetylcholine,1,lm,lm,21.0,836.0,89.0,1433,0.015,0.0,21.0,0.0,lm->lf lm->lh,ipsilateral
IN04B078,804331,04B,R,acetylcholine,1,rm,rm,21.0,643.0,56.0,1276,0.016,0.0,0.0,21.0,rm->lh,both
INXXX377,804431,XXX (unassigned),R,glutamate,-1,lh|rh,lh|rh,21.0,42.0,0.0,1616,0.013,21.0,0.0,0.0,rh->lh lh->rh,contralateral
INXXX282,804800,XXX (unassigned),L,gaba,-1,lh,lh|rh,21.0,44.0,0.0,1249,0.017,21.0,0.0,0.0,lh->rh,contralateral
IN23B033,805705,23B,L,acetylcholine,1,lf,lf,21.0,186.0,0.0,669,0.031,0.0,21.0,0.0,lf->lm,ipsilateral
IN13B032,805730,13B,R,gaba,-1,lh,lh,21.0,879.0,31.0,1204,0.017,0.0,21.0,0.0,lh->lm,ipsilateral
IN20A.22A070,806563,20A/22A,R,acetylcholine,1,rm,rm,21.0,167.0,0.0,492,0.043,0.0,21.0,0.0,rm->rh,ipsilateral
INXXX321,806692,XXX (unassigned),L,acetylcholine,1,lh,lh,21.0,378.0,14.0,582,0.036,13.0,8.0,0.0,lh->rh lh->lm,both
IN04B102,806830,04B,L,acetylcholine,1,lf,lf,21.0,338.0,153.0,415,0.051,7.7,7.7,5.6,lf->rf lm->lf rh->lf,both
IN04B084,806992,04B,R,acetylcholine,1,rm,rm,21.0,509.0,46.0,702,0.03,11.0,0.0,10.0,rm->lm rm->lh,both
IN19A056,807120,19A,R,gaba,-1,rm,lh,21.0,21.0,0.0,493,0.043,0.0,0.8,20.2,rm->lh,both
IN21A037,807209,21A,R,glutamate,-1,rm,rm,21.0,428.0,187.0,510,0.041,0.0,21.0,0.0,rm->rh,ipsilateral
IN20A.22A038,807591,20A/22A,L,acetylcholine,1,lf,lf,21.0,368.0,276.0,368,0.057,7.0,0.0,14.0,lf->rh lf->rf,both
IN13A029,807953,13A,L,gaba,-1,lh,lh,21.0,453.0,0.0,764,0.027,0.0,21.0,0.0,lh->lm,ipsilateral
IN06B074,808114,06B,R,gaba,-1,lh,rh|lh,21.0,33.0,0.0,452,0.046,21.0,0.0,0.0,lh->rh,contralateral
IN19B080,809165,19B,L,acetylcholine,1,lh,rh|rm,21.0,21.0,13.0,225,0.093,13.0,0.0,8.0,lh->rh lh->rm,both
IN20A.22A060,809843,20A/22A,L,acetylcholine,1,lh,lh,21.0,203.0,132.0,219,0.096,9.0,12.0,0.0,lh->lm lh->rh,both
IN20A.22A089,811370,20A/22A,L,acetylcholine,1,lm,lm,21.0,260.0,6.0,448,0.047,0.0,21.0,0.0,lh->lm,ipsilateral
INXXX429,812381,XXX (unassigned),L,gaba,-1,lh,lh|lm,21.0,70.0,0.0,322,0.065,0.0,21.0,0.0,lh->lm,ipsilateral
IN21A042,814632,21A,L,glutamate,-1,lf,lf,21.0,205.0,74.0,232,0.091,5.0,16.0,0.0,lf->lm lf->rf,ipsilateral
IN23B063,815065,23B,R,acetylcholine,1,rf,lm|lf|rf,21.0,28.0,0.0,240,0.088,10.0,0.0,11.0,rf->lm rf->lf,both
IN03B086_e,817206,03B,L,gaba,-1,lh,lm|rm,21.0,21.0,0.0,453,0.046,0.0,16.0,5.0,lh->lm lh->rm,ipsilateral
IN20A.22A092,818592,20A/22A,R,acetylcholine,1,rm,rm|rf,21.0,73.0,0.0,111,0.189,0.0,21.0,0.0,rm->rf,ipsilateral
IN21A056,902434,21A,L,glutamate,-1,lf,lf,21.0,420.0,66.0,442,0.048,13.0,0.0,8.0,lf->rf lf->rm,both
IN20A.22A057,904046,20A/22A,L,acetylcholine,1,lm,lm,21.0,247.0,131.0,253,0.083,0.0,21.0,0.0,lm->lf lm->lh,ipsilateral
IN04B094,904594,04B,R,acetylcholine,1,rf,rf,21.0,204.0,132.0,303,0.069,0.0,21.0,0.0,rf->rm,ipsilateral
IN00A067,904958,00A,M,gaba,-1,rh,lh|rh|rm,21.0,30.0,0.0,568,0.037,13.1,6.0,1.9,rh->lh rh->rm lm->lh,both
IN23B073,905261,23B,R,acetylcholine,1,rm,rm,21.0,213.0,0.0,371,0.057,0.0,21.0,0.0,rm->rh,ipsilateral
IN23B022,905723,23B,L,acetylcholine,1,lf,lf,21.0,213.0,0.0,914,0.023,0.0,14.0,7.0,lf->lh lf->rm,both
IN23B080,908010,23B,L,acetylcholine,1,lm,lm|lh,21.0,137.0,0.0,347,0.061,0.0,21.0,0.0,lm->lh,ipsilateral
IN16B124,908101,16B,L,glutamate,-1,lf,lf,21.0,97.0,5.0,188,0.112,7.0,0.0,14.0,lf->rm lf->rh lf->rf,both
IN13A062,908604,13A,R,gaba,-1,rm,rm,21.0,408.0,280.0,433,0.048,0.0,10.5,10.5,rh->rm lf->rm,both
IN20A.22A048,908764,20A/22A,L,acetylcholine,1,lh,lh,21.0,210.0,0.0,386,0.054,15.0,6.0,0.0,lh->rh lh->lm,contralateral
IN01B027_c,908857,01B,L,gaba,-1,lm,lm,21.0,400.0,0.0,981,0.021,6.0,15.0,0.0,lm->lf lm->rm,ipsilateral
IN05B070,909847,05B,R,gaba,-1,rh,lh|rm|rh,21.0,26.0,0.0,311,0.068,16.0,5.0,0.0,rh->lh rh->rm,contralateral
IN06A115,910470,06A,R,gaba,-1,rm,lh|rh,21.0,21.0,0.0,576,0.036,0.0,6.0,15.0,rm->lh rm->rh,both
IN16B114,911444,16B,L,glutamate,-1,lf,lf,21.0,430.0,5.0,458,0.046,7.0,14.0,0.0,lf->lm lf->rf,both
IN13A030,803294,13A,R,gaba,-1,rh,rh,20.9,592.0,83.0,679,0.031,0.0,20.9,0.0,rh->rm rm->rh,ipsilateral
IN03A036,803947,03A,L,acetylcholine,1,lh,lh,20.9,1060.0,756.0,1087,0.019,0.0,20.9,0.0,lm->lh,ipsilateral
IN13A062,807035,13A,R,gaba,-1,rm,rm,20.9,267.0,244.0,272,0.077,0.0,20.9,0.0,rh->rm,ipsilateral
INXXX420,810316,XXX (unassigned),R,unclear,0,rh|lh,lh,20.9,26.0,0.0,348,0.06,17.7,0.0,3.2,rh->lh rm->lh,contralateral
IN19A104,811438,19A,R,gaba,-1,rh,rh,20.9,101.0,6.0,167,0.125,7.9,6.9,6.0,lh->rh rh->rm lm->rh,both
IN12B024_c,905929,12B,L,gaba,-1,rh,rh,20.9,195.0,119.0,279,0.075,6.7,13.9,0.3,rh->lh rm->rh rh->rm,both
IN02A007,800587,02A,R,glutamate,-1,lh,rm|lh,20.8,34.0,0.0,3992,0.005,1.8,2.3,16.7,lh->rm rh->rm,both
IN03A026_d,801004,03A,L,acetylcholine,1,lh,lh,20.8,829.0,463.0,918,0.023,13.9,6.8,0.1,lh->rh lm->lh,both
IN03A036,804859,03A,R,acetylcholine,1,rh,rh,20.8,1001.0,639.0,1030,0.02,0.0,20.8,0.0,rm->rh,ipsilateral
IN08B073,805123,08B,R,acetylcholine,1,rh|rm,lh|rh|rm,20.8,31.0,5.0,998,0.021,10.4,6.8,3.6,rh->lh rh->rm rm->lh,both
IN08A042,810976,08A,L,glutamate,-1,lh,lh,20.8,178.0,6.0,241,0.086,8.3,12.5,0.0,lm->lh rh->lh,both
IN06A117,811783,06A,R,gaba,-1,rh|rm,rh|lh,20.8,40.0,0.0,488,0.043,4.8,12.8,3.2,rm->rh rh->lh rm->lh,both
IN03A062_e,905203,03A,R,acetylcholine,1,rm,rm,20.8,459.0,0.0,533,0.039,0.0,15.8,5.0,rf->rm rm->lh,ipsilateral
IN00A060,907684,00A,M,gaba,-1,lm|rm,lf|rf|rm,20.8,23.0,0.0,526,0.04,2.8,9.5,8.5,lm->lf rm->lf lm->rm,both
IN20A.22A029,911539,20A/22A,R,acetylcholine,1,rf|rh,rf,20.8,85.0,46.0,95,0.219,1.4,11.8,7.6,rh->rf rf->lh,both
INXXX212,803094,XXX (unassigned),R,acetylcholine,1,rh|lh,lh|rh,20.6,32.0,17.0,2100,0.01,17.8,0.5,2.2,rh->lh rm->lh,contralateral
IN20A.22A016,803727,20A/22A,R,acetylcholine,1,rm,rm,20.6,331.0,24.0,577,0.036,0.0,7.2,13.5,lf->rm rh->rm,both
IN07B047,805803,07B,L,acetylcholine,1,lh|rm,lh|lf,20.6,34.0,0.0,1079,0.019,1.1,10.2,9.3,lh->lf rm->lh rm->lf,both
IN14A037,808505,14A,R,glutamate,-1,lf,lf,20.6,310.0,0.0,319,0.065,5.7,14.6,0.3,lh->lf lf->rf,ipsilateral
INXXX420,810974,XXX (unassigned),L,unclear,0,lh|rh|lm,lh,20.6,49.0,0.0,291,0.071,12.4,7.4,0.8,rh->lh lm->lh lh->rh,both
IN20A.22A089,811505,20A/22A,L,acetylcholine,1,lm,lm,20.6,279.0,0.0,499,0.041,0.0,20.6,0.0,lf->lm lm->lf,ipsilateral
IN08A039,813323,08A,R,glutamate,-1,rm,rm,20.6,322.0,242.0,322,0.064,0.0,20.6,0.0,rh->rm,ipsilateral
IN12B024_a,806170,12B,R,gaba,-1,lf,lf,20.5,269.0,132.0,314,0.065,0.0,20.5,0.0,lm->lf lf->lm,ipsilateral
IN09B058,817155,09B,L,glutamate,-1,lf|lm|rf,lm|rm,20.5,24.0,0.0,193,0.106,3.0,9.0,8.5,lf->lm lf->rm lm->rm,both
IN21A116,904672,21A,L,glutamate,-1,rm|lm|rf,rm|lm,20.5,34.0,0.0,238,0.086,11.6,6.8,2.1,lm->rm rf->rm rm->lm,both
IN20A.22A028,905088,20A/22A,R,acetylcholine,1,rh,rh,20.5,682.0,558.0,687,0.03,20.5,0.0,0.0,lh->rh,contralateral
IN09A016,803286,09A,L,gaba,-1,lm,lm,20.4,232.0,0.0,2398,0.008,0.0,20.4,0.0,lm->lh lh->lm,ipsilateral
IN04B059,803883,04B,L,acetylcholine,1,lf,lf,20.4,248.0,115.0,263,0.078,0.0,20.4,0.0,lh->lf,ipsilateral
IN08B039,804295,08B,R,acetylcholine,1,rh,rh|lh,20.4,64.0,8.0,1504,0.014,20.4,0.0,0.0,rh->lh lh->rh,contralateral
INXXX376,804485,XXX (unassigned),L,acetylcholine,1,lh|rh|lm,lh|rh,20.4,32.0,0.0,1659,0.012,9.4,6.6,4.4,rh->lh lm->lh rm->lh,both
IN03B058,807308,03B,R,gaba,-1,rh|lm,rh,20.4,55.0,0.0,600,0.034,6.1,0.0,14.3,lm->rh lh->rh,both
IN19B056,807514,19B,L,acetylcholine,1,rh|lm,rh,20.4,40.0,12.0,472,0.043,4.8,5.9,9.7,lm->rh rm->rh lh->rh,both
IN00A065,809198,00A,M,gaba,-1,lh|lm,lm|rm,20.4,30.0,0.0,548,0.037,4.1,11.4,4.9,lh->lm lh->rm lm->rm,both
IN08A043,810655,08A,L,glutamate,-1,lh,lh,20.4,323.0,264.0,329,0.062,0.0,20.4,0.0,lm->lh,ipsilateral
IN13B044,812745,13B,L,gaba,-1,rf|lf,rf,20.4,52.0,0.0,122,0.167,20.4,0.0,0.0,lf->rf,contralateral
INXXX290,908830,XXX (unassigned),R,unclear,0,rh|lh|rm,rh|lh|lm,20.4,32.0,0.0,361,0.057,11.0,5.1,4.3,lh->rh rh->lh rm->rh,both
IN11B021_d,910376,11B,L,gaba,-1,lm|lh,lm,20.4,42.0,12.0,455,0.045,0.0,20.4,0.0,lh->lm lm->lh,ipsilateral
IN13A035,805190,13A,L,gaba,-1,lf,lf,20.3,612.0,200.0,729,0.028,4.9,9.0,6.4,lh->lf rm->lf lf->rf,both
IN03A083,808046,03A,L,acetylcholine,1,lh,lh,20.3,142.0,62.0,436,0.047,12.3,7.3,0.7,lh->rh lm->lh lf->lh,both
IN20A.22A051,810835,20A/22A,L,acetylcholine,1,lh,lh,20.3,177.0,126.0,208,0.097,0.0,20.3,0.0,lh->lm lf->lh,ipsilateral
"IN19B045,IN19B052",1050366152,19B,R,acetylcholine,1,rm|rh,rh|lh,20.3,31.0,0.0,1119,0.018,2.1,15.3,2.9,rm->rh rm->lh rh->lh,ipsilateral
IN20A.22A067,810369,20A/22A,R,acetylcholine,1,rh,rh,20.2,241.0,52.0,241,0.084,0.0,20.2,0.0,rh->rm rf->rh,ipsilateral
IN06B072,808916,06B,L,gaba,-1,lm|lh|rh,lm|rm|rh,20.1,29.0,0.0,498,0.04,4.3,6.7,9.2,rh->lm lh->lm lm->rm,both
IN13A035,908380,13A,L,gaba,-1,lf,lf,20.1,400.0,211.0,494,0.041,20.1,0.0,0.0,rf->lf,contralateral
IN20A.22A024,924717,20A/22A,R,acetylcholine,1,rf,rf,20.1,380.0,105.0,490,0.041,10.7,9.1,0.3,rf->lf rm->rf,both
IN21A004,800549,21A,R,acetylcholine,1,rf,rf,20.0,503.0,242.0,545,0.037,6.2,13.8,0.1,rf->rh lf->rf rh->rf,both
"IN21A023,IN21A024",802480,21A,L,glutamate,-1,lh,lh,20.0,1451.0,35.0,2065,0.01,0.0,20.0,0.0,lh->lm,ipsilateral
IN08A017,803415,08A,L,glutamate,-1,lh,lh,20.0,1656.0,442.0,1708,0.012,10.0,10.0,0.0,lh->rh lh->lm,both
IN03A046,804389,03A,R,acetylcholine,1,rf,rf,20.0,241.0,55.0,284,0.07,0.0,20.0,0.0,rf->rm,ipsilateral
IN19B041,805363,19B,L,acetylcholine,1,rm|lh|lm,rh,20.0,20.0,0.0,927,0.022,6.5,8.1,5.4,rm->rh lh->rh lm->rh,both
IN09A041,805985,09A,R,gaba,-1,rm,rh|rm,20.0,32.0,0.0,229,0.087,0.0,20.0,0.0,rm->rh,ipsilateral
IN03A089,806730,03A,R,acetylcholine,1,rh,rh,20.0,724.0,7.0,895,0.022,20.0,0.0,0.0,rh->lh,contralateral
IN03A046,807030,03A,R,acetylcholine,1,rf,rf,20.0,255.0,71.0,274,0.073,0.0,20.0,0.0,rf->rm,ipsilateral
IN08A028,807557,08A,R,glutamate,-1,rh,rh,20.0,376.0,73.0,504,0.04,20.0,0.0,0.0,rh->lh,contralateral
IN12B049,807763,12B,R,gaba,-1,lm,lm,20.0,193.0,0.0,633,0.032,6.0,14.0,0.0,lm->lh lm->rm,ipsilateral
IN12B039,807773,12B,L,gaba,-1,rm,rm,20.0,147.0,0.0,423,0.047,6.0,0.0,14.0,rm->lh rm->lm,both
IN23B028,807775,23B,L,acetylcholine,1,lf,lf|lm,20.0,71.0,0.0,471,0.042,8.0,12.0,0.0,lf->lm lf->rf,both
IN12A059_e,807937,12A,L,acetylcholine,1,lh|lf,lm,20.0,20.0,0.0,682,0.029,0.0,20.0,0.0,lh->lm lf->lm,ipsilateral
IN06B066,808805,06B,L,gaba,-1,rh,lh|lm,20.0,20.0,0.0,571,0.035,12.9,0.0,7.1,rh->lh rh->lm rm->lh,both
IN06A061,808876,06A,R,gaba,-1,lh,rh,20.0,20.0,0.0,480,0.042,20.0,0.0,0.0,lh->rh,contralateral
IN07B075,808959,07B,L,acetylcholine,1,lh,lf,20.0,20.0,0.0,486,0.041,0.0,20.0,0.0,lh->lf,ipsilateral
IN03A046,809036,03A,R,acetylcholine,1,rf,rf,20.0,295.0,106.0,319,0.063,0.0,20.0,0.0,rf->rm,ipsilateral
IN04B074,809747,04B,R,acetylcholine,1,rh,rh,20.0,427.0,286.0,438,0.046,20.0,0.0,0.0,rh->lh,contralateral
IN14A058,810150,14A,R,glutamate,-1,lh,lh,20.0,344.0,0.0,449,0.045,10.0,10.0,0.0,lh->rh lh->lm,both
"IN16B088,IN16B109",810306,16B,R,glutamate,-1,rh,rh,20.0,270.0,43.0,376,0.053,20.0,0.0,0.0,rh->lh,contralateral
IN13A059,810442,13A,L,gaba,-1,lh,lh,20.0,381.0,0.0,608,0.033,0.0,20.0,0.0,lh->lm,ipsilateral
IN13A036,810654,13A,R,gaba,-1,rm,rm,20.0,296.0,0.0,573,0.035,0.0,20.0,0.0,rm->rh,ipsilateral
IN20A.22A057,811108,20A/22A,R,acetylcholine,1,rm,rm,20.0,223.0,112.0,230,0.087,0.0,13.0,7.0,rm->rh rm->lh rm->rf,both
IN12A050_b,811281,12A,R,acetylcholine,1,rh,rm|lh,20.0,20.0,0.0,311,0.064,6.0,14.0,0.0,rh->rm rh->lh,ipsilateral
IN16B114,812022,16B,R,glutamate,-1,rf,rf,20.0,255.0,18.0,273,0.073,8.0,12.0,0.0,rf->rm rf->lf,both
IN20A.22A007,814784,20A/22A,L,acetylcholine,1,lf,lf,20.0,835.0,366.0,881,0.023,0.0,20.0,0.0,lf->lm,ipsilateral
IN21A084,817272,21A,R,glutamate,-1,rm|lm,lf|rf,20.0,20.0,0.0,176,0.114,0.0,10.0,10.0,rm->rf rm->lf,both
IN13B078,819056,13B,L,gaba,-1,rf,rf,20.0,78.0,18.0,78,0.256,11.0,9.0,0.0,rf->lf rf->rm,both
IN09A060,904003,09A,L,gaba,-1,lh,lh,20.0,180.0,0.0,813,0.025,0.0,5.0,15.0,lh->rf lh->lm,both
IN04B088,904107,04B,L,acetylcholine,1,lh,lh,20.0,688.0,295.0,758,0.026,14.0,6.0,0.0,lh->rh lh->lm,contralateral
IN19A036,905068,19A,L,gaba,-1,lh|rh,lh,20.0,100.0,0.0,1380,0.014,17.7,0.7,1.6,rh->lh,contralateral
IN23B067_c,906490,23B,L,acetylcholine,1,lm,lm,20.0,244.0,0.0,1314,0.015,20.0,0.0,0.0,lm->rm,contralateral
IN11A032_d,907304,11A,L,acetylcholine,1,lm|lh,rm,20.0,20.0,0.0,306,0.065,11.1,0.0,8.9,lm->rm lh->rm,both
IN14A090,907995,14A,R,glutamate,-1,lh,lh,20.0,413.0,0.0,814,0.025,0.0,20.0,0.0,lh->lm,ipsilateral
IN01B047,908339,01B,L,gaba,-1,lf,lf,20.0,357.0,0.0,616,0.032,8.0,12.0,0.0,lf->lm lf->rf,both
IN20A.22A024,911510,20A/22A,L,acetylcholine,1,lf,lf,20.0,590.0,80.0,632,0.032,13.0,7.0,0.0,lf->rf lf->lm,both
INXXX301,801801,XXX (unassigned),L,acetylcholine,1,lh|lm,lh,19.9,47.0,0.0,2121,0.009,4.0,9.9,5.9,lm->lh rm->lh rh->lh,both
IN19A064,803276,19A,R,gaba,-1,rh,rh,19.9,333.0,28.0,437,0.045,4.1,15.8,0.0,rm->rh lh->rh,ipsilateral
IN05B033,804118,05B,R,gaba,-1,lm|lh,lm|rm,19.9,33.0,0.0,1027,0.019,2.3,9.2,8.3,lh->lm rh->lm rf->lm,both
IN12A039,804209,12A,L,acetylcholine,1,lh,rh|lh,19.9,27.0,0.0,1696,0.012,16.8,0.9,2.2,lh->rh,contralateral
INXXX321,805749,XXX (unassigned),L,acetylcholine,1,lh,lh,19.9,376.0,33.0,533,0.037,0.0,19.9,0.0,lh->lm lm->lh,ipsilateral
IN16B060,808649,16B,L,glutamate,-1,lf,lf,19.9,136.0,0.0,165,0.121,14.9,0.3,4.7,rf->lf lf->rf lf->rh,contralateral
IN08B091,809316,08B,R,acetylcholine,1,rh|lh,rh|lh|rm,19.9,32.0,10.0,338,0.059,11.9,4.3,3.7,lh->rh rh->lh rh->rm,both
IN20A.22A004,803278,20A/22A,R,acetylcholine,1,rm,rm,19.8,1042.0,345.0,1242,0.016,15.1,0.0,4.7,lm->rm rm->lm lf->rm,contralateral
IN00A036,804978,00A,M,gaba,-1,lm|lh|rh,lm|rm,19.8,25.0,0.0,315,0.063,4.8,7.5,7.5,lm->rm rh->lm lh->lm,both
IN03A065,806341,03A,R,acetylcholine,1,rf,rf,19.8,201.0,45.0,201,0.098,0.0,19.8,0.0,rh->rf,ipsilateral
IN06B056,806704,06B,L,gaba,-1,lh|lf|lm,lm|rm,19.8,24.0,0.0,692,0.029,3.1,10.3,6.3,lh->lm lf->lm rh->lm,both
IN04B062,806417,04B,R,acetylcholine,1,rh,rh,19.7,654.0,265.0,725,0.027,19.7,0.0,0.0,rh->lh lh->rh,contralateral
IN08A031,809183,08A,R,glutamate,-1,rm,rm,19.7,359.0,208.0,408,0.048,0.0,19.7,0.0,rh->rm,ipsilateral
IN03A049,810763,03A,R,acetylcholine,1,rf,rf,19.7,218.0,79.0,327,0.06,0.0,14.7,5.0,rm->rf rf->rm rf->lh,ipsilateral
IN13A072,816225,13A,R,gaba,-1,rm|rh,rm,19.7,84.0,29.0,90,0.219,0.0,19.7,0.0,rh->rm,ipsilateral
IN08A011,908502,08A,L,glutamate,-1,lh|lf,lh|lm|rh,19.7,34.0,8.0,988,0.02,6.3,11.7,1.7,lh->rh lh->lm lf->lh,both
IN04B062,903023,04B,L,acetylcholine,1,lm,lm,19.6,707.0,252.0,787,0.025,0.0,19.6,0.0,lf->lm,ipsilateral
IN13B088,903851,13B,L,gaba,-1,rh,rh,19.6,173.0,0.0,276,0.071,19.6,0.0,0.0,lh->rh,contralateral
IN27X003,910588,27X,R,unclear,0,rh|lm|rm,rh|lh|rm,19.6,32.0,0.0,109,0.18,5.8,8.4,5.4,rh->lh rm->rh lm->rh,both
INXXX412,806433,XXX (unassigned),L,gaba,-1,lh,rh|lh,19.5,35.0,0.0,1076,0.018,19.5,0.0,0.0,lh->rh,contralateral
IN23B076,912285,23B,R,acetylcholine,1,rh|lh,lh|lm|rh,19.4,27.0,0.0,432,0.045,11.4,2.4,5.6,rh->lh rh->lm lh->lm,both
INXXX253,803190,XXX (unassigned),R,gaba,-1,rh|rf,rh,19.3,52.0,0.0,759,0.025,4.8,14.4,0.0,rf->rh lh->rh,ipsilateral
IN13A025,804607,13A,L,gaba,-1,lm,lm,19.3,908.0,102.0,1085,0.018,0.0,19.3,0.0,lf->lm lh->lm lm->lf,ipsilateral
"IN03A087,IN03A092",904366,03A,R,acetylcholine,1,rh,rh,19.3,450.0,255.0,600,0.032,10.8,8.3,0.2,rh->lh rm->rh,both
IN23B014,801793,23B,R,acetylcholine,1,rh,rh,19.2,147.0,0.0,2351,0.008,0.5,4.2,14.5,rh->lf rf->rh,both
IN13A035,805315,13A,R,gaba,-1,rf,rf,19.2,340.0,135.0,431,0.045,0.0,19.2,0.0,rh->rf rf->rm,ipsilateral
IN13A028,810341,13A,R,gaba,-1,rh,rh,19.2,559.0,68.0,669,0.029,0.0,19.2,0.0,rm->rh rh->rm,ipsilateral
IN12B030,905776,12B,L,gaba,-1,rf,rf,19.2,202.0,17.0,287,0.067,0.0,10.7,8.6,rh->rf lm->rf,both
IN17A041,801263,17A,R,glutamate,-1,rf,rf,19.1,1185.0,610.0,1204,0.016,19.1,0.0,0.0,lf->rf,contralateral
IN16B090,809777,16B,L,glutamate,-1,lm,lm,19.1,382.0,182.0,392,0.049,0.0,19.1,0.0,lf->lm,ipsilateral
IN16B052,810230,16B,R,glutamate,-1,rh,rh,19.1,334.0,48.0,384,0.05,6.1,12.8,0.2,rh->rm lh->rh,both
IN21A051,811366,21A,L,glutamate,-1,lh,lh,19.1,331.0,159.0,345,0.056,0.0,19.1,0.0,lm->lh,ipsilateral
IN09A057,813751,09A,L,gaba,-1,lh,lh,19.1,301.0,31.0,307,0.062,0.0,19.1,0.0,lh->lm lm->lh,ipsilateral
IN11A039,933335,11A,R,acetylcholine,1,rm|lh,rf|rm,19.1,23.0,12.0,39,0.491,0.0,10.9,8.2,rm->rf lh->rf lh->rm,both
IN13A015,801910,13A,R,gaba,-1,rm,rm,19.0,1574.0,298.0,1687,0.011,19.0,0.0,0.0,rm->lm,contralateral
vMS12_b,801994,-,L,acetylcholine,1,rh,lm,19.0,22.0,0.0,1998,0.009,0.0,0.0,19.0,rh->lm,both
IN13B010,802022,13B,L,gaba,-1,rf,rf,19.0,130.0,0.0,242,0.079,7.0,12.0,0.0,rf->rm rf->lf,both
IN06B058,802493,06B,L,gaba,-1,rm|lm,lh|rm,19.0,24.0,0.0,626,0.03,2.0,4.9,12.1,rm->lh lm->lh lm->rm,both
IN01A031,802696,01A,L,acetylcholine,1,rh,rh,19.0,675.0,241.0,1690,0.011,13.0,6.0,0.0,rh->lh rh->rm,both
IN23B018,802902,23B,R,acetylcholine,1,rf,rf,19.0,147.0,12.0,738,0.026,5.0,14.0,0.0,rf->rh rf->rm rf->lf,ipsilateral
IN16B034,803611,16B,L,glutamate,-1,lf,lf,19.0,1629.0,1109.0,1746,0.011,19.0,0.0,0.0,lf->rf,contralateral
IN04B009,803957,04B,R,acetylcholine,1,rf,rf,19.0,454.0,173.0,505,0.038,14.0,5.0,0.0,rf->lf rf->rm,contralateral
IN04B075,804200,04B,R,acetylcholine,1,rh,rh,19.0,695.0,222.0,923,0.021,14.0,5.0,0.0,rh->lh rh->rm,contralateral
IN03A031,804685,03A,L,acetylcholine,1,lh,lh,19.0,440.0,170.0,457,0.042,0.0,19.0,0.0,lm->lh,ipsilateral
IN04B013,805018,04B,L,acetylcholine,1,lf,lf,19.0,664.0,229.0,730,0.026,13.0,6.0,0.0,lf->rf lf->lm,both
IN12B033,805101,12B,L,gaba,-1,rh,rh,19.0,431.0,83.0,1108,0.017,0.0,19.0,0.0,rh->rm,ipsilateral
IN09A021,805911,09A,L,gaba,-1,lm,lm,19.0,220.0,54.0,774,0.025,0.0,19.0,0.0,lm->lh,ipsilateral
IN04B013,806416,04B,L,acetylcholine,1,lf,lf,19.0,453.0,79.0,562,0.034,19.0,0.0,0.0,lf->rf,contralateral
IN07B074,806893,07B,L,acetylcholine,1,lm,lm|lh,19.0,44.0,11.0,735,0.026,0.0,13.0,6.0,lm->lh lm->rh,both
IN21A047_b,807491,21A,R,glutamate,-1,rh,rh,19.0,685.0,6.0,693,0.027,7.0,12.0,0.0,rh->rm rh->lh,both
IN23B087,808325,23B,L,acetylcholine,1,lh,lh|rh,19.0,107.0,0.0,618,0.031,19.0,0.0,0.0,lh->rh,contralateral
IN20A.22A024,808546,20A/22A,R,acetylcholine,1,rf,rf,19.0,359.0,57.0,451,0.042,10.2,8.8,0.0,lf->rf rm->rf,both
IN16B052,808694,16B,R,glutamate,-1,rh,rh,19.0,454.0,106.0,485,0.039,19.0,0.0,0.0,rh->lh,contralateral
IN14A058,809599,14A,R,glutamate,-1,lh,lh,19.0,387.0,10.0,412,0.046,0.0,19.0,0.0,lh->lm,ipsilateral
IN08A028,811064,08A,R,glutamate,-1,rh,rh,19.0,367.0,58.0,523,0.036,11.0,0.0,8.0,rh->lh rh->lf,both
IN07B074,811192,07B,R,acetylcholine,1,rm,rm|lf|lh,19.0,52.0,20.0,705,0.027,0.0,0.0,19.0,rm->lf rm->lh,both
IN12B058,812936,12B,R,gaba,-1,lf,lf,19.0,186.0,0.0,246,0.077,0.0,19.0,0.0,lf->lm,ipsilateral
IN20A.22A091,813593,20A/22A,R,acetylcholine,1,rh,rh,19.0,141.0,9.0,246,0.077,7.0,12.0,0.0,rh->rm rh->lh,both
IN19B057,813681,19B,R,acetylcholine,1,rh,rh|lh,19.0,35.0,0.0,791,0.024,14.0,0.0,5.0,rh->lh rh->lm,contralateral
IN04B115,814782,04B,R,acetylcholine,1,rf,rf|rm,19.0,46.0,0.0,160,0.119,0.0,19.0,0.0,rf->rm,ipsilateral
IN20A.22A051,818668,20A/22A,L,acetylcholine,1,lh,lh,19.0,90.0,55.0,101,0.188,0.0,19.0,0.0,lf->lh lm->lh,ipsilateral
IN09A074,819679,09A,L,gaba,-1,lf,lf,19.0,150.0,0.0,307,0.062,0.0,19.0,0.0,lf->lm lf->lh,ipsilateral
IN13B021,902506,13B,R,gaba,-1,lf,lf,19.0,252.0,0.0,1458,0.013,0.0,19.0,0.0,lf->lm,ipsilateral
IN12B065,907242,12B,R,gaba,-1,lh,lh|rh,19.0,125.0,28.0,370,0.051,19.0,0.0,0.0,lh->rh,contralateral
IN03A062_c,907474,03A,L,acetylcholine,1,lh,lh,19.0,709.0,20.0,777,0.024,8.0,0.0,11.0,lh->rf lh->rh,both
IN20A.22A010,908323,20A/22A,L,acetylcholine,1,lh,lh,19.0,421.0,261.0,472,0.04,5.3,13.7,0.0,lm->lh rh->lh lf->lh,ipsilateral
IN23B046,909464,23B,R,acetylcholine,1,rm,rm|rh,19.0,100.0,0.0,585,0.032,0.0,19.0,0.0,rm->rh,ipsilateral
IN23B063,910051,23B,R,acetylcholine,1,rm,rm,19.0,76.0,0.0,481,0.04,0.0,5.0,14.0,rm->lf rm->rh rm->lh,both
IN19B086,910308,19B,L,acetylcholine,1,lh,rh|lh,19.0,25.0,0.0,292,0.065,19.0,0.0,0.0,lh->rh,contralateral
IN04B067,910316,04B,L,acetylcholine,1,lf,lf,19.0,140.0,93.0,325,0.058,5.0,14.0,0.0,lf->lm lf->rf,ipsilateral
IN20A.22A009,803182,20A/22A,R,acetylcholine,1,rm,rm,18.9,324.0,183.0,363,0.052,4.1,14.8,0.0,rh->rm lm->rm rf->rm,ipsilateral
IN03A026_c,805795,03A,L,acetylcholine,1,lh,lh,18.9,607.0,333.0,735,0.026,14.9,3.9,0.1,lh->rh lm->lh,contralateral
IN19B089,813944,19B,L,acetylcholine,1,lh|rh|lm,rh,18.9,24.0,0.0,259,0.073,14.3,0.0,4.6,lh->rh lm->rh,contralateral
IN09A060,800612,09A,L,gaba,-1,lm,lm,18.8,174.0,0.0,468,0.04,0.0,18.8,0.0,lm->lf lh->lm,ipsilateral
IN21A083,814638,21A,R,glutamate,-1,rf|rm,rf,18.8,94.0,17.0,94,0.2,0.0,18.8,0.0,rm->rf,ipsilateral
IN09A092,816539,09A,L,gaba,-1,lm,lm,18.8,150.0,26.0,193,0.097,0.0,18.8,0.0,lf->lm,ipsilateral
IN19B045,906480,19B,R,acetylcholine,1,lh|rh,rh|lh,18.8,36.0,0.0,914,0.021,18.8,0.0,0.0,lh->rh rh->lh,contralateral
IN21A001,801316,21A,L,glutamate,-1,lf,lf,18.7,2194.0,1140.0,2228,0.008,0.0,18.7,0.0,lm->lf,ipsilateral
IN12B031,805059,12B,L,gaba,-1,rm,rm,18.7,236.0,17.0,816,0.023,3.7,14.7,0.3,rm->rh rm->rf lm->rm,ipsilateral
IN06A109,806169,06A,L,gaba,-1,lh|rh,lh,18.7,60.0,0.0,1246,0.015,11.8,6.9,0.0,rh->lh lm->lh,both
IN21A049,806820,21A,L,glutamate,-1,lh,lh,18.7,625.0,344.0,708,0.026,0.0,18.7,0.0,lm->lh lh->lm,ipsilateral
INXXX290,807979,XXX (unassigned),L,unclear,0,lh|rh|lm,rh|lh,18.7,28.0,0.0,324,0.058,12.8,1.7,4.2,lh->rh lm->rh rh->lh,both
IN00A024,810017,00A,M,gaba,-1,lh|rm|lm,rh|lh,18.7,22.0,0.0,272,0.069,5.8,7.2,5.7,rm->rh lh->rh rm->lh,both
IN12A008,904423,12A,R,acetylcholine,1,rm|lh|rh,lh|rm,18.7,27.0,0.0,1820,0.01,3.2,1.1,14.4,rm->lh rh->lh,both
IN05B091,908048,05B,R,gaba,-1,rh|rm,lh|rh,18.7,24.0,0.0,624,0.03,10.4,3.0,5.3,rh->lh rm->lh,both
IN21A073,911819,21A,R,glutamate,-1,lm|rf|rm,lf|rf,18.7,22.0,0.0,148,0.126,4.0,7.4,7.3,lm->lf rf->lf rm->lf,both
IN23B062,808799,23B,L,acetylcholine,1,lf|lm,lf|lm,18.6,39.0,5.0,304,0.061,0.0,18.6,0.0,lm->lf lf->lm,ipsilateral
IN08A023,810852,08A,R,glutamate,-1,rm,rm,18.6,231.0,40.0,237,0.079,6.2,12.4,0.0,rh->rm lm->rm,both
IN11B019,812138,11B,L,gaba,-1,lh|lf,lm|lf,18.6,22.0,0.0,270,0.069,1.1,16.5,0.9,lh->lm lh->lf lf->lm,ipsilateral
IN23B037,802269,23B,L,acetylcholine,1,lm,lm,18.5,177.0,0.0,1037,0.018,6.5,12.0,0.0,lm->lf lm->rm lm->lh,both
IN13A038,803321,13A,L,gaba,-1,lf,lf,18.5,389.0,13.0,453,0.041,11.5,0.2,6.8,rf->lf lf->rm,both
IN04B080,803370,04B,L,acetylcholine,1,lh,lh,18.5,726.0,208.0,927,0.02,0.0,18.5,0.0,lf->lh,ipsilateral
IN17A049,805129,17A,L,acetylcholine,1,lh|rh|lf,lm,18.5,21.0,0.0,743,0.025,0.0,14.4,4.1,lh->lm rh->lm lf->lm,ipsilateral
IN11A042,811792,11A,R,acetylcholine,1,rh|rf|rm,rh|lm|lh,18.5,24.0,5.0,229,0.081,4.8,4.5,9.2,rh->lm rh->lh rm->rh,both
IN08A049,814200,08A,L,glutamate,-1,lf,lf,18.5,225.0,88.0,269,0.069,18.5,0.0,0.0,rf->lf,contralateral
IN16B079,810841,16B,L,glutamate,-1,lh,rm|lh,18.4,26.0,0.0,457,0.04,0.0,0.0,18.4,lh->rm,both
IN17A049,904032,17A,R,acetylcholine,1,rh,rm,18.4,21.0,0.0,458,0.04,0.0,16.0,2.4,rh->rm lh->rm,ipsilateral
IN13A035,907315,13A,L,gaba,-1,lf,lf,18.4,503.0,224.0,610,0.03,11.8,6.6,0.0,rf->lf lh->lf,both
IN21A035,806175,21A,R,glutamate,-1,rf,rf,18.3,376.0,37.0,402,0.046,18.3,0.0,0.0,lf->rf,contralateral
IN20A.22A030,807355,20A/22A,L,acetylcholine,1,lh,lh,18.3,308.0,172.0,332,0.055,0.0,18.3,0.0,lh->lm lf->lh,ipsilateral
IN06B066,807444,06B,L,gaba,-1,rh|lm,rh|lh,18.3,34.0,0.0,816,0.022,8.6,3.4,6.3,rh->lh lm->rh lm->lh,both
"IN03A087,IN03A092",807535,03A,R,acetylcholine,1,rh,rh,18.3,401.0,229.0,533,0.034,18.3,0.0,0.0,lh->rh rh->lh,contralateral
IN04B017,903999,04B,R,acetylcholine,1,rm,rm,18.3,702.0,180.0,915,0.02,18.3,0.0,0.0,lm->rm rm->lm,contralateral
IN23B014,906360,23B,R,acetylcholine,1,rm,rm,18.3,74.0,0.0,1858,0.01,0.0,18.3,0.0,rm->rh rh->rm rf->rm,ipsilateral
IN14A064,907258,14A,L,glutamate,-1,rf|lf,rf,18.3,110.0,6.0,146,0.126,18.3,0.0,0.0,lf->rf,contralateral
INXXX402,803192,XXX (unassigned),L,acetylcholine,1,lh|rh,rh|lh,18.2,31.0,0.0,1188,0.015,18.2,0.0,0.0,lh->rh rh->lh,contralateral
IN14A037,804466,14A,R,glutamate,-1,lh,lh,18.2,318.0,5.0,343,0.053,0.0,18.2,0.0,lm->lh,ipsilateral
IN13A022,806795,13A,L,gaba,-1,lm,lm,18.2,284.0,103.0,616,0.029,8.7,9.2,0.3,lf->lm lm->rm,both
IN04B104,811544,04B,R,acetylcholine,1,rh,rh,18.2,346.0,265.0,351,0.052,0.0,18.2,0.0,rm->rh,ipsilateral
IN19B089,813399,19B,L,acetylcholine,1,lh|rh|lm,rh,18.2,25.0,0.0,254,0.072,13.6,0.0,4.7,lh->rh lm->rh,contralateral
GFC4,813974,-,R,acetylcholine,1,rf,rf,18.2,210.0,19.0,261,0.07,0.0,18.2,0.0,rm->rf rf->rh,ipsilateral
IN03A078,905711,03A,L,acetylcholine,1,lf,lf,18.2,388.0,105.0,532,0.034,0.0,18.2,0.0,lm->lf lf->lm,ipsilateral
IN06A086,907967,06A,R,gaba,-1,lh|lm,lh|lf,18.2,27.0,0.0,489,0.037,0.0,18.2,0.0,lm->lh lh->lf lm->lf,ipsilateral
IN08B083_d,1051573091,08B,R,acetylcholine,1,lh|lm,rm|lm,18.2,20.0,0.0,716,0.025,5.4,3.2,9.6,lh->rm lm->rm lh->lm,both
IN03A036,804067,03A,R,acetylcholine,1,rh,rh,18.1,1058.0,706.0,1116,0.016,0.0,18.1,0.0,rm->rh,ipsilateral
INXXX138,804304,XXX (unassigned),L,acetylcholine,1,lh|lm|rm,lh,18.1,37.0,0.0,1296,0.014,0.0,10.5,7.6,lm->lh rm->lh,both
IN18B034,804743,18B,L,acetylcholine,1,lh|rh,rh|lh,18.1,30.0,0.0,1354,0.013,17.2,0.3,0.7,lh->rh rh->lh,contralateral
IN06A117,809512,06A,R,gaba,-1,rh,rh,18.1,65.0,0.0,581,0.031,13.0,4.5,0.5,lh->rh rh->lh rm->rh,contralateral
IN21A047_e,903932,21A,L,glutamate,-1,lf,lf,18.1,515.0,65.0,534,0.034,18.1,0.0,0.0,rf->lf lf->rf,contralateral
IN08B108,800799,08B,R,acetylcholine,1,lh,rh|lh|rm,18.0,25.0,0.0,590,0.031,13.0,0.0,5.0,lh->rh lh->rm,contralateral
IN00A017,802124,00A,M,unclear,0,lh|rh,lh|rh,18.0,38.0,0.0,742,0.024,15.7,1.1,1.1,lh->rh rh->lh,contralateral
IN20A.22A066,803206,20A/22A,L,acetylcholine,1,lh,lh,18.0,411.0,143.0,579,0.031,0.0,18.0,0.0,lh->lm,ipsilateral
IN23B047,803289,23B,L,acetylcholine,1,lh,lh,18.0,108.0,0.0,658,0.027,13.0,5.0,0.0,lh->rh lh->lm,contralateral
IN23B023,803629,23B,R,acetylcholine,1,rm,rm,18.0,172.0,0.0,995,0.018,0.0,18.0,0.0,rm->rh rm->rf rh->rm,ipsilateral
IN01B010,804007,01B,L,gaba,-1,lm,lm,18.0,1045.0,0.0,1325,0.014,0.0,18.0,0.0,lm->lf,ipsilateral
IN04B032,805688,04B,R,acetylcholine,1,rh,rh,18.0,767.0,262.0,895,0.02,5.0,13.0,0.0,rh->rm rh->lh,ipsilateral
IN23B047,805883,23B,L,acetylcholine,1,lm,lm,18.0,98.0,0.0,670,0.027,0.0,18.0,0.0,lm->lh lm->lf,ipsilateral
IN13B070,806292,13B,R,gaba,-1,lh,lh,18.0,811.0,0.0,906,0.02,0.0,18.0,0.0,lh->lm,ipsilateral
IN14A021,806579,14A,R,glutamate,-1,lh,lh,18.0,578.0,0.0,782,0.023,11.0,7.0,0.0,lh->rh lh->lm,both
IN04B048,806598,04B,R,acetylcholine,1,rh,rh,18.0,510.0,74.0,597,0.03,8.0,10.0,0.0,rh->rm rh->lh,both
IN13B014,806740,13B,R,gaba,-1,lf,lf,18.0,359.0,29.0,823,0.022,18.0,0.0,0.0,lf->rf,contralateral
IN19B053,806767,19B,R,acetylcholine,1,rh,lm|rm|rh,18.0,25.0,0.0,866,0.021,0.0,9.0,9.0,rh->rm rh->lm,both
IN08A029,806880,08A,L,glutamate,-1,lm,lm,18.0,712.0,74.0,722,0.025,0.0,18.0,0.0,lm->lf lm->lh,ipsilateral
IN13A042,807774,13A,R,gaba,-1,rh,rh,18.0,436.0,317.0,447,0.04,4.9,2.9,10.2,lm->rh lh->rh rm->rh,both
IN16B018,807887,16B,L,gaba,-1,lf,lf,18.0,401.0,133.0,407,0.044,18.0,0.0,0.0,lf->rf,contralateral
IN23B087,809266,23B,R,acetylcholine,1,rh,rh,18.0,140.0,0.0,501,0.036,18.0,0.0,0.0,rh->lh,contralateral
IN20A.22A085,809877,20A/22A,L,acetylcholine,1,lm,lm,18.0,266.0,0.0,639,0.028,0.0,18.0,0.0,lm->lf,ipsilateral
IN23B080,810507,23B,R,acetylcholine,1,rm,rm,18.0,136.0,0.0,329,0.055,0.0,18.0,0.0,rm->rh,ipsilateral
IN16B106,810659,16B,L,glutamate,-1,lh,lh|rh,18.0,56.0,0.0,438,0.041,11.0,0.0,7.0,lh->rh lh->rm,both
IN20A.22A063,810862,20A/22A,R,acetylcholine,1,rm,rm,18.0,142.0,0.0,340,0.053,13.0,0.0,5.0,rm->lm rm->lh,contralateral
IN01B084,811273,01B,R,gaba,-1,rh,rh,18.0,153.0,0.0,379,0.047,0.0,0.0,18.0,rh->lf,both
IN20A.22A073,811343,20A/22A,R,acetylcholine,1,rh,rh,18.0,297.0,45.0,307,0.059,9.0,9.0,0.0,rh->rm rh->lh,both
IN02A057,811720,02A,L,glutamate,-1,lf,lf|rf,18.0,57.0,0.0,324,0.056,18.0,0.0,0.0,lf->rf,contralateral
IN09A057,812638,09A,R,gaba,-1,rh,rh,18.0,273.0,44.0,295,0.061,0.0,18.0,0.0,rm->rh rh->rm,ipsilateral
IN14A047,812942,14A,L,glutamate,-1,rm,rm,18.0,301.0,0.0,330,0.055,18.0,0.0,0.0,rm->lm,contralateral
IN09A047,814523,09A,R,gaba,-1,rm,rm|rh,18.0,50.0,0.0,177,0.102,0.0,18.0,0.0,rm->rh rm->rf,ipsilateral
IN14A078,815161,14A,L,glutamate,-1,rf,rf|rm,18.0,43.0,0.0,168,0.107,6.0,12.0,0.0,rf->rm rf->lf,both
IN06A116,815924,06A,R,gaba,-1,rm,rm|lm,18.0,70.0,0.0,531,0.034,12.0,0.0,6.0,rm->lm rm->lh,both
IN03A080,817270,03A,R,acetylcholine,1,rf,rf,18.0,239.0,62.0,266,0.068,0.0,9.0,9.0,rf->rm rf->lh,both
IN13B032,902442,13B,R,gaba,-1,lf,lf,18.0,894.0,42.0,1109,0.016,6.0,12.0,0.0,lf->lh lf->rf,both
INXXX262,903018,XXX (unassigned),L,acetylcholine,1,lh,lh|lm,18.0,42.0,0.0,2927,0.006,0.0,18.0,0.0,lh->lm,ipsilateral
IN20A.22A033,903238,20A/22A,L,acetylcholine,1,lm,lm,18.0,437.0,241.0,502,0.036,0.0,18.0,0.0,lm->lf lm->lh,ipsilateral
IN03A060,904720,03A,R,acetylcholine,1,rm,rm,18.0,910.0,248.0,1022,0.018,0.0,13.0,5.0,rm->rh rm->lh,ipsilateral
IN23B039,905241,23B,L,acetylcholine,1,lm,lm,18.0,131.0,0.0,750,0.024,0.0,18.0,0.0,lm->lh lm->lf,ipsilateral
IN13B089,905408,13B,R,gaba,-1,lh,lh,18.0,148.0,25.0,148,0.122,0.0,18.0,0.0,lh->lm,ipsilateral
IN01B021,906250,01B,R,gaba,-1,rf,rh|rf,18.0,28.0,0.0,91,0.198,0.0,18.0,0.0,rf->rh,ipsilateral
IN20A.22A059,907397,20A/22A,L,acetylcholine,1,lm,lm,18.0,142.0,0.0,565,0.032,0.0,10.0,8.0,lm->lh lm->rh,both
IN23B023,907650,23B,L,acetylcholine,1,lh,lh,18.0,228.0,0.0,1058,0.017,18.0,0.0,0.0,lh->rh,contralateral
"IN19B045,IN19B052",909390,19B,R,acetylcholine,1,lh|rh,lh|rh|rf,18.0,31.0,0.0,916,0.02,13.0,2.5,2.5,rh->lh lh->rh rh->rf,contralateral
IN20A.22A053,909822,20A/22A,L,acetylcholine,1,lm,lm,18.0,583.0,26.0,858,0.021,0.0,18.0,0.0,lm->lh lm->lf,ipsilateral
IN01B061,909848,01B,R,gaba,-1,rh,rh,18.0,194.0,0.0,884,0.02,18.0,0.0,0.0,rh->lh,contralateral
IN20A.22A086,910453,20A/22A,R,acetylcholine,1,rh,rh,18.0,163.0,0.0,291,0.062,13.0,5.0,0.0,rh->lh rh->rm,contralateral
IN09A074,913318,09A,R,gaba,-1,rf,rf,18.0,123.0,0.0,254,0.071,18.0,0.0,0.0,rf->lf,contralateral
IN20A.22A076,940402,20A/22A,L,acetylcholine,1,lf,lf|lh,18.0,57.0,0.0,254,0.071,8.0,10.0,0.0,lf->lh lf->rf,both
IN23B020,944318,23B,L,acetylcholine,1,lf,lf,18.0,159.0,0.0,838,0.021,0.0,18.0,0.0,lf->lm,ipsilateral
IN08A037,804455,08A,L,glutamate,-1,lh,lh,17.9,790.0,476.0,822,0.022,0.0,17.9,0.0,lm->lh lh->lm,ipsilateral
INXXX415,805860,XXX (unassigned),R,gaba,-1,lh|rh,lh|rh,17.9,36.0,0.0,667,0.027,17.9,0.0,0.0,rh->lh lh->rh,contralateral
IN14A076,812985,14A,R,glutamate,-1,lh,lh,17.9,211.0,0.0,296,0.06,0.0,0.0,17.9,rm->lh,both
IN21A096,818063,21A,L,glutamate,-1,lf|lm,lf,17.9,70.0,44.0,70,0.256,0.0,17.9,0.0,lm->lf lf->lm,ipsilateral
IN20A.22A028,910451,20A/22A,R,acetylcholine,1,rm,rm,17.9,339.0,192.0,425,0.042,0.0,5.0,12.9,lh->rm rf->rm,both
IN13A062,911592,13A,R,gaba,-1,rm,rm,17.9,265.0,243.0,270,0.066,0.0,17.9,0.0,rh->rm,ipsilateral
INXXX212,802831,XXX (unassigned),L,acetylcholine,1,lh|rh,lh|rh,17.8,39.0,16.0,2410,0.007,17.8,0.0,0.0,lh->rh rh->lh,contralateral
IN06A042,808935,06A,L,gaba,-1,rm|lh,lh|lm|rm,17.8,25.0,0.0,479,0.037,4.6,1.4,11.8,rm->lh rm->lm,both
IN06B066,809320,06B,R,gaba,-1,lm|lh,lm|lh,17.8,41.0,0.0,554,0.032,0.0,17.8,0.0,lh->lm lm->lh,ipsilateral
IN04B013,903162,04B,R,acetylcholine,1,rf,rf,17.8,227.0,36.0,305,0.058,4.7,12.8,0.3,rm->rf rf->lf,ipsilateral
IN14A055,905752,14A,L,glutamate,-1,rf,rf,17.8,72.0,0.0,153,0.117,9.6,8.2,0.0,lf->rf rm->rf,both
IN13A014,801412,13A,L,gaba,-1,lh,lh,17.7,723.0,227.0,763,0.023,0.0,17.7,0.0,lh->lm lm->lh,ipsilateral
IN06A046,804220,06A,L,gaba,-1,lh|lm,lm|lh|rm,17.7,28.0,0.0,1328,0.013,3.0,10.7,4.0,lh->lm lh->rm lm->lh,both
IN08A011,805779,08A,L,glutamate,-1,lm|lh,lm|rh,17.7,49.0,9.0,846,0.021,2.0,8.7,7.0,lh->lm lm->rh lh->rh,both
IN20A.22A051,936619,20A/22A,L,acetylcholine,1,lh,lh,17.7,171.0,139.0,228,0.077,0.0,17.7,0.0,lh->lm lf->lh,ipsilateral
INXXX402,802004,XXX (unassigned),R,acetylcholine,1,rh|lh,lh,17.6,24.0,0.0,1020,0.017,15.0,0.0,2.6,rh->lh rm->lh,contralateral
IN16B060,806885,16B,R,glutamate,-1,rf,rf,17.6,65.0,0.0,88,0.2,11.5,5.5,0.7,lf->rf rf->lf rh->rf,both
IN11A037_a,809166,11A,R,acetylcholine,1,rm|lh,rm,17.6,66.0,0.0,714,0.025,0.0,0.0,17.6,lh->rm rm->lh,both
IN13B067,812826,13B,L,gaba,-1,rm,rm,17.6,222.0,27.0,253,0.07,0.0,17.6,0.0,rh->rm,ipsilateral
INXXX053,840621,XXX (unassigned),R,gaba,-1,rh,rh,17.6,481.0,114.0,486,0.036,12.6,4.9,0.1,lh->rh rh->rm,contralateral
IN21A035,904037,21A,L,glutamate,-1,lm,lm,17.6,928.0,126.0,957,0.018,0.0,17.6,0.0,lf->lm,ipsilateral
IN04B059,905048,04B,R,acetylcholine,1,rf,rf,17.6,151.0,65.0,151,0.117,0.0,17.6,0.0,rh->rf,ipsilateral
IN17A034,805264,17A,R,acetylcholine,1,rh|rm,rm,17.5,25.0,0.0,823,0.021,0.0,17.5,0.0,rh->rm,ipsilateral
IN20A.22A033,807662,20A/22A,L,acetylcholine,1,lm,lm,17.5,434.0,209.0,510,0.034,0.0,17.5,0.0,lm->lh lm->lf lf->lm,ipsilateral
IN20A.22A067,808574,20A/22A,L,acetylcholine,1,lm,lm,17.5,329.0,82.0,364,0.048,0.0,17.5,0.0,lf->lm,ipsilateral
IN04B090,809123,04B,R,acetylcholine,1,rm,rm,17.5,243.0,46.0,299,0.058,0.0,17.5,0.0,rh->rm rm->rh,ipsilateral
IN21A073,814664,21A,L,glutamate,-1,lm|lf|rm,lm|lf|rf,17.5,24.0,0.0,159,0.11,4.1,8.0,5.4,lm->lf lm->rf lf->lm,both
IN20A.22A016,909345,20A/22A,L,acetylcholine,1,lf,lf,17.5,248.0,5.0,345,0.051,4.9,12.5,0.1,lf->lm lf->rf lm->lf,ipsilateral
IN20A.22A039,804662,20A/22A,R,acetylcholine,1,rm,rm,17.4,377.0,41.0,414,0.042,0.0,17.4,0.0,rf->rm rm->rf,ipsilateral
IN13A040,805823,13A,R,gaba,-1,rh,rh,17.4,319.0,302.0,319,0.055,0.0,17.4,0.0,rm->rh,ipsilateral
IN06B071,806315,06B,R,gaba,-1,lm|lh,lh,17.4,22.0,0.0,1082,0.016,0.0,17.4,0.0,lm->lh,ipsilateral
IN23B032,806687,23B,L,acetylcholine,1,lf,lf,17.4,187.0,0.0,392,0.044,5.4,6.9,5.1,lf->lm rf->lf lf->rm,both
IN17A067,806908,17A,L,acetylcholine,1,lh,lh|rh,17.4,34.0,0.0,578,0.03,5.7,4.5,7.2,lh->rh lh->rf lf->lh,both
IN21A087,904985,21A,L,glutamate,-1,lm|lh,lh,17.4,33.0,33.0,33,0.527,1.8,15.6,0.0,lm->lh rh->lh,ipsilateral
IN04B027,908657,04B,L,acetylcholine,1,lm,lm,17.4,539.0,321.0,573,0.03,0.0,17.4,0.0,lf->lm,ipsilateral
IN06B047,804325,06B,R,gaba,-1,lm|lh,lh|rh,17.3,20.0,0.0,1465,0.012,1.4,10.3,5.6,lm->lh lm->rh,both
IN03A077,807658,03A,L,acetylcholine,1,lh,lh,17.3,232.0,76.0,511,0.034,0.0,17.3,0.0,lm->lh,ipsilateral
INXXX199,1050443274,XXX (unassigned),L,gaba,-1,lh,lh|rh,17.3,38.0,0.0,2832,0.006,16.8,0.3,0.2,lh->rh,contralateral
IN20A.22A030,807520,20A/22A,R,acetylcholine,1,rh,rh,17.2,401.0,268.0,421,0.041,0.0,12.9,4.3,rh->rm rm->rh lf->rh,ipsilateral
INXXX290,800968,XXX (unassigned),L,unclear,0,lh|rh,rh|lm|lh,17.1,28.0,0.0,594,0.029,12.1,2.7,2.3,lh->rh lh->lm rh->lm,contralateral
IN20A.22A009,807996,20A/22A,R,acetylcholine,1,rf,rf,17.1,157.0,86.0,164,0.104,0.0,11.8,5.3,rm->rf lm->rf rh->rf,both
IN10B032,809929,10B,L,acetylcholine,1,lm|lh,lm|rf|rh,17.1,40.0,0.0,277,0.062,1.1,5.1,10.9,lh->lm lm->rh lm->rf,both
IN12B045,814222,12B,L,gaba,-1,rm,rm,17.1,130.0,55.0,145,0.118,0.0,7.1,10.0,lf->rm rh->rm,both
IN23B030,903494,23B,R,acetylcholine,1,rh,rh,17.1,193.0,0.0,977,0.017,8.9,2.1,6.1,rh->lh rh->lf rm->rh,both
IN12A062,934955,12A,L,acetylcholine,1,lm|rh|lh,lm|rm,17.1,26.0,0.0,352,0.049,3.3,5.7,8.1,rh->lm lm->rm lh->lm,both
IN14A011,802303,14A,L,glutamate,-1,rm,rm,17.0,1565.0,108.0,2059,0.008,8.0,0.0,9.0,rm->lh rm->lm,both
"IN21A023,IN21A024",803168,21A,R,glutamate,-1,rh,rh,17.0,1515.0,0.0,1996,0.009,0.0,17.0,0.0,rh->rm,ipsilateral
"IN19B045,IN19B052",803467,19B,L,acetylcholine,1,lh,lf|lh,17.0,34.0,0.0,831,0.02,0.0,17.0,0.0,lh->lf,ipsilateral
IN03A092,804159,03A,L,acetylcholine,1,lh,lh,17.0,409.0,0.0,651,0.026,0.0,17.0,0.0,lh->lm,ipsilateral
IN20A.22A042,804215,20A/22A,R,acetylcholine,1,rm,rm,17.0,542.0,49.0,636,0.027,0.0,0.0,17.0,lf->rm,both
IN00A045,804432,00A,M,gaba,-1,lh|rh,lh|rh,17.0,34.0,0.0,1532,0.011,17.0,0.0,0.0,lh->rh rh->lh,contralateral
IN17A041,804433,17A,L,glutamate,-1,lh,lh,17.0,1359.0,622.0,1443,0.012,17.0,0.0,0.0,lh->rh,contralateral
IN13B027,804500,13B,L,gaba,-1,rh,rh,17.0,586.0,0.0,976,0.017,17.0,0.0,0.0,rh->lh,contralateral
IN13A024,804832,13A,L,gaba,-1,lm,lm,17.0,575.0,0.0,1210,0.014,0.0,17.0,0.0,lm->lh,ipsilateral
INXXX399,805291,XXX (unassigned),R,gaba,-1,rh,rh|lh,17.0,49.0,0.0,1069,0.016,17.0,0.0,0.0,rh->lh,contralateral
IN03A071,806523,03A,L,acetylcholine,1,lm,lm,17.0,778.0,543.0,934,0.018,0.0,17.0,0.0,lm->lh,ipsilateral
"IN20A.22A061,IN20A.22A068",806808,20A/22A,L,acetylcholine,1,lm,lm,17.0,595.0,40.0,837,0.02,0.0,17.0,0.0,lm->lh,ipsilateral
IN23B085,807136,23B,L,acetylcholine,1,lh,lh,17.0,87.0,0.0,705,0.024,6.0,11.0,0.0,lh->lf lh->rh,both
IN20A.22A047,807639,20A/22A,L,acetylcholine,1,lh,lh,17.0,373.0,19.0,419,0.041,0.0,17.0,0.0,lh->lm,ipsilateral
IN16B051,808034,16B,L,glutamate,-1,lh,lh|rh,17.0,56.0,0.0,165,0.103,17.0,0.0,0.0,lh->rh,contralateral
IN14A090,808064,14A,L,glutamate,-1,rh,rh,17.0,477.0,0.0,669,0.025,10.0,7.0,0.0,rh->lh rh->rm,both
"IN20A.22A061,IN20A.22A066",808295,20A/22A,L,acetylcholine,1,lh,lh,17.0,304.0,57.0,451,0.038,0.0,17.0,0.0,lh->lm,ipsilateral
IN16B051,808662,16B,L,glutamate,-1,lh,lh|rh,17.0,48.0,0.0,504,0.034,17.0,0.0,0.0,lh->rh,contralateral
"IN14A042,IN14A047",808740,14A,R,glutamate,-1,lm,lm,17.0,797.0,0.0,865,0.02,0.0,17.0,0.0,lm->lf lm->lh,ipsilateral
IN20A.22A059,808861,20A/22A,L,acetylcholine,1,lm,lm|lh,17.0,86.0,0.0,450,0.038,0.0,17.0,0.0,lm->lh,ipsilateral
IN01B042,809164,01B,L,gaba,-1,lh,lh,17.0,460.0,0.0,749,0.023,0.0,0.0,17.0,lh->rm,both
IN16B075_c,809790,16B,R,glutamate,-1,rm,rm,17.0,364.0,41.0,382,0.045,0.0,17.0,0.0,rm->rh,ipsilateral
IN13A044,810834,13A,L,gaba,-1,lm,lm,17.0,177.0,57.0,306,0.056,11.0,6.0,0.0,lm->rm lm->lh,both
IN19B091,811527,19B,L,acetylcholine,1,lh,rh|lh,17.0,27.0,0.0,333,0.051,17.0,0.0,0.0,lh->rh,contralateral
IN12B058,812206,12B,R,gaba,-1,lf,lf,17.0,163.0,14.0,210,0.081,0.0,17.0,0.0,lf->lm,ipsilateral
IN03A094,814067,03A,R,acetylcholine,1,rf,rf|rm,17.0,95.0,9.0,135,0.126,0.0,17.0,0.0,rf->rm,ipsilateral
IN21A037,815501,21A,R,glutamate,-1,rf,rf|rm,17.0,105.0,40.0,152,0.112,0.0,17.0,0.0,rf->rm,ipsilateral
IN14A110,815602,14A,L,glutamate,-1,rh,rh,17.0,171.0,0.0,199,0.085,0.0,17.0,0.0,rh->rm,ipsilateral
IN01B030,816140,01B,R,gaba,-1,rh,rh,17.0,324.0,0.0,491,0.035,9.0,8.0,0.0,rh->lh rh->rm,both
IN13B079,816726,13B,R,gaba,-1,lf,lf|rh,17.0,66.0,0.0,112,0.152,0.0,0.0,17.0,lf->rh,both
IN13A029,833998,13A,R,gaba,-1,rh,rh,17.0,277.0,0.0,649,0.026,11.0,6.0,0.0,rh->lh rh->rm,both
INXXX360,902691,XXX (unassigned),L,gaba,-1,lh,lh,17.0,308.0,0.0,1140,0.015,17.0,0.0,0.0,lh->rh,contralateral
IN10B032,903084,10B,L,acetylcholine,1,lf|lm,lh|lf|lm|rh,17.0,22.0,0.0,265,0.064,0.0,12.0,5.0,lf->lh lf->rh lf->lm,ipsilateral
IN13A013,903339,13A,R,gaba,-1,lh|lm,lh|rh,17.0,31.0,0.0,973,0.017,2.7,12.0,2.3,lm->lh lh->rh lm->rh,ipsilateral
IN04B084,904690,04B,L,acetylcholine,1,lm,lm,17.0,646.0,73.0,828,0.021,12.0,5.0,0.0,lm->rm lm->lf,contralateral
INXXX319,904983,XXX (unassigned),R,gaba,-1,rh,lh|rh,17.0,24.0,0.0,2133,0.008,17.0,0.0,0.0,rh->lh,contralateral
IN04B080,905810,04B,L,acetylcholine,1,lh,lh,17.0,785.0,133.0,982,0.017,17.0,0.0,0.0,lh->rh,contralateral
IN20A.22A018,907016,20A/22A,R,acetylcholine,1,rf,rf,17.0,277.0,223.0,282,0.06,5.0,7.0,5.0,rf->rm rf->lh rf->lf,both
IN14A082,908016,14A,L,glutamate,-1,rh,rh,17.0,372.0,0.0,454,0.037,5.0,12.0,0.0,rh->rm rh->lh,ipsilateral
IN03A071,908343,03A,R,acetylcholine,1,rm,rm,17.0,755.0,518.0,879,0.019,0.0,17.0,0.0,rm->rh,ipsilateral
IN20A.22A018,908754,20A/22A,L,acetylcholine,1,lf,lf,17.0,467.0,400.0,467,0.036,5.0,7.0,5.0,lf->lm lf->rh lf->rf,both
IN03A094,909100,03A,R,acetylcholine,1,rf,rf,17.0,144.0,11.0,168,0.101,12.0,5.0,0.0,rf->lf rf->rm,contralateral
IN06A091,909417,06A,L,gaba,-1,lh,rh|lh,17.0,22.0,0.0,259,0.066,17.0,0.0,0.0,lh->rh,contralateral
IN06A012,802894,06A,L,gaba,-1,lh|lf|rf,lf|rh,16.9,20.0,0.0,1679,0.01,5.6,8.8,2.6,lh->lf lh->rh rf->lf,both
IN09A012,805777,09A,R,gaba,-1,rf|rm,rf,16.9,27.0,0.0,142,0.119,3.9,9.2,3.9,rm->rf lm->rf lf->rf,both
INXXX321,805972,XXX (unassigned),R,acetylcholine,1,rm,rm,16.9,503.0,94.0,655,0.026,0.0,16.9,0.0,rh->rm rm->rh,ipsilateral
IN12B020,808158,12B,R,gaba,-1,lf,lf,16.9,460.0,85.0,504,0.034,0.0,11.9,5.0,lm->lf lf->rh,ipsilateral
IN20A.22A045,808782,20A/22A,R,acetylcholine,1,rm,rm,16.9,300.0,136.0,380,0.045,0.0,7.4,9.6,lf->rm rh->rm,both
IN03A091,809371,03A,R,acetylcholine,1,rm,rm,16.9,385.0,228.0,429,0.039,0.0,16.9,0.0,rh->rm,ipsilateral
IN14A032,810365,14A,R,glutamate,-1,lh,lh,16.8,290.0,34.0,327,0.051,4.8,11.8,0.2,lm->lh lh->rh,ipsilateral
IN12A034,810479,12A,R,acetylcholine,1,rh|rf|rm,rh,16.8,37.0,15.0,1503,0.011,0.0,16.8,0.0,rm->rh rf->rh,ipsilateral
IN11B017_b,811567,11B,R,gaba,-1,rh|rm,rm|lh,16.8,20.0,0.0,291,0.058,5.9,8.8,2.1,rh->rm rh->lh rm->lh,both
IN17A061,905972,17A,L,acetylcholine,1,lf,lf,16.8,337.0,163.0,355,0.047,1.5,15.2,0.1,lf->lm lh->lf,ipsilateral
IN20A.22A045,809733,20A/22A,R,acetylcholine,1,rm,rm,16.7,228.0,105.0,298,0.056,0.0,7.6,9.0,lf->rm rh->rm,both
IN04B031,902792,04B,R,acetylcholine,1,rf,rf,16.7,276.0,103.0,313,0.053,16.7,0.0,0.0,lf->rf,contralateral
IN06A057,812085,06A,R,gaba,-1,lh|lm,lh|lm,16.6,30.0,0.0,267,0.062,3.0,12.7,0.9,lm->lh lh->lm rh->lh,ipsilateral
IN12A064,815576,12A,L,acetylcholine,1,lf|rf,lf,16.6,41.0,0.0,114,0.146,16.6,0.0,0.0,rf->lf lf->rf,contralateral
IN16B077,906475,16B,R,glutamate,-1,rh,rh,16.6,478.0,187.0,518,0.032,0.0,16.6,0.0,rm->rh,ipsilateral
IN03A091,908689,03A,L,acetylcholine,1,lm,lm,16.6,470.0,260.0,500,0.033,0.0,16.6,0.0,lh->lm lm->lh,ipsilateral
IN23B017,805106,23B,L,acetylcholine,1,lf,lf,16.5,137.0,0.0,986,0.017,0.0,16.5,0.0,lf->lm lm->lf,ipsilateral
IN17A049,805719,17A,L,acetylcholine,1,lh|lm,lm,16.5,22.0,0.0,675,0.024,0.0,15.8,0.7,lh->lm lf->lm,ipsilateral
IN05B072_b,807397,05B,R,gaba,-1,rm|lm,lm|rm,16.5,28.0,0.0,622,0.026,13.1,1.2,2.2,rm->lm lm->rm rh->lm,contralateral
IN13A052,808465,13A,L,gaba,-1,lm,lm,16.5,441.0,159.0,477,0.035,0.0,16.5,0.0,lm->lh lm->lf lh->lm,ipsilateral
IN12B030,809575,12B,L,gaba,-1,rf,rf,16.5,191.0,5.0,270,0.061,16.5,0.0,0.0,lf->rf,contralateral
IN01A085,813883,01A,L,acetylcholine,1,rf,rf,16.5,83.0,0.0,151,0.109,16.5,0.0,0.0,lf->rf rf->lf,contralateral
INXXX321,903390,XXX (unassigned),R,acetylcholine,1,rm,rm,16.5,464.0,97.0,584,0.028,0.0,16.5,0.0,rh->rm rm->rf,ipsilateral
IN09A013,804464,09A,R,gaba,-1,rf,rf,16.4,158.0,0.0,765,0.021,8.4,7.6,0.4,lf->rf rf->rm,both
IN08A011,805614,08A,L,glutamate,-1,lm|lh,rh|lm,16.4,21.0,10.0,1018,0.016,4.6,5.4,6.4,lm->rh lh->rh lh->lm,both
INXXX448,812029,XXX (unassigned),L,gaba,-1,lh|rm,lh|rh,16.4,35.0,0.0,315,0.052,9.0,1.7,5.7,rm->lh lh->rh rh->lh,both
IN13A053,807331,13A,L,gaba,-1,lh,lh,16.3,500.0,307.0,515,0.032,0.0,16.3,0.0,lm->lh,ipsilateral
IN06B069,810671,06B,L,gaba,-1,rh|rm,rh|rm,16.3,38.0,0.0,198,0.082,0.0,16.3,0.0,rm->rh rh->rm,ipsilateral
IN06A054,817571,06A,L,gaba,-1,lf|rf|lh,lf|rh,16.3,23.0,7.0,712,0.023,7.6,5.8,2.9,rf->lf lh->lf lf->rh,both
IN23B023,803593,23B,R,acetylcholine,1,rm,rm,16.2,214.0,0.0,884,0.018,0.0,16.2,0.0,rm->rf rh->rm,ipsilateral
IN12B023,807808,12B,R,gaba,-1,lh,lh,16.2,176.0,100.0,181,0.089,3.5,12.6,0.0,lm->lh rh->lh,ipsilateral
IN11A041,810884,11A,L,acetylcholine,1,lh|lm|lf,lh|rm,16.2,26.0,0.0,137,0.118,2.2,8.2,5.8,lm->lh lh->rm lf->lh,both
IN13A054,905597,13A,L,gaba,-1,lh,lh,16.2,568.0,326.0,603,0.027,4.5,11.7,0.0,lm->lh rh->lh,ipsilateral
IN11A035,909181,11A,L,acetylcholine,1,rm|lm|lh,rm|lh|lm,16.2,26.0,5.0,646,0.025,7.3,3.2,5.7,lm->rm rm->lh rm->lm,both
IN14A081,934576,14A,R,glutamate,-1,lf|rf,lf,16.2,72.0,0.0,153,0.106,16.2,0.0,0.0,rf->lf,contralateral
INXXX258,801328,XXX (unassigned),L,gaba,-1,rh|rm,rh|lh,16.1,29.0,0.0,2715,0.006,2.7,11.1,2.3,rm->rh rh->lh rm->lh,both
IN05B033,802429,05B,L,gaba,-1,lf|lm|rf|rm,lm|rm,16.1,22.0,0.0,1430,0.011,5.1,5.9,5.1,lf->lm rm->lm rf->lm,both
IN03A042,804557,03A,L,acetylcholine,1,lh,lh,16.1,1091.0,651.0,1149,0.014,5.6,10.5,0.0,lm->lh rh->lh,both
IN19A120,911964,19A,L,gaba,-1,lf,lf,16.1,181.0,0.0,200,0.08,0.0,10.1,6.0,lm->lf lf->rh,both
IN16B014,801055,16B,R,glutamate,-1,rf,rf,16.0,728.0,340.0,1062,0.015,11.0,5.0,0.0,rf->lf rf->rm,both
IN13B012,801718,13B,R,gaba,-1,lf,lf,16.0,955.0,518.0,965,0.017,8.6,7.3,0.0,rf->lf lm->lf,both
INXXX194,803027,XXX (unassigned),L,glutamate,-1,lf,lf,16.0,1246.0,352.0,1312,0.012,9.0,0.0,7.0,lf->rf lf->rm,both
IN03A046,803636,03A,L,acetylcholine,1,lf,lf,16.0,589.0,202.0,628,0.025,0.0,16.0,0.0,lf->lm,ipsilateral
IN13A024,804006,13A,R,gaba,-1,rm,rm,16.0,237.0,21.0,562,0.028,0.0,16.0,0.0,rm->rh,ipsilateral
INXXX339,804068,XXX (unassigned),R,acetylcholine,1,lh,lh|lm,16.0,53.0,0.0,994,0.016,0.0,16.0,0.0,lh->lm,ipsilateral
IN19B111,804150,19B,R,acetylcholine,1,lh,lh|rf|rh,16.0,28.0,0.0,1256,0.013,6.0,0.0,10.0,lh->rf lh->rh,both
IN01B023_c,804250,01B,L,gaba,-1,lm,lm,16.0,633.0,0.0,1199,0.013,0.0,16.0,0.0,lm->lf,ipsilateral
IN23B025,804523,23B,R,acetylcholine,1,rf,rm|lm|rf,16.0,21.0,0.0,453,0.035,0.0,9.0,7.0,rf->rm rf->lm,both
IN19B111,804675,19B,L,acetylcholine,1,lh,lf|lh,16.0,22.0,0.0,1098,0.015,0.0,16.0,0.0,lh->lf,ipsilateral
INXXX321,805310,XXX (unassigned),R,acetylcholine,1,rh,rh,16.0,448.0,49.0,604,0.026,7.0,9.0,0.0,rh->rm rh->lh,both
IN01B031_b,806082,01B,L,gaba,-1,lh,lh,16.0,432.0,0.0,729,0.022,0.0,16.0,0.0,lh->lm,ipsilateral
IN06A064,806283,06A,L,gaba,-1,lh,rm|lh,16.0,29.0,0.0,1166,0.014,0.0,0.0,16.0,lh->rm,both
IN13B036,806741,13B,L,gaba,-1,rh,rh,16.0,702.0,6.0,870,0.018,0.0,16.0,0.0,rh->rm,ipsilateral
IN00A063,806809,00A,M,gaba,-1,lm,rm|lm,16.0,22.0,0.0,639,0.025,16.0,0.0,0.0,lm->rm,contralateral
IN23B040,807205,23B,R,acetylcholine,1,rf,rf|rm,16.0,44.0,0.0,309,0.052,6.0,10.0,0.0,rf->rm rf->lf,both
IN23B028,807467,23B,R,acetylcholine,1,rf,rf|lf,16.0,51.0,0.0,385,0.042,16.0,0.0,0.0,rf->lf,contralateral
IN23B023,807653,23B,L,acetylcholine,1,lf,lf|rh,16.0,60.0,0.0,355,0.045,0.0,0.0,16.0,lf->rh lf->rm,both
IN06A063,807747,06A,R,glutamate,-1,rh,rh|lh,16.0,34.0,0.0,1017,0.016,16.0,0.0,0.0,rh->lh,contralateral
IN04B048,808073,04B,L,acetylcholine,1,lh,lh,16.0,490.0,90.0,549,0.029,9.0,7.0,0.0,lh->rh lh->lm,both
IN08B085_a,808085,08B,R,acetylcholine,1,rh,lm|rh,16.0,21.0,0.0,478,0.033,0.0,0.0,16.0,rh->lm,both
IN12B062,808315,12B,L,gaba,-1,rf,rf,16.0,158.0,0.0,265,0.06,0.0,16.0,0.0,rf->rm,ipsilateral
IN20A.22A047,808424,20A/22A,R,acetylcholine,1,rh,rh,16.0,332.0,24.0,337,0.047,0.0,16.0,0.0,rh->rm,ipsilateral
IN23B087,808577,23B,L,acetylcholine,1,lm,lm,16.0,144.0,0.0,617,0.026,0.0,16.0,0.0,lm->lh,ipsilateral
IN14A028,809418,14A,L,glutamate,-1,rm,rm,16.0,321.0,6.0,473,0.034,0.0,16.0,0.0,rm->rh,ipsilateral
IN20A.22A021,809646,20A/22A,L,acetylcholine,1,lh,lh,16.0,238.0,48.0,247,0.065,0.0,16.0,0.0,lh->lm,ipsilateral
IN20A.22A085,810238,20A/22A,L,acetylcholine,1,lm,lm,16.0,207.0,7.0,488,0.033,0.0,16.0,0.0,lm->lf,ipsilateral
IN16B101,810240,16B,R,glutamate,-1,rh,rh,16.0,278.0,60.0,294,0.055,0.0,16.0,0.0,rh->rm rm->rh,ipsilateral
IN08A024,810371,08A,R,glutamate,-1,rf,rf,16.0,395.0,0.0,439,0.036,16.0,0.0,0.0,rf->lf,contralateral
IN20A.22A086,810450,20A/22A,L,acetylcholine,1,lh,lh,16.0,196.0,23.0,572,0.028,0.0,16.0,0.0,lh->lm,ipsilateral
IN03A094,810451,03A,L,acetylcholine,1,lf,lf,16.0,293.0,26.0,409,0.039,7.0,9.0,0.0,lf->lm lf->rf,both
IN14A074,810467,14A,L,glutamate,-1,rh,rh,16.0,250.0,0.0,430,0.037,0.0,0.0,16.0,rh->lf,both
IN01B055,811416,01B,R,gaba,-1,rm,rm,16.0,405.0,0.0,590,0.027,0.0,0.0,16.0,rm->lf,both
IN03A097,812690,03A,L,acetylcholine,1,lh,lh,16.0,252.0,0.0,301,0.053,6.0,10.0,0.0,lh->lm lh->rh,both
IN10B038,812706,10B,R,acetylcholine,1,rh,lh|rh,16.0,27.0,0.0,143,0.112,16.0,0.0,0.0,rh->lh,contralateral
IN07B073_f,813871,07B,R,acetylcholine,1,rm,rh|rm|lh,16.0,24.0,8.0,382,0.042,0.0,11.0,5.0,rm->rh rm->lh,both
IN09A090,814696,09A,R,gaba,-1,rh,rh,16.0,136.0,5.0,203,0.079,7.0,9.0,0.0,rh->rm rh->lh,both
IN21A102,815680,21A,R,glutamate,-1,rh,rh|rm,16.0,38.0,0.0,106,0.151,0.0,16.0,0.0,rh->rm,ipsilateral
IN01B025,817254,01B,R,gaba,-1,rm,rm,16.0,411.0,17.0,859,0.019,0.0,16.0,0.0,rm->rh,ipsilateral
IN20A.22A085,817530,20A/22A,L,acetylcholine,1,lf,lf,16.0,157.0,8.0,249,0.064,0.0,0.0,16.0,lf->rh lf->rm,both
IN20A.22A071,902407,20A/22A,L,acetylcholine,1,lf,lf,16.0,239.0,11.0,448,0.036,0.0,16.0,0.0,lf->lh lf->lm,ipsilateral
IN23B039,902917,23B,R,acetylcholine,1,rm,rm,16.0,117.0,0.0,713,0.022,11.0,5.0,0.0,rm->lm rm->rh,both
IN01B064,904134,01B,L,gaba,-1,lf,lf,16.0,267.0,0.0,471,0.034,16.0,0.0,0.0,lf->rf,contralateral
IN12B040,905610,12B,L,gaba,-1,rm,rm,16.0,672.0,397.0,793,0.02,0.0,5.0,11.0,rm->lh rm->rh,both
IN01A043,906236,01A,R,acetylcholine,1,lh,lh|rh,16.0,56.0,0.0,2045,0.008,16.0,0.0,0.0,lh->rh,contralateral
IN03A062_b,906372,03A,L,acetylcholine,1,lf,lf,16.0,293.0,13.0,307,0.052,8.0,0.0,8.0,lf->rh lf->rf,both
IN21A042,906489,21A,R,glutamate,-1,rf,rf,16.0,129.0,60.0,187,0.086,0.0,16.0,0.0,rf->rm,ipsilateral
IN06B079,907275,06B,R,gaba,-1,lh,lh|rm,16.0,34.0,0.0,629,0.025,0.0,0.0,16.0,lh->rm,both
IN01B020,907337,01B,L,gaba,-1,lh,lh,16.0,566.0,0.0,914,0.018,0.0,16.0,0.0,lh->lm,ipsilateral
IN20A.22A050,909127,20A/22A,L,acetylcholine,1,lm,lm,16.0,232.0,6.0,302,0.053,0.0,16.0,0.0,lm->lf,ipsilateral
IN12B058,910768,12B,L,gaba,-1,rf,rf,16.0,118.0,0.0,163,0.098,0.0,16.0,0.0,rf->rm,ipsilateral
IN09A074,911839,09A,R,gaba,-1,rf,rf,16.0,116.0,0.0,307,0.052,11.0,0.0,5.0,rf->lf rf->lm,both
IN14A099,912257,14A,L,glutamate,-1,rm,rm,16.0,339.0,0.0,713,0.022,0.0,16.0,0.0,rm->rh rm->rf,ipsilateral
IN09A061,914632,09A,R,gaba,-1,rf,rf|rm,16.0,40.0,0.0,93,0.172,5.0,11.0,0.0,rf->rm rf->lf,both
IN13B032,933841,13B,L,gaba,-1,rm,rm,16.0,911.0,0.0,1057,0.015,0.0,16.0,0.0,rm->rf,ipsilateral
IN03A031,802695,03A,R,acetylcholine,1,rh,rh,15.9,529.0,179.0,535,0.03,8.2,7.7,0.0,lh->rh rm->rh,both
IN17A032,803011,17A,R,acetylcholine,1,rh,rh|lh,15.9,39.0,0.0,1645,0.01,15.9,0.0,0.0,rh->lh lh->rh,contralateral
IN04B102,811048,04B,L,acetylcholine,1,lf,lf,15.9,279.0,134.0,299,0.053,5.8,0.2,9.9,rh->lf lf->rf,both
IN19B068,908178,19B,L,acetylcholine,1,rh|lh,lh|rh,15.9,31.0,0.0,1842,0.009,15.9,0.0,0.0,rh->lh lh->rh,contralateral
IN11A011,807926,11A,L,acetylcholine,1,lh|lm,lh|rm,15.8,22.0,0.0,555,0.028,3.8,6.5,5.5,lh->rm lm->lh lm->rm,both
IN01B084,811328,01B,R,gaba,-1,rh,rh,15.8,135.0,0.0,385,0.041,15.8,0.0,0.0,lh->rh,contralateral
INXXX303,904010,XXX (unassigned),L,gaba,-1,lf|lh,lh,15.8,30.0,0.0,1620,0.01,0.0,15.8,0.0,lf->lh,ipsilateral
IN11A016,905194,11A,L,acetylcholine,1,lh|lf,lf|lh|rf|rm,15.8,21.0,0.0,370,0.043,0.9,5.8,9.1,lh->lf lh->rm lh->rf,both
IN20A.22A078,911824,20A/22A,R,acetylcholine,1,rm,rm,15.8,202.0,0.0,309,0.051,0.0,0.0,15.8,lf->rm,both
vMS11,805558,-,L,glutamate,-1,lh|rh|lm,rh,15.7,24.0,0.0,1270,0.012,10.2,0.0,5.5,lh->rh lm->rh,both
IN06A109,806958,06A,L,gaba,-1,lh|lm,lh,15.7,50.0,0.0,1047,0.015,1.2,10.7,3.8,lm->lh lh->rm,both
IN13B062,807511,13B,R,gaba,-1,lh,lh,15.7,258.0,16.0,577,0.027,0.0,15.7,0.0,lf->lh,ipsilateral
IN06A096,809852,06A,L,gaba,-1,lm|lh,lh,15.7,24.0,0.0,529,0.03,0.0,15.7,0.0,lm->lh,ipsilateral
INXXX423,908206,XXX (unassigned),L,acetylcholine,1,lh,lh|rh,15.7,61.0,24.0,1030,0.015,15.7,0.0,0.0,lh->rh,contralateral
IN19A056,802915,19A,L,gaba,-1,lm|rm,lm|lh,15.6,25.0,0.0,948,0.016,2.5,10.7,2.3,lm->lh rm->lm rm->lh,both
IN20A.22A005,803258,20A/22A,R,acetylcholine,1,rm,rm,15.6,1030.0,391.0,1182,0.013,15.6,0.0,0.0,lm->rm,contralateral
IN21A077,811717,21A,R,glutamate,-1,rm,rm,15.6,349.0,111.0,441,0.035,0.0,0.0,15.6,lf->rm,both
IN13B097,815443,13B,R,gaba,-1,lm,lm,15.6,231.0,64.0,242,0.064,0.0,15.6,0.0,lf->lm,ipsilateral
IN19A109_b,807187,19A,R,gaba,-1,rm|rh|lf,rm,15.5,31.0,21.0,38,0.408,2.9,6.9,5.7,rh->rm lf->rm lm->rm,both
IN20A.22A041,809079,20A/22A,R,acetylcholine,1,rh,rh,15.5,259.0,46.0,298,0.052,2.5,12.9,0.1,rh->rm lh->rh,ipsilateral
IN03A065,811757,03A,R,acetylcholine,1,rf,rf,15.5,260.0,77.0,260,0.06,0.0,15.5,0.0,rh->rf rf->rm,ipsilateral
IN03B085,813067,03B,R,gaba,-1,lf|rh|rm,rh|lh,15.5,20.0,0.0,286,0.054,2.4,5.6,7.5,lf->rh lf->lh rh->lh,both
IN11B011,905420,11B,L,gaba,-1,lm|lh,lm|lh|rh,15.5,26.0,0.0,1122,0.014,2.3,9.5,3.7,lm->lh lh->lm lm->rh,both
IN04B017,908679,04B,R,acetylcholine,1,rm,rm,15.5,321.0,42.0,617,0.025,15.5,0.0,0.0,lm->rm,contralateral
IN06A109,806449,06A,R,gaba,-1,rh|lh,rh,15.4,51.0,0.0,993,0.016,8.3,7.1,0.0,lh->rh rm->rh,both
IN08A043,808124,08A,R,glutamate,-1,rh,rh,15.4,852.0,679.0,852,0.018,0.0,15.4,0.0,rm->rh,ipsilateral
IN12A064,811980,12A,L,acetylcholine,1,lf|rf|lm,lf|rm,15.4,25.0,0.0,122,0.126,6.8,6.2,2.4,rf->lf lm->lf lf->rm,both
IN23B025,905652,23B,L,acetylcholine,1,lf,lf,15.4,113.0,0.0,631,0.024,8.4,0.6,6.4,rf->lf lf->rm,both
IN21A047_b,906363,21A,L,glutamate,-1,lh,lh,15.4,537.0,0.0,591,0.026,9.9,5.4,0.1,lh->rh lm->lh,both
vMS12_c,906378,-,L,acetylcholine,1,rh,lm|rh,15.4,22.0,0.0,1324,0.012,0.2,0.7,14.5,rh->lm,both
IN00A012,803420,00A,M,gaba,-1,lh|rm|lm|lf,lm|rm,15.3,20.0,0.0,1282,0.012,4.8,6.1,4.4,lh->lm rm->lm lf->lm,both
IN08A031,807977,08A,R,glutamate,-1,rm,rm,15.3,627.0,263.0,657,0.023,0.0,15.3,0.0,rh->rm,ipsilateral
IN08A023,809872,08A,R,glutamate,-1,rm,rm,15.3,240.0,66.0,275,0.055,0.0,15.3,0.0,rh->rm,ipsilateral
IN16B050,810680,16B,L,glutamate,-1,lf,lf,15.3,223.0,17.0,248,0.062,4.5,10.8,0.0,lm->lf rf->lf,ipsilateral
IN08A026,808311,08A,R,glutamate,-1,rm,rm,15.2,741.0,702.0,741,0.021,0.0,15.2,0.0,rh->rm,ipsilateral
IN02A059,808932,02A,R,glutamate,-1,rh|lh,lh|lm|rh,15.2,22.0,0.0,571,0.027,9.2,1.8,4.2,rh->lh rh->lm lh->lm,both
IN06B079,809204,06B,R,gaba,-1,lh|rh,lh|rm,15.2,27.0,0.0,606,0.025,8.2,2.9,4.1,rh->lh lh->rm rh->rm,both
IN20A.22A045,810886,20A/22A,R,acetylcholine,1,rm,rm,15.2,215.0,107.0,269,0.057,0.0,4.2,11.0,lf->rm rh->rm,both
IN11B021_e,817646,11B,R,gaba,-1,rh|rm,rh|rm,15.2,44.0,0.0,274,0.055,0.0,15.2,0.0,rm->rh rh->rm,ipsilateral
IN13A045,805294,13A,L,gaba,-1,lh,lh,15.1,234.0,178.0,241,0.063,3.4,8.4,3.2,lm->lh rh->lh rm->lh,both
IN09B046,807084,09B,L,glutamate,-1,rm|lm,rm|lm|rf,15.1,25.0,0.0,562,0.027,8.1,5.1,1.9,rm->rf rm->lm lm->rm,both
IN12B039,807221,12B,L,gaba,-1,rm,rm,15.1,162.0,0.0,556,0.027,0.3,4.1,10.7,rm->lh rh->rm,both
IN14A032,810847,14A,R,glutamate,-1,lh,lh,15.1,165.0,0.0,187,0.081,8.6,6.1,0.4,lh->rh lm->lh,both
IN13A045,942839,13A,R,gaba,-1,rh,rh,15.1,168.0,150.0,168,0.09,9.8,0.0,5.3,lh->rh lm->rh,both
IN13B014,800797,13B,R,gaba,-1,lm,lm,15.0,1620.0,44.0,2906,0.005,0.0,15.0,0.0,lm->lh,ipsilateral
IN04B031,801581,04B,R,acetylcholine,1,rh,rh,15.0,556.0,207.0,635,0.024,15.0,0.0,0.0,lh->rh rh->lh,contralateral
IN14A090,802645,14A,L,glutamate,-1,rh,rh,15.0,539.0,0.0,934,0.016,0.0,15.0,0.0,rh->rm,ipsilateral
IN13B093,803431,13B,R,gaba,-1,lf,lf,15.0,310.0,115.0,342,0.044,5.0,10.0,0.0,lf->lm lf->rf,both
IN12B031,803647,12B,L,gaba,-1,rh,rh,15.0,342.0,134.0,992,0.015,0.0,15.0,0.0,rh->rm,ipsilateral
IN04B015,805034,04B,R,acetylcholine,1,rf,rf,15.0,534.0,426.0,539,0.028,0.0,15.0,0.0,rh->rf rm->rf,ipsilateral
IN06A094,805144,06A,R,gaba,-1,rm,lh|rm,15.0,24.0,0.0,457,0.033,0.0,0.0,15.0,rm->lh,both
IN09A022,805726,09A,L,gaba,-1,lh,rf|lh,15.0,21.0,0.0,824,0.018,0.0,0.0,15.0,lh->rf,both
IN23B041,806642,23B,R,acetylcholine,1,rf,rf|lf,15.0,42.0,0.0,184,0.082,15.0,0.0,0.0,rf->lf,contralateral
IN01B016,806944,01B,L,gaba,-1,lh,lh,15.0,409.0,0.0,706,0.021,15.0,0.0,0.0,lh->rh,contralateral
IN14A024,808095,14A,R,glutamate,-1,lh,lh,15.0,282.0,0.0,921,0.016,6.0,0.0,9.0,lh->rf lh->rh,both
IN21A047_a,808408,21A,R,glutamate,-1,rh,rh,15.0,535.0,37.0,535,0.028,9.0,6.0,0.0,rh->lh rh->rm,both
IN06B066,808519,06B,R,gaba,-1,lm,lm|lh,15.0,52.0,0.0,791,0.019,0.0,15.0,0.0,lm->lh,ipsilateral
IN17A112,809119,17A,L,acetylcholine,1,rh,rh|rm|lm,15.0,29.0,0.0,663,0.023,0.0,8.0,7.0,rh->rm rh->lm,both
IN19A064,809390,19A,L,gaba,-1,lh,lh,15.0,149.0,10.0,206,0.073,0.0,15.0,0.0,lm->lh,ipsilateral
IN06B079,810298,06B,L,gaba,-1,rh,rh|lh,15.0,56.0,0.0,509,0.029,9.0,0.0,6.0,rh->lh rh->lm,both
IN14A063,810620,14A,L,glutamate,-1,rm,rm,15.0,316.0,0.0,372,0.04,15.0,0.0,0.0,rm->lm,contralateral
IN20A.22A085,810633,20A/22A,L,acetylcholine,1,lm,lm,15.0,244.0,0.0,545,0.028,0.0,15.0,0.0,lm->lf,ipsilateral
IN19B062,810891,19B,L,acetylcholine,1,rh|rm,rh,15.0,30.0,0.0,427,0.035,0.0,15.0,0.0,rm->rh,ipsilateral
IN20A.22A043,810953,20A/22A,L,acetylcholine,1,lm,lm,15.0,437.0,259.0,444,0.034,0.0,15.0,0.0,lm->lf lm->lh,ipsilateral
IN03A097,812076,03A,R,acetylcholine,1,rh,rh,15.0,223.0,20.0,262,0.057,0.0,15.0,0.0,rh->rm,ipsilateral
IN20A.22A089,812336,20A/22A,R,acetylcholine,1,rm,rm,15.0,160.0,0.0,274,0.055,0.0,6.8,8.2,lf->rm rh->rm,both
IN01B068,812436,01B,L,gaba,-1,lh,lh,15.0,329.0,0.0,434,0.035,0.0,0.0,15.0,lh->rm,both
IN08A041,812559,08A,L,glutamate,-1,lm,lm,15.0,343.0,148.0,417,0.036,0.0,15.0,0.0,lm->lh,ipsilateral
IN14A105,812686,14A,L,glutamate,-1,rm,rm,15.0,150.0,0.0,246,0.061,10.0,0.0,5.0,rm->lm rm->lh,both
IN01B078,812803,01B,L,gaba,-1,lh,lh|lm,15.0,37.0,0.0,378,0.04,0.0,15.0,0.0,lh->lm,ipsilateral
IN19B103,813132,19B,R,acetylcholine,1,lh|lm,lh,15.0,60.0,0.0,357,0.042,0.0,15.0,0.0,lm->lh,ipsilateral
IN12B081,814254,12B,R,gaba,-1,lf,lf|lm|rf,15.0,32.0,0.0,126,0.119,5.0,10.0,0.0,lf->lm lf->rf,both
IN09A063,814761,09A,R,gaba,-1,rf,rf,15.0,162.0,0.0,219,0.068,8.0,7.0,0.0,rf->lf rf->rm,both
IN06B066,815337,06B,L,gaba,-1,rm,rm|lm,15.0,39.0,0.0,380,0.039,10.0,5.0,0.0,rm->lm rm->rh,both
IN09B054,815759,09B,L,glutamate,-1,rm,lm|rm,15.0,21.0,0.0,98,0.153,15.0,0.0,0.0,rm->lm,contralateral
IN21A065,816671,21A,L,glutamate,-1,lf,lf,15.0,103.0,41.0,206,0.073,0.0,5.0,10.0,lf->rm lf->lm,both
IN13B076,816680,13B,R,gaba,-1,lf,lf|rh,15.0,62.0,0.0,113,0.133,0.0,0.0,15.0,lf->rh,both
IN13B026,902343,13B,L,gaba,-1,rh,rh,15.0,351.0,0.0,866,0.017,15.0,0.0,0.0,rh->lh,contralateral
IN23B032,904024,23B,R,acetylcholine,1,rf,rf|lf,15.0,69.0,0.0,224,0.067,15.0,0.0,0.0,rf->lf,contralateral
IN04B042,904122,04B,L,acetylcholine,1,lh,lh,15.0,456.0,105.0,530,0.028,0.0,15.0,0.0,lm->lh lf->lh,ipsilateral
IN14A028,905486,14A,L,glutamate,-1,rf,rf,15.0,109.0,0.0,157,0.096,15.0,0.0,0.0,rf->lf,contralateral
IN02A030,905582,02A,R,glutamate,-1,rh,rh,15.0,54.0,0.0,1436,0.01,7.0,8.0,0.0,rh->rm rh->lh,both
IN16B121,910126,16B,L,glutamate,-1,lf,lf,15.0,135.0,0.0,358,0.042,0.0,0.0,15.0,lf->rm,both
IN20A.22A071,911732,20A/22A,R,acetylcholine,1,rf,rf,15.0,96.0,8.0,263,0.057,0.0,15.0,0.0,rf->rm rf->rh,ipsilateral
IN20A.22A085,911871,20A/22A,R,acetylcholine,1,rf,rf,15.0,135.0,7.0,250,0.06,8.0,0.0,7.0,rf->lf rf->lm,both
IN16B075_b,932613,16B,L,glutamate,-1,lm,lm,15.0,738.0,50.0,769,0.02,0.0,15.0,0.0,lm->lh lm->lf,ipsilateral
IN20A.22A039,805470,20A/22A,R,acetylcholine,1,rf,rf,14.9,194.0,51.0,235,0.064,4.7,9.9,0.3,rh->rf rf->lf,both
IN12A053_a,806702,12A,L,acetylcholine,1,lh|lm,lh|lm,14.9,39.0,0.0,828,0.018,0.0,14.9,0.0,lh->lm lm->lh,ipsilateral
IN14A045,812468,14A,L,glutamate,-1,rh,rh,14.9,201.0,20.0,230,0.065,0.0,14.9,0.0,rm->rh,ipsilateral
INXXX364,903107,XXX (unassigned),R,unclear,0,rh|lm|lh,rh|lh,14.9,23.0,0.0,1677,0.009,7.3,2.7,5.0,lm->rh lh->rh rh->lh,both
IN06A066,804530,06A,R,gaba,-1,rh|lh,rh,14.8,32.0,0.0,1546,0.01,13.9,0.9,0.0,lh->rh,contralateral
IN20A.22A077,815919,20A/22A,R,acetylcholine,1,rh,rh,14.8,206.0,0.0,450,0.033,4.8,9.8,0.2,rf->rh rh->lh,both
IN23B020,800046,23B,L,acetylcholine,1,lm,lm,14.7,250.0,0.0,1871,0.008,14.7,0.0,0.0,lm->rm,contralateral
IN23B008,801979,23B,L,acetylcholine,1,lm|rm,rm,14.7,21.0,0.0,1027,0.014,14.7,0.0,0.0,lm->rm,contralateral
INXXX295,810117,XXX (unassigned),L,unclear,0,lh|rh,rh|lh,14.7,29.0,0.0,205,0.072,14.7,0.0,0.0,lh->rh rh->lh,contralateral
IN21A048,810815,21A,L,glutamate,-1,lh,lh,14.7,513.0,135.0,526,0.028,0.0,14.7,0.0,lm->lh,ipsilateral
IN06A035,803365,06A,R,gaba,-1,rh|rm,rh|lh,14.6,28.0,0.0,1396,0.01,4.1,8.6,1.9,rm->rh rh->lh rm->lh,both
IN12A062,809098,12A,L,acetylcholine,1,lm|rh,lm|rh,14.6,30.0,0.0,383,0.038,0.0,0.0,14.6,lm->rh rh->lm,both
IN13A038,811316,13A,R,gaba,-1,rf,rf,14.6,208.0,6.0,246,0.06,8.6,5.7,0.3,lf->rf rf->rm,both
INXXX473,907558,XXX (unassigned),R,gaba,-1,lh|rh,rh,14.6,27.0,0.0,1185,0.012,14.6,0.0,0.0,lh->rh,contralateral
IN09A074,809211,09A,R,gaba,-1,rm,rm,14.5,226.0,0.0,584,0.025,0.0,14.5,0.0,rf->rm rm->rh,ipsilateral
IN19B090,809710,19B,R,acetylcholine,1,lh|lf,lh,14.5,34.0,0.0,494,0.029,0.0,12.0,2.5,lf->lh rm->lh lm->lh,ipsilateral
IN16B082,811267,16B,L,glutamate,-1,lf,lf,14.5,290.0,46.0,320,0.045,0.0,14.5,0.0,lh->lf lm->lf,ipsilateral
IN06A116,812182,06A,L,gaba,-1,rm|lm,lm|lh|rm,14.5,21.0,0.0,285,0.051,8.5,1.0,5.0,rm->lm rm->lh,both
IN17A072,807867,17A,L,acetylcholine,1,lh|rh|lf,lh,14.4,28.0,0.0,808,0.018,9.3,5.0,0.0,rh->lh lf->lh,both
IN12B069,808601,12B,R,gaba,-1,lf|lm|rh,lf,14.4,27.0,0.0,514,0.028,0.0,8.1,6.3,lm->lf rh->lf,both
IN10B038,809043,10B,L,acetylcholine,1,lm,lm,14.4,83.0,0.0,383,0.038,0.0,14.4,0.0,lm->lh lh->lm,ipsilateral
IN09A066,906017,09A,R,gaba,-1,rm,rm,14.4,172.0,0.0,453,0.032,0.0,14.4,0.0,rh->rm,ipsilateral
IN14A021,910358,14A,L,glutamate,-1,rf|lf,rf,14.4,47.0,0.0,119,0.121,14.4,0.0,0.0,lf->rf,contralateral
IN05B011b,807376,05B,R,gaba,-1,lf|rf|lh,lf,14.3,21.0,0.0,3171,0.005,4.1,6.1,4.1,rf->lf lh->lf lm->lf,both
INXXX438,809441,XXX (unassigned),R,gaba,-1,rh,rh|lh,14.3,46.0,0.0,390,0.037,8.8,4.3,1.2,rh->lh rm->rh,both
IN08A026,809701,08A,R,glutamate,-1,rm,rm,14.3,365.0,326.0,373,0.038,0.0,14.3,0.0,rf->rm rh->rm,ipsilateral
IN21A056,904717,21A,R,glutamate,-1,rm,rm,14.3,392.0,30.0,434,0.033,0.0,0.0,14.3,lh->rm,both
IN00A031,802972,00A,M,gaba,-1,lf|rf,lf|rm,14.2,28.0,0.0,1242,0.011,6.3,3.7,4.3,rf->lf lf->rm lh->lf,both
IN04B054_a,804041,04B,R,acetylcholine,1,rh,rh,14.2,456.0,111.0,814,0.018,0.0,14.2,0.0,rm->rh,ipsilateral
IN04B071,804183,04B,L,acetylcholine,1,lm,lm,14.2,244.0,174.0,290,0.049,0.0,14.2,0.0,lh->lm,ipsilateral
IN13B024,804927,13B,R,gaba,-1,lm,lm,14.2,1049.0,0.0,1124,0.013,0.0,14.2,0.0,lh->lm lm->lf,ipsilateral
vMS11,805535,-,R,glutamate,-1,rh|lh,lh|rh,14.2,24.0,0.0,1095,0.013,14.2,0.0,0.0,rh->lh lh->rh,contralateral
IN11A035,806173,11A,R,acetylcholine,1,rm|lm|rh,rm|lm|lh,14.2,20.0,0.0,512,0.028,6.1,3.9,4.1,lm->rm rm->lm rm->lh,both
IN06A119,808878,06A,L,gaba,-1,lh|rh,lh,14.2,37.0,0.0,759,0.019,14.2,0.0,0.0,rh->lh,contralateral
IN13A068,812519,13A,L,gaba,-1,lh,lh,14.2,273.0,246.0,273,0.052,0.0,14.2,0.0,lm->lh,ipsilateral
IN16B060,909148,16B,L,glutamate,-1,lf,lf,14.2,158.0,7.0,205,0.069,6.2,8.0,0.0,lm->lf rf->lf,both
IN14A008,804472,14A,L,glutamate,-1,rh,rh,14.1,673.0,196.0,905,0.016,14.1,0.0,0.0,lh->rh rh->lh,contralateral
IN14A037,810842,14A,L,glutamate,-1,rm,rm,14.1,373.0,18.0,384,0.037,4.9,9.1,0.1,rh->rm rm->lm,both
IN20A.22A009,908352,20A/22A,R,acetylcholine,1,rm,rm,14.1,270.0,141.0,310,0.046,0.0,14.1,0.0,rh->rm,ipsilateral
IN13A062,909616,13A,R,gaba,-1,rm,rm,14.1,191.0,186.0,201,0.07,0.0,14.1,0.0,rh->rm,ipsilateral
IN13B063,802035,13B,L,gaba,-1,rm,rm,14.0,352.0,15.0,554,0.025,0.0,14.0,0.0,rm->rh,ipsilateral
INXXX297,802188,XXX (unassigned),R,acetylcholine,1,rh,rh,14.0,238.0,0.0,2305,0.006,14.0,0.0,0.0,rh->lh,contralateral
IN23B017,802833,23B,R,acetylcholine,1,rh,rh|lm,14.0,89.0,0.0,1671,0.008,0.0,0.0,14.0,rh->lm,both
INXXX256,803347,XXX (unassigned),R,gaba,-1,lh,lh,14.0,106.0,0.0,1540,0.009,14.0,0.0,0.0,lh->rh,contralateral
IN20A.22A063,803678,20A/22A,L,acetylcholine,1,lm,lm,14.0,131.0,0.0,365,0.038,14.0,0.0,0.0,lm->rm,contralateral
IN17A065,804826,17A,L,acetylcholine,1,lf,lf,14.0,979.0,138.0,1024,0.014,0.0,14.0,0.0,lf->lm,ipsilateral
IN03A062_c,805208,03A,R,acetylcholine,1,rh,rh,14.0,767.0,6.0,804,0.017,5.0,0.0,9.0,rh->lf rh->lh,both
IN17A064,805220,17A,L,acetylcholine,1,lm|lh,lm,14.0,29.0,0.0,707,0.02,0.0,13.4,0.6,lh->lm lf->lm,ipsilateral
IN23B041,805886,23B,R,acetylcholine,1,rm,rm,14.0,191.0,0.0,657,0.021,0.0,14.0,0.0,rm->rh,ipsilateral
IN14A023,805996,14A,L,glutamate,-1,rm,rm,14.0,1028.0,0.0,1117,0.013,5.0,9.0,0.0,rm->rh rm->lm,both
IN03A064,806029,03A,R,acetylcholine,1,rh,rh,14.0,536.0,190.0,646,0.022,14.0,0.0,0.0,lh->rh rh->lh,contralateral
IN08B083_c,806504,08B,R,acetylcholine,1,lh,lm|lh|lf,14.0,20.0,0.0,719,0.019,0.0,14.0,0.0,lh->lm lh->lf,ipsilateral
IN10B030,807268,10B,R,acetylcholine,1,rh,rh|lm|lh,14.0,35.0,0.0,647,0.022,6.0,0.0,8.0,rh->lm rh->lh,both
IN13B029,807577,13B,R,gaba,-1,lm,lm,14.0,221.0,0.0,559,0.025,0.0,14.0,0.0,lm->lf,ipsilateral
IN20A.22A070,808062,20A/22A,L,acetylcholine,1,lm,lm,14.0,268.0,0.0,717,0.02,0.0,14.0,0.0,lm->lh,ipsilateral
IN12B058,808190,12B,L,gaba,-1,rf,rf,14.0,170.0,0.0,186,0.075,0.0,14.0,0.0,rf->rm,ipsilateral
IN21A047_a,808348,21A,L,glutamate,-1,lh,lh,14.0,413.0,39.0,454,0.031,5.0,9.0,0.0,lh->lm lh->rh,both
IN23B035,808534,23B,L,acetylcholine,1,lh,rh|lh,14.0,20.0,0.0,498,0.028,14.0,0.0,0.0,lh->rh,contralateral
IN09A078,808543,09A,L,gaba,-1,lh,lh|rf,14.0,69.0,0.0,689,0.02,0.0,0.0,14.0,lh->rf,both
IN13B035,809103,13B,R,gaba,-1,lm,lm,14.0,552.0,0.0,646,0.022,0.0,14.0,0.0,lm->lh,ipsilateral
IN07B074,809113,07B,R,acetylcholine,1,rm,rm|lh,14.0,42.0,20.0,493,0.028,0.0,0.0,14.0,rm->lh,both
IN04B048,809268,04B,R,acetylcholine,1,rh,rh,14.0,352.0,73.0,415,0.034,14.0,0.0,0.0,rh->lh,contralateral
IN16B070,810072,16B,L,glutamate,-1,lf,lf,14.0,320.0,89.0,352,0.04,6.0,8.0,0.0,lf->lm lf->rf,both
IN01B042,810718,01B,L,gaba,-1,lh,lh,14.0,308.0,0.0,760,0.018,0.0,0.0,14.0,lh->rm,both
IN16B084,811556,16B,L,glutamate,-1,lh,rh|lh,14.0,21.0,0.0,363,0.039,14.0,0.0,0.0,lh->rh,contralateral
IN23B050,811651,23B,R,acetylcholine,1,rf,rf|lf,14.0,62.0,0.0,219,0.064,14.0,0.0,0.0,rf->lf,contralateral
IN20A.22A067,811735,20A/22A,L,acetylcholine,1,lh,lh,14.0,254.0,32.0,276,0.051,0.0,14.0,0.0,lh->lm,ipsilateral
IN12B072,811836,12B,R,gaba,-1,lf,lf,14.0,217.0,0.0,273,0.051,14.0,0.0,0.0,lf->rf,contralateral
IN20A.22A071,812290,20A/22A,R,acetylcholine,1,rf,rf,14.0,190.0,0.0,340,0.041,8.0,6.0,0.0,rf->lf rf->rm,both
IN11B020,812515,11B,R,gaba,-1,rh,rh|rm,14.0,72.0,0.0,582,0.024,0.0,14.0,0.0,rh->rm,ipsilateral
IN01A082,813452,01A,L,acetylcholine,1,rh,rh,14.0,239.0,89.0,244,0.057,6.0,8.0,0.0,rh->rm rh->lh,both
IN14A118,813870,14A,R,glutamate,-1,lm,lm,14.0,185.0,0.0,426,0.033,14.0,0.0,0.0,lm->rm,contralateral
IN13A055,815230,13A,R,gaba,-1,rm,rm,14.0,153.0,16.0,301,0.047,0.0,14.0,0.0,rm->rh,ipsilateral
IN20A.22A086,817607,20A/22A,R,acetylcholine,1,rh,rh,14.0,192.0,19.0,390,0.036,5.0,9.0,0.0,rh->rm rh->lh,both
IN23B025,904199,23B,L,acetylcholine,1,lm,lm,14.0,222.0,0.0,1585,0.009,14.0,0.0,0.0,lm->rm,contralateral
IN23B043,904739,23B,L,acetylcholine,1,lm,lm,14.0,307.0,0.0,1341,0.01,0.0,14.0,0.0,lm->lh,ipsilateral
IN20A.22A089,905722,20A/22A,L,acetylcholine,1,lf,lf,14.0,131.0,0.0,247,0.057,6.0,0.0,8.0,lf->rh lf->rf,both
INXXX221,906246,XXX (unassigned),R,unclear,0,lh,lh|rh,14.0,53.0,0.0,1577,0.009,14.0,0.0,0.0,lh->rh,contralateral
IN03A076,906293,03A,R,acetylcholine,1,rm,rm,14.0,325.0,109.0,615,0.023,0.0,7.0,7.0,rm->rh rm->lh,both
IN04B078,908168,04B,L,acetylcholine,1,lh,lh,14.0,620.0,35.0,1041,0.013,5.0,9.0,0.0,lh->lm lh->rh,both
IN20A.22A070,908761,20A/22A,L,acetylcholine,1,lm,lm,14.0,151.0,0.0,661,0.021,5.0,9.0,0.0,lm->lh lm->rm,both
IN19B073,909696,19B,R,acetylcholine,1,rh,lh|rh,14.0,24.0,0.0,420,0.033,14.0,0.0,0.0,rh->lh,contralateral
IN12B072,909948,12B,R,gaba,-1,lf,lf,14.0,178.0,0.0,200,0.07,14.0,0.0,0.0,lf->rf,contralateral
IN06B066,910202,06B,L,gaba,-1,rh,rh|lm|lh,14.0,32.0,0.0,812,0.017,6.0,0.0,8.0,rh->lm rh->lh,both
IN23B085,911026,23B,L,acetylcholine,1,lm,lm,14.0,186.0,0.0,754,0.019,0.0,14.0,0.0,lm->lh,ipsilateral
"IN14A042,IN14A047",911130,14A,R,glutamate,-1,lf,lf,14.0,311.0,0.0,342,0.041,9.0,0.0,5.0,lf->rf lf->rh,both
IN23B043,933337,23B,R,acetylcholine,1,rf,rf,14.0,87.0,0.0,538,0.026,0.0,14.0,0.0,rf->rm rf->rh,ipsilateral
IN20A.22A085,940282,20A/22A,L,acetylcholine,1,lf,lf,14.0,133.0,0.0,204,0.069,7.0,0.0,7.0,lf->rm lf->rf,both
IN20A.22A076,940469,20A/22A,L,acetylcholine,1,lf,lf|lh,14.0,39.0,0.0,267,0.052,0.0,14.0,0.0,lf->lh,ipsilateral
IN20A.22A007,1050591428,20A/22A,R,acetylcholine,1,rf,rf,14.0,670.0,257.0,816,0.017,0.0,14.0,0.0,rf->rm,ipsilateral
IN20A.22A088,1057841935,20A/22A,L,acetylcholine,1,lh|lf,lh,14.0,63.0,39.0,63,0.222,0.0,14.0,0.0,lf->lh,ipsilateral
IN13A041,811903,13A,L,gaba,-1,lf,lf,13.9,357.0,242.0,357,0.039,0.0,13.9,0.0,lh->lf,ipsilateral
IN08A026,813199,08A,R,glutamate,-1,rm,rm,13.9,383.0,200.0,401,0.035,0.0,13.9,0.0,rm->rh rh->rm,ipsilateral
IN21A095,913216,21A,R,glutamate,-1,rm,rm,13.9,78.0,58.0,78,0.178,8.5,5.4,0.0,lm->rm rh->rm,both
IN06A109,804739,06A,R,gaba,-1,rh,lh|rh,13.8,23.0,0.0,1292,0.011,11.5,1.0,1.3,rh->lh,contralateral
IN06B077,805349,06B,L,gaba,-1,rh|lh,rh,13.8,50.0,0.0,902,0.015,13.8,0.0,0.0,lh->rh,contralateral
IN17A078,809997,17A,R,acetylcholine,1,rm|rh,rh|rm,13.8,27.0,0.0,280,0.049,0.0,13.8,0.0,rm->rh rh->rm,ipsilateral
IN09B047,810318,09B,L,glutamate,-1,rf|lf,lf|rf,13.8,23.0,0.0,275,0.05,11.4,0.7,1.7,rf->lf lf->rf rh->lf,contralateral
IN04B057,804965,04B,R,acetylcholine,1,rm,rm,13.7,556.0,26.0,796,0.017,0.0,0.0,13.7,lh->rm,both
IN17A078,807245,17A,L,acetylcholine,1,lm|lh,lm,13.7,41.0,0.0,441,0.031,0.0,13.7,0.0,lh->lm,ipsilateral
IN08A041,814068,08A,L,glutamate,-1,lm,lm,13.7,229.0,168.0,290,0.047,0.0,13.7,0.0,lf->lm,ipsilateral
vMS11,908654,-,L,glutamate,-1,lh|rh,rh,13.7,21.0,0.0,1362,0.01,13.7,0.0,0.0,lh->rh,contralateral
IN21A093,911560,21A,L,glutamate,-1,lh|lm|rm,lh,13.7,23.0,13.0,69,0.198,0.0,8.6,5.0,lm->lh rm->lh,both
INXXX387,806917,XXX (unassigned),L,acetylcholine,1,lh,lh,13.6,74.0,0.0,573,0.024,6.0,7.1,0.5,lh->rh lm->lh lf->lh,both
IN06B069,809455,06B,R,gaba,-1,lh|lm,lh,13.6,25.0,0.0,248,0.055,0.0,13.6,0.0,lm->lh lf->lh,ipsilateral
IN13A028,813953,13A,R,gaba,-1,rh,rh,13.6,140.0,0.0,140,0.097,0.0,13.6,0.0,rm->rh,ipsilateral
IN21A035,905213,21A,L,glutamate,-1,lh,lh,13.6,701.0,45.0,809,0.017,0.0,13.6,0.0,lm->lh lf->lh,ipsilateral
IN19B077,907976,19B,R,acetylcholine,1,lh|lm,lh,13.6,50.0,0.0,655,0.021,0.0,13.6,0.0,lm->lh lh->lm,ipsilateral
IN08B075,805516,08B,L,acetylcholine,1,lm|lh|rh,lm|rh,13.5,20.0,8.0,866,0.016,3.4,4.6,5.4,lh->lm lm->rh lh->rh,both
IN08A037,807909,08A,L,glutamate,-1,lh,lh,13.5,638.0,381.0,658,0.021,0.0,13.5,0.0,lm->lh,ipsilateral
IN03A077,808886,03A,R,acetylcholine,1,rh,rh,13.5,301.0,92.0,414,0.033,0.0,0.0,13.5,lm->rh,both
IN16B090,810076,16B,R,glutamate,-1,rm,rm,13.5,301.0,59.0,312,0.043,0.0,13.5,0.0,rh->rm,ipsilateral
IN20A.22A016,906001,20A/22A,R,acetylcholine,1,rf,rf,13.5,238.0,25.0,301,0.045,13.5,0.0,0.0,lf->rf,contralateral
IN20A.22A004,908389,20A/22A,R,acetylcholine,1,rf,rf,13.5,418.0,249.0,502,0.027,13.5,0.0,0.0,lf->rf,contralateral
IN08A030,912161,08A,R,glutamate,-1,rf,rf,13.5,209.0,36.0,209,0.065,0.0,13.5,0.0,rh->rf,ipsilateral
IN20A.22A039,803956,20A/22A,L,acetylcholine,1,lm,lm,13.4,378.0,21.0,462,0.029,0.0,13.4,0.0,lf->lm lm->lf,ipsilateral
IN03A066,806715,03A,L,acetylcholine,1,lf,lf,13.4,528.0,344.0,541,0.025,0.0,13.4,0.0,lh->lf lm->lf,ipsilateral
IN20A.22A033,809485,20A/22A,R,acetylcholine,1,rm,rm,13.4,214.0,121.0,254,0.053,0.1,5.0,8.3,rm->rf rm->lh lf->rm,both
IN04B062,806664,04B,L,acetylcholine,1,lh,lh,13.3,479.0,150.0,571,0.023,8.9,4.3,0.1,lh->rh lm->lh,both
IN03B058,807403,03B,R,gaba,-1,rh|lh,rh,13.3,39.0,0.0,573,0.023,10.5,2.5,0.4,lh->rh rh->lh rm->rh,contralateral
IN20A.22A059,809802,20A/22A,R,acetylcholine,1,rh,rh,13.3,115.0,0.0,344,0.039,5.6,7.3,0.4,rm->rh rh->lh,both
IN04B102,810880,04B,R,acetylcholine,1,rf,rf,13.3,169.0,82.0,169,0.079,0.0,13.3,0.0,rm->rf,ipsilateral
IN20A.22A028,907820,20A/22A,L,acetylcholine,1,lm,lm,13.3,586.0,321.0,658,0.02,0.0,13.3,0.0,lf->lm,ipsilateral
IN08A026,810101,08A,R,glutamate,-1,rm,rm,13.2,495.0,478.0,495,0.027,0.0,13.2,0.0,rh->rm,ipsilateral
IN01B002,801406,01B,L,gaba,-1,lh|rh,lh|rh,13.1,32.0,0.0,2241,0.006,13.0,0.0,0.0,rh->lh lh->rh,contralateral
IN08B051_c,807757,08B,L,acetylcholine,1,rm,rh|rm,13.1,20.0,0.0,668,0.02,1.1,10.3,1.7,rm->rh lm->rh,ipsilateral
IN03A069,809815,03A,R,acetylcholine,1,rf,rf,13.1,136.0,34.0,215,0.061,5.5,7.6,0.0,rm->rf lf->rf,both
IN21A077,810806,21A,R,glutamate,-1,rm,rm,13.1,365.0,110.0,440,0.03,0.0,0.0,13.1,lf->rm,both
IN17A078,811531,17A,L,acetylcholine,1,lm|lh,lm,13.1,27.0,0.0,351,0.037,0.0,13.1,0.0,lh->lm,ipsilateral
IN20A.22A021,904125,20A/22A,L,acetylcholine,1,lh,lh,13.1,151.0,22.0,156,0.084,0.0,13.1,0.0,lf->lh lh->lm,ipsilateral
INXXX258,905507,XXX (unassigned),R,gaba,-1,rh|lh,rh,13.1,45.0,0.0,1971,0.007,13.1,0.0,0.0,lh->rh rh->lh,contralateral
IN13A008,800189,13A,R,gaba,-1,rm,rm,13.0,393.0,0.0,3018,0.004,0.0,8.0,5.0,rm->rh rm->lh,both
IN23B020,801889,23B,R,acetylcholine,1,rf,rf|lm,13.0,38.0,0.0,584,0.022,0.0,5.0,8.0,rf->lm rf->rm,both
IN12B025,803306,12B,R,gaba,-1,lf,lf,13.0,229.0,43.0,282,0.046,0.0,0.0,13.0,lf->rh,both
IN03A024,803540,03A,L,acetylcholine,1,lf,lf,13.0,719.0,501.0,876,0.015,0.0,13.0,0.0,lf->lm,ipsilateral
IN23B045,803568,23B,R,acetylcholine,1,rh,lm|rh,13.0,21.0,0.0,527,0.025,0.0,0.0,13.0,rh->lm,both
IN03A062_c,803603,03A,L,acetylcholine,1,lf,lf,13.0,409.0,86.0,425,0.031,13.0,0.0,0.0,lf->rf rf->lf,contralateral
IN10B032,803769,10B,L,acetylcholine,1,lh,lh|rh,13.0,51.0,0.0,550,0.024,8.0,0.0,5.0,lh->rh lh->rm,both
IN16B037,804728,16B,L,glutamate,-1,lh,lh|rh,13.0,35.0,0.0,1869,0.007,13.0,0.0,0.0,lh->rh,contralateral
IN13B035,805556,13B,R,gaba,-1,lf,lf,13.0,386.0,0.0,481,0.027,0.0,13.0,0.0,lf->lh,ipsilateral
IN20A.22A041,805565,20A/22A,L,acetylcholine,1,lh,lh,13.0,173.0,41.0,186,0.07,0.0,13.0,0.0,lh->lm,ipsilateral
IN01B069_b,805806,01B,L,gaba,-1,lf,lf,13.0,205.0,0.0,383,0.034,6.0,0.0,7.0,lf->rm lf->rf,both
IN09A034,806048,09A,L,gaba,-1,lh,lh,13.0,585.0,0.0,1016,0.013,13.0,0.0,0.0,lh->rh,contralateral
IN20A.22A060,806406,20A/22A,R,acetylcholine,1,rh,rh,13.0,456.0,305.0,466,0.028,6.0,7.0,0.0,rh->rm rh->lh,both
IN14A078,806672,14A,R,glutamate,-1,lm,lm,13.0,461.0,13.0,987,0.013,13.0,0.0,0.0,lm->rm,contralateral
IN01B016,806929,01B,R,gaba,-1,rh,rh,13.0,508.0,23.0,788,0.016,13.0,0.0,0.0,rh->lh,contralateral
IN01B033,807709,01B,L,gaba,-1,lm,lm,13.0,318.0,0.0,693,0.019,0.0,13.0,0.0,lm->lf lm->lh,ipsilateral
IN19B086,807770,19B,R,acetylcholine,1,rh,lm|rh|rm,13.0,20.0,0.0,374,0.035,0.0,6.0,7.0,rh->lm rh->rm,both
IN20A.22A053,807922,20A/22A,L,acetylcholine,1,lm,lm,13.0,436.0,23.0,708,0.018,0.0,13.0,0.0,lm->lh lm->lf,ipsilateral
IN14A090,808561,14A,R,glutamate,-1,lm,lm,13.0,441.0,0.0,760,0.017,0.0,13.0,0.0,lm->lf,ipsilateral
IN20A.22A060,810087,20A/22A,L,acetylcholine,1,lh,lh,13.0,206.0,156.0,225,0.058,6.0,7.0,0.0,lh->lm lh->rh,both
IN20A.22A067,810161,20A/22A,R,acetylcholine,1,rh,rh,13.0,228.0,32.0,228,0.057,0.0,13.0,0.0,rh->rm,ipsilateral
IN16B086,810244,16B,L,glutamate,-1,lh,lh,13.0,321.0,36.0,371,0.035,8.0,5.0,0.0,lh->rh lh->lm,both
IN20A.22A065,810613,20A/22A,L,acetylcholine,1,lm,lm,13.0,439.0,46.0,463,0.028,0.0,13.0,0.0,lm->lf lm->lh,ipsilateral
IN20A.22A049,810662,20A/22A,R,acetylcholine,1,rf,rf,13.0,255.0,5.0,318,0.041,13.0,0.0,0.0,rf->lf,contralateral
INXXX443,811850,XXX (unassigned),L,gaba,-1,lh,lh|rh,13.0,27.0,0.0,436,0.03,13.0,0.0,0.0,lh->rh,contralateral
IN09A050,811912,09A,L,gaba,-1,lf,lf,13.0,113.0,8.0,325,0.04,7.0,6.0,0.0,lf->rf lf->lm,both
IN01A067,812065,01A,R,acetylcholine,1,lf,lf,13.0,233.0,19.0,244,0.053,0.0,0.0,13.0,lf->rh,both
IN01B066,812189,01B,L,gaba,-1,lf,lf,13.0,263.0,0.0,366,0.036,8.0,0.0,5.0,lf->rf lf->rh,both
IN20A.22A050,812849,20A/22A,R,acetylcholine,1,rm,rm,13.0,229.0,38.0,239,0.054,0.0,13.0,0.0,rm->rh,ipsilateral
IN03B094,813403,03B,L,gaba,-1,lh,lh|lf,13.0,50.0,0.0,325,0.04,5.0,8.0,0.0,lh->lf lh->rh,both
IN12B058,813535,12B,R,gaba,-1,lf,lf,13.0,122.0,7.0,168,0.077,0.0,13.0,0.0,lf->lm,ipsilateral
IN09A090,815284,09A,L,gaba,-1,lh,lh,13.0,188.0,51.0,255,0.051,0.0,13.0,0.0,lh->lm,ipsilateral
IN01A087_a,815713,01A,R,acetylcholine,1,lh,lh|rm,13.0,40.0,0.0,120,0.108,0.0,0.0,13.0,lh->rm,both
IN21A042,820194,21A,L,glutamate,-1,lf,lf,13.0,105.0,61.0,120,0.108,8.0,5.0,0.0,lf->rf lf->lm,both
IN13A075,902602,13A,R,gaba,-1,rm,rm,13.0,147.0,0.0,261,0.05,0.0,13.0,0.0,rm->rh,ipsilateral
INXXX201,904955,XXX (unassigned),L,acetylcholine,1,rh,rh|lh,13.0,69.0,0.0,1281,0.01,13.0,0.0,0.0,rh->lh,contralateral
IN03A094,906196,03A,R,acetylcholine,1,rf,rf,13.0,64.0,0.0,98,0.133,8.0,5.0,0.0,rf->lf rf->rm,both
IN04B054_a,906384,04B,L,acetylcholine,1,lh,lh,13.0,439.0,122.0,703,0.018,6.0,7.0,0.0,lh->lm lh->rh,both
IN01B016,908209,01B,R,gaba,-1,rh,rh,13.0,495.0,21.0,749,0.017,13.0,0.0,0.0,rh->lh,contralateral
IN16B086,909055,16B,R,glutamate,-1,rh,rh,13.0,491.0,122.0,501,0.026,0.0,13.0,0.0,rh->rm,ipsilateral
IN13B076,909262,13B,L,gaba,-1,rh,rh,13.0,198.0,0.0,391,0.033,5.0,8.0,0.0,rh->rm rh->lh,both
IN20A.22A092,915192,20A/22A,L,acetylcholine,1,lf,lf,13.0,94.0,0.0,143,0.091,0.0,8.0,5.0,lf->lm lf->rh,both
IN19A100,933139,19A,L,gaba,-1,lh,lh,13.0,205.0,0.0,271,0.048,0.0,13.0,0.0,lh->lm,ipsilateral
IN14A105,934291,14A,R,glutamate,-1,lm,lm,13.0,147.0,0.0,237,0.055,0.0,13.0,0.0,lm->lf,ipsilateral
IN20A.22A021,804312,20A/22A,L,acetylcholine,1,lm,lm,12.9,421.0,142.0,438,0.029,0.0,12.9,0.0,lf->lm lm->lh,ipsilateral
IN23B008,804594,23B,R,acetylcholine,1,lm|rm,lm|lf|rm,12.9,21.0,0.0,1102,0.012,7.9,2.6,2.4,rm->lm lm->rm lm->lf,both
IN23B062,810131,23B,R,acetylcholine,1,rf|rh,rf|rh,12.9,23.0,0.0,248,0.052,0.0,9.7,3.2,rf->rh rh->rf lm->rf,ipsilateral
IN13B044,810562,13B,R,gaba,-1,lf,lf,12.9,210.0,0.0,355,0.036,12.9,0.0,0.0,rf->lf,contralateral
IN16B061,812945,16B,L,glutamate,-1,lf,lf,12.9,270.0,229.0,270,0.048,12.9,0.0,0.0,lf->rf rf->lf,contralateral
IN04B031,908560,04B,L,acetylcholine,1,lf,lf,12.8,419.0,177.0,446,0.029,12.8,0.0,0.0,rf->lf,contralateral
IN03A031,804026,03A,L,acetylcholine,1,lm,lm,12.7,741.0,278.0,836,0.015,12.7,0.0,0.0,lm->rm rm->lm,contralateral
IN20A.22A009,804053,20A/22A,L,acetylcholine,1,lm,lm,12.7,415.0,190.0,458,0.028,0.0,12.7,0.0,lh->lm,ipsilateral
IN08A031,808985,08A,R,glutamate,-1,rm,rm,12.7,453.0,252.0,459,0.028,0.0,12.7,0.0,rh->rm,ipsilateral
IN20A.22A030,809229,20A/22A,R,acetylcholine,1,rm,rm,12.7,207.0,69.0,265,0.048,0.0,12.7,0.0,rh->rm rf->rm,ipsilateral
IN21A050,809419,21A,R,glutamate,-1,rm,rm,12.7,184.0,0.0,258,0.049,6.8,5.7,0.2,rm->lm rf->rm,both
IN01B006,802338,01B,R,gaba,-1,rh,rh,12.6,95.0,0.0,1561,0.008,3.6,8.7,0.3,rh->rm lh->rh rm->rh,both
IN06B069,809465,06B,R,gaba,-1,lh|lm,lm|lh,12.6,23.0,0.0,469,0.027,0.0,12.6,0.0,lh->lm lm->lh,ipsilateral
IN19A109_a,813211,19A,R,gaba,-1,rm,rm,12.6,98.0,37.0,129,0.098,0.0,4.2,8.4,rh->rm lh->rm lf->rm,both
IN21A087,814890,21A,R,glutamate,-1,rh|rm,rh,12.6,54.0,40.0,67,0.188,0.0,8.6,4.0,rm->rh lm->rh,both
IN20A.22A015,909674,20A/22A,L,acetylcholine,1,lf,lf,12.6,377.0,177.0,402,0.031,0.0,4.6,8.0,lf->rh lm->lf,both
IN21A102,816658,21A,L,glutamate,-1,lh|lm,lh|lm,12.5,26.0,5.0,125,0.1,0.0,12.5,0.0,lm->lh lh->lm,ipsilateral
IN04B091,905123,04B,L,acetylcholine,1,lf,lf,12.5,315.0,153.0,340,0.037,0.0,12.5,0.0,lh->lf,ipsilateral
IN21A078,905289,21A,R,glutamate,-1,rm,rm,12.5,212.0,41.0,246,0.051,0.0,12.5,0.0,rh->rm,ipsilateral
INXXX320,803062,XXX (unassigned),L,gaba,-1,lh|rh,lh,12.4,38.0,0.0,2121,0.006,12.4,0.0,0.0,rh->lh lh->rh,contralateral
IN06A057,809417,06A,R,gaba,-1,lh|rh|rm,lh,12.4,22.0,0.0,333,0.037,5.3,2.9,4.3,rh->lh rm->lh lm->lh,both
IN12B023,855012,12B,L,gaba,-1,rh|lh,rh,12.4,68.0,52.0,74,0.167,12.4,0.0,0.0,lh->rh,contralateral
IN13A040,806382,13A,R,gaba,-1,rh,rh,12.3,718.0,554.0,718,0.017,0.0,12.3,0.0,rm->rh,ipsilateral
IN08A031,808342,08A,L,glutamate,-1,lm,lm,12.3,478.0,256.0,505,0.024,0.0,12.3,0.0,lf->lm lh->lm,ipsilateral
IN16B055,812213,16B,R,glutamate,-1,rf|lf,rf,12.3,46.0,0.0,62,0.199,12.3,0.0,0.0,lf->rf,contralateral
IN20A.22A042,910891,20A/22A,R,acetylcholine,1,rf,rf,12.3,290.0,44.0,325,0.038,12.3,0.0,0.0,lf->rf,contralateral
IN09A024,802015,09A,L,gaba,-1,lm,lm|lh|rm,12.2,23.0,0.0,579,0.021,5.8,6.2,0.2,lm->rm lm->lh,both
IN08A019,802142,08A,R,glutamate,-1,rf,rf,12.2,583.0,5.0,599,0.02,5.2,6.9,0.1,rf->rh lf->rf,both
INXXX287,802623,XXX (unassigned),L,gaba,-1,lh,lh,12.2,52.0,0.0,2767,0.004,4.2,5.7,2.4,lm->lh lh->rh rm->lh,both
IN08A045,807895,08A,R,glutamate,-1,rh,rh,12.2,456.0,213.0,575,0.021,4.4,7.9,0.0,rm->rh lh->rh,both
IN13B029,810635,13B,R,gaba,-1,lf,lf,12.2,123.0,0.0,292,0.042,12.2,0.0,0.0,rf->lf,contralateral
IN03A046,803123,03A,R,acetylcholine,1,rf,rf,12.1,216.0,98.0,222,0.055,12.1,0.0,0.0,rf->lf lf->rf,contralateral
IN17A061,805049,17A,L,acetylcholine,1,lf,lf,12.1,474.0,233.0,474,0.026,0.0,12.1,0.0,lf->lm lm->lf,ipsilateral
IN13A041,812787,13A,R,gaba,-1,rf,rf,12.1,249.0,153.0,249,0.049,5.2,6.9,0.0,rh->rf lf->rf,both
IN13A010,903273,13A,R,gaba,-1,rh,rh,12.1,706.0,253.0,723,0.017,0.0,12.1,0.0,rm->rh,ipsilateral
IN04B102,906096,04B,R,acetylcholine,1,rf,rf,12.1,221.0,105.0,232,0.052,0.0,12.1,0.0,rm->rf,ipsilateral
IN21A035,801635,21A,R,glutamate,-1,rh,rh,12.0,843.0,64.0,923,0.013,6.0,6.0,0.0,rh->rm rh->lh,both
IN13B032,802574,13B,L,gaba,-1,rf,rf,12.0,412.0,0.0,671,0.018,0.0,12.0,0.0,rf->rm rf->rh,ipsilateral
IN09A047,804413,09A,L,gaba,-1,lm,lm|lh,12.0,44.0,0.0,198,0.061,0.0,12.0,0.0,lm->lh,ipsilateral
IN12B052,805133,12B,L,gaba,-1,rm,rm,12.0,233.0,5.0,607,0.02,0.0,5.5,6.6,lf->rm rh->rm,both
IN13A055,805478,13A,L,gaba,-1,lh,lh,12.0,131.0,27.0,271,0.044,0.0,0.0,12.0,lh->rf,both
IN14A028,805590,14A,L,glutamate,-1,rm,rm,12.0,512.0,0.0,658,0.018,0.0,12.0,0.0,rm->rh,ipsilateral
IN01B026,805628,01B,L,gaba,-1,lh,lh,12.0,162.0,0.0,829,0.014,12.0,0.0,0.0,lh->rh,contralateral
IN04B013,806036,04B,L,acetylcholine,1,lf,lf,12.0,493.0,129.0,569,0.021,12.0,0.0,0.0,lf->rf,contralateral
IN23B059,806206,23B,R,acetylcholine,1,rm,rm,12.0,243.0,0.0,563,0.021,0.0,6.0,6.0,rm->rh rm->lh,both
IN01B019_b,806343,01B,L,gaba,-1,lf,lf,12.0,342.0,0.0,906,0.013,0.0,12.0,0.0,lf->lm,ipsilateral
IN01B061,806358,01B,L,gaba,-1,lh,lh,12.0,217.0,0.0,964,0.012,12.0,0.0,0.0,lh->rh,contralateral
IN23B028,806624,23B,R,acetylcholine,1,rf,rf,12.0,67.0,0.0,499,0.024,5.0,7.0,0.0,rf->rh rf->lf,both
IN13A024,806693,13A,R,gaba,-1,rm,rm,12.0,315.0,6.0,947,0.013,0.0,12.0,0.0,rm->rh,ipsilateral
IN23B074,807409,23B,R,acetylcholine,1,rh,rh|lh,12.0,78.0,0.0,588,0.02,12.0,0.0,0.0,rh->lh,contralateral
IN04B088,807496,04B,R,acetylcholine,1,rh,rh,12.0,283.0,182.0,294,0.041,5.0,7.0,0.0,rh->rm rh->lh,both
IN13A046,808001,13A,L,gaba,-1,lh,lh,12.0,190.0,66.0,309,0.039,0.0,0.0,12.0,lh->rf,both
IN13B039,808566,13B,L,gaba,-1,rm,rm,12.0,673.0,0.0,760,0.016,0.0,12.0,0.0,rm->rh,ipsilateral
IN20A.22A016,808593,20A/22A,L,acetylcholine,1,lf,lf,12.0,322.0,23.0,385,0.031,0.0,12.0,0.0,lf->lm,ipsilateral
IN20A.22A059,809520,20A/22A,R,acetylcholine,1,rm,rm,12.0,179.0,0.0,442,0.027,0.0,12.0,0.0,rm->rh,ipsilateral
IN08A030,809738,08A,R,glutamate,-1,rf,rf,12.0,207.0,109.0,207,0.058,0.0,5.0,7.0,rf->lm rf->rm,both
IN13A046,810008,13A,R,gaba,-1,rh,rh,12.0,221.0,85.0,329,0.036,0.0,0.0,12.0,rh->lf,both
IN03A094,811144,03A,L,acetylcholine,1,lf,lf,12.0,216.0,72.0,229,0.052,0.0,12.0,0.0,lf->lm,ipsilateral
IN01A076,811756,01A,L,acetylcholine,1,rm,rm,12.0,304.0,17.0,331,0.036,0.0,12.0,0.0,rm->rh,ipsilateral
IN10B059,812098,10B,R,acetylcholine,1,rh,lf|rh,12.0,24.0,0.0,302,0.04,0.0,0.0,12.0,rh->lf,both
IN01B026,812397,01B,L,gaba,-1,lh,lh,12.0,121.0,0.0,1012,0.012,6.0,6.0,0.0,lh->rh lh->lm,both
IN21A037,813444,21A,L,glutamate,-1,lf,lf,12.0,160.0,60.0,175,0.069,0.0,12.0,0.0,lf->lm,ipsilateral
IN12B058,813578,12B,L,gaba,-1,rf,rf,12.0,162.0,10.0,205,0.059,0.0,12.0,0.0,rf->rm,ipsilateral
IN14A026,813660,14A,L,glutamate,-1,rf,rf,12.0,107.0,0.0,161,0.075,12.0,0.0,0.0,rf->lf,contralateral
IN01B044_a,813951,01B,R,gaba,-1,rf,rf,12.0,60.0,0.0,196,0.061,7.0,5.0,0.0,rf->lf rf->rh,both
IN13B075,816930,13B,L,gaba,-1,rf,rf,12.0,99.0,79.0,99,0.121,12.0,0.0,0.0,rf->lf,contralateral
IN01B022,821688,01B,R,gaba,-1,rm,rm,12.0,246.0,0.0,968,0.012,0.0,12.0,0.0,rm->rh,ipsilateral
IN04B080,903093,04B,R,acetylcholine,1,rh,rh,12.0,703.0,182.0,1195,0.01,5.0,7.0,0.0,rh->rm rh->lh,both
IN03A084,907188,03A,R,acetylcholine,1,rf,rf,12.0,224.0,64.0,247,0.049,7.0,0.0,5.0,rf->lf rf->lh,both
IN23B049,907190,23B,R,acetylcholine,1,rm,rm,12.0,306.0,0.0,770,0.016,0.0,12.0,0.0,rm->rh,ipsilateral
IN23B030,907494,23B,L,acetylcholine,1,lf,lf|rh,12.0,43.0,0.0,352,0.034,0.0,0.0,12.0,lf->rh,both
IN03A024,908018,03A,R,acetylcholine,1,rf,rf,12.0,610.0,418.0,750,0.016,0.0,12.0,0.0,rf->rm,ipsilateral
IN20A.22A079,908790,20A/22A,L,acetylcholine,1,lh,lh,12.0,222.0,5.0,601,0.02,12.0,0.0,0.0,lh->rh,contralateral
IN12B059,909383,12B,R,gaba,-1,lh,lh,12.0,169.0,0.0,480,0.025,0.0,12.0,0.0,lh->lm,ipsilateral
IN10B032,910869,10B,R,acetylcholine,1,rm,rm|lf|lm,12.0,24.0,0.0,348,0.034,4.6,1.0,6.4,rm->lf rm->lm,both
IN13B081,910991,13B,L,gaba,-1,rf,rf,12.0,223.0,40.0,223,0.054,12.0,0.0,0.0,rf->lf,contralateral
IN20A.22A024,932545,20A/22A,R,acetylcholine,1,rh,rh,12.0,397.0,39.0,504,0.024,0.0,12.0,0.0,rh->rm,ipsilateral
IN01B059_b,940363,01B,R,gaba,-1,rh,rh,12.0,200.0,0.0,827,0.015,12.0,0.0,0.0,rh->lh,contralateral
IN20A.22A079,940715,20A/22A,R,acetylcholine,1,rh,rh,12.0,287.0,5.0,514,0.023,7.0,5.0,0.0,rh->lh rh->rm,both
IN13A063,906275,13A,L,gaba,-1,lf,lf,11.9,331.0,225.0,331,0.036,0.0,11.9,0.0,lm->lf,ipsilateral
IN20A.22A026,1050115348,20A/22A,L,acetylcholine,1,lf,lf,11.9,244.0,110.0,255,0.047,0.0,11.9,0.0,lm->lf,ipsilateral
IN08A044,809323,08A,L,glutamate,-1,lh,lh,11.8,432.0,225.0,471,0.025,0.0,11.8,0.0,lm->lh,ipsilateral
IN23B025,803994,23B,R,acetylcholine,1,rh,rh,11.7,159.0,0.0,1354,0.009,0.0,1.1,10.6,rh->lm,both
IN04B070,809605,04B,L,acetylcholine,1,lf,lf,11.7,127.0,48.0,137,0.086,0.0,11.7,0.0,lh->lf,ipsilateral
IN16B055,810153,16B,L,glutamate,-1,lf,lf,11.7,96.0,0.0,102,0.115,11.7,0.0,0.0,rf->lf,contralateral
"IN09A056,IN09A072",813278,09A,R,gaba,-1,rh,rh,11.7,214.0,5.0,396,0.03,4.8,6.7,0.2,rm->rh rh->lh,both
IN23B039,903848,23B,R,acetylcholine,1,rh,rh,11.7,84.0,0.0,557,0.021,5.0,1.7,5.0,rh->lm rh->lh rm->rh,both
IN21A033,910958,21A,L,glutamate,-1,lm,lm,11.7,60.0,0.0,237,0.049,5.5,6.2,0.0,lf->lm rm->lm,both
IN19A031,802755,19A,L,gaba,-1,lh,lh,11.6,859.0,144.0,906,0.013,6.0,5.6,0.0,lh->rh lf->lh,both
IN00A059,806184,00A,M,gaba,-1,lh|lm|rh,lh,11.6,20.0,0.0,731,0.016,4.6,5.6,1.5,lm->lh rh->lh rm->lh,both
IN21A094,816190,21A,L,glutamate,-1,lf,lf,11.6,114.0,58.0,126,0.092,0.0,11.6,0.0,lm->lf,ipsilateral
IN20A.22A042,905868,20A/22A,L,acetylcholine,1,lf,lf,11.6,427.0,75.0,454,0.025,4.9,6.6,0.1,lm->lf lf->rf,both
IN13A034,806004,13A,L,gaba,-1,lm,lm,11.5,425.0,331.0,446,0.026,0.0,11.5,0.0,lf->lm lh->lm,ipsilateral
IN13A035,807020,13A,L,gaba,-1,lf,lf,11.5,292.0,91.0,438,0.026,11.5,0.0,0.0,rf->lf,contralateral
IN23B086,808950,23B,R,acetylcholine,1,rm,rm,11.5,83.0,0.0,490,0.023,0.0,11.5,0.0,rf->rm,ipsilateral
IN03B066,810992,03B,R,gaba,-1,rm|rh,rm,11.5,30.0,0.0,294,0.039,0.0,11.5,0.0,rh->rm,ipsilateral
IN13A049,814693,13A,R,gaba,-1,rf,rf,11.5,162.0,60.0,200,0.057,11.5,0.0,0.0,lf->rf,contralateral
IN21A041,817184,21A,R,glutamate,-1,rh|lm,rh,11.5,74.0,57.0,94,0.122,0.0,0.0,11.5,lm->rh,both
"IN17A080,IN17A083",908496,17A,R,acetylcholine,1,rh|rf,rh,11.5,62.0,0.0,432,0.027,0.0,11.5,0.0,rf->rh,ipsilateral
IN20A.22A010,803817,20A/22A,R,acetylcholine,1,rh,rh,11.4,393.0,217.0,440,0.026,2.5,8.9,0.0,rm->rh lh->rh,ipsilateral
"IN09A080,IN09A085",815458,09A,L,gaba,-1,lf,lf,11.4,81.0,0.0,160,0.071,0.0,5.4,6.0,lf->rh lm->lf,both
INXXX199,803017,XXX (unassigned),R,gaba,-1,rh,rh|lh,11.3,23.0,0.0,2503,0.005,11.0,0.1,0.1,rh->lh lh->rh,contralateral
IN06A106,805422,06A,R,gaba,-1,rh,rh,11.3,70.0,0.0,1180,0.01,8.7,2.3,0.3,rh->lh rm->rh,contralateral
IN20A.22A043,808005,20A/22A,L,acetylcholine,1,lm,lm,11.3,403.0,244.0,408,0.028,0.0,11.3,0.0,lm->lf lf->lm,ipsilateral
IN03B058,808672,03B,L,gaba,-1,lh|rh|lm,lh|rh,11.3,20.0,0.0,582,0.019,6.5,3.7,1.2,rh->lh lm->lh lh->rh,both
IN13A042,809066,13A,L,gaba,-1,lm,lm,11.3,288.0,186.0,300,0.038,11.3,0.0,0.0,rm->lm,contralateral
IN20A.22A021,801289,20A/22A,L,acetylcholine,1,lm,lm,11.2,411.0,178.0,448,0.025,0.0,11.2,0.0,lm->lh lf->lm,ipsilateral
IN03A031,804962,03A,R,acetylcholine,1,rh,rh,11.2,518.0,169.0,533,0.021,0.0,11.2,0.0,rm->rh,ipsilateral
IN03A046,806486,03A,L,acetylcholine,1,lf,lf,11.1,364.0,134.0,377,0.029,5.9,5.1,0.1,lf->rf lm->lf,both
IN13A034,811533,13A,R,gaba,-1,rm,rm,11.1,94.0,89.0,117,0.095,0.0,11.1,0.0,rf->rm,ipsilateral
IN09A081,815074,09A,R,gaba,-1,rm,rm,11.1,182.0,0.0,288,0.039,0.0,11.1,0.0,rf->rm,ipsilateral
IN04B044,802557,04B,R,acetylcholine,1,rh,rh,11.0,507.0,62.0,615,0.018,6.9,4.0,0.1,rh->lh rm->rh,both
IN23B037,803043,23B,R,acetylcholine,1,rh,rh,11.0,210.0,0.0,1171,0.009,11.0,0.0,0.0,rh->lh,contralateral
IN04B080,803058,04B,R,acetylcholine,1,rh,rh,11.0,1131.0,349.0,1426,0.008,11.0,0.0,0.0,rh->lh,contralateral
IN23B023,803644,23B,L,acetylcholine,1,lh,lh,11.0,214.0,0.0,982,0.011,6.0,5.0,0.0,lh->rh lh->lf,both
INXXX399,804825,XXX (unassigned),R,gaba,-1,rh,rh|lh,11.0,24.0,0.0,887,0.012,11.0,0.0,0.0,rh->lh,contralateral
IN04B031,805162,04B,L,acetylcholine,1,lh,lh,11.0,607.0,190.0,683,0.016,11.0,0.0,0.0,lh->rh,contralateral
IN23B063,805396,23B,R,acetylcholine,1,rh,rh,11.0,193.0,0.0,873,0.013,5.0,0.0,6.0,rh->lm rh->lh,both
IN13B049,805762,13B,R,gaba,-1,lm,lm,11.0,849.0,0.0,915,0.012,0.0,11.0,0.0,lm->lf,ipsilateral
IN09A021,805780,09A,L,gaba,-1,lh,lh|lm,11.0,43.0,7.0,193,0.057,0.0,11.0,0.0,lh->lm,ipsilateral
IN08B108,805815,08B,L,acetylcholine,1,lh,lh|lm,11.0,34.0,0.0,411,0.027,0.0,6.0,5.0,lh->lm lh->rm,both
IN07B086,806974,07B,R,acetylcholine,1,rh,lh|rh,11.0,20.0,0.0,727,0.015,11.0,0.0,0.0,rh->lh,contralateral
IN10B031,807271,10B,L,acetylcholine,1,lh,lh,11.0,50.0,0.0,584,0.019,6.0,0.0,5.0,lh->rh lh->rm,both
IN14A099,807300,14A,R,glutamate,-1,lm,lm,11.0,456.0,0.0,836,0.013,0.0,11.0,0.0,lm->lf lm->lh,ipsilateral
IN01B059_b,807319,01B,R,gaba,-1,rh,rh,11.0,147.0,0.0,657,0.017,11.0,0.0,0.0,rh->lh,contralateral
IN10B031,807471,10B,R,acetylcholine,1,rm,rm|rh|lh,11.0,20.0,0.0,499,0.022,0.0,6.0,5.0,rm->rh rm->lh,both
IN01B042,807959,01B,L,gaba,-1,lh,lh,11.0,328.0,0.0,762,0.014,0.0,11.0,0.0,lh->lm,ipsilateral
IN20A.22A066,808168,20A/22A,L,acetylcholine,1,lh,lh,11.0,342.0,87.0,510,0.022,0.0,11.0,0.0,lh->lm,ipsilateral
IN06B070,808276,06B,R,gaba,-1,lh,lh,11.0,228.0,5.0,553,0.02,0.0,11.0,0.0,lh->lm,ipsilateral
IN20A.22A079,808333,20A/22A,L,acetylcholine,1,lh,lh,11.0,241.0,0.0,620,0.018,11.0,0.0,0.0,lh->rh,contralateral
IN04B081,809035,04B,L,acetylcholine,1,lm,lm,11.0,370.0,137.0,370,0.03,0.0,11.0,0.0,lm->lf,ipsilateral
IN01B027_c,809213,01B,R,gaba,-1,rm,rm,11.0,298.0,0.0,723,0.015,0.0,11.0,0.0,rm->rh rm->rf,ipsilateral
IN20A.22A060,809618,20A/22A,R,acetylcholine,1,rh,rh,11.0,389.0,230.0,402,0.027,6.0,5.0,0.0,rh->lh rh->rm,both
IN01B084,809688,01B,L,gaba,-1,lh,lh,11.0,114.0,0.0,419,0.026,11.0,0.0,0.0,lh->rh,contralateral
IN20A.22A059,809972,20A/22A,R,acetylcholine,1,rm,rm,11.0,135.0,0.0,486,0.023,0.0,11.0,0.0,rm->rh rm->rf,ipsilateral
IN01B065,810045,01B,L,gaba,-1,lf,lf|rf,11.0,32.0,0.0,245,0.045,11.0,0.0,0.0,lf->rf,contralateral
IN20A.22A074,810063,20A/22A,R,acetylcholine,1,rh,rh,11.0,324.0,0.0,505,0.022,5.0,6.0,0.0,rh->rm rh->lh,both
IN23B059,810458,23B,L,acetylcholine,1,lm,lm,11.0,229.0,5.0,454,0.024,0.0,11.0,0.0,lm->lh,ipsilateral
IN14A078,810559,14A,L,glutamate,-1,rf,rf|rm,11.0,66.0,0.0,217,0.051,0.0,11.0,0.0,rf->rm,ipsilateral
IN12B059,810881,12B,L,gaba,-1,rm,rm,11.0,322.0,10.0,468,0.024,0.0,11.0,0.0,rm->rh,ipsilateral
IN01B060,811009,01B,R,gaba,-1,rh,rh,11.0,423.0,0.0,660,0.017,0.0,0.0,11.0,rh->lm,both
IN13B084,811025,13B,R,gaba,-1,lm,lm,11.0,152.0,87.0,181,0.061,0.0,11.0,0.0,lm->lf,ipsilateral
IN21A049,811038,21A,R,glutamate,-1,rf,rf,11.0,230.0,153.0,361,0.03,11.0,0.0,0.0,rf->lf,contralateral
IN14A108,811134,14A,R,glutamate,-1,lh,lh,11.0,186.0,0.0,586,0.019,0.0,11.0,0.0,lh->lm,ipsilateral
IN14A097,811136,14A,R,glutamate,-1,lh,lh,11.0,177.0,0.0,327,0.034,0.0,0.0,11.0,lh->rm,both
IN16B059,812048,16B,L,glutamate,-1,lh,lh,11.0,49.0,0.0,302,0.036,5.0,0.0,6.0,lh->rf lh->rh,both
IN13A064,812341,13A,R,gaba,-1,rm,rm,11.0,178.0,81.0,222,0.05,11.0,0.0,0.0,rm->lm,contralateral
IN11B019,812604,11B,R,gaba,-1,rf,rh|rf,11.0,21.0,0.0,282,0.039,0.0,11.0,0.0,rf->rh,ipsilateral
IN09A066,813276,09A,L,gaba,-1,lm,lm,11.0,119.0,0.0,379,0.029,0.0,11.0,0.0,lh->lm lf->lm,ipsilateral
IN14A118,813675,14A,R,glutamate,-1,lm,lm,11.0,195.0,0.0,400,0.028,11.0,0.0,0.0,lm->rm,contralateral
IN20A.22A092,818883,20A/22A,L,acetylcholine,1,lf,lf,11.0,88.0,0.0,179,0.061,0.0,11.0,0.0,lf->lm,ipsilateral
IN23B066,905135,23B,R,acetylcholine,1,rm,rm|rf,11.0,27.0,0.0,334,0.033,0.0,11.0,0.0,rm->rf,ipsilateral
IN12B043,905464,12B,L,gaba,-1,rf,rf,11.0,176.0,0.0,259,0.042,0.0,11.0,0.0,rf->rm,ipsilateral
IN01B023_a,905530,01B,L,gaba,-1,lh,lh,11.0,392.0,0.0,985,0.011,11.0,0.0,0.0,lh->rh,contralateral
IN20A.22A060,908763,20A/22A,L,acetylcholine,1,lh,lh,11.0,232.0,184.0,239,0.046,6.0,5.0,0.0,lh->rh lh->lm,both
IN04B072,909253,04B,L,acetylcholine,1,lf,lf,11.0,577.0,183.0,708,0.016,11.0,0.0,0.0,lf->rf,contralateral
IN03B071,910211,03B,R,gaba,-1,lh,lh|rh,11.0,49.0,0.0,386,0.028,11.0,0.0,0.0,lh->rh,contralateral
IN01B026,910552,01B,R,gaba,-1,rh,rh,11.0,236.0,0.0,1003,0.011,11.0,0.0,0.0,rh->lh,contralateral
IN23B040,910749,23B,R,acetylcholine,1,rf,rf|lf,11.0,30.0,0.0,280,0.039,11.0,0.0,0.0,rf->lf,contralateral
IN20A.22A077,911851,20A/22A,R,acetylcholine,1,rf,rf|rh,11.0,35.0,0.0,112,0.098,0.0,11.0,0.0,rf->rh,ipsilateral
IN20A.22A018,911878,20A/22A,R,acetylcholine,1,rf,rf,11.0,323.0,254.0,323,0.034,0.0,6.0,5.0,rf->rm rf->lh,both
IN03A094,912320,03A,L,acetylcholine,1,lf,lf,11.0,257.0,31.0,335,0.033,5.0,6.0,0.0,lf->lm lf->rf,both
IN16B114,912982,16B,R,glutamate,-1,rf,rf,11.0,270.0,20.0,283,0.039,11.0,0.0,0.0,rf->lf,contralateral
IN21A037,1050364885,21A,L,glutamate,-1,lf,lf,11.0,187.0,92.0,217,0.051,0.0,11.0,0.0,lf->lm,ipsilateral
IN20A.22A029,801886,20A/22A,L,acetylcholine,1,lf,lf,10.9,283.0,179.0,283,0.039,5.9,0.1,4.9,rf->lf lf->rh,both
IN04B027,802634,04B,R,acetylcholine,1,rm,rm,10.9,490.0,273.0,577,0.019,8.0,2.9,0.0,rm->lm rh->rm,contralateral
IN06A066,804778,06A,L,gaba,-1,lh|rh,lh,10.9,24.0,0.0,1498,0.007,9.9,0.9,0.0,rh->lh,contralateral
IN09A012,805450,09A,L,gaba,-1,lf|lm,lf,10.9,59.0,0.0,399,0.027,0.0,10.9,0.0,lm->lf,ipsilateral
IN21A076,812779,21A,L,glutamate,-1,lm,lm,10.9,428.0,127.0,442,0.025,10.9,0.0,0.0,rm->lm,contralateral
IN05B090,907854,05B,R,gaba,-1,rh|rm,rh,10.9,26.0,5.0,491,0.022,0.0,9.0,2.0,rm->rh lm->rh,ipsilateral
IN04B037,942846,04B,R,acetylcholine,1,rh,rh,10.9,359.0,151.0,416,0.026,0.0,10.9,0.0,rh->rm rm->rh,ipsilateral
IN13A030,808294,13A,R,gaba,-1,rh,rh,10.8,479.0,283.0,524,0.021,0.0,10.8,0.0,rm->rh,ipsilateral
IN20A.22A021,808731,20A/22A,R,acetylcholine,1,rh,rh,10.8,326.0,99.0,334,0.032,0.0,4.9,5.9,lf->rh rh->rm,both
IN13A025,903894,13A,R,gaba,-1,rm,rm,10.8,491.0,39.0,619,0.017,2.2,8.5,0.0,rh->rm lm->rm,ipsilateral
IN19B057,1052809763,19B,L,acetylcholine,1,lh|rm,lh,10.8,39.0,0.0,905,0.012,0.0,0.0,10.8,rm->lh,both
IN13A034,800545,13A,L,gaba,-1,lm,lm,10.7,232.0,207.0,238,0.045,0.0,10.7,0.0,lf->lm,ipsilateral
IN08A030,809620,08A,L,glutamate,-1,lf,lf,10.7,492.0,345.0,499,0.022,10.7,0.0,0.0,rf->lf,contralateral
IN09A066,907936,09A,R,gaba,-1,rm,rm,10.7,74.0,0.0,231,0.046,0.0,10.7,0.0,rh->rm rf->rm,ipsilateral
IN11A030,909016,11A,L,acetylcholine,1,lm|lh,lm|lf,10.7,20.0,5.0,486,0.022,0.0,8.7,2.1,lm->lf lh->lm rh->lm,ipsilateral
IN20A.22A045,801745,20A/22A,R,acetylcholine,1,rm,rm,10.6,193.0,95.0,231,0.046,0.0,0.0,10.6,lf->rm,both
IN20A.22A089,809004,20A/22A,L,acetylcholine,1,lm|lf,lm,10.6,53.0,17.0,85,0.125,0.0,10.6,0.0,lf->lm,ipsilateral
IN08A036,810323,08A,L,glutamate,-1,lf,lf,10.6,281.0,39.0,383,0.028,10.6,0.0,0.0,rf->lf,contralateral
IN11A019,829716,11A,R,acetylcholine,1,rm|rh,rm,10.6,33.0,17.0,715,0.015,0.0,10.6,0.0,rh->rm,ipsilateral
GFC4,910170,-,R,acetylcholine,1,rf,rf,10.6,153.0,28.0,192,0.055,0.0,0.0,10.6,lm->rf,both
INXXX138,803869,XXX (unassigned),R,acetylcholine,1,lh|lm,lh,10.5,23.0,0.0,1719,0.006,0.0,7.2,3.3,lm->lh rm->lh,both
IN13A063,810753,13A,R,gaba,-1,rf,rf,10.5,263.0,187.0,263,0.04,10.5,0.0,0.0,lf->rf,contralateral
IN04B042,905385,04B,R,acetylcholine,1,rh,rh,10.5,523.0,213.0,584,0.018,4.2,6.3,0.0,rm->rh lh->rh,both
IN06B042,803007,06B,R,gaba,-1,lh,lh,10.4,69.0,15.0,1939,0.005,5.6,4.4,0.4,lh->rh lm->lh,both
IN06B047,812309,06B,L,gaba,-1,rm|rh,rm|lh,10.4,27.0,0.0,371,0.028,1.2,3.4,5.8,rm->lh rh->rm rh->lh,both
IN04B015,903284,04B,L,acetylcholine,1,lf,lf,10.4,509.0,335.0,509,0.02,0.0,10.4,0.0,lm->lf,ipsilateral
IN19A026,802860,19A,R,gaba,-1,rh,rh,10.3,94.0,40.0,1446,0.007,6.3,3.0,0.9,rh->lh rm->rh lh->rh,both
INXXX304,804659,XXX (unassigned),L,acetylcholine,1,lh|rh|lm,lh,10.3,22.0,0.0,1645,0.006,6.2,4.2,0.0,rh->lh lm->lh,both
IN19B105,816553,19B,L,acetylcholine,1,lm|lh,lh|lm,10.3,20.0,0.0,376,0.027,0.0,10.3,0.0,lm->lh lh->lm,ipsilateral
IN04B074,911395,04B,L,acetylcholine,1,lm,lm,10.3,263.0,171.0,337,0.031,0.0,10.3,0.0,lf->lm,ipsilateral
IN06B071,804058,06B,R,gaba,-1,lh|lm,lh,10.2,34.0,0.0,1063,0.01,0.0,10.2,0.0,lm->lh,ipsilateral
IN08A045,813650,08A,R,glutamate,-1,rh,rh,10.2,223.0,50.0,316,0.032,4.9,5.2,0.1,rm->rh rh->lh,both
INXXX287,800965,XXX (unassigned),L,gaba,-1,lh,lh,10.1,101.0,0.0,3084,0.003,8.9,1.1,0.1,lh->rh lm->lh,contralateral
IN14A107,807821,14A,L,glutamate,-1,rm,rm,10.1,197.0,0.0,641,0.016,0.0,10.1,0.0,rf->rm,ipsilateral
IN13A008,801228,13A,L,gaba,-1,lm,lm,10.0,522.0,5.0,3249,0.003,0.0,10.0,0.0,lm->lh,ipsilateral
INXXX297,801879,XXX (unassigned),L,acetylcholine,1,lh,lh,10.0,159.0,0.0,2278,0.004,10.0,0.0,0.0,lh->rh,contralateral
IN01A043,803055,01A,R,acetylcholine,1,lh,lh|lm,10.0,61.0,0.0,2249,0.004,0.0,10.0,0.0,lh->lm,ipsilateral
IN14A024,803396,14A,R,glutamate,-1,lm,lm,10.0,531.0,8.0,1356,0.007,0.0,10.0,0.0,lm->lf,ipsilateral
IN03A039,804037,03A,L,acetylcholine,1,lf,lf,10.0,362.0,95.0,362,0.028,10.0,0.0,0.0,lf->rf,contralateral
IN16B070,804681,16B,L,glutamate,-1,lf,lf,10.0,271.0,157.0,302,0.033,10.0,0.0,0.0,lf->rf,contralateral
IN04B054_c,805218,04B,L,acetylcholine,1,lh,lh,10.0,448.0,225.0,596,0.017,5.0,5.0,0.0,lh->rh lh->lm,both
INXXX256,805411,XXX (unassigned),L,gaba,-1,lh,lh,10.0,168.0,0.0,1772,0.006,10.0,0.0,0.0,lh->rh,contralateral
IN23B032,805597,23B,R,acetylcholine,1,rf,rf|lf,10.0,62.0,0.0,175,0.057,10.0,0.0,0.0,rf->lf,contralateral
IN02A030,806085,02A,R,glutamate,-1,rh,rh|lh,10.0,46.0,0.0,1954,0.005,10.0,0.0,0.0,rh->lh,contralateral
IN04B044,806600,04B,R,acetylcholine,1,rh,rh,10.0,333.0,105.0,367,0.027,0.0,10.0,0.0,rm->rh rf->rh,ipsilateral
IN19A047,806722,19A,R,gaba,-1,rh,rh,10.0,65.0,8.0,482,0.021,9.0,0.8,0.1,rh->lh lh->rh,contralateral
IN08B088,806838,08B,L,acetylcholine,1,lh,lh|rh,10.0,41.0,0.0,339,0.029,10.0,0.0,0.0,lh->rh,contralateral
INXXX290,807007,XXX (unassigned),L,unclear,0,lh,lh|lm,10.0,26.0,0.0,367,0.027,0.0,10.0,0.0,lh->lm,ipsilateral
IN13B036,807448,13B,L,gaba,-1,rm,rm,10.0,775.0,0.0,980,0.01,0.0,10.0,0.0,rm->rf,ipsilateral
IN01A063_c,807864,01A,L,acetylcholine,1,rf,rf,10.0,168.0,26.0,168,0.06,0.0,10.0,0.0,rf->rm,ipsilateral
IN14A028,808047,14A,R,glutamate,-1,lm,lm,10.0,597.0,7.0,865,0.012,0.0,10.0,0.0,lm->lf,ipsilateral
IN20A.22A066,808104,20A/22A,R,acetylcholine,1,rh,rh,10.0,617.0,172.0,714,0.014,0.0,10.0,0.0,rh->rm,ipsilateral
IN06A117,808492,06A,L,gaba,-1,lh,lh,10.0,79.0,0.0,479,0.021,10.0,0.0,0.0,lh->rh,contralateral
IN20A.22A016,808696,20A/22A,L,acetylcholine,1,lf,lf,10.0,257.0,0.0,383,0.026,0.0,10.0,0.0,lf->lm,ipsilateral
IN12B036,808753,12B,R,gaba,-1,lm,lm,10.0,180.0,0.0,455,0.022,0.0,10.0,0.0,lm->lf,ipsilateral
IN13A032,809012,13A,R,gaba,-1,rm,rm,10.0,322.0,69.0,610,0.016,0.0,10.0,0.0,rm->rh,ipsilateral
IN14A090,809080,14A,L,glutamate,-1,rm,rm,10.0,378.0,0.0,607,0.016,0.0,10.0,0.0,rm->rf,ipsilateral
IN23B067_a,809560,23B,L,acetylcholine,1,lh,lh,10.0,74.0,0.0,535,0.019,0.0,10.0,0.0,lh->lm,ipsilateral
IN13A046,809955,13A,R,gaba,-1,rh,rh,10.0,329.0,158.0,443,0.023,0.0,0.0,10.0,rh->lf,both
IN23B087,810133,23B,R,acetylcholine,1,rm,rm,10.0,149.0,0.0,578,0.017,0.0,0.0,10.0,rm->lf,both
IN20A.22A048,810589,20A/22A,R,acetylcholine,1,rh,rh,10.0,332.0,30.0,478,0.021,0.0,10.0,0.0,rh->rm,ipsilateral
IN23B063,811261,23B,L,acetylcholine,1,lf,lf|rm,10.0,43.0,0.0,311,0.032,0.0,0.0,10.0,lf->rm,both
IN16B097,811411,16B,L,glutamate,-1,lf,lf,10.0,336.0,90.0,336,0.03,5.0,5.0,0.0,lf->rf lf->lm,both
IN13B079,812054,13B,R,gaba,-1,lm,lm,10.0,200.0,0.0,340,0.029,0.0,10.0,0.0,lm->lh,ipsilateral
IN20A.22A060,812066,20A/22A,R,acetylcholine,1,rh,rh,10.0,338.0,257.0,344,0.029,0.0,10.0,0.0,rh->rm,ipsilateral
IN21A081,812554,21A,L,glutamate,-1,lf,lf,10.0,73.0,35.0,73,0.137,0.0,0.0,10.0,lf->rh,both
IN07B098,814369,07B,L,acetylcholine,1,lh,lh,10.0,45.0,0.0,283,0.035,5.0,0.0,5.0,lh->rm lh->rh,both
IN03B071,814403,03B,L,gaba,-1,lh,lh|rh,10.0,24.0,0.0,329,0.03,10.0,0.0,0.0,lh->rh,contralateral
IN01B073,814633,01B,L,gaba,-1,lf,lf,10.0,86.0,0.0,145,0.069,0.0,10.0,0.0,lf->lm,ipsilateral
IN01A082,815288,01A,L,acetylcholine,1,rh,rh,10.0,265.0,130.0,272,0.037,0.0,10.0,0.0,rh->rm,ipsilateral
IN14A095,815581,14A,R,glutamate,-1,lh,lh,10.0,102.0,0.0,102,0.098,10.0,0.0,0.0,lh->rh,contralateral
IN02A061,816459,02A,L,glutamate,-1,lm,lm|rf|rm,10.0,21.0,0.0,259,0.039,5.0,0.0,5.0,lm->rm lm->rf,both
IN01B035,818411,01B,R,gaba,-1,rf,rf|lf,10.0,23.0,0.0,46,0.217,10.0,0.0,0.0,rf->lf,contralateral
IN23B089,821984,23B,L,acetylcholine,1,lm,lm|rm,10.0,60.0,0.0,326,0.031,10.0,0.0,0.0,lm->rm,contralateral
IN13B028,902518,13B,R,gaba,-1,lf,lf,10.0,788.0,57.0,825,0.012,0.0,10.0,0.0,lm->lf,ipsilateral
IN03A089,905314,03A,L,acetylcholine,1,lf,lf,10.0,282.0,0.0,315,0.032,0.0,10.0,0.0,lf->lm,ipsilateral
IN13A044,907502,13A,R,gaba,-1,rm,rm,10.0,105.0,34.0,224,0.045,10.0,0.0,0.0,rm->lm,contralateral
IN20A.22A041,907874,20A/22A,L,acetylcholine,1,lf,lf,10.0,190.0,28.0,230,0.043,0.0,10.0,0.0,lf->lm,ipsilateral
IN19B057,907977,19B,R,acetylcholine,1,rh,rh|rm,10.0,28.0,0.0,429,0.023,0.0,10.0,0.0,rh->rm,ipsilateral
IN20A.22A089,909062,20A/22A,R,acetylcholine,1,rf,rf,10.0,59.0,0.0,115,0.087,5.0,5.0,0.0,rf->rm rf->lf,both
IN03A092,909172,03A,L,acetylcholine,1,lh,lh,10.0,332.0,6.0,500,0.02,0.0,10.0,0.0,lh->lm,ipsilateral
IN01B064,909175,01B,R,gaba,-1,rf,rf,10.0,156.0,0.0,307,0.033,10.0,0.0,0.0,rf->lf,contralateral
IN13A047,909196,13A,R,gaba,-1,rf,rf,10.0,114.0,0.0,254,0.039,0.0,10.0,0.0,rf->rm,ipsilateral
IN20A.22A086,909539,20A/22A,R,acetylcholine,1,rh,rh,10.0,212.0,0.0,484,0.021,0.0,10.0,0.0,rh->rm,ipsilateral
IN13A069,910029,13A,R,gaba,-1,rh,rh,10.0,184.0,0.0,427,0.023,0.0,10.0,0.0,rh->rm,ipsilateral
IN01A067,910245,01A,L,acetylcholine,1,rf,rf,10.0,98.0,0.0,118,0.085,0.0,0.0,10.0,rf->lh,both
IN12B065,911152,12B,L,gaba,-1,rm,rm,10.0,168.0,5.0,344,0.029,0.0,10.0,0.0,rm->rh,ipsilateral
IN04B079,911201,04B,R,acetylcholine,1,rf,rf,10.0,70.0,0.0,156,0.064,0.0,10.0,0.0,rf->rm,ipsilateral
IN01B074,912701,01B,L,gaba,-1,lm,lm|rm,10.0,31.0,0.0,327,0.031,10.0,0.0,0.0,lm->rm,contralateral
IN13B079,913150,13B,L,gaba,-1,rf,rf|lh,10.0,47.0,0.0,86,0.116,0.0,0.0,10.0,rf->lh,both
IN01B019_b,940328,01B,R,gaba,-1,rf,rf,10.0,187.0,0.0,513,0.019,0.0,10.0,0.0,rf->rm,ipsilateral
IN20A.22A071,946278,20A/22A,R,acetylcholine,1,rf,rf,10.0,104.0,0.0,198,0.051,0.0,10.0,0.0,rf->rm rf->rh,ipsilateral
IN20A.22A035,946424,20A/22A,R,acetylcholine,1,rf,rf,10.0,263.0,42.0,272,0.037,5.0,5.0,0.0,rf->rm rf->lf,both
IN21A078,811829,21A,L,glutamate,-1,lm,lm,9.9,279.0,46.0,308,0.032,0.0,0.0,9.9,rh->lm,both
IN13B028,905552,13B,R,gaba,-1,lf,lf,9.9,946.0,0.0,1011,0.01,9.9,0.0,0.0,rf->lf,contralateral
IN19A109_a,911243,19A,L,gaba,-1,lm,lm,9.9,80.0,11.0,96,0.103,4.7,4.9,0.3,lf->lm lm->rm,both
IN12B027,805529,12B,R,gaba,-1,lm,lm,9.8,224.0,51.0,791,0.012,5.9,3.8,0.1,lm->rm lf->lm,both
IN04B074,807278,04B,R,acetylcholine,1,rh,rh,9.8,481.0,310.0,511,0.019,0.0,9.8,0.0,rm->rh,ipsilateral
IN20A.22A051,813664,20A/22A,L,acetylcholine,1,lh,lh,9.8,145.0,62.0,145,0.067,0.0,9.8,0.0,lf->lh,ipsilateral
IN12B052,902707,12B,L,gaba,-1,rf|lf,rf|rh,9.8,27.0,0.0,176,0.056,3.8,4.9,1.1,rf->rh lf->rf lf->rh,both
IN06A008,803034,06A,L,gaba,-1,lh|lf,lh,9.7,29.0,0.0,2064,0.005,0.0,5.4,4.2,lf->lh rm->lh,both
IN13B050,803185,13B,R,gaba,-1,lh,lh,9.7,108.0,0.0,410,0.024,0.2,4.7,4.8,lh->rf lf->lh,both
IN06A119,809078,06A,R,gaba,-1,rh,rh,9.7,74.0,0.0,791,0.012,9.7,0.0,0.0,lh->rh rh->lh,contralateral
IN01B023_a,905043,01B,R,gaba,-1,rh,rh,9.7,604.0,0.0,1220,0.008,0.0,9.7,0.0,rm->rh,ipsilateral
IN13A072,908705,13A,R,gaba,-1,rm,rm,9.7,68.0,45.0,68,0.143,0.0,9.7,0.0,rh->rm,ipsilateral
IN14A032,805496,14A,L,glutamate,-1,rh,rh,9.6,180.0,9.0,198,0.048,0.0,9.6,0.0,rm->rh,ipsilateral
IN04B081,806255,04B,L,acetylcholine,1,lm,lm,9.6,595.0,230.0,600,0.016,0.0,9.6,0.0,lh->lm,ipsilateral
IN03A064,807989,03A,R,acetylcholine,1,rh,rh,9.6,389.0,160.0,389,0.025,9.6,0.0,0.0,rh->lh lh->rh,contralateral
IN01B039,810373,01B,L,gaba,-1,lm,lm,9.6,228.0,0.0,583,0.016,0.0,9.6,0.0,lf->lm,ipsilateral
IN21A042,907775,21A,R,glutamate,-1,rf,rf,9.6,135.0,69.0,178,0.054,0.0,9.6,0.0,rm->rf,ipsilateral
IN20A.22A033,908704,20A/22A,R,acetylcholine,1,rm,rm,9.6,301.0,176.0,333,0.029,0.0,4.5,5.1,lf->rm rf->rm,both
IN06A019,807622,06A,R,gaba,-1,rm|lm,rm,9.5,20.0,0.0,417,0.023,8.1,1.3,0.0,lm->rm rh->rm,contralateral
IN16B082,902311,16B,L,glutamate,-1,lh,lh,9.5,388.0,27.0,415,0.023,0.0,9.5,0.0,lm->lh,ipsilateral
"IN09A080,IN09A085",800604,09A,L,gaba,-1,lf,lf,9.4,66.0,0.0,158,0.06,0.0,9.4,0.0,lh->lf,ipsilateral
IN16B090,811799,16B,L,glutamate,-1,lm,lm,9.4,306.0,38.0,318,0.029,0.0,9.4,0.0,lf->lm,ipsilateral
IN21A048,811834,21A,R,glutamate,-1,rh,rh,9.4,408.0,165.0,408,0.023,0.0,9.4,0.0,rm->rh,ipsilateral
IN13B012,903652,13B,L,gaba,-1,rf,rf,9.4,229.0,114.0,229,0.041,3.3,5.2,0.8,lf->rf rh->rf rm->rf,both
IN06A066,804527,06A,L,gaba,-1,lh,lh,9.3,57.0,0.0,1428,0.006,1.4,7.8,0.0,lm->lh rh->lh,ipsilateral
IN13B026,804583,13B,R,gaba,-1,lm,lm,9.3,232.0,0.0,688,0.013,0.0,9.3,0.0,lf->lm,ipsilateral
IN17A078,810299,17A,L,acetylcholine,1,lm|lh,lm|lh,9.3,23.0,0.0,324,0.029,0.0,9.3,0.0,lh->lm lm->lh,ipsilateral
IN03A091,902532,03A,L,acetylcholine,1,lm,lm,9.3,550.0,292.0,589,0.016,0.0,9.3,0.0,lh->lm,ipsilateral
IN00A028,804140,00A,M,gaba,-1,lm|rm,lm,9.2,20.0,0.0,971,0.009,9.2,0.0,0.0,rm->lm,contralateral
IN06B061,806870,06B,R,gaba,-1,lh,lh|rh,9.2,30.0,0.0,955,0.01,5.2,3.2,0.8,lh->rh lm->lh,both
IN19A041,807436,19A,L,gaba,-1,lm|rm,lm|rm,9.2,23.0,0.0,630,0.015,8.4,0.5,0.3,rm->lm lm->rm,contralateral
IN20A.22A069,934031,20A/22A,L,acetylcholine,1,lf,lf,9.2,96.0,54.0,96,0.096,0.0,9.2,0.0,lm->lf,ipsilateral
IN06B038,804228,06B,R,gaba,-1,lh|lm,lh,9.1,33.0,0.0,907,0.01,4.1,5.0,0.0,lm->lh rh->lh,both
IN08A026,808352,08A,L,glutamate,-1,lm,lm,9.1,757.0,725.0,757,0.012,0.0,9.1,0.0,lf->lm,ipsilateral
IN20A.22A055,809298,20A/22A,R,acetylcholine,1,rh,rh,9.1,115.0,59.0,120,0.076,7.9,1.1,0.1,rh->lh rm->rh lh->rh,contralateral
IN19A094,913071,19A,R,gaba,-1,rm,rm,9.1,95.0,77.0,141,0.065,0.0,9.1,0.0,rf->rm,ipsilateral
IN06A096,801820,06A,R,gaba,-1,rm,rm|lh,9.0,46.0,0.0,782,0.012,0.0,0.0,9.0,rm->lh,both
INXXX221,802153,XXX (unassigned),L,unclear,0,lh,lh|rh,9.0,43.0,0.0,1652,0.005,9.0,0.0,0.0,lh->rh,contralateral
IN01B010,803876,01B,L,gaba,-1,lf,lf,9.0,760.0,0.0,992,0.009,9.0,0.0,0.0,lf->rf,contralateral
IN01B007,803926,01B,L,gaba,-1,lm,lm,9.0,187.0,0.0,1576,0.006,0.0,9.0,0.0,lm->lh,ipsilateral
IN20A.22A041,804637,20A/22A,L,acetylcholine,1,lm,lm,9.0,232.0,23.0,314,0.029,9.0,0.0,0.0,lm->rm,contralateral
IN16B045,804915,16B,R,glutamate,-1,rf,rf,9.0,700.0,29.0,953,0.009,9.0,0.0,0.0,rf->lf,contralateral
IN00A017,805185,00A,M,unclear,0,lh|rh,lh|rh,9.0,20.0,0.0,812,0.011,9.0,0.0,0.0,rh->lh lh->rh,contralateral
IN13B032,805345,13B,L,gaba,-1,rm,rm,9.0,1163.0,7.0,1502,0.006,0.0,9.0,0.0,rm->rf,ipsilateral
IN23B043,805540,23B,L,acetylcholine,1,lf,lf,9.0,211.0,0.0,916,0.01,0.0,9.0,0.0,lf->lm,ipsilateral
IN09A021,805698,09A,R,gaba,-1,rh,rh,9.0,115.0,63.0,432,0.021,0.0,9.0,0.0,rh->rm,ipsilateral
IN13A010,805758,13A,L,gaba,-1,lh,lh,9.0,330.0,7.0,335,0.027,0.0,9.0,0.0,lh->lm,ipsilateral
IN20A.22A039,805857,20A/22A,L,acetylcholine,1,lf,lf,9.0,357.0,51.0,390,0.023,0.0,0.0,9.0,lf->rh,both
IN03A089,806499,03A,L,acetylcholine,1,lh,lh,9.0,698.0,5.0,860,0.01,0.0,0.0,9.0,lh->rf,both
IN04B079,806733,04B,L,acetylcholine,1,lf,lf,9.0,307.0,27.0,450,0.02,0.0,9.0,0.0,lf->lm,ipsilateral
IN13B052,808074,13B,R,gaba,-1,lh,lh,9.0,148.0,0.0,473,0.019,0.0,0.0,9.0,lh->rf,both
IN19B057,808460,19B,R,acetylcholine,1,rh,rh|lm,9.0,32.0,0.0,572,0.016,0.0,0.0,9.0,rh->lm,both
IN20A.22A060,808526,20A/22A,R,acetylcholine,1,rh,rh,9.0,467.0,336.0,467,0.019,0.0,9.0,0.0,rh->rm,ipsilateral
IN16B075_a,808736,16B,R,glutamate,-1,rm,rm,9.0,563.0,38.0,579,0.016,0.0,9.0,0.0,rm->rh,ipsilateral
IN20A.22A089,808975,20A/22A,L,acetylcholine,1,lf,lf,9.0,103.0,0.0,150,0.06,0.0,9.0,0.0,lf->lm,ipsilateral
"IN17A080,IN17A083",808997,17A,R,acetylcholine,1,rh,rh,9.0,63.0,0.0,474,0.019,0.0,9.0,0.0,rh->rm,ipsilateral
IN09A021,809111,09A,L,gaba,-1,lf,lf,9.0,120.0,60.0,370,0.024,0.0,9.0,0.0,lf->lm,ipsilateral
IN14A058,809838,14A,L,glutamate,-1,rh,rh,9.0,272.0,0.0,400,0.022,0.0,0.0,9.0,rh->lf,both
IN12B049,811722,12B,L,gaba,-1,rf,rf|rm,9.0,35.0,0.0,195,0.046,0.0,9.0,0.0,rf->rm,ipsilateral
"IN08A026,IN08A033",811865,08A,R,glutamate,-1,rm,rm,9.0,359.0,163.0,378,0.024,0.0,0.0,9.0,rm->lh,both
IN03A064,812023,03A,L,acetylcholine,1,lh,lh,9.0,353.0,177.0,358,0.025,9.0,0.0,0.0,lh->rh,contralateral
IN03A097,812666,03A,R,acetylcholine,1,rh,rh,9.0,215.0,20.0,240,0.038,0.0,9.0,0.0,rh->rm,ipsilateral
IN09A084,813020,09A,R,gaba,-1,rh,rh,9.0,284.0,48.0,306,0.029,0.0,9.0,0.0,rh->rm,ipsilateral
IN20A.22A077,813773,20A/22A,R,acetylcholine,1,rf,rf|rh,9.0,30.0,0.0,108,0.083,0.0,9.0,0.0,rf->rh,ipsilateral
IN14A114,815033,14A,R,glutamate,-1,lh,lh,9.0,213.0,0.0,325,0.028,0.0,9.0,0.0,lh->lm,ipsilateral
IN01B081,815894,01B,R,gaba,-1,rh,rh|lm,9.0,45.0,0.0,382,0.024,0.0,0.0,9.0,rh->lm,both
IN23B043,902319,23B,L,acetylcholine,1,lf,lf,9.0,90.0,0.0,678,0.013,0.0,9.0,0.0,lf->lm,ipsilateral
IN14A072,903094,14A,L,glutamate,-1,rh,rh,9.0,181.0,0.0,399,0.023,0.0,9.0,0.0,rh->rm,ipsilateral
IN20A.22A066,903252,20A/22A,R,acetylcholine,1,rh,rh,9.0,668.0,215.0,814,0.011,0.0,9.0,0.0,rh->rm,ipsilateral
IN20A.22A059,903394,20A/22A,L,acetylcholine,1,lh,lh,9.0,169.0,0.0,503,0.018,9.0,0.0,0.0,lh->rh,contralateral
IN20A.22A047,903526,20A/22A,L,acetylcholine,1,lh,lh,9.0,234.0,13.0,266,0.034,0.0,9.0,0.0,lh->lm,ipsilateral
IN01B023_b,903888,01B,L,gaba,-1,lh,lh,9.0,278.0,0.0,990,0.009,9.0,0.0,0.0,lh->rh,contralateral
IN09A068,904052,09A,L,gaba,-1,lf,lf,9.0,268.0,0.0,323,0.028,9.0,0.0,0.0,lf->rf,contralateral
IN09A027,904325,09A,L,gaba,-1,lm,lm,9.0,84.0,19.0,613,0.015,0.0,9.0,0.0,lm->lf,ipsilateral
IN01B020,905986,01B,R,gaba,-1,rf,rf,9.0,90.0,0.0,224,0.04,0.0,9.0,0.0,rf->rh rh->rf,ipsilateral
IN14A097,907381,14A,L,glutamate,-1,rh,rh,9.0,223.0,0.0,343,0.026,0.0,0.0,9.0,rh->lf,both
"IN20A.22A049,IN20A.22A067",908470,20A/22A,L,acetylcholine,1,lf,lf,9.0,267.0,56.0,295,0.031,9.0,0.0,0.0,lf->rf,contralateral
IN14A038,908701,14A,R,glutamate,-1,lm,lm,9.0,331.0,5.0,603,0.015,0.0,9.0,0.0,lm->lf,ipsilateral
IN04B094,909125,04B,R,acetylcholine,1,rf,rf,9.0,192.0,73.0,329,0.027,0.0,9.0,0.0,rf->rm,ipsilateral
IN09A074,909555,09A,L,gaba,-1,lf,lf|lm,9.0,52.0,0.0,122,0.074,0.0,9.0,0.0,lf->lm,ipsilateral
IN20A.22A023,909867,20A/22A,R,acetylcholine,1,rf|rh,rf,9.0,33.0,27.0,33,0.273,0.0,9.0,0.0,rh->rf rm->rf,ipsilateral
IN04B100,910314,04B,R,acetylcholine,1,rf,rf,9.0,253.0,84.0,265,0.034,0.0,9.0,0.0,rf->rh,ipsilateral
IN20A.22A052,940256,20A/22A,L,acetylcholine,1,lf,lf,9.0,360.0,111.0,460,0.02,0.0,0.0,9.0,lf->rh,both
IN20A.22A071,1053915969,20A/22A,L,acetylcholine,1,lf,lf,9.0,94.0,0.0,215,0.042,0.0,9.0,0.0,lf->lm,ipsilateral
GFC4,907419,-,L,acetylcholine,1,lf,lf,8.9,263.0,16.0,315,0.028,0.0,0.0,8.9,rm->lf,both
IN04B074,809410,04B,L,acetylcholine,1,lh,lh,8.8,334.0,212.0,334,0.026,0.0,8.8,0.0,lm->lh,ipsilateral
IN20A.22A091,817597,20A/22A,R,acetylcholine,1,rm,rm,8.8,72.0,44.0,87,0.101,0.0,0.0,8.8,lf->rm,both
IN19A030,801036,19A,L,gaba,-1,lf,lf,8.7,1086.0,421.0,1157,0.008,0.0,8.7,0.0,lm->lf,ipsilateral
IN23B047,804182,23B,R,acetylcholine,1,rm,rm,8.7,95.0,0.0,603,0.015,0.0,8.7,0.0,rm->rf rf->rm,ipsilateral
IN23B067_c,806104,23B,R,acetylcholine,1,rm,rm,8.7,153.0,0.0,1076,0.008,5.9,1.9,0.9,rm->lm rf->rm,both
IN19A033,802044,19A,L,gaba,-1,lh,lh,8.6,1326.0,623.0,1482,0.006,8.6,0.0,0.0,rh->lh,contralateral
IN06B069,802446,06B,R,gaba,-1,lh|lm,lh,8.6,23.0,0.0,408,0.021,0.0,8.6,0.0,lm->lh,ipsilateral
IN01B003,802648,01B,R,gaba,-1,rf,rf,8.6,136.0,0.0,2185,0.004,8.0,0.6,0.0,rf->lf,contralateral
IN04B110,809923,04B,L,acetylcholine,1,lh,lh,8.6,294.0,192.0,294,0.029,0.0,8.6,0.0,lm->lh,ipsilateral
IN09A066,810940,09A,L,gaba,-1,lm,lm,8.6,213.0,0.0,539,0.016,0.0,8.6,0.0,lf->lm,ipsilateral
IN20A.22A069,910753,20A/22A,R,acetylcholine,1,rf,rf,8.6,146.0,100.0,164,0.052,0.0,8.6,0.0,rm->rf,ipsilateral
IN13B098,1053526057,13B,R,gaba,-1,lf,lf,8.6,119.0,50.0,119,0.072,0.0,8.6,0.0,lm->lf,ipsilateral
IN04B074,801827,04B,R,acetylcholine,1,rm,rm,8.5,271.0,225.0,318,0.027,0.0,8.5,0.0,rh->rm,ipsilateral
IN19B050,803417,19B,R,acetylcholine,1,lh|rh,lh|rh,8.5,21.0,0.0,2445,0.003,8.5,0.0,0.0,lh->rh rh->lh,contralateral
IN08A026,809440,08A,L,glutamate,-1,lm,lm,8.5,434.0,288.0,459,0.019,0.0,8.5,0.0,lf->lm,ipsilateral
IN23B033,909084,23B,R,acetylcholine,1,rf,rf,8.5,73.0,0.0,474,0.018,3.5,4.7,0.3,rf->rm lf->rf,both
IN19B077,909841,19B,R,acetylcholine,1,lh|lm,lh|rh,8.5,25.0,0.0,573,0.015,4.1,3.5,0.9,lh->rh lm->lh lm->rh,both
IN23B067_e,802776,23B,R,acetylcholine,1,rm,rm,8.4,113.0,0.0,676,0.012,0.1,1.4,6.9,rm->lf rf->rm,both
INXXX261,803252,XXX (unassigned),L,glutamate,-1,lh,lh,8.4,44.0,0.0,1795,0.005,4.8,3.6,0.0,rh->lh lm->lh,both
IN03B058,813377,03B,R,gaba,-1,rh,rh,8.4,39.0,0.0,270,0.031,4.6,3.8,0.0,lh->rh rm->rh,both
IN13A038,906719,13A,L,gaba,-1,lf,lf,8.4,249.0,30.0,343,0.024,8.4,0.0,0.0,rf->lf,contralateral
IN16B072,804502,16B,L,glutamate,-1,lm,lm|lh,8.3,28.0,0.0,804,0.01,0.0,8.3,0.0,lm->lh lf->lm,ipsilateral
IN12B039,805923,12B,R,gaba,-1,lm,lm,8.3,194.0,6.0,807,0.01,4.9,3.3,0.1,lm->rm lh->lm,both
IN20A.22A037,809209,20A/22A,L,acetylcholine,1,lm,lm,8.3,250.0,30.0,260,0.032,0.0,8.3,0.0,lf->lm,ipsilateral
IN11B021_e,814471,11B,R,gaba,-1,rh|rm,rh,8.3,35.0,0.0,233,0.036,0.0,8.3,0.0,rm->rh,ipsilateral
IN00A057,906819,00A,M,gaba,-1,lh|lm,lh,8.3,21.0,0.0,504,0.016,0.0,6.7,1.6,lm->lh rm->lh,ipsilateral
INXXX253,802518,XXX (unassigned),L,gaba,-1,rh|lh,rh,8.2,23.0,0.0,802,0.01,8.2,0.0,0.0,lh->rh,contralateral
IN12B024_a,804158,12B,R,gaba,-1,lm,lm,8.2,504.0,237.0,609,0.013,0.0,0.0,8.2,rh->lm,both
IN09A012,805004,09A,R,gaba,-1,rh,rh,8.2,114.0,30.0,1740,0.005,0.0,8.2,0.0,rm->rh,ipsilateral
IN03B058,811467,03B,R,gaba,-1,rh,rh,8.2,41.0,0.0,302,0.027,8.2,0.0,0.0,rh->lh lh->rh,contralateral
IN11B021_a,817494,11B,R,gaba,-1,rh|rm,rh,8.2,46.0,0.0,326,0.025,0.0,8.2,0.0,rm->rh,ipsilateral
IN20A.22A055,907686,20A/22A,L,acetylcholine,1,lh,lh,8.2,103.0,40.0,108,0.076,6.9,1.2,0.1,lh->rh lm->lh,contralateral
IN01B083_c,909119,01B,L,gaba,-1,lm,lm,8.2,137.0,0.0,420,0.02,0.0,8.2,0.0,lf->lm,ipsilateral
IN10B036,912347,10B,R,acetylcholine,1,rm|rh,rm|lh,8.2,21.0,0.0,279,0.029,1.0,3.2,4.0,rm->lh rh->rm rh->lh,both
IN13A050,925137,13A,L,gaba,-1,lf,lf,8.2,283.0,180.0,294,0.028,8.2,0.0,0.0,rf->lf,contralateral
IN20A.22A005,936035,20A/22A,L,acetylcholine,1,lm,lm,8.2,1376.0,563.0,1580,0.005,8.2,0.0,0.0,rm->lm,contralateral
IN20A.22A045,808179,20A/22A,L,acetylcholine,1,lm,lm,8.1,416.0,170.0,466,0.017,0.0,8.1,0.0,lf->lm,ipsilateral
IN13B057,808385,13B,L,gaba,-1,rh,rh,8.1,256.0,0.0,497,0.016,8.1,0.0,0.0,lh->rh,contralateral
IN14A045,810642,14A,R,glutamate,-1,lh,lh,8.1,141.0,10.0,187,0.043,0.0,8.1,0.0,lm->lh,ipsilateral
IN01B029,908081,01B,L,gaba,-1,lm,lm,8.1,322.0,0.0,873,0.009,0.0,8.1,0.0,lm->lf lh->lm,ipsilateral
IN01B012,908509,01B,R,gaba,-1,rm,rm,8.1,672.0,0.0,1932,0.004,0.0,8.1,0.0,rh->rm,ipsilateral
INXXX297,802528,XXX (unassigned),L,acetylcholine,1,lh,lh,8.0,199.0,0.0,2705,0.003,8.0,0.0,0.0,lh->rh,contralateral
IN19A045,803643,19A,R,gaba,-1,rh,rh,8.0,126.0,0.0,1295,0.006,8.0,0.0,0.0,rh->lh,contralateral
IN04B078,803674,04B,R,acetylcholine,1,rh,rh,8.0,867.0,58.0,1457,0.005,8.0,0.0,0.0,rh->lh,contralateral
IN14A050,803688,14A,L,glutamate,-1,rm,rm,8.0,383.0,7.0,412,0.019,8.0,0.0,0.0,rm->lm,contralateral
IN04B078,803713,04B,R,acetylcholine,1,rh,rh,8.0,669.0,154.0,1182,0.007,8.0,0.0,0.0,rh->lh,contralateral
IN04B078,804161,04B,R,acetylcholine,1,rf,rf,8.0,95.0,10.0,183,0.044,0.0,0.0,8.0,rf->lh,both
IN13B027,804288,13B,R,gaba,-1,lh,lh,8.0,426.0,0.0,902,0.009,0.0,8.0,0.0,lh->lm,ipsilateral
IN13B032,805816,13B,R,gaba,-1,lm,lm,8.0,1052.0,0.0,1392,0.006,0.0,8.0,0.0,lm->lh,ipsilateral
IN23B046,806166,23B,L,acetylcholine,1,lm,lm,8.0,94.0,0.0,677,0.012,0.0,8.0,0.0,lm->lh,ipsilateral
IN03A039,806176,03A,L,acetylcholine,1,lf,lf,8.0,368.0,134.0,383,0.021,8.0,0.0,0.0,lf->rf,contralateral
IN14A036,806404,14A,L,glutamate,-1,rh,rh,8.0,175.0,0.0,804,0.01,8.0,0.0,0.0,rh->lh,contralateral
IN08A011,806436,08A,R,glutamate,-1,rm,rm|rh,8.0,27.0,0.0,725,0.011,0.0,8.0,0.0,rm->rh,ipsilateral
IN09B038,806774,09B,L,acetylcholine,1,rf,rf,8.0,305.0,23.0,485,0.016,0.0,8.0,0.0,rf->rm,ipsilateral
INXXX343,807072,XXX (unassigned),L,gaba,-1,lh,lh|rh,8.0,22.0,0.0,1059,0.008,8.0,0.0,0.0,lh->rh,contralateral
IN08B088,807689,08B,L,acetylcholine,1,lh,lh|lm,8.0,31.0,0.0,223,0.036,0.0,8.0,0.0,lh->lm,ipsilateral
IN13B037,808410,13B,L,gaba,-1,rm,rm,8.0,593.0,0.0,720,0.011,0.0,8.0,0.0,rm->rh,ipsilateral
IN03A094,808486,03A,L,acetylcholine,1,lf,lf,8.0,217.0,7.0,251,0.032,8.0,0.0,0.0,lf->rf,contralateral
IN20A.22A058,808647,20A/22A,L,acetylcholine,1,lm,lm,8.0,415.0,78.0,617,0.013,0.0,8.0,0.0,lh->lm,ipsilateral
IN23B081,808868,23B,L,acetylcholine,1,lm,lm,8.0,70.0,0.0,656,0.012,8.0,0.0,0.0,lm->rm,contralateral
IN13B039,808957,13B,R,gaba,-1,lm,lm,8.0,546.0,0.0,643,0.012,0.0,8.0,0.0,lm->lh,ipsilateral
IN20A.22A060,809196,20A/22A,L,acetylcholine,1,lh,lh,8.0,252.0,147.0,285,0.028,8.0,0.0,0.0,lh->rh,contralateral
IN20A.22A077,809467,20A/22A,R,acetylcholine,1,rh,rh,8.0,229.0,0.0,405,0.02,8.0,0.0,0.0,rh->lh,contralateral
IN08A027,809854,08A,R,glutamate,-1,rm,rm,8.0,327.0,40.0,342,0.023,0.0,8.0,0.0,rf->rm,ipsilateral
IN16B090,810103,16B,L,glutamate,-1,lm,lm,8.0,383.0,96.0,395,0.02,0.0,8.0,0.0,lm->lh,ipsilateral
IN01B027_f,810167,01B,R,gaba,-1,rf,rf,8.0,143.0,0.0,375,0.021,0.0,8.0,0.0,rf->rm,ipsilateral
IN20A.22A073,810812,20A/22A,R,acetylcholine,1,rh,rh,8.0,393.0,25.0,415,0.019,8.0,0.0,0.0,rh->lh,contralateral
IN20A.22A050,810943,20A/22A,L,acetylcholine,1,lm,lm,8.0,447.0,41.0,471,0.017,0.0,8.0,0.0,lm->lf,ipsilateral
IN12B078,812625,12B,L,gaba,-1,rf,rf|rh,8.0,35.0,0.0,172,0.047,0.0,8.0,0.0,rf->rh,ipsilateral
IN08A045,813262,08A,R,glutamate,-1,rh,rh,8.0,263.0,47.0,350,0.023,8.0,0.0,0.0,rh->lh,contralateral
IN14A111,813712,14A,L,glutamate,-1,rh,rh,8.0,132.0,0.0,199,0.04,0.0,0.0,8.0,rh->lf,both
IN01B060,814404,01B,R,gaba,-1,rh,rh,8.0,425.0,0.0,541,0.015,0.0,0.0,8.0,rh->lm,both
IN20A.22A090,814500,20A/22A,L,acetylcholine,1,lh,lh,8.0,98.0,0.0,221,0.036,8.0,0.0,0.0,lh->rh,contralateral
IN14A105,814838,14A,R,glutamate,-1,lm,lm,8.0,107.0,0.0,171,0.047,8.0,0.0,0.0,lm->rm,contralateral
IN01B095,815500,01B,L,gaba,-1,lh,lh,8.0,65.0,0.0,288,0.028,0.0,0.0,8.0,lh->rm,both
IN14A110,818534,14A,R,glutamate,-1,lm,lm,8.0,93.0,0.0,100,0.08,0.0,8.0,0.0,lm->lf,ipsilateral
INXXX194,905159,XXX (unassigned),R,glutamate,-1,rf,rf,8.0,712.0,265.0,754,0.011,0.0,8.0,0.0,rf->rm,ipsilateral
IN20A.22A018,905531,20A/22A,R,acetylcholine,1,rf,rf,8.0,271.0,224.0,277,0.029,0.0,0.0,8.0,rf->lh,both
IN09A013,905786,09A,L,gaba,-1,lf,lf,8.0,521.0,0.0,1506,0.005,8.0,0.0,0.0,lf->rf,contralateral
IN04B013,905968,04B,R,acetylcholine,1,rf,rf,8.0,384.0,155.0,454,0.018,8.0,0.0,0.0,rf->lf,contralateral
IN20A.22A056,908766,20A/22A,L,acetylcholine,1,lf,lf,8.0,317.0,48.0,450,0.018,8.0,0.0,0.0,lf->rf,contralateral
IN13B052,944539,13B,L,gaba,-1,rh,rh,8.0,154.0,0.0,526,0.015,0.0,0.0,8.0,rh->lf,both
IN06B079,1051364845,06B,L,gaba,-1,rh,rh,8.0,68.0,0.0,454,0.018,8.0,0.0,0.0,rh->lh,contralateral
INXXX238,1051816135,XXX (unassigned),R,acetylcholine,1,lh,lh,8.0,85.0,0.0,1787,0.004,0.0,0.0,8.0,lh->rm,both
IN16B076,1054019402,16B,L,glutamate,-1,lf,lf,8.0,212.0,150.0,408,0.02,0.0,8.0,0.0,lf->lm,ipsilateral
IN12B088,1056801069,12B,L,gaba,-1,rm,rm,8.0,63.0,0.0,121,0.066,0.0,8.0,0.0,rm->rh,ipsilateral
IN06A117,809576,06A,L,gaba,-1,lh,lh,7.9,60.0,0.0,547,0.014,7.9,0.0,0.0,rh->lh,contralateral
IN19A057,805853,19A,L,gaba,-1,lh,lh|lm,7.8,28.0,0.0,776,0.01,2.5,4.8,0.5,lh->lm rh->lh,both
IN16B061,809809,16B,R,glutamate,-1,rf,rf,7.8,335.0,298.0,335,0.023,7.8,0.0,0.0,lf->rf,contralateral
IN06B066,811091,06B,L,gaba,-1,rm|lm,rm,7.8,38.0,0.0,628,0.012,7.8,0.0,0.0,lm->rm,contralateral
IN06A119,811471,06A,L,gaba,-1,lh|rh,lh,7.8,22.0,0.0,449,0.017,7.8,0.0,0.0,rh->lh,contralateral
IN08A036,813768,08A,L,glutamate,-1,lf,lf,7.8,189.0,81.0,224,0.035,7.8,0.0,0.0,rf->lf,contralateral
IN20A.22A011,906615,20A/22A,R,acetylcholine,1,rf,rf,7.8,55.0,5.0,95,0.082,0.0,7.8,0.0,rm->rf rh->rf,ipsilateral
IN01B002,800954,01B,R,gaba,-1,rh|lh,rh,7.7,37.0,0.0,2809,0.003,7.7,0.1,0.0,lh->rh,contralateral
IN09A012,802115,09A,L,gaba,-1,lh,lh,7.7,58.0,0.0,1423,0.005,1.2,6.5,0.0,lm->lh rh->lh,ipsilateral
IN04B081,805502,04B,R,acetylcholine,1,rm,rm,7.7,391.0,184.0,396,0.019,0.0,7.7,0.0,rh->rm,ipsilateral
IN19B077,808977,19B,L,acetylcholine,1,rh,rh,7.7,66.0,10.0,513,0.015,5.5,0.0,2.3,lh->rh lm->rh,contralateral
IN13A034,911261,13A,R,gaba,-1,rm,rm,7.7,124.0,109.0,137,0.056,0.0,7.7,0.0,rf->rm,ipsilateral
IN21A005,801785,21A,L,acetylcholine,1,lf,lf,7.6,1841.0,799.0,2334,0.003,0.0,7.6,0.0,lm->lf,ipsilateral
IN20A.22A030,803791,20A/22A,L,acetylcholine,1,lm,lm,7.6,401.0,175.0,435,0.018,0.0,7.6,0.0,lf->lm,ipsilateral
IN19B090,808194,19B,R,acetylcholine,1,lh|lm,lh,7.6,24.0,0.0,540,0.014,0.0,7.6,0.0,lm->lh,ipsilateral
IN08A046,818902,08A,R,glutamate,-1,rf,rf,7.6,302.0,202.0,302,0.025,0.0,7.6,0.0,rm->rf,ipsilateral
IN13B044,911549,13B,R,gaba,-1,lf,lf,7.6,121.0,0.0,240,0.032,7.6,0.0,0.0,rf->lf,contralateral
IN19A056,806872,19A,L,gaba,-1,lm,lm|lh,7.5,21.0,0.0,641,0.012,0.0,7.5,0.0,lm->lh,ipsilateral
IN03A055,809547,03A,R,acetylcholine,1,rh,rh|rm,7.5,25.0,5.0,25,0.298,0.4,7.0,0.1,rh->rm rm->rh,ipsilateral
IN21A095,911669,21A,L,glutamate,-1,lm,lm,7.5,74.0,60.0,86,0.087,7.5,0.0,0.0,rm->lm,contralateral
INXXX377,804186,XXX (unassigned),L,glutamate,-1,lh,lh|rh,7.4,26.0,0.0,1614,0.005,6.1,0.6,0.6,lh->rh,contralateral
IN03A031,804876,03A,L,acetylcholine,1,lm,lm,7.4,589.0,226.0,608,0.012,7.4,0.0,0.0,rm->lm,contralateral
IN13A042,809881,13A,R,gaba,-1,rm,rm,7.4,193.0,152.0,210,0.035,7.4,0.0,0.0,lm->rm,contralateral
IN13B087,810455,13B,L,gaba,-1,rm,rm,7.4,122.0,0.0,372,0.02,0.0,7.4,0.0,rh->rm,ipsilateral
IN14A081,814675,14A,L,glutamate,-1,rf|lf,rf,7.4,40.0,0.0,131,0.057,7.4,0.0,0.0,lf->rf,contralateral
IN20A.22A009,908087,20A/22A,R,acetylcholine,1,rf,rf,7.4,115.0,56.0,128,0.058,0.0,2.5,4.9,lm->rf rm->rf,both
IN19A083,929616,19A,L,gaba,-1,lm,lm,7.4,41.0,0.0,66,0.112,1.4,5.8,0.2,lm->lf rm->lm,ipsilateral
IN12B041,808103,12B,L,gaba,-1,rf,rf,7.3,51.0,0.0,265,0.027,0.0,7.3,0.0,rh->rf,ipsilateral
"IN20A.22A049,IN20A.22A067",811180,20A/22A,R,acetylcholine,1,rf,rf,7.3,191.0,35.0,232,0.031,7.3,0.0,0.0,lf->rf,contralateral
IN20A.22A016,905665,20A/22A,R,acetylcholine,1,rf,rf,7.3,180.0,0.0,276,0.026,7.3,0.0,0.0,lf->rf,contralateral
IN13A034,803729,13A,L,gaba,-1,lm,lm,7.2,362.0,318.0,362,0.02,0.0,7.2,0.0,lh->lm lf->lm,ipsilateral
IN16B041,804521,16B,R,glutamate,-1,rm,rm,7.2,663.0,157.0,822,0.009,0.0,7.2,0.0,rf->rm,ipsilateral
IN04B071,807452,04B,L,acetylcholine,1,lm,lm,7.2,312.0,169.0,353,0.02,0.0,7.2,0.0,lh->lm,ipsilateral
IN06A106,808769,06A,L,gaba,-1,lh|rh,lh|rh,7.2,24.0,0.0,808,0.009,7.2,0.0,0.0,lh->rh rh->lh,contralateral
IN04B074,804880,04B,L,acetylcholine,1,lm,lm,7.1,666.0,342.0,707,0.01,0.0,7.1,0.0,lf->lm lh->lm,ipsilateral
IN13A051,806179,13A,L,gaba,-1,lf,lf,7.1,546.0,399.0,561,0.013,7.1,0.0,0.0,lf->rf rf->lf,contralateral
IN21A061,808642,21A,R,glutamate,-1,rh,rh,7.1,586.0,268.0,599,0.012,0.0,7.1,0.0,rm->rh,ipsilateral
IN12B027,801307,12B,L,gaba,-1,rh,rh,7.0,289.0,176.0,823,0.009,0.0,7.0,0.0,rh->rm,ipsilateral
IN23B086,802525,23B,L,acetylcholine,1,lm,lm,7.0,56.0,0.0,402,0.017,0.0,7.0,0.0,lm->lf,ipsilateral
IN13B050,802957,13B,R,gaba,-1,lm,lm,7.0,475.0,0.0,744,0.009,0.0,7.0,0.0,lm->lf,ipsilateral
"IN21A023,IN21A024",803650,21A,L,glutamate,-1,lm,lm,7.0,1687.0,0.0,2268,0.003,0.0,7.0,0.0,lm->lh,ipsilateral
IN01B020,803848,01B,L,gaba,-1,lh,lh,7.0,623.0,0.0,1120,0.006,7.0,0.0,0.0,lh->rh,contralateral
IN09A024,803905,09A,R,gaba,-1,rm,rm|rf,7.0,35.0,0.0,632,0.011,0.0,7.0,0.0,rm->rf rf->rm,ipsilateral
INXXX348,804264,XXX (unassigned),L,gaba,-1,lh,lh|rh,7.0,46.0,0.0,1302,0.005,7.0,0.0,0.0,lh->rh,contralateral
IN04B017,804753,04B,R,acetylcholine,1,rm,rm,7.0,652.0,133.0,863,0.008,0.0,7.0,0.0,rm->rh,ipsilateral
IN04B022,804784,04B,R,acetylcholine,1,rh,rh,7.0,562.0,342.0,828,0.008,0.0,0.0,7.0,rh->lm,both
IN17A079,804810,17A,L,acetylcholine,1,lm,lm,7.0,958.0,7.0,1112,0.006,0.0,7.0,0.0,lm->lh,ipsilateral
IN20A.22A071,806158,20A/22A,L,acetylcholine,1,lf,lf,7.0,126.0,5.0,283,0.025,0.0,7.0,0.0,lf->lh,ipsilateral
IN04B031,806368,04B,L,acetylcholine,1,lf,lf,7.0,636.0,421.0,636,0.011,0.0,7.0,0.0,lh->lf,ipsilateral
INXXX390,806510,XXX (unassigned),R,gaba,-1,rh,rh|lh,7.0,25.0,0.0,528,0.013,7.0,0.0,0.0,rh->lh,contralateral
IN01B026,806878,01B,L,gaba,-1,lm,lm,7.0,320.0,0.0,980,0.007,0.0,7.0,0.0,lm->lf,ipsilateral
IN14A017,807181,14A,R,glutamate,-1,lf,lf,7.0,530.0,0.0,637,0.011,0.0,0.0,7.0,lf->rh,both
IN23B046,807301,23B,R,acetylcholine,1,rm,rm,7.0,81.0,0.0,483,0.014,0.0,7.0,0.0,rm->rh,ipsilateral
IN13B090,807450,13B,R,gaba,-1,lh,lh,7.0,168.0,0.0,368,0.019,0.0,7.0,0.0,lh->lm,ipsilateral
IN12B025,807585,12B,R,gaba,-1,lf,lf,7.0,308.0,38.0,402,0.017,0.0,0.0,7.0,lf->rh,both
IN23B074,807611,23B,L,acetylcholine,1,lm,lm,7.0,86.0,0.0,646,0.011,7.0,0.0,0.0,lm->rm,contralateral
IN09A088,807665,09A,L,gaba,-1,lh,lh,7.0,92.0,0.0,183,0.038,0.0,7.0,0.0,lh->lm,ipsilateral
IN16B054,808264,16B,L,glutamate,-1,lh,lh,7.0,467.0,49.0,533,0.013,0.0,7.0,0.0,lh->lm,ipsilateral
IN23B081,809172,23B,R,acetylcholine,1,rh,rh,7.0,159.0,0.0,522,0.013,0.0,7.0,0.0,rh->rm,ipsilateral
IN13A059,809181,13A,R,gaba,-1,rh,rh,7.0,372.0,0.0,504,0.014,0.0,7.0,0.0,rh->rm,ipsilateral
IN03B069,809634,03B,L,gaba,-1,lh,lh|lf,7.0,20.0,0.0,395,0.018,0.0,7.0,0.0,lh->lf,ipsilateral
IN13B079,809698,13B,R,gaba,-1,lh,lh,7.0,119.0,0.0,278,0.025,7.0,0.0,0.0,lh->rh,contralateral
IN12B065,809907,12B,L,gaba,-1,rh,rh,7.0,195.0,6.0,416,0.017,7.0,0.0,0.0,rh->lh,contralateral
IN03A039,809968,03A,R,acetylcholine,1,rf,rf,7.0,220.0,56.0,220,0.032,0.0,7.0,0.0,rf->rh,ipsilateral
IN04B043_a,810182,04B,R,acetylcholine,1,rh,rh,7.0,168.0,83.0,224,0.031,7.0,0.0,0.0,rh->lh,contralateral
IN20A.22A021,810685,20A/22A,L,acetylcholine,1,lh,lh,7.0,261.0,70.0,278,0.025,0.0,7.0,0.0,lh->lm,ipsilateral
IN01B060,810719,01B,L,gaba,-1,lh,lh,7.0,377.0,0.0,532,0.013,0.0,0.0,7.0,lh->rm,both
IN04B048,810764,04B,R,acetylcholine,1,rh,rh,7.0,290.0,6.0,331,0.021,7.0,0.0,0.0,rh->lh,contralateral
IN20A.22A060,811021,20A/22A,R,acetylcholine,1,rh,rh,7.0,381.0,300.0,381,0.018,0.0,7.0,0.0,rh->rm,ipsilateral
IN20A.22A050,811147,20A/22A,L,acetylcholine,1,lm,lm,7.0,404.0,25.0,414,0.017,0.0,7.0,0.0,lm->lf,ipsilateral
IN03A069,811403,03A,R,acetylcholine,1,rf,rf,7.0,139.0,65.0,238,0.029,7.0,0.0,0.0,rf->lf,contralateral
IN09A034,811433,09A,L,gaba,-1,lh,lh,7.0,191.0,5.0,462,0.015,7.0,0.0,0.0,lh->rh,contralateral
IN04B079,811860,04B,R,acetylcholine,1,rf,rf,7.0,96.0,0.0,184,0.038,0.0,7.0,0.0,rf->rm,ipsilateral
IN21A080,812053,21A,L,glutamate,-1,lm,lm,7.0,361.0,94.0,366,0.019,7.0,0.0,0.0,rm->lm,contralateral
IN20A.22A076,812324,20A/22A,R,acetylcholine,1,rf,rf|rh,7.0,30.0,0.0,129,0.054,0.0,7.0,0.0,rf->rh,ipsilateral
IN01B044_a,812327,01B,L,gaba,-1,lf,lf,7.0,126.0,0.0,317,0.022,0.0,7.0,0.0,lf->lh,ipsilateral
IN12B062,812470,12B,R,gaba,-1,lf,lf,7.0,232.0,7.0,296,0.024,0.0,7.0,0.0,lf->lm,ipsilateral
IN14A046,812567,14A,R,glutamate,-1,lm,lm,7.0,67.0,0.0,253,0.028,7.0,0.0,0.0,lm->rm,contralateral
IN21A048,812614,21A,L,glutamate,-1,lh,lh,7.0,269.0,76.0,274,0.026,0.0,7.0,0.0,lm->lh,ipsilateral
"IN21A091,IN21A092",812622,21A,L,glutamate,-1,lh,lh,7.0,274.0,0.0,428,0.016,0.0,7.0,0.0,lh->lm,ipsilateral
IN12B058,812800,12B,L,gaba,-1,rf,rf,7.0,139.0,15.0,211,0.033,0.0,7.0,0.0,rf->rm,ipsilateral
IN14A054,812831,14A,R,glutamate,-1,lm,lm,7.0,188.0,43.0,193,0.036,7.0,0.0,0.0,lm->rm,contralateral
IN13A049,812987,13A,R,gaba,-1,rf,rf,7.0,179.0,30.0,216,0.032,7.0,0.0,0.0,rf->lf,contralateral
IN13B079,813382,13B,L,gaba,-1,rm,rm,7.0,158.0,0.0,281,0.025,0.0,7.0,0.0,rm->rh,ipsilateral
IN01B079,813888,01B,R,gaba,-1,rm,rm,7.0,59.0,0.0,491,0.014,7.0,0.0,0.0,rm->lm,contralateral
IN19A113,814162,19A,L,gaba,-1,lm,lm|lh,7.0,20.0,0.0,20,0.35,0.0,7.0,0.0,lm->lh,ipsilateral
IN14A087,815219,14A,L,glutamate,-1,rm,rm,7.0,290.0,0.0,331,0.021,7.0,0.0,0.0,rm->lm,contralateral
IN14A095,815342,14A,R,glutamate,-1,lh,lh,7.0,137.0,0.0,137,0.051,7.0,0.0,0.0,lh->rh,contralateral
IN21A078,815643,21A,L,glutamate,-1,lf,lf,7.0,157.0,46.0,167,0.042,0.0,7.0,0.0,lh->lf,ipsilateral
IN21A054,816835,21A,L,glutamate,-1,lh,lh,7.0,169.0,38.0,169,0.041,0.0,7.0,0.0,lm->lh,ipsilateral
IN20A.22A092,818278,20A/22A,R,acetylcholine,1,rf,rf,7.0,82.0,0.0,116,0.06,0.0,7.0,0.0,rf->rm,ipsilateral
IN01B019_a,902896,01B,L,gaba,-1,lf,lf,7.0,258.0,0.0,726,0.01,7.0,0.0,0.0,lf->rf,contralateral
IN21A047_f,903944,21A,L,glutamate,-1,lf,lf,7.0,316.0,21.0,316,0.022,0.0,0.0,7.0,lf->rh,both
IN13A002,904854,13A,R,gaba,-1,rf,rf,7.0,1906.0,140.0,2705,0.003,0.0,0.0,7.0,rf->lh,both
IN20A.22A059,904938,20A/22A,R,acetylcholine,1,rh,rh,7.0,204.0,0.0,561,0.012,7.0,0.0,0.0,rh->lh,contralateral
IN08A050,906525,08A,R,glutamate,-1,rf,rf,7.0,255.0,8.0,267,0.026,0.0,0.0,7.0,rf->lm,both
IN14A109,907996,14A,R,glutamate,-1,lh,lh,7.0,281.0,0.0,645,0.011,0.0,0.0,7.0,lh->rf,both
IN13A059,908675,13A,L,gaba,-1,lh,lh,7.0,278.0,0.0,461,0.015,0.0,7.0,0.0,lh->lm,ipsilateral
IN03A039,908786,03A,R,acetylcholine,1,rm,rm,7.0,579.0,231.0,592,0.012,0.0,7.0,0.0,rm->rf,ipsilateral
IN20A.22A050,910133,20A/22A,L,acetylcholine,1,lm,lm,7.0,290.0,0.0,315,0.022,0.0,7.0,0.0,lm->lf,ipsilateral
IN09A090,913321,09A,L,gaba,-1,lh,lh,7.0,156.0,14.0,237,0.03,0.0,7.0,0.0,lh->lm,ipsilateral
IN20A.22A091,936702,20A/22A,R,acetylcholine,1,rh,rh,7.0,95.0,37.0,124,0.056,0.0,7.0,0.0,rh->rm,ipsilateral
IN20A.22A076,940239,20A/22A,L,acetylcholine,1,lf,lf,7.0,95.0,5.0,250,0.028,0.0,7.0,0.0,lf->lh,ipsilateral
IN20A.22A024,946261,20A/22A,R,acetylcholine,1,rf,rf,7.0,238.0,45.0,305,0.023,7.0,0.0,0.0,rf->lf,contralateral
IN21A086,1051333245,21A,R,glutamate,-1,rh,rh,7.0,100.0,48.0,120,0.058,0.0,0.0,7.0,rh->lm,both
IN04B091,804979,04B,R,acetylcholine,1,rf,rf,6.9,66.0,38.0,122,0.057,0.0,6.9,0.0,rh->rf,ipsilateral
IN12B026,808130,12B,R,gaba,-1,lm,lm,6.9,259.0,71.0,269,0.026,0.0,3.8,3.2,lf->lm rh->lm,both
IN14A064,815389,14A,R,glutamate,-1,lf,lf,6.9,180.0,8.0,247,0.028,0.0,6.9,0.0,lh->lf,ipsilateral
IN13A045,904827,13A,L,gaba,-1,lf,lf,6.9,329.0,293.0,329,0.021,3.6,3.3,0.0,rf->lf lh->lf,both
IN04B091,908485,04B,L,acetylcholine,1,lf,lf,6.8,175.0,96.0,203,0.034,0.0,6.8,0.0,lh->lf,ipsilateral
IN20A.22A058,804138,20A/22A,R,acetylcholine,1,rm,rm,6.7,413.0,56.0,639,0.01,0.0,6.7,0.0,rf->rm,ipsilateral
IN23B067_b,805269,23B,R,acetylcholine,1,rh,rh,6.7,128.0,0.0,957,0.007,0.0,1.7,5.0,rh->lm rf->rh,both
IN13A050,805432,13A,L,gaba,-1,lh,lh,6.7,296.0,273.0,296,0.023,0.0,6.7,0.0,lm->lh,ipsilateral
IN06B077,806203,06B,L,gaba,-1,rh,rh,6.7,59.0,0.0,701,0.01,0.0,6.7,0.0,rf->rh,ipsilateral
IN20A.22A042,809021,20A/22A,L,acetylcholine,1,lf,lf,6.7,345.0,49.0,361,0.019,0.0,6.7,0.0,lm->lf,ipsilateral
IN20A.22A021,809104,20A/22A,R,acetylcholine,1,rm,rm,6.7,245.0,87.0,269,0.025,0.0,0.0,6.7,lf->rm,both
IN17A116,810000,17A,L,acetylcholine,1,lh,lh,6.7,28.0,0.0,444,0.015,0.0,6.7,0.0,lm->lh lf->lh,ipsilateral
IN08A026,813087,08A,R,glutamate,-1,rm,rm,6.7,327.0,200.0,327,0.02,0.0,6.7,0.0,rh->rm,ipsilateral
IN13B098,815121,13B,L,gaba,-1,rh,rh,6.7,107.0,40.0,121,0.056,0.0,6.7,0.0,rm->rh,ipsilateral
IN19A033,802854,19A,R,gaba,-1,rh,rh,6.6,1222.0,458.0,1413,0.005,3.0,0.0,3.6,lm->rh lh->rh,both
IN20A.22A010,804751,20A/22A,L,acetylcholine,1,lh,lh,6.6,432.0,227.0,476,0.014,1.7,5.0,0.0,lm->lh rh->lh,ipsilateral
IN13B037,807370,13B,R,gaba,-1,lm,lm,6.6,445.0,0.0,767,0.009,0.0,6.6,0.0,lf->lm,ipsilateral
IN19A064,810572,19A,R,gaba,-1,rh,rh,6.6,174.0,25.0,222,0.03,0.0,6.6,0.0,rm->rh,ipsilateral
IN20A.22A010,902712,20A/22A,L,acetylcholine,1,lh,lh,6.6,331.0,160.0,367,0.018,4.4,2.2,0.0,rh->lh lm->lh,both
IN04B059,902819,04B,L,acetylcholine,1,lf,lf,6.6,167.0,113.0,167,0.039,0.0,6.6,0.0,lh->lf,ipsilateral
IN01B025,907423,01B,R,gaba,-1,rh,rh,6.6,336.0,25.0,754,0.009,6.6,0.0,0.0,lh->rh,contralateral
IN23B064,801255,23B,R,acetylcholine,1,rm,rm,6.5,40.0,0.0,420,0.016,0.9,0.8,4.8,rm->lh lm->rm rh->rm,both
IN06A109,805070,06A,L,gaba,-1,lh,lh,6.5,34.0,0.0,1359,0.005,1.7,4.8,0.0,lm->lh rh->lh,ipsilateral
IN08A019,807836,08A,R,glutamate,-1,rf,rf,6.5,598.0,17.0,616,0.01,0.0,6.5,0.0,rh->rf,ipsilateral
IN13A034,808498,13A,R,gaba,-1,rm,rm,6.5,177.0,160.0,184,0.035,0.0,6.5,0.0,rf->rm rh->rm,ipsilateral
IN12B026,808573,12B,L,gaba,-1,rm,rm,6.5,174.0,52.0,181,0.036,0.0,6.5,0.0,rh->rm,ipsilateral
IN18B042,804783,18B,L,acetylcholine,1,lh,lh|lf,6.4,21.0,0.0,1169,0.005,0.0,6.4,0.0,lh->lf,ipsilateral
IN20A.22A016,807147,20A/22A,R,acetylcholine,1,rm,rm,6.4,429.0,46.0,631,0.01,0.0,0.0,6.4,lf->rm,both
IN09A033,810539,09A,R,gaba,-1,rf,rf,6.4,44.0,0.0,102,0.063,0.0,1.4,5.0,rf->lh rm->rf,both
INXXX287,906365,XXX (unassigned),R,gaba,-1,rh,rh,6.4,60.0,0.0,2731,0.002,2.4,1.4,2.6,lm->rh lh->rh rm->rh,both
IN23B079,809430,23B,L,acetylcholine,1,lf|lh,lf,6.3,33.0,0.0,218,0.029,0.0,6.3,0.0,lh->lf,ipsilateral
IN19A094,814592,19A,L,gaba,-1,lm,lm,6.3,67.0,52.0,103,0.062,2.7,3.6,0.0,lf->lm rm->lm,both
INXXX353,905993,XXX (unassigned),L,acetylcholine,1,lh|lm,lh,6.3,30.0,0.0,1715,0.004,0.0,6.3,0.0,lm->lh,ipsilateral
IN20A.22A067,803770,20A/22A,R,acetylcholine,1,rf,rf,6.2,208.0,27.0,237,0.026,0.0,6.2,0.0,rh->rf,ipsilateral
"IN09A056,IN09A072",811320,09A,L,gaba,-1,lh,lh,6.2,375.0,52.0,392,0.016,0.0,6.2,0.0,lm->lh,ipsilateral
IN08A019,800559,08A,L,glutamate,-1,lf,lf,6.0,658.0,81.0,715,0.008,0.0,0.0,6.0,lf->rh,both
IN21A004,800802,21A,L,acetylcholine,1,lf,lf,6.0,1386.0,284.0,1507,0.004,0.0,6.0,0.0,lf->lm,ipsilateral
IN13B014,801853,13B,R,gaba,-1,lh,lh,6.0,1092.0,25.0,2422,0.002,0.0,0.0,6.0,lh->rf,both
IN20A.22A041,802007,20A/22A,L,acetylcholine,1,lf,lf,6.0,146.0,31.0,173,0.035,0.0,6.0,0.0,lf->lm,ipsilateral
INXXX466,802025,XXX (unassigned),R,acetylcholine,1,rm,rm,6.0,4466.0,794.0,4989,0.001,0.0,6.0,0.0,rm->rh,ipsilateral
IN19B043,802531,19B,R,acetylcholine,1,lh,lh,6.0,53.0,12.0,3444,0.002,6.0,0.0,0.0,lh->rh,contralateral
IN04B036,803106,04B,R,acetylcholine,1,rm,rm,6.0,854.0,221.0,947,0.006,0.0,6.0,0.0,rm->rh,ipsilateral
IN03A069,803376,03A,R,acetylcholine,1,rf,rf,6.0,240.0,88.0,317,0.019,0.0,6.0,0.0,rf->rm,ipsilateral
IN01B020,804056,01B,R,gaba,-1,rf,rf,6.0,67.0,0.0,149,0.04,6.0,0.0,0.0,rf->lf,contralateral
IN01B007,804246,01B,R,gaba,-1,rm,rm,6.0,122.0,0.0,1541,0.004,0.0,6.0,0.0,rm->rh,ipsilateral
INXXX282,804345,XXX (unassigned),R,gaba,-1,rh,rh,6.0,58.0,0.0,1365,0.004,6.0,0.0,0.0,rh->lh,contralateral
IN08A027,804491,08A,R,glutamate,-1,rm,rm,6.0,323.0,13.0,336,0.018,0.0,6.0,0.0,rm->rh,ipsilateral
IN23B022,804508,23B,R,acetylcholine,1,rf,rf,6.0,142.0,0.0,830,0.007,0.0,0.0,6.0,rf->lm,both
IN03A031,804592,03A,R,acetylcholine,1,rh,rh,6.0,520.0,223.0,526,0.011,0.0,6.0,0.0,rm->rh,ipsilateral
IN13B050,804809,13B,L,gaba,-1,rh,rh,6.0,136.0,0.0,423,0.014,0.0,6.0,0.0,rm->rh,ipsilateral
IN21A062,805109,21A,L,glutamate,-1,lh,lh,6.0,371.0,87.0,431,0.014,0.0,6.0,0.0,lh->lm,ipsilateral
IN13B028,805266,13B,R,gaba,-1,lf,lf,6.0,974.0,21.0,1009,0.006,6.0,0.0,0.0,lf->rf,contralateral
IN23B070,805330,23B,L,acetylcholine,1,lf,lf,6.0,43.0,0.0,260,0.023,0.0,0.0,6.0,lf->rm,both
IN23B022,805483,23B,R,acetylcholine,1,rf,rf,6.0,116.0,0.0,723,0.008,0.0,6.0,0.0,rf->rh,ipsilateral
IN04B094,806154,04B,L,acetylcholine,1,lf,lf,6.0,413.0,239.0,466,0.013,0.0,6.0,0.0,lf->lm,ipsilateral
IN14A017,806178,14A,R,glutamate,-1,lf,lf,6.0,451.0,0.0,577,0.01,0.0,0.0,6.0,lf->rh,both
IN02A030,806290,02A,L,glutamate,-1,lh,lh,6.0,69.0,0.0,1738,0.003,6.0,0.0,0.0,lh->rh,contralateral
IN04B078,806401,04B,R,acetylcholine,1,rh,rh,6.0,558.0,60.0,1162,0.005,6.0,0.0,0.0,rh->lh,contralateral
IN08A037,806726,08A,L,glutamate,-1,lh,lh,6.0,754.0,506.0,761,0.008,6.0,0.0,0.0,lh->rh,contralateral
IN13B065,806911,13B,R,gaba,-1,lf,lf,6.0,279.0,18.0,435,0.014,0.0,6.0,0.0,lf->lh,ipsilateral
IN14A015,806995,14A,R,glutamate,-1,lf,lf,6.0,79.0,5.0,178,0.034,0.0,6.0,0.0,lf->lm,ipsilateral
IN04B031,807276,04B,R,acetylcholine,1,rm,rm,6.0,454.0,241.0,551,0.011,6.0,0.0,0.0,rm->lm,contralateral
IN01B061,807347,01B,L,gaba,-1,lm,lm,6.0,223.0,0.0,796,0.008,0.0,6.0,0.0,lm->lh,ipsilateral
IN14A090,807695,14A,R,glutamate,-1,lh,lh,6.0,355.0,0.0,643,0.009,0.0,6.0,0.0,lh->lm,ipsilateral
IN06B070,807761,06B,L,gaba,-1,rh,rh,6.0,432.0,30.0,723,0.008,6.0,0.0,0.0,rh->lh,contralateral
IN20A.22A058,807856,20A/22A,R,acetylcholine,1,rm,rm,6.0,392.0,48.0,591,0.01,0.0,0.0,6.0,rm->lf,both
IN03A071,807857,03A,L,acetylcholine,1,lm,lm,6.0,692.0,498.0,776,0.008,0.0,6.0,0.0,lm->lh,ipsilateral
IN03A092,808118,03A,R,acetylcholine,1,rh,rh,6.0,506.0,77.0,696,0.009,6.0,0.0,0.0,rh->lh,contralateral
IN12B022,808570,12B,R,gaba,-1,lf,lf,6.0,259.0,78.0,430,0.014,0.0,6.0,0.0,lf->lh,ipsilateral
IN20A.22A053,808614,20A/22A,R,acetylcholine,1,rm,rm,6.0,404.0,56.0,569,0.011,0.0,6.0,0.0,rm->rh,ipsilateral
IN13A059,808989,13A,R,gaba,-1,rh,rh,6.0,324.0,0.0,504,0.012,0.0,6.0,0.0,rh->rm,ipsilateral
IN01B048_b,809263,01B,R,gaba,-1,rm,rm,6.0,209.0,0.0,500,0.012,0.0,6.0,0.0,rh->rm,ipsilateral
IN20A.22A021,809356,20A/22A,R,acetylcholine,1,rm,rm,6.0,238.0,85.0,238,0.025,0.0,6.0,0.0,rm->rh,ipsilateral
IN01B056,809532,01B,L,gaba,-1,lh,lh,6.0,125.0,0.0,427,0.014,6.0,0.0,0.0,lh->rh,contralateral
IN03A039,809647,03A,R,acetylcholine,1,rf,rf,6.0,184.0,63.0,190,0.032,0.0,6.0,0.0,rf->rh,ipsilateral
IN01B042,809719,01B,R,gaba,-1,rh,rh,6.0,369.0,0.0,694,0.009,0.0,6.0,0.0,rh->rm,ipsilateral
IN13A047,809775,13A,L,gaba,-1,lf,lf,6.0,252.0,17.0,343,0.017,0.0,6.0,0.0,lf->lm,ipsilateral
IN14A074,809792,14A,R,glutamate,-1,lh,lh,6.0,228.0,0.0,492,0.012,0.0,0.0,6.0,lh->rm,both
IN20A.22A041,809796,20A/22A,L,acetylcholine,1,lh,lh,6.0,158.0,42.0,176,0.034,0.0,6.0,0.0,lh->lm,ipsilateral
IN10B040,809917,10B,L,acetylcholine,1,lm,lm|lh,6.0,23.0,8.0,736,0.008,0.0,6.0,0.0,lm->lh,ipsilateral
"IN14A042,IN14A047",810216,14A,R,glutamate,-1,lh,lh,6.0,529.0,0.0,563,0.011,0.0,0.0,6.0,lh->rf,both
IN19A072,810258,19A,L,gaba,-1,lm,lm,6.0,205.0,90.0,294,0.02,6.0,0.0,0.0,rm->lm,contralateral
IN12B026,810315,12B,R,gaba,-1,lh,lh,6.0,201.0,77.0,221,0.027,6.0,0.0,0.0,lh->rh,contralateral
IN16B048,810466,16B,L,glutamate,-1,lh,lh|rh,6.0,23.0,0.0,579,0.01,6.0,0.0,0.0,lh->rh,contralateral
IN01B068,810673,01B,R,gaba,-1,rh,rh,6.0,492.0,0.0,614,0.01,0.0,0.0,6.0,rh->lm,both
IN07B098,810979,07B,L,acetylcholine,1,lh,lh|rh,6.0,33.0,0.0,383,0.016,6.0,0.0,0.0,lh->rh,contralateral
IN04B092,811256,04B,R,acetylcholine,1,rh,rh,6.0,426.0,301.0,431,0.014,6.0,0.0,0.0,rh->lh,contralateral
IN01A067,811697,01A,R,acetylcholine,1,lm,lm,6.0,482.0,36.0,583,0.01,0.0,6.0,0.0,lm->lf,ipsilateral
IN13B090,811705,13B,R,gaba,-1,lh,lh,6.0,67.0,0.0,278,0.022,6.0,0.0,0.0,lh->rh,contralateral
IN01B069_a,811945,01B,L,gaba,-1,lf,lf,6.0,255.0,0.0,370,0.016,6.0,0.0,0.0,lf->rf,contralateral
IN13A059,812126,13A,R,gaba,-1,rh,rh,6.0,320.0,0.0,412,0.015,0.0,6.0,0.0,rh->rm,ipsilateral
IN20A.22A073,812139,20A/22A,R,acetylcholine,1,rh,rh,6.0,292.0,42.0,299,0.02,0.0,6.0,0.0,rh->rm,ipsilateral
IN14A106,812964,14A,L,glutamate,-1,rh,rh,6.0,238.0,0.0,352,0.017,0.0,6.0,0.0,rh->rm,ipsilateral
IN21A044,812975,21A,R,glutamate,-1,rf,rf,6.0,155.0,7.0,162,0.037,6.0,0.0,0.0,rf->lf,contralateral
IN20A.22A076,813385,20A/22A,L,acetylcholine,1,lf,lf|lh,6.0,23.0,0.0,177,0.034,0.0,6.0,0.0,lf->lh,ipsilateral
IN13B071,814075,13B,L,gaba,-1,rm,rm,6.0,102.0,0.0,242,0.025,0.0,0.0,6.0,rm->lh,both
IN14A095,814874,14A,L,glutamate,-1,rh,rh,6.0,188.0,7.0,188,0.032,6.0,0.0,0.0,rh->lh,contralateral
IN08A036,816212,08A,L,glutamate,-1,lf,lf,6.0,283.0,238.0,290,0.021,6.0,0.0,0.0,lf->rf,contralateral
IN20A.22A026,816543,20A/22A,R,acetylcholine,1,rf,rf,6.0,177.0,97.0,185,0.032,0.0,6.0,0.0,rf->rm,ipsilateral
IN10B041,817375,10B,R,acetylcholine,1,rm,rm,6.0,92.0,0.0,800,0.008,0.0,0.0,6.0,rm->lh,both
IN09A083,817629,09A,L,gaba,-1,lf,lf,6.0,44.0,5.0,96,0.062,0.0,0.0,6.0,lf->rh,both
IN09A083,818368,09A,L,gaba,-1,lf,lf,6.0,43.0,0.0,78,0.077,0.0,0.0,6.0,lf->rh,both
IN04B111,820451,04B,L,acetylcholine,1,lf,lf,6.0,257.0,19.0,276,0.022,0.0,6.0,0.0,lf->lm,ipsilateral
IN09A078,826095,09A,R,gaba,-1,rf,rf,6.0,55.0,0.0,209,0.029,6.0,0.0,0.0,rf->lf,contralateral
IN04B100,902556,04B,R,acetylcholine,1,rh,rh,6.0,622.0,114.0,706,0.008,6.0,0.0,0.0,rh->lh,contralateral
IN19A064,903458,19A,L,gaba,-1,lf,lf,6.0,74.0,5.0,74,0.081,0.0,6.0,0.0,lf->lm,ipsilateral
IN20A.22A074,903624,20A/22A,L,acetylcholine,1,lh,lh,6.0,236.0,0.0,462,0.013,0.0,6.0,0.0,lh->lm,ipsilateral
IN13B085,904686,13B,R,gaba,-1,lh,lh,6.0,83.0,0.0,245,0.024,6.0,0.0,0.0,lh->rh,contralateral
IN08A026,905047,08A,R,glutamate,-1,rf,rf,6.0,279.0,251.0,279,0.022,0.0,6.0,0.0,rf->rm,ipsilateral
IN20A.22A011,905990,20A/22A,L,acetylcholine,1,lf,lf,6.0,336.0,77.0,406,0.015,0.0,0.0,6.0,lf->rh,both
IN14A108,906085,14A,L,glutamate,-1,rh,rh,6.0,175.0,0.0,503,0.012,0.0,0.0,6.0,rh->lm,both
INXXX227,907436,XXX (unassigned),R,acetylcholine,1,rh,rh,6.0,704.0,152.0,1134,0.005,0.0,0.0,6.0,rh->lm,both
IN23B043,907695,23B,R,acetylcholine,1,rf,rf,6.0,44.0,0.0,543,0.011,0.0,6.0,0.0,rf->rm,ipsilateral
IN08A026,907791,08A,R,glutamate,-1,rf,rf,6.0,227.0,208.0,227,0.026,0.0,6.0,0.0,rf->rm,ipsilateral
IN03B058,908007,03B,L,gaba,-1,lh,lh|rh,6.0,22.0,0.0,325,0.018,6.0,0.0,0.0,lh->rh,contralateral
IN20A.22A060,908213,20A/22A,L,acetylcholine,1,lh,lh,6.0,194.0,159.0,203,0.03,0.0,6.0,0.0,lh->lm,ipsilateral
IN01B022,908222,01B,L,gaba,-1,lm,lm,6.0,380.0,0.0,1249,0.005,0.0,6.0,0.0,lm->lh,ipsilateral
IN20A.22A058,908331,20A/22A,R,acetylcholine,1,rm,rm,6.0,375.0,46.0,522,0.011,0.0,6.0,0.0,rf->rm,ipsilateral
IN20A.22A077,908713,20A/22A,L,acetylcholine,1,lh,lh,6.0,206.0,0.0,565,0.011,6.0,0.0,0.0,lh->rh,contralateral
IN03A094,909099,03A,R,acetylcholine,1,rf,rf,6.0,95.0,6.0,159,0.038,0.0,6.0,0.0,rf->rh,ipsilateral
IN12B026,909718,12B,L,gaba,-1,rh,rh,6.0,197.0,92.0,204,0.029,6.0,0.0,0.0,rh->lh,contralateral
IN14A090,910315,14A,R,glutamate,-1,lm,lm,6.0,408.0,0.0,727,0.008,0.0,6.0,0.0,lm->lf,ipsilateral
IN09A021,910508,09A,R,gaba,-1,rm,rm,6.0,191.0,129.0,790,0.008,0.0,6.0,0.0,rm->rh,ipsilateral
IN14A108,914659,14A,R,glutamate,-1,lh,lh,6.0,183.0,0.0,790,0.008,6.0,0.0,0.0,lh->rh,contralateral
IN09A047,934739,09A,R,gaba,-1,rf,rf|lh,6.0,28.0,0.0,77,0.078,0.0,0.0,6.0,rf->lh,both
IN20A.22A005,1050441863,20A/22A,R,acetylcholine,1,rf,rf,6.0,504.0,291.0,639,0.009,6.0,0.0,0.0,rf->lf,contralateral
IN13A014,905164,13A,R,gaba,-1,rh,rh,5.8,1139.0,425.0,1139,0.005,4.6,1.2,0.0,lh->rh rm->rh,contralateral
IN14A004,801270,14A,L,glutamate,-1,rh,rh,5.7,1977.0,316.0,2191,0.003,5.7,0.0,0.0,lh->rh,contralateral
IN13A023,805332,13A,L,gaba,-1,lm,lm,5.7,641.0,363.0,685,0.008,0.0,5.7,0.0,lf->lm,ipsilateral
IN09A027,806901,09A,R,gaba,-1,rm,rm,5.7,38.0,0.0,614,0.009,0.0,5.7,0.0,rm->rf rf->rm,ipsilateral
IN08A026,809598,08A,R,glutamate,-1,rm,rm,5.7,468.0,427.0,468,0.012,0.0,5.7,0.0,rh->rm,ipsilateral
IN13B060,804434,13B,R,gaba,-1,lm,lm,5.6,109.0,0.0,378,0.015,0.0,5.6,0.0,lh->lm,ipsilateral
IN20A.22A021,805274,20A/22A,R,acetylcholine,1,rm,rm,5.6,221.0,105.0,239,0.023,0.0,5.6,0.0,rh->rm,ipsilateral
IN20A.22A037,810239,20A/22A,L,acetylcholine,1,lh,lh,5.6,162.0,0.0,228,0.024,0.0,5.6,0.0,lm->lh,ipsilateral
IN14A034,812312,14A,L,glutamate,-1,rm,rm,5.6,133.0,14.0,166,0.034,0.0,5.6,0.0,rh->rm,ipsilateral
IN09A027,936611,09A,R,gaba,-1,rh,rh,5.6,99.0,0.0,971,0.006,2.5,3.1,0.0,rf->rh lh->rh,both
IN13B054,807048,13B,L,gaba,-1,rh,rh,5.5,255.0,0.0,515,0.011,0.0,5.5,0.0,rm->rh,ipsilateral
IN08A031,807349,08A,L,glutamate,-1,lm,lm,5.5,622.0,230.0,659,0.008,0.0,5.5,0.0,lf->lm,ipsilateral
IN08A028,811618,08A,L,glutamate,-1,lh,lh,5.5,174.0,18.0,259,0.021,0.0,5.5,0.0,lm->lh,ipsilateral
IN23B072,812109,23B,L,acetylcholine,1,lm|lf,lm,5.5,25.0,0.0,202,0.027,0.0,5.5,0.0,lf->lm,ipsilateral
IN20A.22A030,907762,20A/22A,L,acetylcholine,1,lm,lm,5.5,328.0,131.0,376,0.015,0.0,5.5,0.0,lf->lm,ipsilateral
IN20A.22A021,808063,20A/22A,L,acetylcholine,1,lm,lm,5.4,379.0,123.0,417,0.013,0.0,5.4,0.0,lf->lm,ipsilateral
IN11A019,808088,11A,R,acetylcholine,1,rm,rm,5.4,22.0,0.0,685,0.008,0.0,5.4,0.0,rh->rm rf->rm,ipsilateral
IN21A039,812083,21A,L,glutamate,-1,lh,lh,5.4,243.0,78.0,243,0.022,0.0,5.4,0.0,lm->lh,ipsilateral
IN20A.22A021,910242,20A/22A,R,acetylcholine,1,rm,rm,5.4,237.0,106.0,244,0.022,0.0,5.4,0.0,rh->rm,ipsilateral
IN04B074,806884,04B,R,acetylcholine,1,rm,rm,5.3,508.0,368.0,556,0.009,0.0,5.3,0.0,rh->rm,ipsilateral
IN21A087,812925,21A,R,glutamate,-1,rh|rm,rh,5.3,27.0,14.0,56,0.095,0.0,5.3,0.0,rm->rh,ipsilateral
IN13A072,818318,13A,L,gaba,-1,lm,lm,5.3,53.0,33.0,53,0.1,5.3,0.0,0.0,rm->lm,contralateral
IN21A074,902616,21A,L,glutamate,-1,lm,lm,5.3,126.0,74.0,131,0.04,0.0,5.3,0.0,lf->lm,ipsilateral
IN04B037,908571,04B,L,acetylcholine,1,lm,lm,5.2,523.0,248.0,575,0.009,0.0,5.2,0.0,lf->lm,ipsilateral
IN13A052,800791,13A,R,gaba,-1,rm,rm,5.1,337.0,132.0,345,0.015,0.0,5.1,0.0,rh->rm,ipsilateral
IN03A066,805174,03A,L,acetylcholine,1,lf,lf,5.1,377.0,226.0,377,0.014,0.0,5.1,0.0,lm->lf,ipsilateral
IN20A.22A055,808891,20A/22A,R,acetylcholine,1,rm,rm,5.1,103.0,54.0,103,0.049,0.0,5.1,0.0,rh->rm,ipsilateral
IN13A051,940007,13A,L,gaba,-1,lf,lf,5.1,196.0,191.0,196,0.026,0.0,5.1,0.0,lm->lf,ipsilateral
IN02A007,801043,02A,L,glutamate,-1,lh,lh|lm,5.0,25.0,0.0,4603,0.001,0.0,5.0,0.0,lh->lm,ipsilateral
IN23B033,801602,23B,R,acetylcholine,1,rh,rh,5.0,615.0,0.0,2033,0.002,5.0,0.0,0.0,rh->lh,contralateral
IN08A045,802534,08A,L,glutamate,-1,lh,lh,5.0,367.0,127.0,496,0.01,5.0,0.0,0.0,lh->rh,contralateral
IN23B037,802735,23B,R,acetylcholine,1,rm,rm,5.0,154.0,0.0,929,0.005,0.0,0.0,5.0,rm->lh,both
IN01B046_b,803576,01B,R,gaba,-1,rm,rm,5.0,212.0,0.0,738,0.007,0.0,5.0,0.0,rm->rh,ipsilateral
IN13B043,803839,13B,L,gaba,-1,rh,rh,5.0,267.0,0.0,543,0.009,5.0,0.0,0.0,rh->lh,contralateral
IN06A023,804072,06A,L,gaba,-1,lh,lh,5.0,39.0,0.0,2371,0.002,5.0,0.0,0.0,lh->rh,contralateral
IN09A024,804170,09A,L,gaba,-1,lm,lm,5.0,48.0,0.0,696,0.007,0.0,5.0,0.0,lm->lf,ipsilateral
IN12B078,804179,12B,R,gaba,-1,lm,lm,5.0,148.0,7.0,337,0.015,0.0,5.0,0.0,lm->lf,ipsilateral
INXXX290,804403,XXX (unassigned),L,unclear,0,rh,rh|lh,5.0,22.0,0.0,498,0.01,5.0,0.0,0.0,rh->lh,contralateral
IN13B027,804412,13B,R,gaba,-1,lf,lf,5.0,565.0,7.0,738,0.007,0.0,5.0,0.0,lf->lm,ipsilateral
IN04B017,804418,04B,R,acetylcholine,1,rm,rm,5.0,638.0,121.0,908,0.006,0.0,5.0,0.0,rm->rf,ipsilateral
IN06B070,804710,06B,L,gaba,-1,rh,rh,5.0,283.0,22.0,575,0.009,5.0,0.0,0.0,rh->lh,contralateral
IN13B036,804861,13B,R,gaba,-1,lf,lf,5.0,607.0,7.0,797,0.006,0.0,5.0,0.0,lf->lm,ipsilateral
IN09A012,804940,09A,L,gaba,-1,lm,lm,5.0,156.0,12.0,1820,0.003,0.0,5.0,0.0,lf->lm,ipsilateral
IN23B074,805099,23B,R,acetylcholine,1,rh,rh,5.0,60.0,0.0,496,0.01,5.0,0.0,0.0,rh->lh,contralateral
INXXX321,805287,XXX (unassigned),L,acetylcholine,1,lm,lm,5.0,660.0,100.0,845,0.006,0.0,5.0,0.0,lm->lh,ipsilateral
INXXX321,805486,XXX (unassigned),R,acetylcholine,1,rh,rh,5.0,488.0,36.0,681,0.007,0.0,5.0,0.0,rh->rm,ipsilateral
IN13B049,805570,13B,L,gaba,-1,rm,rm,5.0,862.0,15.0,934,0.005,0.0,5.0,0.0,rm->rf,ipsilateral
IN12B020,805686,12B,R,gaba,-1,lf,lf,5.0,466.0,113.0,492,0.01,5.0,0.0,0.0,lf->rf,contralateral
IN14A052,805982,14A,R,glutamate,-1,lh,lh,5.0,160.0,0.0,827,0.006,5.0,0.0,0.0,lh->rh,contralateral
IN13B060,806018,13B,R,gaba,-1,lh,lh,5.0,63.0,0.0,296,0.017,5.0,0.0,0.0,lh->rh,contralateral
IN14A052,806273,14A,R,glutamate,-1,lm,lm,5.0,187.0,0.0,841,0.006,0.0,5.0,0.0,lm->lf,ipsilateral
IN12B059,806410,12B,L,gaba,-1,rm,rm,5.0,206.0,14.0,367,0.014,0.0,5.0,0.0,rm->rh,ipsilateral
IN20A.22A090,806479,20A/22A,R,acetylcholine,1,rh,rh,5.0,226.0,0.0,349,0.014,5.0,0.0,0.0,rh->lh,contralateral
IN14A077,806644,14A,L,glutamate,-1,rm,rm,5.0,62.0,0.0,234,0.021,0.0,5.0,0.0,rm->rf,ipsilateral
IN23B046,806806,23B,L,acetylcholine,1,lh,lh,5.0,62.0,0.0,571,0.009,5.0,0.0,0.0,lh->rh,contralateral
IN20A.22A079,807229,20A/22A,R,acetylcholine,1,rh,rh,5.0,267.0,0.0,677,0.007,5.0,0.0,0.0,rh->lh,contralateral
IN04B077,807266,04B,L,acetylcholine,1,lm,lm,5.0,428.0,47.0,758,0.007,0.0,5.0,0.0,lm->lf,ipsilateral
IN13B036,807574,13B,R,gaba,-1,lh,lh,5.0,529.0,8.0,686,0.007,0.0,5.0,0.0,lh->lm,ipsilateral
IN08A021,807861,08A,L,glutamate,-1,lf,lf,5.0,757.0,258.0,786,0.006,5.0,0.0,0.0,lf->rf,contralateral
"IN03A087,IN03A092",808193,03A,L,acetylcholine,1,lh,lh,5.0,247.0,51.0,331,0.015,0.0,5.0,0.0,lh->lm,ipsilateral
IN01B059_b,808336,01B,L,gaba,-1,lh,lh,5.0,124.0,0.0,513,0.01,5.0,0.0,0.0,lh->rh,contralateral
IN20A.22A067,808395,20A/22A,L,acetylcholine,1,lh,lh,5.0,263.0,41.0,278,0.018,0.0,5.0,0.0,lh->lm,ipsilateral
IN23B056,808661,23B,L,acetylcholine,1,lh,lh,5.0,79.0,0.0,687,0.007,0.0,0.0,5.0,lh->rm,both
IN20A.22A060,808706,20A/22A,R,acetylcholine,1,rh,rh,5.0,423.0,346.0,423,0.012,0.0,5.0,0.0,rh->rm,ipsilateral
IN14A021,809063,14A,L,glutamate,-1,rh,rh,5.0,380.0,0.0,512,0.01,5.0,0.0,0.0,rh->lh,contralateral
IN13A039,809319,13A,L,gaba,-1,lm,lm,5.0,485.0,110.0,620,0.008,0.0,5.0,0.0,lm->lf,ipsilateral
IN21A056,809406,21A,R,glutamate,-1,rh,rh,5.0,413.0,7.0,486,0.01,0.0,5.0,0.0,rh->rm,ipsilateral
IN03A094,809686,03A,R,acetylcholine,1,rf,rf,5.0,112.0,0.0,134,0.037,5.0,0.0,0.0,rf->lf,contralateral
IN09A056,809689,09A,L,gaba,-1,lh,lh,5.0,410.0,0.0,594,0.008,5.0,0.0,0.0,lh->rh,contralateral
IN01B037_a,809736,01B,L,gaba,-1,lm,lm,5.0,210.0,0.0,383,0.013,0.0,5.0,0.0,lm->lf,ipsilateral
IN21A079,809817,21A,R,glutamate,-1,rf,rf,5.0,114.0,33.0,120,0.042,0.0,0.0,5.0,rf->lh,both
IN21A061,809946,21A,R,glutamate,-1,rh,rh,5.0,506.0,222.0,506,0.01,0.0,5.0,0.0,rh->rm,ipsilateral
IN06A110,809954,06A,R,gaba,-1,rh,rh|lh,5.0,33.0,0.0,396,0.013,5.0,0.0,0.0,rh->lh,contralateral
IN01B039,809998,01B,R,gaba,-1,rm,rm,5.0,212.0,0.0,543,0.009,0.0,5.0,0.0,rm->rh,ipsilateral
IN14A072,810073,14A,R,glutamate,-1,lh,lh,5.0,86.0,6.0,398,0.013,0.0,5.0,0.0,lh->lm,ipsilateral
IN20A.22A043,810156,20A/22A,R,acetylcholine,1,rm,rm,5.0,261.0,153.0,299,0.017,0.0,5.0,0.0,rm->rf,ipsilateral
IN14A065,810202,14A,L,glutamate,-1,rh,rh,5.0,653.0,0.0,688,0.007,0.0,0.0,5.0,rh->lf,both
IN01A076,810278,01A,R,acetylcholine,1,lm,lm,5.0,327.0,0.0,383,0.013,0.0,5.0,0.0,lm->lh,ipsilateral
IN04B079,810281,04B,L,acetylcholine,1,lf,lf,5.0,164.0,14.0,311,0.016,5.0,0.0,0.0,lf->rf,contralateral
IN04B092,810459,04B,R,acetylcholine,1,rh,rh,5.0,406.0,295.0,406,0.012,5.0,0.0,0.0,rh->lh,contralateral
IN16B094,810668,16B,R,glutamate,-1,rf,rf,5.0,298.0,261.0,327,0.015,5.0,0.0,0.0,rf->lf,contralateral
IN03B055,810787,03B,R,gaba,-1,lm,lm,5.0,58.0,0.0,517,0.01,5.0,0.0,0.0,lm->rm,contralateral
IN12B077,810931,12B,L,gaba,-1,rm,rm,5.0,73.0,10.0,190,0.026,0.0,5.0,0.0,rm->rh,ipsilateral
IN14A105,811116,14A,R,glutamate,-1,lm,lm,5.0,191.0,0.0,309,0.016,5.0,0.0,0.0,lm->rm,contralateral
IN01B027_e,811173,01B,L,gaba,-1,lf,lf,5.0,219.0,0.0,475,0.011,0.0,5.0,0.0,lf->lm,ipsilateral
IN01B067,811468,01B,R,gaba,-1,rm,rm,5.0,289.0,0.0,478,0.01,5.0,0.0,0.0,rm->lm,contralateral
IN06B069,811485,06B,L,gaba,-1,rh,rh,5.0,40.0,0.0,345,0.014,0.0,5.0,0.0,rh->rm,ipsilateral
IN01B031_b,811582,01B,R,gaba,-1,rh,rh,5.0,397.0,0.0,740,0.007,0.0,5.0,0.0,rh->rm,ipsilateral
IN14A074,811647,14A,L,glutamate,-1,rm,rm,5.0,201.0,0.0,313,0.016,5.0,0.0,0.0,rm->lm,contralateral
IN23B090,811920,23B,R,acetylcholine,1,rh,rh,5.0,51.0,0.0,296,0.017,0.0,0.0,5.0,rh->lf,both
IN14A121_b,812032,14A,L,glutamate,-1,rh,rh,5.0,185.0,0.0,397,0.013,0.0,0.0,5.0,rh->lm,both
IN20A.22A073,812104,20A/22A,R,acetylcholine,1,rh,rh,5.0,233.0,44.0,238,0.021,5.0,0.0,0.0,rh->lh,contralateral
IN01B037_a,812453,01B,R,gaba,-1,rm,rm,5.0,196.0,0.0,378,0.013,0.0,0.0,5.0,rm->lh,both
IN13A055,812829,13A,L,gaba,-1,lm,lm,5.0,162.0,5.0,326,0.015,0.0,5.0,0.0,lm->lf,ipsilateral
IN08A041,813395,08A,R,glutamate,-1,rm,rm,5.0,195.0,106.0,264,0.019,0.0,5.0,0.0,rm->rh,ipsilateral
IN09A057,813717,09A,L,gaba,-1,lh,lh,5.0,271.0,6.0,287,0.017,0.0,5.0,0.0,lh->lm,ipsilateral
IN03A097,813742,03A,L,acetylcholine,1,lh,lh,5.0,231.0,0.0,293,0.017,0.0,5.0,0.0,lh->lm,ipsilateral
IN13B084,813787,13B,L,gaba,-1,rm,rm,5.0,143.0,101.0,170,0.029,0.0,5.0,0.0,rm->rf,ipsilateral
IN20A.22A077,814059,20A/22A,L,acetylcholine,1,lf,lf,5.0,65.0,0.0,101,0.05,0.0,5.0,0.0,lf->lh,ipsilateral
IN14A105,814597,14A,L,glutamate,-1,rm,rm,5.0,93.0,0.0,164,0.03,5.0,0.0,0.0,rm->lm,contralateral
IN09A090,814787,09A,R,gaba,-1,rh,rh,5.0,124.0,14.0,198,0.025,0.0,5.0,0.0,rh->rm,ipsilateral
IN11B021_c,815016,11B,R,gaba,-1,rh,rh|lh,5.0,20.0,0.0,311,0.016,5.0,0.0,0.0,rh->lh,contralateral
IN20A.22A062,815135,20A/22A,L,acetylcholine,1,lf,lf|lh,5.0,29.0,0.0,151,0.033,0.0,5.0,0.0,lf->lh,ipsilateral
IN04B072,815307,04B,R,acetylcholine,1,rf,rf,5.0,251.0,90.0,423,0.012,5.0,0.0,0.0,rf->lf,contralateral
IN08A036,815493,08A,R,glutamate,-1,rf,rf,5.0,191.0,173.0,200,0.025,5.0,0.0,0.0,rf->lf,contralateral
IN09A090,815624,09A,R,gaba,-1,rh,rh,5.0,98.0,10.0,204,0.025,0.0,5.0,0.0,rh->rm,ipsilateral
IN09A047,815857,09A,L,gaba,-1,lf,lf,5.0,34.0,0.0,79,0.063,0.0,0.0,5.0,lf->rh,both
IN01B070,816308,01B,L,gaba,-1,lf,lf,5.0,77.0,0.0,128,0.039,0.0,5.0,0.0,lf->lm,ipsilateral
IN20A.22A074,816708,20A/22A,L,acetylcholine,1,lh,lh,5.0,172.0,0.0,314,0.016,0.0,5.0,0.0,lh->lm,ipsilateral
IN14A114,816804,14A,R,glutamate,-1,lm,lm,5.0,153.0,0.0,189,0.026,0.0,5.0,0.0,lm->lf,ipsilateral
IN03A096,818003,03A,L,acetylcholine,1,lm,lm,5.0,258.0,19.0,303,0.017,5.0,0.0,0.0,lm->rm,contralateral
IN20A.22A089,818298,20A/22A,L,acetylcholine,1,lf,lf,5.0,58.0,6.0,70,0.071,5.0,0.0,0.0,lf->rf,contralateral
IN01B084,818978,01B,L,gaba,-1,lh,lh,5.0,89.0,0.0,326,0.015,0.0,0.0,5.0,lh->rf,both
IN14A105,819099,14A,L,glutamate,-1,rm,rm,5.0,79.0,0.0,118,0.042,5.0,0.0,0.0,rm->lm,contralateral
IN06A088,819132,06A,R,gaba,-1,rm,rm,5.0,52.0,0.0,367,0.014,5.0,0.0,0.0,rm->lm,contralateral
IN09A096,819354,09A,L,gaba,-1,lf,lf,5.0,91.0,12.0,102,0.049,0.0,0.0,5.0,lf->rm,both
IN04B101,819702,04B,R,acetylcholine,1,rf,rf,5.0,56.0,18.0,68,0.074,5.0,0.0,0.0,rf->lf,contralateral
IN13B091,821189,13B,R,gaba,-1,lf,lf,5.0,72.0,53.0,72,0.069,5.0,0.0,0.0,lf->rf,contralateral
IN23B085,903092,23B,R,acetylcholine,1,rh,rh,5.0,191.0,0.0,852,0.006,0.0,0.0,5.0,rh->lf,both
INXXX324,904168,XXX (unassigned),R,glutamate,-1,rh,rh,5.0,70.0,0.0,2189,0.002,5.0,0.0,0.0,rh->lh,contralateral
IN04B096,904272,04B,L,acetylcholine,1,lh,lh,5.0,641.0,52.0,697,0.007,5.0,0.0,0.0,lh->rh,contralateral
IN04B013,905083,04B,R,acetylcholine,1,rf,rf,5.0,220.0,41.0,298,0.017,5.0,0.0,0.0,rf->lf,contralateral
IN03A071,905232,03A,R,acetylcholine,1,rm,rm,5.0,671.0,491.0,755,0.007,0.0,5.0,0.0,rm->rh,ipsilateral
INXXX385,905312,XXX (unassigned),R,gaba,-1,lh,lh|rh,5.0,23.0,0.0,1283,0.004,5.0,0.0,0.0,lh->rh,contralateral
IN01B027_f,905510,01B,L,gaba,-1,lf,lf,5.0,317.0,0.0,595,0.008,0.0,5.0,0.0,lf->lm,ipsilateral
IN06B070,905548,06B,L,gaba,-1,rh,rh,5.0,283.0,11.0,737,0.007,0.0,5.0,0.0,rh->rm,ipsilateral
INXXX385,906622,XXX (unassigned),L,gaba,-1,lh,lh|rh,5.0,24.0,0.0,1393,0.004,5.0,0.0,0.0,lh->rh,contralateral
IN23B083,907495,23B,L,acetylcholine,1,lm,lm,5.0,207.0,0.0,788,0.006,0.0,5.0,0.0,lm->lf,ipsilateral
INXXX348,907670,XXX (unassigned),R,gaba,-1,rh,rh,5.0,39.0,0.0,983,0.005,5.0,0.0,0.0,rh->lh,contralateral
IN08A036,908602,08A,R,glutamate,-1,rf,rf,5.0,258.0,204.0,258,0.019,0.0,5.0,0.0,rf->rm,ipsilateral
IN06A106,908699,06A,L,gaba,-1,lh|rh,lh,5.0,33.0,0.0,1239,0.004,5.0,0.0,0.0,rh->lh,contralateral
IN01B019_a,908877,01B,R,gaba,-1,rf,rf,5.0,104.0,0.0,442,0.011,5.0,0.0,0.0,rf->lf,contralateral
IN20A.22A078,908968,20A/22A,L,acetylcholine,1,lm,lm,5.0,265.0,5.0,380,0.013,0.0,5.0,0.0,lm->lh,ipsilateral
IN14A072,908993,14A,R,glutamate,-1,lh,lh,5.0,104.0,0.0,388,0.013,0.0,5.0,0.0,lh->lm,ipsilateral
IN20A.22A085,909061,20A/22A,R,acetylcholine,1,rf,rf,5.0,39.0,0.0,104,0.048,5.0,0.0,0.0,rf->lf,contralateral
IN03A062_a,910040,03A,L,acetylcholine,1,lf,lf,5.0,373.0,0.0,397,0.013,0.0,5.0,0.0,lf->lm,ipsilateral
IN01B027_d,910215,01B,R,gaba,-1,rm,rm,5.0,454.0,0.0,913,0.005,0.0,5.0,0.0,rm->rh,ipsilateral
IN03A064,910550,03A,R,acetylcholine,1,rh,rh,5.0,472.0,271.0,516,0.01,5.0,0.0,0.0,rh->lh,contralateral
IN02A067,910961,02A,L,glutamate,-1,lf,lf|lm,5.0,24.0,0.0,149,0.034,0.0,5.0,0.0,lf->lm,ipsilateral
IN04B091,911627,04B,R,acetylcholine,1,rf,rf,5.0,74.0,26.0,120,0.042,0.0,5.0,0.0,rh->rf,ipsilateral
IN09A057,911922,09A,L,gaba,-1,lh,lh,5.0,253.0,38.0,271,0.018,0.0,5.0,0.0,lh->lm,ipsilateral
IN14A095,912419,14A,L,glutamate,-1,rh,rh,5.0,173.0,0.0,173,0.029,5.0,0.0,0.0,rh->lh,contralateral
IN12B059,912522,12B,R,gaba,-1,lf,lf,5.0,101.0,0.0,200,0.025,0.0,0.0,5.0,lf->rh,both
IN08A026,913253,08A,R,glutamate,-1,rf,rf,5.0,213.0,196.0,213,0.023,0.0,5.0,0.0,rf->rm,ipsilateral
IN04B015,915065,04B,R,acetylcholine,1,rf,rf,5.0,172.0,137.0,172,0.029,5.0,0.0,0.0,rf->lf,contralateral
IN16B045,933309,16B,R,glutamate,-1,rf,rf,5.0,633.0,36.0,906,0.006,5.0,0.0,0.0,rf->lf,contralateral
IN16B091,935508,16B,R,glutamate,-1,rf,rf,5.0,237.0,111.0,323,0.015,5.0,0.0,0.0,rf->lf,contralateral
IN13A023,936215,13A,R,gaba,-1,rm,rm,5.0,395.0,198.0,518,0.01,0.0,5.0,0.0,rm->rf,ipsilateral
IN01B007,945946,01B,R,gaba,-1,rf,rf,5.0,42.0,0.0,488,0.01,0.0,5.0,0.0,rf->rm,ipsilateral
IN14A096,1051565455,14A,R,glutamate,-1,lf,lf|lm,5.0,21.0,0.0,159,0.031,0.0,5.0,0.0,lf->lm,ipsilateral
IN20A.22A043,1053002338,20A/22A,L,acetylcholine,1,lm,lm,5.0,407.0,239.0,438,0.011,0.0,5.0,0.0,lm->lf,ipsilateral
IN19A120,1054123164,19A,R,gaba,-1,rf,rf,5.0,95.0,0.0,100,0.05,5.0,0.0,0.0,rf->lf,contralateral
"IN04B113,IN04B114",1055333832,04B,L,acetylcholine,1,lh,lh,5.0,193.0,122.0,204,0.025,5.0,0.0,0.0,lh->rh,contralateral
IN04B107,1061901900,04B,L,acetylcholine,1,lh,lh,5.0,109.0,59.0,129,0.039,5.0,0.0,0.0,lh->rh,contralateral
IN19B090,803179,19B,L,acetylcholine,1,rh,rh,4.9,59.0,9.0,416,0.012,1.9,3.0,0.0,rf->rh lh->rh,both
IN20A.22A021,807981,20A/22A,L,acetylcholine,1,lm,lm,4.9,396.0,127.0,447,0.011,0.0,4.9,0.0,lf->lm,ipsilateral
IN13A051,816802,13A,R,gaba,-1,rf,rf,4.9,116.0,110.0,116,0.042,4.9,0.0,0.0,lf->rf,contralateral
IN19A072,904744,19A,R,gaba,-1,rm,rm,4.9,144.0,77.0,198,0.025,0.0,4.9,0.0,rh->rm,ipsilateral
IN20A.22A021,809154,20A/22A,R,acetylcholine,1,rh,rh,4.8,241.0,64.0,250,0.019,0.0,0.0,4.8,lf->rh,both
IN08A028,810147,08A,R,glutamate,-1,rh,rh,4.8,221.0,67.0,231,0.021,0.0,4.8,0.0,rm->rh,ipsilateral
IN13B060,810907,13B,L,gaba,-1,rm,rm,4.8,73.0,0.0,333,0.014,0.0,4.8,0.0,rf->rm,ipsilateral
IN13A041,904099,13A,L,gaba,-1,lf,lf,4.8,344.0,243.0,344,0.014,4.8,0.0,0.0,rf->lf,contralateral
IN12B024_c,908253,12B,R,gaba,-1,lf,lf,4.8,194.0,125.0,255,0.019,0.0,0.0,4.8,rh->lf,both
IN21A047_d,910077,21A,R,glutamate,-1,rm,rm,4.8,169.0,19.0,180,0.027,0.0,0.0,4.8,lf->rm,both
IN20A.22A055,810950,20A/22A,R,acetylcholine,1,rm,rm,4.7,118.0,69.0,118,0.04,0.0,4.7,0.0,rh->rm,ipsilateral
IN14A045,814152,14A,R,glutamate,-1,lh,lh,4.7,96.0,0.0,106,0.044,0.0,4.7,0.0,lm->lh,ipsilateral
IN21A093,819187,21A,R,glutamate,-1,rh|rm,rh,4.7,21.0,0.0,57,0.082,0.0,4.7,0.0,rm->rh,ipsilateral
IN13A040,805893,13A,L,gaba,-1,lh,lh,4.6,226.0,202.0,226,0.02,0.0,4.6,0.0,lm->lh,ipsilateral
IN01B037_b,806234,01B,L,gaba,-1,lm,lm,4.6,242.0,0.0,596,0.008,2.1,2.5,0.0,lh->lm rm->lm,both
IN21A013,802175,21A,L,glutamate,-1,lf,lf,4.5,1196.0,960.0,1207,0.004,0.0,4.5,0.0,lm->lf,ipsilateral
IN19A016,802638,19A,L,gaba,-1,lf,lf,4.4,1070.0,837.0,1097,0.004,4.4,0.0,0.0,rf->lf,contralateral
IN13A045,910098,13A,R,gaba,-1,rm,rm,4.4,160.0,128.0,214,0.02,4.4,0.0,0.0,lm->rm,contralateral
IN13A050,807013,13A,R,gaba,-1,rf,rf,4.3,175.0,110.0,175,0.025,4.3,0.0,0.0,lf->rf,contralateral
IN13A045,807050,13A,L,gaba,-1,lm,lm,4.3,254.0,194.0,285,0.015,4.3,0.0,0.0,rm->lm,contralateral
IN16B061,803177,16B,L,glutamate,-1,lf,lf,4.2,472.0,389.0,472,0.009,4.2,0.0,0.0,rf->lf,contralateral
IN04B031,806219,04B,L,acetylcholine,1,lm,lm,4.2,552.0,281.0,595,0.007,0.0,4.2,0.0,lf->lm,ipsilateral
IN19A041,806717,19A,R,gaba,-1,rm,rm,4.2,20.0,0.0,863,0.005,2.9,1.1,0.2,lm->rm rf->rm,contralateral
IN13B029,807287,13B,L,gaba,-1,rh,rh,4.2,238.0,19.0,569,0.007,0.0,4.2,0.0,rm->rh,ipsilateral
IN03B075,810327,03B,R,gaba,-1,rh,rh,4.2,34.0,0.0,506,0.008,0.0,0.0,4.2,lf->rh,both
IN19A057,807066,19A,R,gaba,-1,rh|rm,rh,4.1,25.0,0.0,777,0.005,0.0,4.1,0.0,rm->rh,ipsilateral
IN13A051,810473,13A,L,gaba,-1,lf,lf,4.1,339.0,309.0,339,0.012,4.1,0.0,0.0,rf->lf,contralateral
IN21A093,817386,21A,L,glutamate,-1,lh|lm,lh,4.1,23.0,0.0,94,0.044,0.0,4.1,0.0,lm->lh,ipsilateral
IN04B074,807476,04B,L,acetylcholine,1,lm,lm,4.0,350.0,236.0,400,0.01,0.0,4.0,0.0,lf->lm,ipsilateral
IN19A026,802613,19A,L,gaba,-1,lh,lh,3.9,69.0,9.0,1444,0.003,0.7,1.9,1.3,lm->lh rm->lh rh->lh,both
IN13A051,806894,13A,L,gaba,-1,lf,lf,3.9,407.0,363.0,407,0.009,2.3,1.6,0.0,rf->lf lm->lf,both
IN13A068,811454,13A,R,gaba,-1,rh,rh,3.9,312.0,312.0,312,0.013,0.0,3.9,0.0,rm->rh,ipsilateral
IN14A118,811861,14A,L,glutamate,-1,rm,rm,3.9,153.0,0.0,450,0.009,0.0,3.9,0.0,rf->rm,ipsilateral
IN21A044,903569,21A,L,glutamate,-1,lh,lh,3.9,286.0,63.0,321,0.012,0.0,3.8,0.0,lm->lh,ipsilateral
IN13B093,812077,13B,R,gaba,-1,lm,lm,3.8,173.0,82.0,173,0.022,0.0,3.8,0.0,lf->lm,ipsilateral
IN19B050,803712,19B,L,acetylcholine,1,lh|rh,lh,3.7,24.0,0.0,2381,0.002,3.7,0.0,0.0,rh->lh,contralateral
INXXX353,804168,XXX (unassigned),L,acetylcholine,1,lh|lm,lh,3.7,22.0,0.0,1597,0.002,0.0,3.7,0.0,lm->lh,ipsilateral
IN01B023_b,807769,01B,R,gaba,-1,rh,rh,3.7,377.0,0.0,950,0.004,0.0,3.7,0.0,rm->rh,ipsilateral
IN16B061,812241,16B,R,glutamate,-1,rf,rf,3.7,297.0,267.0,297,0.012,3.7,0.0,0.0,lf->rf,contralateral
IN03A011,803760,03A,R,acetylcholine,1,rh,rh,3.6,24.0,0.0,2291,0.002,0.3,3.3,0.0,rm->rh,ipsilateral
IN13A050,810524,13A,L,gaba,-1,lh,lh,3.6,233.0,212.0,233,0.015,0.0,3.6,0.0,lm->lh,ipsilateral
IN13A051,902672,13A,L,gaba,-1,lf,lf,3.6,266.0,249.0,266,0.013,3.6,0.0,0.0,rf->lf,contralateral
IN13A068,806455,13A,L,gaba,-1,lh,lh,3.5,197.0,192.0,197,0.018,0.0,3.5,0.0,lm->lh,ipsilateral
IN13A064,811886,13A,L,gaba,-1,lm,lm,3.5,134.0,86.0,148,0.024,0.0,3.5,0.0,lh->lm,ipsilateral
IN13A055,814709,13A,L,gaba,-1,lf,lf,3.5,29.0,7.0,107,0.032,0.0,3.5,0.0,lm->lf,ipsilateral
IN12B026,809589,12B,R,gaba,-1,lf,lf,3.4,124.0,35.0,135,0.025,0.0,1.7,1.7,rh->lf lm->lf,both
IN04B070,810977,04B,R,acetylcholine,1,rf,rf,3.4,93.0,60.0,108,0.032,0.0,3.4,0.0,rh->rf,ipsilateral
IN09A071,819070,09A,L,gaba,-1,lf,lf,3.4,154.0,62.0,154,0.022,0.0,3.4,0.0,lh->lf,ipsilateral
IN13A045,819221,13A,R,gaba,-1,rm,rm,3.4,51.0,46.0,59,0.057,3.4,0.0,0.0,lm->rm,contralateral
IN12B039,804577,12B,L,gaba,-1,rf,rf,3.3,37.0,0.0,255,0.013,0.0,3.3,0.0,rh->rf,ipsilateral
IN06A106,806376,06A,R,gaba,-1,rh,rh,3.3,23.0,0.0,1227,0.003,2.8,0.0,0.5,lh->rh lf->rh,contralateral
IN13A034,909526,13A,R,gaba,-1,rm,rm,3.3,274.0,214.0,345,0.01,0.0,3.3,0.0,rf->rm rh->rm,ipsilateral
IN13A068,911202,13A,L,gaba,-1,lh,lh,3.2,222.0,216.0,222,0.015,0.0,3.2,0.0,lm->lh,ipsilateral
IN19A073,808218,19A,R,gaba,-1,rh,rh,3.1,54.0,0.0,84,0.037,1.2,1.8,0.0,rm->rh lh->rh,both
IN13A050,809663,13A,R,gaba,-1,rh,rh,3.1,246.0,223.0,246,0.013,0.0,3.1,0.0,rm->rh,ipsilateral
IN13A045,811097,13A,L,gaba,-1,lm,lm,3.1,258.0,204.0,282,0.011,3.1,0.0,0.0,rm->lm,contralateral
IN13A051,911683,13A,L,gaba,-1,lf,lf,3.1,209.0,204.0,209,0.015,3.1,0.0,0.0,rf->lf,contralateral
IN23B023,804916,23B,L,acetylcholine,1,lf,lf,3.0,104.0,0.0,693,0.004,0.0,3.0,0.0,lm->lf,ipsilateral
IN19B077,808393,19B,L,acetylcholine,1,rh,rh,3.0,44.0,14.0,488,0.006,3.0,0.0,0.0,lh->rh,contralateral
IN21A066,822380,21A,L,glutamate,-1,lh,lh,3.0,28.0,8.0,28,0.106,0.0,3.0,0.0,lm->lh,ipsilateral
IN09A027,804387,09A,L,gaba,-1,lh,lh,2.9,91.0,6.0,619,0.005,2.9,0.0,0.0,rh->lh,contralateral
IN19B077,804895,19B,L,acetylcholine,1,rh,rh,2.9,35.0,8.0,486,0.006,1.0,0.0,1.9,lm->rh lh->rh,both
IN13A045,807788,13A,R,gaba,-1,rh,rh,2.9,316.0,292.0,316,0.009,2.9,0.0,0.0,lh->rh,contralateral
IN03A039,905206,03A,R,acetylcholine,1,rm,rm,2.9,382.0,152.0,414,0.007,2.9,0.0,0.0,lm->rm,contralateral
IN03A031,908062,03A,R,acetylcholine,1,rm,rm,2.8,382.0,152.0,398,0.007,2.8,0.0,0.0,lm->rm,contralateral
IN03A062_b,908686,03A,L,acetylcholine,1,lf,lf,2.7,287.0,49.0,292,0.009,2.7,0.0,0.0,rf->lf,contralateral
IN19A031,802818,19A,R,gaba,-1,rh,rh,2.6,1071.0,226.0,1094,0.002,0.0,2.6,0.0,rf->rh,ipsilateral
IN13B026,804458,13B,R,gaba,-1,lh,lh,2.6,174.0,0.0,469,0.005,0.0,2.6,0.0,lf->lh,ipsilateral
IN03A039,804422,03A,L,acetylcholine,1,lm,lm,2.5,701.0,315.0,770,0.003,2.5,0.0,0.0,rm->lm,contralateral
IN13A045,805727,13A,R,gaba,-1,rh,rh,2.5,538.0,453.0,543,0.005,0.0,2.5,0.0,rm->rh,ipsilateral
IN03A039,804338,03A,L,acetylcholine,1,lm,lm,2.4,709.0,308.0,744,0.003,2.4,0.0,0.0,rm->lm,contralateral
IN21A074,811825,21A,R,glutamate,-1,rm,rm,2.4,89.0,50.0,89,0.027,0.0,2.4,0.0,rf->rm,ipsilateral
INXXX124,801464,XXX (unassigned),L,gaba,-1,lh,lh,2.3,29.0,0.0,1704,0.001,0.0,2.3,0.0,lf->lh,ipsilateral
IN09A024,805756,09A,L,gaba,-1,lh,lh,2.2,57.0,0.0,805,0.003,2.2,0.0,0.0,rh->lh,contralateral
IN13A041,807826,13A,L,gaba,-1,lf,lf,2.2,324.0,205.0,324,0.007,2.2,0.0,0.0,rf->lf,contralateral
IN21A087,811093,21A,L,glutamate,-1,lm,lm,2.2,129.0,0.0,154,0.014,0.0,2.2,0.0,lf->lm,ipsilateral
IN13A051,808539,13A,R,gaba,-1,rf,rf,2.1,199.0,194.0,199,0.011,2.1,0.0,0.0,lf->rf,contralateral
IN09A089,814453,09A,R,gaba,-1,rm,rm,2.1,93.0,0.0,172,0.012,0.0,2.1,0.0,rh->rm,ipsilateral
IN19B090,805662,19B,R,acetylcholine,1,lh,lh,1.9,22.0,0.0,370,0.005,0.0,0.0,1.9,rm->lh,both
IN14A033,906526,14A,L,glutamate,-1,rf,rf,1.9,37.0,6.0,42,0.046,1.9,0.0,0.0,lf->rf,contralateral
IN20A.22A055,909066,20A/22A,L,acetylcholine,1,lf,lf,1.9,38.0,25.0,38,0.05,0.0,1.9,0.0,lm->lf,ipsilateral
IN20A.22A010,805016,20A/22A,R,acetylcholine,1,rh,rh,1.8,416.0,227.0,466,0.004,1.8,0.0,0.0,lh->rh,contralateral
IN19A096,804704,19A,R,gaba,-1,rh,rh,1.7,29.0,0.0,49,0.036,0.0,1.7,0.0,rm->rh,ipsilateral
IN13A050,808451,13A,L,gaba,-1,lh,lh,1.7,170.0,165.0,170,0.01,0.0,1.7,0.0,lm->lh,ipsilateral
IN09A074,814391,09A,L,gaba,-1,lf,lf,1.7,25.0,6.0,232,0.007,0.0,1.7,0.0,lh->lf,ipsilateral
IN23B014,903468,23B,L,acetylcholine,1,lm,lm,1.7,71.0,0.0,2108,0.001,0.0,1.7,0.0,lf->lm,ipsilateral
IN13A057,905233,13A,R,gaba,-1,rm,rm,1.7,239.0,148.0,239,0.007,0.0,0.0,1.7,lf->rm,both
IN09A024,805717,09A,R,gaba,-1,rh,rh,1.6,31.0,0.0,733,0.002,1.0,0.6,0.0,lh->rh rf->rh,both
IN13A045,806425,13A,L,gaba,-1,lm,lm,1.6,355.0,246.0,375,0.004,0.0,1.6,0.0,lf->lm,ipsilateral
IN23B037,800669,23B,R,acetylcholine,1,rf,rf,1.5,66.0,0.0,450,0.003,0.0,1.5,0.0,rm->rf,ipsilateral
IN20A.22A010,805674,20A/22A,R,acetylcholine,1,rh,rh,1.5,316.0,168.0,340,0.004,0.0,1.5,0.0,rm->rh,ipsilateral
IN13A040,806963,13A,L,gaba,-1,lh,lh,1.5,130.0,130.0,130,0.012,0.0,1.5,0.0,lm->lh,ipsilateral
IN13B060,934947,13B,L,gaba,-1,rh,rh,1.5,55.0,0.0,317,0.005,1.5,0.0,0.0,lh->rh,contralateral
IN20A.22A023,806578,20A/22A,R,acetylcholine,1,rh,rh,1.4,129.0,42.0,168,0.008,0.0,1.4,0.0,rm->rh,ipsilateral
IN19A041,807040,19A,R,gaba,-1,rm,rm,1.4,31.0,0.0,353,0.004,1.4,0.0,0.0,lm->rm,contralateral
IN20A.22A055,808598,20A/22A,R,acetylcholine,1,rh,rh,1.4,131.0,48.0,136,0.01,0.0,1.4,0.0,rm->rh,ipsilateral
IN21A087,811518,21A,R,glutamate,-1,rm,rm,1.4,88.0,0.0,152,0.009,0.0,1.4,0.0,rf->rm,ipsilateral
IN13A057,802789,13A,L,gaba,-1,lm,lm,1.3,222.0,138.0,229,0.006,0.0,1.3,0.0,lf->lm,ipsilateral
IN10B041,807965,10B,L,acetylcholine,1,lm,lm,1.3,50.0,5.0,877,0.002,0.0,0.0,1.3,rh->lm,both
IN20A.22A055,815029,20A/22A,R,acetylcholine,1,rf,rf,1.3,27.0,14.0,27,0.048,0.0,1.3,0.0,rm->rf,ipsilateral
IN12A048,803924,12A,R,acetylcholine,1,rh,rh,1.2,24.0,0.0,2119,0.001,0.0,0.5,0.7,lm->rh rm->rh,both
IN01B065,807976,01B,R,gaba,-1,rm,rm,1.2,65.0,0.0,405,0.003,0.0,1.2,0.0,rh->rm,ipsilateral
IN23B014,904063,23B,L,acetylcholine,1,lf,lf,1.2,30.0,0.0,1020,0.001,0.0,1.2,0.0,lm->lf,ipsilateral
IN21A087,813209,21A,R,glutamate,-1,rm,rm,1.1,51.0,17.0,106,0.011,0.0,1.1,0.0,rh->rm,ipsilateral
IN19A073,800966,19A,L,gaba,-1,lm,lm,0.9,31.0,0.0,38,0.025,0.0,0.9,0.0,lf->lm,ipsilateral
IN11B005,803313,11B,R,gaba,-1,rh,rh,0.9,21.0,8.0,1070,0.001,0.0,0.9,0.0,rm->rh,ipsilateral
IN13A045,839763,13A,R,gaba,-1,rm,rm,0.9,29.0,29.0,36,0.026,0.0,0.0,0.9,lf->rm,both
IN23B009,905768,23B,R,acetylcholine,1,rh,rh,0.9,33.0,0.0,1684,0.001,0.0,0.9,0.0,rf->rh,ipsilateral
IN21A072,907002,21A,L,unclear,0,lh,lh,0.9,21.0,16.0,21,0.041,0.0,0.9,0.0,lm->lh,ipsilateral
IN19A049,802540,19A,R,gaba,-1,rh,rh,0.8,40.0,0.0,463,0.002,0.0,0.8,0.0,rm->rh,ipsilateral
IN09A022,807314,09A,L,gaba,-1,lm,lm,0.8,20.0,0.0,757,0.001,0.0,0.8,0.0,lh->lm,ipsilateral
IN13A057,903099,13A,R,gaba,-1,rm,rm,0.8,56.0,51.0,84,0.01,0.0,0.8,0.0,rf->rm,ipsilateral
IN19A049,814454,19A,L,gaba,-1,lh,lh,0.7,30.0,0.0,583,0.001,0.0,0.7,0.0,lm->lh,ipsilateral
IN19A059,809438,19A,R,gaba,-1,rm,rm,0.6,44.0,0.0,57,0.011,0.0,0.6,0.0,rh->rm,ipsilateral
IN23B074,903887,23B,L,acetylcholine,1,lh,lh,0.6,64.0,0.0,420,0.001,0.6,0.0,0.0,rh->lh,contralateral
IN19A073,803529,19A,L,gaba,-1,lm,lm,0.5,32.0,0.0,91,0.005,0.0,0.5,0.0,lf->lm,ipsilateral
IN19A073,904761,19A,L,gaba,-1,lm,lm,0.5,30.0,0.0,36,0.014,0.0,0.5,0.0,lf->lm,ipsilateral
IN19A074,807310,19A,R,gaba,-1,rh,rh,0.4,31.0,0.0,59,0.007,0.0,0.4,0.0,rf->rh,ipsilateral
IN01B006,905141,01B,L,gaba,-1,lm,lm,0.4,62.0,0.0,1320,0.0,0.4,0.0,0.0,rm->lm,contralateral
IN09A014,800086,09A,L,gaba,-1,lf,lf,0.0,578.0,0.0,1918,0.0,0.0,0.0,0.0,,-
INXXX077,800130,XXX (unassigned),R,acetylcholine,1,lh,lh,0.0,86.0,0.0,7366,0.0,0.0,0.0,0.0,,-
IN19A124,800399,19A,L,gaba,-1,lf,lf,0.0,156.0,0.0,236,0.0,0.0,0.0,0.0,,-
IN01B079,800513,01B,L,gaba,-1,lm,lm,0.0,96.0,0.0,472,0.0,0.0,0.0,0.0,,-
IN21A094,800662,21A,R,glutamate,-1,rf,rf,0.0,123.0,81.0,123,0.0,0.0,0.0,0.0,,-
IN13B058,800714,13B,R,gaba,-1,lh,lh,0.0,156.0,0.0,289,0.0,0.0,0.0,0.0,,-
IN13B088,800865,13B,R,gaba,-1,lm,lm,0.0,152.0,0.0,222,0.0,0.0,0.0,0.0,,-
IN13A050,801007,13A,L,gaba,-1,lf,lf,0.0,199.0,162.0,199,0.0,0.0,0.0,0.0,,-
IN01B012,801271,01B,L,gaba,-1,lm,lm,0.0,780.0,0.0,2005,0.0,0.0,0.0,0.0,,-
INXXX324,801279,XXX (unassigned),L,glutamate,-1,lh,lh,0.0,72.0,0.0,2263,0.0,0.0,0.0,0.0,,-
IN01A032,801306,01A,L,acetylcholine,1,rm,rm,0.0,1480.0,0.0,2960,0.0,0.0,0.0,0.0,,-
IN13B025,801331,13B,R,gaba,-1,lh,lh,0.0,194.0,0.0,652,0.0,0.0,0.0,0.0,,-
IN01B072,801368,01B,R,gaba,-1,rm,rm,0.0,40.0,0.0,454,0.0,0.0,0.0,0.0,,-
IN23B023,801383,23B,R,acetylcholine,1,rh,rh,0.0,185.0,0.0,933,0.0,0.0,0.0,0.0,,-
IN19A096,801427,19A,L,gaba,-1,lm,lm,0.0,33.0,0.0,41,0.0,0.0,0.0,0.0,,-
IN01B006,801633,01B,L,gaba,-1,lf,lf,0.0,48.0,0.0,441,0.0,0.0,0.0,0.0,,-
IN13B050,801671,13B,R,gaba,-1,lm,lm,0.0,79.0,0.0,379,0.0,0.0,0.0,0.0,,-
IN03A066,801720,03A,L,acetylcholine,1,lf,lf,0.0,386.0,204.0,386,0.0,0.0,0.0,0.0,,-
IN13A008,801722,13A,R,gaba,-1,rh,rh,0.0,473.0,6.0,3176,0.0,0.0,0.0,0.0,,-
IN23B023,801759,23B,L,acetylcholine,1,lm,lm,0.0,203.0,0.0,925,0.0,0.0,0.0,0.0,,-
IN20A.22A010,801901,20A/22A,L,acetylcholine,1,lh,lh,0.0,333.0,194.0,378,0.0,0.0,0.0,0.0,,-
IN13B029,801911,13B,R,gaba,-1,lh,lh,0.0,169.0,15.0,510,0.0,0.0,0.0,0.0,,-
IN20A.22A023,801952,20A/22A,L,acetylcholine,1,lf,lf,0.0,221.0,142.0,221,0.0,0.0,0.0,0.0,,-
IN13B025,801958,13B,L,gaba,-1,rm,rm,0.0,330.0,0.0,797,0.0,0.0,0.0,0.0,,-
IN13B025,802011,13B,R,gaba,-1,lm,lm,0.0,324.0,0.0,758,0.0,0.0,0.0,0.0,,-
IN03B049,802018,03B,R,gaba,-1,rh,rh,0.0,205.0,97.0,1205,0.0,0.0,0.0,0.0,,-
IN13B058,802047,13B,R,gaba,-1,lm,lm,0.0,201.0,0.0,395,0.0,0.0,0.0,0.0,,-
IN23B057,802086,23B,L,acetylcholine,1,lm,lm,0.0,20.0,0.0,843,0.0,0.0,0.0,0.0,,-
IN13B026,802162,13B,R,gaba,-1,lh,lh,0.0,353.0,0.0,1041,0.0,0.0,0.0,0.0,,-
IN20A.22A016,802217,20A/22A,R,acetylcholine,1,rm,rm,0.0,272.0,25.0,469,0.0,0.0,0.0,0.0,,-
IN13B096_a,802231,13B,L,gaba,-1,rf,rf,0.0,26.0,0.0,37,0.0,0.0,0.0,0.0,,-
IN13B045,802284,13B,L,gaba,-1,rh,rh,0.0,429.0,0.0,547,0.0,0.0,0.0,0.0,,-
IN21A061,802319,21A,R,glutamate,-1,rh,rh,0.0,561.0,280.0,561,0.0,0.0,0.0,0.0,,-
IN09A089,802346,09A,L,gaba,-1,lm,lm,0.0,175.0,0.0,291,0.0,0.0,0.0,0.0,,-
IN01B012,802370,01B,L,gaba,-1,lf,lf,0.0,167.0,0.0,718,0.0,0.0,0.0,0.0,,-
IN13A037,802386,13A,L,gaba,-1,lf,lf,0.0,328.0,195.0,328,0.0,0.0,0.0,0.0,,-
IN13A055,802469,13A,R,gaba,-1,rh,rh,0.0,218.0,41.0,337,0.0,0.0,0.0,0.0,,-
IN19A073,802597,19A,R,gaba,-1,rm,rm,0.0,22.0,0.0,27,0.0,0.0,0.0,0.0,,-
IN23B020,802616,23B,R,acetylcholine,1,rm,rm,0.0,194.0,0.0,1473,0.0,0.0,0.0,0.0,,-
IN09A057,802676,09A,R,gaba,-1,rh,rh,0.0,385.0,117.0,391,0.0,0.0,0.0,0.0,,-
IN09A069,802683,09A,R,gaba,-1,rf,rf,0.0,102.0,11.0,141,0.0,0.0,0.0,0.0,,-
IN21A085,802694,21A,R,glutamate,-1,rm,rm,0.0,289.0,76.0,370,0.0,0.0,0.0,0.0,,-
IN21A061,802722,21A,L,glutamate,-1,lh,lh,0.0,358.0,86.0,371,0.0,0.0,0.0,0.0,,-
IN04B100,802764,04B,R,acetylcholine,1,rf,rf,0.0,188.0,6.0,221,0.0,0.0,0.0,0.0,,-
IN01A077,802803,01A,R,acetylcholine,1,lf,lf,0.0,286.0,7.0,309,0.0,0.0,0.0,0.0,,-
IN23B020,802899,23B,R,acetylcholine,1,rm,rm,0.0,177.0,0.0,1634,0.0,0.0,0.0,0.0,,-
IN14A068,802913,14A,R,glutamate,-1,lh,lh,0.0,62.0,0.0,322,0.0,0.0,0.0,0.0,,-
IN13B046,802930,13B,R,gaba,-1,lh,lh,0.0,340.0,6.0,607,0.0,0.0,0.0,0.0,,-
IN04B054_c,802976,04B,R,acetylcholine,1,rh,rh,0.0,477.0,250.0,593,0.0,0.0,0.0,0.0,,-
"IN21A023,IN21A024",802994,21A,R,glutamate,-1,rm,rm,0.0,1362.0,11.0,1962,0.0,0.0,0.0,0.0,,-
IN19B043,803023,19B,L,acetylcholine,1,lh,lh,0.0,55.0,11.0,3387,0.0,0.0,0.0,0.0,,-
IN13A047,803073,13A,L,gaba,-1,lf,lf,0.0,167.0,8.0,340,0.0,0.0,0.0,0.0,,-
IN01B006,803079,01B,L,gaba,-1,lh,lh,0.0,102.0,0.0,1398,0.0,0.0,0.0,0.0,,-
IN09A012,803114,09A,R,gaba,-1,rm,rm,0.0,92.0,7.0,1680,0.0,0.0,0.0,0.0,,-
IN13B042,803121,13B,L,gaba,-1,rm,rm,0.0,245.0,0.0,423,0.0,0.0,0.0,0.0,,-
IN11A048,803132,11A,R,acetylcholine,1,lm,lm,0.0,723.0,500.0,737,0.0,0.0,0.0,0.0,,-
IN13B050,803137,13B,L,gaba,-1,rm,rm,0.0,483.0,9.0,676,0.0,0.0,0.0,0.0,,-
IN14A026,803144,14A,R,glutamate,-1,lf,lf,0.0,290.0,0.0,409,0.0,0.0,0.0,0.0,,-
IN03A062_d,803201,03A,R,acetylcholine,1,rh,rh,0.0,590.0,67.0,617,0.0,0.0,0.0,0.0,,-
IN01B032,803232,01B,L,gaba,-1,lm,lm,0.0,266.0,0.0,825,0.0,0.0,0.0,0.0,,-
IN20A.22A017,803246,20A/22A,L,acetylcholine,1,lf,lf,0.0,662.0,0.0,725,0.0,0.0,0.0,0.0,,-
IN14A114,803292,14A,L,glutamate,-1,rh,rh,0.0,245.0,0.0,359,0.0,0.0,0.0,0.0,,-
IN23B082,803345,23B,R,acetylcholine,1,rh,rh,0.0,53.0,0.0,272,0.0,0.0,0.0,0.0,,-
IN13B087,803367,13B,R,gaba,-1,lf,lf,0.0,29.0,0.0,156,0.0,0.0,0.0,0.0,,-
IN20A.22A090,803371,20A/22A,L,acetylcholine,1,lh,lh,0.0,188.0,0.0,313,0.0,0.0,0.0,0.0,,-
IN04B050,803526,04B,R,acetylcholine,1,rf,rf,0.0,201.0,90.0,212,0.0,0.0,0.0,0.0,,-
"IN09A056,IN09A072",803580,09A,L,gaba,-1,lh,lh,0.0,385.0,64.0,429,0.0,0.0,0.0,0.0,,-
INXXX443,803628,XXX (unassigned),L,gaba,-1,lh,lh,0.0,63.0,0.0,482,0.0,0.0,0.0,0.0,,-
IN13B054,803673,13B,R,gaba,-1,lh,lh,0.0,198.0,0.0,448,0.0,0.0,0.0,0.0,,-
IN04B106,803680,04B,R,acetylcholine,1,rm,rm,0.0,232.0,143.0,273,0.0,0.0,0.0,0.0,,-
IN08A010,803750,08A,L,glutamate,-1,lf,lf,0.0,1128.0,521.0,1309,0.0,0.0,0.0,0.0,,-
"IN21A023,IN21A024",803759,21A,L,glutamate,-1,lm,lm,0.0,1668.0,0.0,2265,0.0,0.0,0.0,0.0,,-
IN13B044,803838,13B,R,gaba,-1,lh,lh,0.0,330.0,0.0,609,0.0,0.0,0.0,0.0,,-
IN23B023,803854,23B,R,acetylcholine,1,rh,rh,0.0,201.0,0.0,848,0.0,0.0,0.0,0.0,,-
IN09A035,803871,09A,R,gaba,-1,rh,rh,0.0,584.0,0.0,879,0.0,0.0,0.0,0.0,,-
IN13B026,803902,13B,L,gaba,-1,rh,rh,0.0,142.0,0.0,567,0.0,0.0,0.0,0.0,,-
IN13B025,803930,13B,L,gaba,-1,rh,rh,0.0,337.0,0.0,781,0.0,0.0,0.0,0.0,,-
IN13B058,803932,13B,R,gaba,-1,lh,lh,0.0,250.0,0.0,453,0.0,0.0,0.0,0.0,,-
IN13A037,803944,13A,R,gaba,-1,rf,rf,0.0,138.0,116.0,138,0.0,0.0,0.0,0.0,,-
INXXX348,803972,XXX (unassigned),R,gaba,-1,rh,rh,0.0,28.0,0.0,814,0.0,0.0,0.0,0.0,,-
IN14A052,803976,14A,L,glutamate,-1,rh,rh,0.0,112.0,0.0,763,0.0,0.0,0.0,0.0,,-
IN02A019,804015,02A,L,glutamate,-1,lf,lf,0.0,29.0,18.0,1038,0.0,0.0,0.0,0.0,,-
IN23B025,804071,23B,R,acetylcholine,1,rm,rm,0.0,152.0,0.0,1222,0.0,0.0,0.0,0.0,,-
IN13A015,804082,13A,R,gaba,-1,rf,rf,0.0,634.0,134.0,724,0.0,0.0,0.0,0.0,,-
IN14A087,804093,14A,R,glutamate,-1,lh,lh,0.0,307.0,0.0,392,0.0,0.0,0.0,0.0,,-
IN03A062_a,804094,03A,R,acetylcholine,1,rf,rf,0.0,237.0,13.0,266,0.0,0.0,0.0,0.0,,-
IN23B017,804162,23B,R,acetylcholine,1,rf,rf,0.0,33.0,0.0,661,0.0,0.0,0.0,0.0,,-
IN13A047,804192,13A,R,gaba,-1,rf,rf,0.0,54.0,0.0,168,0.0,0.0,0.0,0.0,,-
IN13B025,804249,13B,R,gaba,-1,lf,lf,0.0,54.0,0.0,355,0.0,0.0,0.0,0.0,,-
IN03A031,804252,03A,R,acetylcholine,1,rm,rm,0.0,366.0,146.0,419,0.0,0.0,0.0,0.0,,-
IN23B092,804322,23B,R,acetylcholine,1,rh,rh,0.0,24.0,0.0,232,0.0,0.0,0.0,0.0,,-
IN13B026,804356,13B,L,gaba,-1,rm,rm,0.0,194.0,0.0,611,0.0,0.0,0.0,0.0,,-
IN13B045,804419,13B,L,gaba,-1,rm,rm,0.0,297.0,0.0,374,0.0,0.0,0.0,0.0,,-
IN02A049,804429,02A,R,glutamate,-1,rm,rm,0.0,38.0,0.0,516,0.0,0.0,0.0,0.0,,-
IN09A088,804441,09A,L,gaba,-1,lh,lh,0.0,209.0,0.0,313,0.0,0.0,0.0,0.0,,-
IN01B020,804470,01B,R,gaba,-1,rh,rh,0.0,726.0,0.0,1111,0.0,0.0,0.0,0.0,,-
IN14A085_b,804518,14A,R,glutamate,-1,lm,lm,0.0,75.0,0.0,368,0.0,0.0,0.0,0.0,,-
IN03A024,804550,03A,L,acetylcholine,1,lm,lm,0.0,1201.0,915.0,1268,0.0,0.0,0.0,0.0,,-
IN13B017,804578,13B,L,gaba,-1,rf,rf,0.0,322.0,129.0,440,0.0,0.0,0.0,0.0,,-
IN23B087,804586,23B,L,acetylcholine,1,lf,lf,0.0,28.0,0.0,235,0.0,0.0,0.0,0.0,,-
IN14A040,804597,14A,R,glutamate,-1,lh,lh,0.0,367.0,0.0,733,0.0,0.0,0.0,0.0,,-
IN23B031,804638,23B,R,acetylcholine,1,rh,rh,0.0,306.0,0.0,1397,0.0,0.0,0.0,0.0,,-
IN08A010,804708,08A,R,glutamate,-1,rf,rf,0.0,567.0,377.0,653,0.0,0.0,0.0,0.0,,-
INXXX221,804755,XXX (unassigned),R,unclear,0,lh,lh,0.0,44.0,0.0,1482,0.0,0.0,0.0,0.0,,-
IN13B022,804781,13B,R,gaba,-1,lf,lf,0.0,891.0,0.0,958,0.0,0.0,0.0,0.0,,-
IN01B083_a,804818,01B,L,gaba,-1,lm,lm,0.0,88.0,0.0,531,0.0,0.0,0.0,0.0,,-
IN23B023,804855,23B,R,acetylcholine,1,rf,rf,0.0,29.0,0.0,457,0.0,0.0,0.0,0.0,,-
IN01B020,804896,01B,R,gaba,-1,rh,rh,0.0,784.0,0.0,1207,0.0,0.0,0.0,0.0,,-
IN19A064,804898,19A,R,gaba,-1,rf,rf,0.0,42.0,5.0,49,0.0,0.0,0.0,0.0,,-
IN01B026,804954,01B,R,gaba,-1,rf,rf,0.0,24.0,0.0,245,0.0,0.0,0.0,0.0,,-
IN23B070,804970,23B,R,acetylcholine,1,rh,rh,0.0,53.0,0.0,619,0.0,0.0,0.0,0.0,,-
IN19A064,805030,19A,L,gaba,-1,lm,lm,0.0,250.0,14.0,336,0.0,0.0,0.0,0.0,,-
IN03A024,805054,03A,R,acetylcholine,1,rm,rm,0.0,926.0,780.0,971,0.0,0.0,0.0,0.0,,-
IN03A062_d,805058,03A,L,acetylcholine,1,lh,lh,0.0,532.0,66.0,586,0.0,0.0,0.0,0.0,,-
"IN21A023,IN21A024",805071,21A,L,glutamate,-1,lf,lf,0.0,1071.0,6.0,1467,0.0,0.0,0.0,0.0,,-
IN04B054_c,805074,04B,R,acetylcholine,1,rh,rh,0.0,352.0,199.0,537,0.0,0.0,0.0,0.0,,-
INXXX321,805130,XXX (unassigned),L,acetylcholine,1,lm,lm,0.0,556.0,70.0,738,0.0,0.0,0.0,0.0,,-
IN23B023,805161,23B,L,acetylcholine,1,lf,lf,0.0,87.0,0.0,586,0.0,0.0,0.0,0.0,,-
IN03A066,805199,03A,L,acetylcholine,1,lf,lf,0.0,405.0,200.0,416,0.0,0.0,0.0,0.0,,-
IN02A030,805281,02A,L,glutamate,-1,lh,lh,0.0,73.0,0.0,2409,0.0,0.0,0.0,0.0,,-
IN13A024,805385,13A,L,gaba,-1,lm,lm,0.0,450.0,0.0,986,0.0,0.0,0.0,0.0,,-
IN14A086,805399,14A,R,glutamate,-1,lh,lh,0.0,114.0,0.0,378,0.0,0.0,0.0,0.0,,-
IN13B099,805414,13B,R,gaba,-1,lh,lh,0.0,100.0,0.0,148,0.0,0.0,0.0,0.0,,-
IN19A042,805419,19A,R,gaba,-1,rm,rm,0.0,27.0,0.0,576,0.0,0.0,0.0,0.0,,-
IN23B056,805435,23B,L,acetylcholine,1,lf,lf,0.0,28.0,0.0,766,0.0,0.0,0.0,0.0,,-
IN12B027,805438,12B,L,gaba,-1,rh,rh,0.0,238.0,115.0,713,0.0,0.0,0.0,0.0,,-
IN13A023,805490,13A,L,gaba,-1,lm,lm,0.0,639.0,398.0,713,0.0,0.0,0.0,0.0,,-
IN03A062_h,805567,03A,R,acetylcholine,1,rm,rm,0.0,374.0,110.0,438,0.0,0.0,0.0,0.0,,-
IN03B079,805585,03B,L,gaba,-1,lh,lh,0.0,119.0,112.0,1027,0.0,0.0,0.0,0.0,,-
IN20A.22A010,805610,20A/22A,R,acetylcholine,1,rh,rh,0.0,343.0,166.0,399,0.0,0.0,0.0,0.0,,-
IN13A050,805651,13A,R,gaba,-1,rh,rh,0.0,196.0,196.0,196,0.0,0.0,0.0,0.0,,-
IN08A036,805787,08A,L,glutamate,-1,lf,lf,0.0,172.0,86.0,209,0.0,0.0,0.0,0.0,,-
IN23B074,805808,23B,L,acetylcholine,1,lf,lf,0.0,55.0,0.0,344,0.0,0.0,0.0,0.0,,-
IN01B012,805811,01B,R,gaba,-1,rf,rf,0.0,123.0,0.0,318,0.0,0.0,0.0,0.0,,-
IN13B058,805859,13B,L,gaba,-1,rf,rf,0.0,30.0,0.0,48,0.0,0.0,0.0,0.0,,-
IN08A021,805867,08A,R,glutamate,-1,rf,rf,0.0,507.0,247.0,540,0.0,0.0,0.0,0.0,,-
IN06A066,805882,06A,L,gaba,-1,lh,lh,0.0,45.0,0.0,1107,0.0,0.0,0.0,0.0,,-
IN01A078,805915,01A,R,acetylcholine,1,lf,lf,0.0,214.0,0.0,231,0.0,0.0,0.0,0.0,,-
IN04B076,805940,04B,R,acetylcholine,1,rh,rh,0.0,633.0,141.0,897,0.0,0.0,0.0,0.0,,-
IN14A059,805986,14A,R,glutamate,-1,lm,lm,0.0,26.0,0.0,325,0.0,0.0,0.0,0.0,,-
IN03A062_e,806066,03A,L,acetylcholine,1,lf,lf,0.0,237.0,0.0,296,0.0,0.0,0.0,0.0,,-
IN03B049,806072,03B,L,gaba,-1,lh,lh,0.0,58.0,7.0,705,0.0,0.0,0.0,0.0,,-
IN04B017,806090,04B,R,acetylcholine,1,rm,rm,0.0,300.0,58.0,570,0.0,0.0,0.0,0.0,,-
IN13B079,806181,13B,R,gaba,-1,lm,lm,0.0,132.0,0.0,240,0.0,0.0,0.0,0.0,,-
IN10B041,806182,10B,L,acetylcholine,1,lm,lm,0.0,74.0,5.0,843,0.0,0.0,0.0,0.0,,-
IN13B038,806205,13B,R,gaba,-1,lm,lm,0.0,305.0,0.0,644,0.0,0.0,0.0,0.0,,-
IN13A023,806209,13A,R,gaba,-1,rm,rm,0.0,348.0,224.0,465,0.0,0.0,0.0,0.0,,-
IN13B038,806282,13B,L,gaba,-1,rm,rm,0.0,388.0,0.0,660,0.0,0.0,0.0,0.0,,-
IN04B081,806304,04B,R,acetylcholine,1,rm,rm,0.0,575.0,250.0,593,0.0,0.0,0.0,0.0,,-
IN08A034,806325,08A,L,glutamate,-1,lf,lf,0.0,441.0,223.0,457,0.0,0.0,0.0,0.0,,-
IN21A038,806329,21A,L,glutamate,-1,lm,lm,0.0,570.0,99.0,587,0.0,0.0,0.0,0.0,,-
IN13B026,806359,13B,R,gaba,-1,lf,lf,0.0,80.0,0.0,385,0.0,0.0,0.0,0.0,,-
"IN09A056,IN09A072",806373,09A,R,gaba,-1,rh,rh,0.0,231.0,27.0,363,0.0,0.0,0.0,0.0,,-
IN13B048,806445,13B,L,gaba,-1,rh,rh,0.0,658.0,283.0,725,0.0,0.0,0.0,0.0,,-
IN02A030,806494,02A,L,glutamate,-1,lh,lh,0.0,61.0,0.0,1708,0.0,0.0,0.0,0.0,,-
IN01A079,806497,01A,L,acetylcholine,1,rf,rf,0.0,102.0,0.0,118,0.0,0.0,0.0,0.0,,-
IN04B077,806528,04B,L,acetylcholine,1,lm,lm,0.0,416.0,73.0,794,0.0,0.0,0.0,0.0,,-
IN04B079,806543,04B,R,acetylcholine,1,rf,rf,0.0,92.0,18.0,241,0.0,0.0,0.0,0.0,,-
IN13A044,806549,13A,L,gaba,-1,lm,lm,0.0,161.0,77.0,235,0.0,0.0,0.0,0.0,,-
IN20A.22A046,806550,20A/22A,L,acetylcholine,1,lm,lm,0.0,326.0,186.0,326,0.0,0.0,0.0,0.0,,-
IN16B061,806605,16B,L,glutamate,-1,lf,lf,0.0,358.0,307.0,363,0.0,0.0,0.0,0.0,,-
IN23B056,806616,23B,R,acetylcholine,1,rh,rh,0.0,41.0,0.0,836,0.0,0.0,0.0,0.0,,-
IN03A062_f,806626,03A,R,acetylcholine,1,rm,rm,0.0,605.0,5.0,710,0.0,0.0,0.0,0.0,,-
IN03A092,806647,03A,R,acetylcholine,1,rh,rh,0.0,477.0,69.0,688,0.0,0.0,0.0,0.0,,-
IN13B030,806675,13B,R,gaba,-1,lf,lf,0.0,210.0,0.0,460,0.0,0.0,0.0,0.0,,-
IN20A.22A046,806677,20A/22A,L,acetylcholine,1,lm,lm,0.0,359.0,199.0,359,0.0,0.0,0.0,0.0,,-
IN13B046,806700,13B,R,gaba,-1,lh,lh,0.0,430.0,5.0,794,0.0,0.0,0.0,0.0,,-
IN21A080,806735,21A,L,glutamate,-1,lm,lm,0.0,179.0,117.0,179,0.0,0.0,0.0,0.0,,-
IN03B079,806776,03B,R,gaba,-1,rh,rh,0.0,70.0,65.0,780,0.0,0.0,0.0,0.0,,-
IN21A038,806805,21A,R,glutamate,-1,rh,rh,0.0,591.0,43.0,612,0.0,0.0,0.0,0.0,,-
IN04B077,806818,04B,L,acetylcholine,1,lm,lm,0.0,496.0,78.0,853,0.0,0.0,0.0,0.0,,-
IN20A.22A030,806865,20A/22A,R,acetylcholine,1,rm,rm,0.0,245.0,95.0,312,0.0,0.0,0.0,0.0,,-
IN13A051,806874,13A,R,gaba,-1,rf,rf,0.0,331.0,255.0,331,0.0,0.0,0.0,0.0,,-
IN03A093,806964,03A,L,acetylcholine,1,lm,lm,0.0,642.0,259.0,867,0.0,0.0,0.0,0.0,,-
IN13A024,806968,13A,L,gaba,-1,lm,lm,0.0,469.0,21.0,849,0.0,0.0,0.0,0.0,,-
IN01B024,806985,01B,L,gaba,-1,lm,lm,0.0,475.0,8.0,822,0.0,0.0,0.0,0.0,,-
IN13A044,807065,13A,R,gaba,-1,rm,rm,0.0,147.0,52.0,253,0.0,0.0,0.0,0.0,,-
IN08A026,807069,08A,L,glutamate,-1,lf,lf,0.0,345.0,330.0,345,0.0,0.0,0.0,0.0,,-
IN04B062,807092,04B,L,acetylcholine,1,lm,lm,0.0,576.0,196.0,628,0.0,0.0,0.0,0.0,,-
IN21A044,807106,21A,L,glutamate,-1,lm,lm,0.0,555.0,109.0,577,0.0,0.0,0.0,0.0,,-
IN16B075_f,807114,16B,L,glutamate,-1,lm,lm,0.0,637.0,144.0,682,0.0,0.0,0.0,0.0,,-
IN08A026,807133,08A,L,glutamate,-1,lm,lm,0.0,660.0,522.0,666,0.0,0.0,0.0,0.0,,-
IN23B071,807156,23B,L,acetylcholine,1,lm,lm,0.0,137.0,0.0,680,0.0,0.0,0.0,0.0,,-
IN13B051,807161,13B,R,gaba,-1,lm,lm,0.0,603.0,0.0,945,0.0,0.0,0.0,0.0,,-
IN13A038,807177,13A,L,gaba,-1,lf,lf,0.0,309.0,33.0,423,0.0,0.0,0.0,0.0,,-
IN13A050,807238,13A,L,gaba,-1,lf,lf,0.0,136.0,136.0,136,0.0,0.0,0.0,0.0,,-
IN13B032,807256,13B,R,gaba,-1,lm,lm,0.0,796.0,6.0,974,0.0,0.0,0.0,0.0,,-
IN13B088,807258,13B,L,gaba,-1,rm,rm,0.0,129.0,0.0,163,0.0,0.0,0.0,0.0,,-
IN01B026,807309,01B,R,gaba,-1,rm,rm,0.0,151.0,0.0,755,0.0,0.0,0.0,0.0,,-
IN03A092,807327,03A,R,acetylcholine,1,rh,rh,0.0,350.0,96.0,475,0.0,0.0,0.0,0.0,,-
IN23B067_a,807333,23B,R,acetylcholine,1,rh,rh,0.0,89.0,0.0,753,0.0,0.0,0.0,0.0,,-
IN13B036,807354,13B,R,gaba,-1,lm,lm,0.0,703.0,0.0,936,0.0,0.0,0.0,0.0,,-
IN09A092,807385,09A,R,gaba,-1,rm,rm,0.0,88.0,18.0,197,0.0,0.0,0.0,0.0,,-
IN14A052,807407,14A,L,glutamate,-1,rm,rm,0.0,142.0,0.0,799,0.0,0.0,0.0,0.0,,-
IN14A106,807479,14A,L,glutamate,-1,rm,rm,0.0,219.0,0.0,359,0.0,0.0,0.0,0.0,,-
IN01B059_b,807485,01B,L,gaba,-1,lh,lh,0.0,128.0,0.0,694,0.0,0.0,0.0,0.0,,-
IN23B081,807515,23B,L,acetylcholine,1,lh,lh,0.0,89.0,0.0,654,0.0,0.0,0.0,0.0,,-
INXXX345,807519,XXX (unassigned),L,gaba,-1,lh,lh,0.0,21.0,0.0,1532,0.0,0.0,0.0,0.0,,-
IN13B035,807525,13B,L,gaba,-1,rh,rh,0.0,609.0,0.0,740,0.0,0.0,0.0,0.0,,-
IN01B025,807564,01B,L,gaba,-1,lm,lm,0.0,317.0,23.0,662,0.0,0.0,0.0,0.0,,-
IN13A062,807593,13A,L,gaba,-1,lm,lm,0.0,544.0,394.0,571,0.0,0.0,0.0,0.0,,-
IN01B061,807618,01B,R,gaba,-1,rm,rm,0.0,190.0,0.0,695,0.0,0.0,0.0,0.0,,-
IN13B062,807627,13B,L,gaba,-1,rh,rh,0.0,436.0,15.0,713,0.0,0.0,0.0,0.0,,-
IN13B046,807643,13B,L,gaba,-1,rh,rh,0.0,475.0,0.0,682,0.0,0.0,0.0,0.0,,-
IN21A038,807670,21A,L,glutamate,-1,lh,lh,0.0,398.0,61.0,424,0.0,0.0,0.0,0.0,,-
IN13A040,807686,13A,L,gaba,-1,lh,lh,0.0,326.0,217.0,369,0.0,0.0,0.0,0.0,,-
IN23B054,807718,23B,L,acetylcholine,1,lh,lh,0.0,50.0,0.0,486,0.0,0.0,0.0,0.0,,-
IN03A060,807726,03A,R,acetylcholine,1,rm,rm,0.0,627.0,117.0,706,0.0,0.0,0.0,0.0,,-
IN20A.22A058,807732,20A/22A,L,acetylcholine,1,lm,lm,0.0,549.0,74.0,708,0.0,0.0,0.0,0.0,,-
IN13A049,807735,13A,L,gaba,-1,lf,lf,0.0,515.0,127.0,575,0.0,0.0,0.0,0.0,,-
IN03A071,807738,03A,L,acetylcholine,1,lm,lm,0.0,571.0,294.0,760,0.0,0.0,0.0,0.0,,-
IN04B096,807739,04B,R,acetylcholine,1,rh,rh,0.0,625.0,73.0,705,0.0,0.0,0.0,0.0,,-
IN04B052,807760,04B,L,acetylcholine,1,lh,lh,0.0,206.0,101.0,247,0.0,0.0,0.0,0.0,,-
IN14A052,807772,14A,R,glutamate,-1,lh,lh,0.0,112.0,0.0,595,0.0,0.0,0.0,0.0,,-
IN13A032,807786,13A,L,gaba,-1,lm,lm,0.0,414.0,130.0,674,0.0,0.0,0.0,0.0,,-
IN20A.22A058,807794,20A/22A,L,acetylcholine,1,lm,lm,0.0,611.0,87.0,752,0.0,0.0,0.0,0.0,,-
IN23B070,807798,23B,L,acetylcholine,1,lm,lm,0.0,67.0,0.0,541,0.0,0.0,0.0,0.0,,-
IN13A046,807803,13A,R,gaba,-1,rh,rh,0.0,163.0,95.0,220,0.0,0.0,0.0,0.0,,-
IN04B036,807819,04B,R,acetylcholine,1,rm,rm,0.0,495.0,71.0,705,0.0,0.0,0.0,0.0,,-
IN13A032,807827,13A,R,gaba,-1,rm,rm,0.0,248.0,83.0,594,0.0,0.0,0.0,0.0,,-
IN21A061,807847,21A,L,glutamate,-1,lh,lh,0.0,428.0,132.0,428,0.0,0.0,0.0,0.0,,-
IN08A047,807848,08A,R,glutamate,-1,rh,rh,0.0,765.0,595.0,765,0.0,0.0,0.0,0.0,,-
IN04B052,807849,04B,R,acetylcholine,1,rh,rh,0.0,244.0,108.0,276,0.0,0.0,0.0,0.0,,-
"IN09A056,IN09A072",807858,09A,L,gaba,-1,lh,lh,0.0,334.0,0.0,539,0.0,0.0,0.0,0.0,,-
IN03A076,807877,03A,L,acetylcholine,1,lm,lm,0.0,386.0,146.0,721,0.0,0.0,0.0,0.0,,-
IN14A119,807884,14A,L,glutamate,-1,rm,rm,0.0,169.0,0.0,312,0.0,0.0,0.0,0.0,,-
IN04B062,807888,04B,R,acetylcholine,1,rm,rm,0.0,540.0,180.0,551,0.0,0.0,0.0,0.0,,-
IN23B057,807901,23B,L,acetylcholine,1,lh,lh,0.0,85.0,0.0,723,0.0,0.0,0.0,0.0,,-
IN14A052,807914,14A,R,glutamate,-1,lm,lm,0.0,67.0,0.0,692,0.0,0.0,0.0,0.0,,-
IN03A071,807928,03A,R,acetylcholine,1,rm,rm,0.0,740.0,571.0,809,0.0,0.0,0.0,0.0,,-
IN13B050,807934,13B,R,gaba,-1,lf,lf,0.0,74.0,0.0,225,0.0,0.0,0.0,0.0,,-
IN21A038,807936,21A,L,glutamate,-1,lf,lf,0.0,391.0,6.0,414,0.0,0.0,0.0,0.0,,-
IN04B092,807957,04B,L,acetylcholine,1,lf,lf,0.0,383.0,210.0,383,0.0,0.0,0.0,0.0,,-
IN03B052,807980,03B,R,gaba,-1,rh,rh,0.0,21.0,0.0,531,0.0,0.0,0.0,0.0,,-
IN03A064,808025,03A,R,acetylcholine,1,rh,rh,0.0,527.0,230.0,527,0.0,0.0,0.0,0.0,,-
IN01B053,808031,01B,L,gaba,-1,lm,lm,0.0,127.0,0.0,581,0.0,0.0,0.0,0.0,,-
IN04B084,808040,04B,R,acetylcholine,1,rm,rm,0.0,205.0,0.0,348,0.0,0.0,0.0,0.0,,-
IN13B057,808078,13B,R,gaba,-1,lm,lm,0.0,403.0,0.0,722,0.0,0.0,0.0,0.0,,-
IN13B035,808115,13B,R,gaba,-1,lh,lh,0.0,578.0,0.0,756,0.0,0.0,0.0,0.0,,-
IN20A.22A055,808152,20A/22A,L,acetylcholine,1,lh,lh,0.0,102.0,47.0,123,0.0,0.0,0.0,0.0,,-
IN11A037_b,808156,11A,R,acetylcholine,1,rm,rm,0.0,32.0,0.0,670,0.0,0.0,0.0,0.0,,-
IN01B053,808204,01B,R,gaba,-1,rm,rm,0.0,162.0,0.0,599,0.0,0.0,0.0,0.0,,-
IN13B030,808221,13B,L,gaba,-1,rf,rf,0.0,129.0,0.0,304,0.0,0.0,0.0,0.0,,-
IN20A.22A058,808249,20A/22A,L,acetylcholine,1,lm,lm,0.0,539.0,88.0,736,0.0,0.0,0.0,0.0,,-
IN01B033,808251,01B,L,gaba,-1,lf,lf,0.0,63.0,0.0,433,0.0,0.0,0.0,0.0,,-
IN06A096,808259,06A,R,gaba,-1,rm,rm,0.0,28.0,0.0,683,0.0,0.0,0.0,0.0,,-
IN03A062_c,808283,03A,R,acetylcholine,1,rf,rf,0.0,218.0,85.0,225,0.0,0.0,0.0,0.0,,-
IN13A059,808292,13A,L,gaba,-1,lf,lf,0.0,79.0,0.0,189,0.0,0.0,0.0,0.0,,-
IN13B074,808293,13B,R,gaba,-1,lh,lh,0.0,342.0,222.0,350,0.0,0.0,0.0,0.0,,-
IN14A107,808306,14A,R,glutamate,-1,lm,lm,0.0,290.0,0.0,770,0.0,0.0,0.0,0.0,,-
IN20A.22A011,808307,20A/22A,L,acetylcholine,1,lf,lf,0.0,246.0,63.0,316,0.0,0.0,0.0,0.0,,-
IN01B053,808330,01B,L,gaba,-1,lm,lm,0.0,136.0,0.0,611,0.0,0.0,0.0,0.0,,-
IN23B085,808341,23B,R,acetylcholine,1,rm,rm,0.0,156.0,0.0,680,0.0,0.0,0.0,0.0,,-
IN21A044,808344,21A,R,glutamate,-1,rh,rh,0.0,423.0,81.0,428,0.0,0.0,0.0,0.0,,-
IN23B074,808373,23B,R,acetylcholine,1,rm,rm,0.0,101.0,0.0,532,0.0,0.0,0.0,0.0,,-
IN20A.22A058,808378,20A/22A,R,acetylcholine,1,rm,rm,0.0,339.0,19.0,490,0.0,0.0,0.0,0.0,,-
IN13B057,808390,13B,L,gaba,-1,rm,rm,0.0,404.0,0.0,578,0.0,0.0,0.0,0.0,,-
IN21A044,808392,21A,R,glutamate,-1,rm,rm,0.0,416.0,65.0,435,0.0,0.0,0.0,0.0,,-
IN03A093,808423,03A,R,acetylcholine,1,rm,rm,0.0,478.0,300.0,595,0.0,0.0,0.0,0.0,,-
IN04B015,808511,04B,L,acetylcholine,1,lf,lf,0.0,414.0,325.0,437,0.0,0.0,0.0,0.0,,-
IN13B044,808517,13B,L,gaba,-1,rm,rm,0.0,318.0,0.0,651,0.0,0.0,0.0,0.0,,-
IN01B095,808518,01B,L,gaba,-1,lm,lm,0.0,48.0,0.0,250,0.0,0.0,0.0,0.0,,-
IN01B049,808581,01B,L,gaba,-1,lf,lf,0.0,59.0,0.0,317,0.0,0.0,0.0,0.0,,-
IN20A.22A027,808582,20A/22A,L,acetylcholine,1,lh,lh,0.0,93.0,12.0,135,0.0,0.0,0.0,0.0,,-
IN21A051,808586,21A,L,glutamate,-1,lh,lh,0.0,376.0,105.0,434,0.0,0.0,0.0,0.0,,-
IN04B036,808595,04B,R,acetylcholine,1,rm,rm,0.0,599.0,188.0,667,0.0,0.0,0.0,0.0,,-
IN14A051,808609,14A,R,glutamate,-1,lh,lh,0.0,351.0,0.0,560,0.0,0.0,0.0,0.0,,-
IN04B062,808610,04B,R,acetylcholine,1,rm,rm,0.0,443.0,163.0,455,0.0,0.0,0.0,0.0,,-
IN13B054,808612,13B,R,gaba,-1,lm,lm,0.0,302.0,0.0,577,0.0,0.0,0.0,0.0,,-
IN14A036,808651,14A,R,glutamate,-1,lf,lf,0.0,104.0,0.0,353,0.0,0.0,0.0,0.0,,-
IN13A037,808664,13A,L,gaba,-1,lf,lf,0.0,201.0,169.0,213,0.0,0.0,0.0,0.0,,-
IN10B041,808689,10B,R,acetylcholine,1,rh,rh,0.0,77.0,0.0,725,0.0,0.0,0.0,0.0,,-
IN03A093,808692,03A,R,acetylcholine,1,rm,rm,0.0,434.0,184.0,586,0.0,0.0,0.0,0.0,,-
IN10B041,808705,10B,R,acetylcholine,1,rh,rh,0.0,54.0,0.0,659,0.0,0.0,0.0,0.0,,-
IN01B053,808709,01B,L,gaba,-1,lm,lm,0.0,113.0,0.0,499,0.0,0.0,0.0,0.0,,-
IN17A079,808750,17A,L,acetylcholine,1,lf,lf,0.0,607.0,96.0,749,0.0,0.0,0.0,0.0,,-
IN20A.22A023,808759,20A/22A,L,acetylcholine,1,lh,lh,0.0,128.0,48.0,169,0.0,0.0,0.0,0.0,,-
IN04B079,808760,04B,L,acetylcholine,1,lf,lf,0.0,281.0,35.0,449,0.0,0.0,0.0,0.0,,-
IN13B045,808773,13B,R,gaba,-1,lh,lh,0.0,411.0,0.0,556,0.0,0.0,0.0,0.0,,-
IN06A011,808774,06A,R,gaba,-1,rm,rm,0.0,50.0,0.0,558,0.0,0.0,0.0,0.0,,-
IN04B071,808789,04B,R,acetylcholine,1,rm,rm,0.0,448.0,217.0,448,0.0,0.0,0.0,0.0,,-
IN13B054,808798,13B,L,gaba,-1,rm,rm,0.0,319.0,0.0,518,0.0,0.0,0.0,0.0,,-
IN01B025,808804,01B,L,gaba,-1,lh,lh,0.0,201.0,0.0,614,0.0,0.0,0.0,0.0,,-
IN01B053,808841,01B,R,gaba,-1,rm,rm,0.0,122.0,0.0,494,0.0,0.0,0.0,0.0,,-
IN01B042,808858,01B,L,gaba,-1,lm,lm,0.0,285.0,11.0,657,0.0,0.0,0.0,0.0,,-
IN20A.22A041,808867,20A/22A,L,acetylcholine,1,lm,lm,0.0,303.0,36.0,403,0.0,0.0,0.0,0.0,,-
IN13B058,808875,13B,R,gaba,-1,lm,lm,0.0,216.0,0.0,593,0.0,0.0,0.0,0.0,,-
IN23B075,808883,23B,R,acetylcholine,1,rm,rm,0.0,30.0,0.0,521,0.0,0.0,0.0,0.0,,-
IN08A026,808900,08A,L,glutamate,-1,lm,lm,0.0,485.0,471.0,485,0.0,0.0,0.0,0.0,,-
IN14A037,808902,14A,R,glutamate,-1,lm,lm,0.0,502.0,0.0,533,0.0,0.0,0.0,0.0,,-
IN20A.22A027,808919,20A/22A,R,acetylcholine,1,rh,rh,0.0,135.0,38.0,171,0.0,0.0,0.0,0.0,,-
IN06A061,808938,06A,L,gaba,-1,lh,lh,0.0,32.0,0.0,380,0.0,0.0,0.0,0.0,,-
IN04B037,808943,04B,R,acetylcholine,1,rm,rm,0.0,405.0,154.0,475,0.0,0.0,0.0,0.0,,-
IN23B084,808992,23B,L,acetylcholine,1,lh,lh,0.0,46.0,0.0,283,0.0,0.0,0.0,0.0,,-
INXXX396,809022,XXX (unassigned),L,gaba,-1,rh,rh,0.0,66.0,0.0,670,0.0,0.0,0.0,0.0,,-
IN01B023_d,809092,01B,L,gaba,-1,lf,lf,0.0,80.0,0.0,213,0.0,0.0,0.0,0.0,,-
IN21A056,809095,21A,L,glutamate,-1,lh,lh,0.0,284.0,0.0,331,0.0,0.0,0.0,0.0,,-
IN08A036,809125,08A,R,glutamate,-1,rf,rf,0.0,88.0,52.0,88,0.0,0.0,0.0,0.0,,-
IN09A074,809141,09A,L,gaba,-1,lm,lm,0.0,260.0,0.0,607,0.0,0.0,0.0,0.0,,-
IN01B059_a,809156,01B,R,gaba,-1,rh,rh,0.0,83.0,0.0,457,0.0,0.0,0.0,0.0,,-
IN01B042,809159,01B,R,gaba,-1,rh,rh,0.0,515.0,0.0,738,0.0,0.0,0.0,0.0,,-
IN01B056,809175,01B,L,gaba,-1,lm,lm,0.0,230.0,0.0,548,0.0,0.0,0.0,0.0,,-
IN01B065,809185,01B,R,gaba,-1,rh,rh,0.0,139.0,0.0,370,0.0,0.0,0.0,0.0,,-
IN23B081,809190,23B,L,acetylcholine,1,lh,lh,0.0,117.0,0.0,483,0.0,0.0,0.0,0.0,,-
IN21A044,809203,21A,L,glutamate,-1,lf,lf,0.0,313.0,21.0,319,0.0,0.0,0.0,0.0,,-
IN07B092_c,809219,07B,R,acetylcholine,1,lh,lh,0.0,37.0,0.0,505,0.0,0.0,0.0,0.0,,-
IN14A108,809241,14A,L,glutamate,-1,rh,rh,0.0,172.0,0.0,498,0.0,0.0,0.0,0.0,,-
"IN14A042,IN14A047",809242,14A,L,glutamate,-1,rh,rh,0.0,709.0,0.0,795,0.0,0.0,0.0,0.0,,-
IN20A.22A058,809243,20A/22A,R,acetylcholine,1,rm,rm,0.0,392.0,35.0,565,0.0,0.0,0.0,0.0,,-
IN13B042,809249,13B,R,gaba,-1,lm,lm,0.0,158.0,0.0,407,0.0,0.0,0.0,0.0,,-
IN13B042,809255,13B,R,gaba,-1,lm,lm,0.0,64.0,0.0,409,0.0,0.0,0.0,0.0,,-
IN17A072,809257,17A,R,acetylcholine,1,rh,rh,0.0,65.0,0.0,710,0.0,0.0,0.0,0.0,,-
IN23B090,809267,23B,R,acetylcholine,1,rh,rh,0.0,70.0,0.0,354,0.0,0.0,0.0,0.0,,-
IN10B041,809386,10B,R,acetylcholine,1,rm,rm,0.0,148.0,0.0,840,0.0,0.0,0.0,0.0,,-
IN13B055,809396,13B,R,gaba,-1,lf,lf,0.0,129.0,0.0,209,0.0,0.0,0.0,0.0,,-
IN13B050,809400,13B,L,gaba,-1,rm,rm,0.0,92.0,0.0,397,0.0,0.0,0.0,0.0,,-
IN14A058,809403,14A,L,glutamate,-1,rh,rh,0.0,394.0,6.0,497,0.0,0.0,0.0,0.0,,-
IN21A056,809433,21A,L,glutamate,-1,lm,lm,0.0,513.0,23.0,547,0.0,0.0,0.0,0.0,,-
IN20A.22A074,809436,20A/22A,L,acetylcholine,1,lm,lm,0.0,311.0,0.0,508,0.0,0.0,0.0,0.0,,-
IN01B048_a,809439,01B,L,gaba,-1,lm,lm,0.0,375.0,0.0,708,0.0,0.0,0.0,0.0,,-
IN14A057,809460,14A,L,glutamate,-1,rh,rh,0.0,158.0,0.0,418,0.0,0.0,0.0,0.0,,-
IN13B045,809469,13B,L,gaba,-1,rm,rm,0.0,441.0,0.0,498,0.0,0.0,0.0,0.0,,-
IN16B105,809471,16B,R,glutamate,-1,rh,rh,0.0,445.0,222.0,445,0.0,0.0,0.0,0.0,,-
IN06A061,809475,06A,L,gaba,-1,lh,lh,0.0,32.0,0.0,333,0.0,0.0,0.0,0.0,,-
IN13B044,809506,13B,R,gaba,-1,lh,lh,0.0,231.0,0.0,511,0.0,0.0,0.0,0.0,,-
IN10B040,809509,10B,R,acetylcholine,1,rm,rm,0.0,31.0,5.0,771,0.0,0.0,0.0,0.0,,-
IN08A027,809524,08A,L,glutamate,-1,lm,lm,0.0,388.0,5.0,420,0.0,0.0,0.0,0.0,,-
IN13A050,809525,13A,L,gaba,-1,lh,lh,0.0,236.0,236.0,236,0.0,0.0,0.0,0.0,,-
IN12B073,809562,12B,R,gaba,-1,lm,lm,0.0,107.0,25.0,323,0.0,0.0,0.0,0.0,,-
IN01B065,809578,01B,R,gaba,-1,rh,rh,0.0,155.0,6.0,319,0.0,0.0,0.0,0.0,,-
IN06B070,809588,06B,L,gaba,-1,rh,rh,0.0,286.0,6.0,490,0.0,0.0,0.0,0.0,,-
IN20A.22A059,809593,20A/22A,L,acetylcholine,1,lh,lh,0.0,68.0,0.0,435,0.0,0.0,0.0,0.0,,-
IN13B045,809625,13B,R,gaba,-1,lm,lm,0.0,420.0,0.0,510,0.0,0.0,0.0,0.0,,-
IN01B065,809629,01B,L,gaba,-1,lm,lm,0.0,88.0,0.0,366,0.0,0.0,0.0,0.0,,-
IN13A050,809631,13A,R,gaba,-1,rh,rh,0.0,217.0,205.0,217,0.0,0.0,0.0,0.0,,-
IN07B092_b,809649,07B,R,acetylcholine,1,lh,lh,0.0,52.0,7.0,605,0.0,0.0,0.0,0.0,,-
IN20A.22A058,809652,20A/22A,R,acetylcholine,1,rm,rm,0.0,327.0,37.0,477,0.0,0.0,0.0,0.0,,-
IN08A021,809659,08A,R,glutamate,-1,rf,rf,0.0,503.0,202.0,531,0.0,0.0,0.0,0.0,,-
IN01B065,809675,01B,R,gaba,-1,rm,rm,0.0,20.0,0.0,285,0.0,0.0,0.0,0.0,,-
IN01B030,809699,01B,L,gaba,-1,lh,lh,0.0,256.0,0.0,408,0.0,0.0,0.0,0.0,,-
"IN04B113,IN04B114",809714,04B,R,acetylcholine,1,rh,rh,0.0,314.0,219.0,324,0.0,0.0,0.0,0.0,,-
IN01B025,809724,01B,L,gaba,-1,lf,lf,0.0,83.0,0.0,217,0.0,0.0,0.0,0.0,,-
IN13B074,809751,13B,L,gaba,-1,rh,rh,0.0,281.0,221.0,281,0.0,0.0,0.0,0.0,,-
"IN20A.22A049,IN20A.22A067",809759,20A/22A,L,acetylcholine,1,lf,lf,0.0,336.0,68.0,382,0.0,0.0,0.0,0.0,,-
IN01B048_b,809761,01B,L,gaba,-1,lm,lm,0.0,257.0,0.0,584,0.0,0.0,0.0,0.0,,-
IN13B079,809786,13B,R,gaba,-1,lh,lh,0.0,198.0,0.0,368,0.0,0.0,0.0,0.0,,-
IN13B058,809806,13B,L,gaba,-1,rm,rm,0.0,223.0,0.0,521,0.0,0.0,0.0,0.0,,-
IN06A096,809846,06A,R,gaba,-1,rm,rm,0.0,20.0,0.0,583,0.0,0.0,0.0,0.0,,-
IN09A056,809869,09A,R,gaba,-1,rh,rh,0.0,331.0,0.0,553,0.0,0.0,0.0,0.0,,-
IN13B074,809952,13B,L,gaba,-1,rm,rm,0.0,256.0,175.0,306,0.0,0.0,0.0,0.0,,-
IN03A077,809963,03A,R,acetylcholine,1,rh,rh,0.0,182.0,27.0,269,0.0,0.0,0.0,0.0,,-
IN09A078,809984,09A,L,gaba,-1,lm,lm,0.0,135.0,0.0,609,0.0,0.0,0.0,0.0,,-
IN08A027,809988,08A,L,glutamate,-1,lm,lm,0.0,397.0,42.0,402,0.0,0.0,0.0,0.0,,-
IN16B097,810016,16B,R,glutamate,-1,rh,rh,0.0,301.0,41.0,317,0.0,0.0,0.0,0.0,,-
IN23B090,810036,23B,L,acetylcholine,1,lh,lh,0.0,88.0,0.0,354,0.0,0.0,0.0,0.0,,-
IN01B059_a,810062,01B,L,gaba,-1,lh,lh,0.0,89.0,0.0,437,0.0,0.0,0.0,0.0,,-
IN04B081,810066,04B,R,acetylcholine,1,rm,rm,0.0,393.0,183.0,403,0.0,0.0,0.0,0.0,,-
IN13A075,810068,13A,L,gaba,-1,lm,lm,0.0,313.0,0.0,525,0.0,0.0,0.0,0.0,,-
IN20A.22A085,810110,20A/22A,R,acetylcholine,1,rm,rm,0.0,222.0,16.0,379,0.0,0.0,0.0,0.0,,-
IN08A027,810134,08A,L,glutamate,-1,lm,lm,0.0,433.0,28.0,457,0.0,0.0,0.0,0.0,,-
IN14A078,810135,14A,R,glutamate,-1,lf,lf,0.0,143.0,0.0,295,0.0,0.0,0.0,0.0,,-
IN20A.22A055,810136,20A/22A,L,acetylcholine,1,lm,lm,0.0,83.0,27.0,99,0.0,0.0,0.0,0.0,,-
IN03A095,810149,03A,R,acetylcholine,1,rh,rh,0.0,297.0,46.0,415,0.0,0.0,0.0,0.0,,-
IN04B110,810158,04B,L,acetylcholine,1,lh,lh,0.0,294.0,194.0,308,0.0,0.0,0.0,0.0,,-
IN13B090,810165,13B,L,gaba,-1,rh,rh,0.0,142.0,0.0,406,0.0,0.0,0.0,0.0,,-
IN01B065,810166,01B,L,gaba,-1,lh,lh,0.0,121.0,0.0,468,0.0,0.0,0.0,0.0,,-
IN23B081,810189,23B,R,acetylcholine,1,rh,rh,0.0,80.0,0.0,602,0.0,0.0,0.0,0.0,,-
"IN17A080,IN17A083",810206,17A,R,acetylcholine,1,rh,rh,0.0,28.0,0.0,430,0.0,0.0,0.0,0.0,,-
IN23B048,810211,23B,L,acetylcholine,1,lf,lf,0.0,23.0,0.0,252,0.0,0.0,0.0,0.0,,-
IN03A064,810221,03A,R,acetylcholine,1,rh,rh,0.0,469.0,246.0,469,0.0,0.0,0.0,0.0,,-
IN14A052,810223,14A,L,glutamate,-1,rm,rm,0.0,48.0,0.0,356,0.0,0.0,0.0,0.0,,-
IN03B058,810254,03B,R,gaba,-1,rh,rh,0.0,48.0,0.0,451,0.0,0.0,0.0,0.0,,-
IN20A.22A074,810282,20A/22A,L,acetylcholine,1,lm,lm,0.0,333.0,0.0,530,0.0,0.0,0.0,0.0,,-
IN01B031_a,810308,01B,L,gaba,-1,lh,lh,0.0,272.0,0.0,423,0.0,0.0,0.0,0.0,,-
IN14A121_a,810314,14A,L,glutamate,-1,rh,rh,0.0,231.0,0.0,670,0.0,0.0,0.0,0.0,,-
IN08A045,810328,08A,L,glutamate,-1,lh,lh,0.0,324.0,117.0,486,0.0,0.0,0.0,0.0,,-
IN01B080,810344,01B,R,gaba,-1,rm,rm,0.0,21.0,0.0,50,0.0,0.0,0.0,0.0,,-
IN23B057,810351,23B,L,acetylcholine,1,lh,lh,0.0,72.0,0.0,443,0.0,0.0,0.0,0.0,,-
IN13A062,810379,13A,L,gaba,-1,lm,lm,0.0,335.0,292.0,378,0.0,0.0,0.0,0.0,,-
IN13B042,810383,13B,R,gaba,-1,lm,lm,0.0,230.0,0.0,371,0.0,0.0,0.0,0.0,,-
IN13B042,810399,13B,L,gaba,-1,rm,rm,0.0,84.0,0.0,252,0.0,0.0,0.0,0.0,,-
IN16B090,810423,16B,R,glutamate,-1,rm,rm,0.0,314.0,131.0,320,0.0,0.0,0.0,0.0,,-
IN20A.22A021,810443,20A/22A,L,acetylcholine,1,lh,lh,0.0,177.0,37.0,177,0.0,0.0,0.0,0.0,,-
IN14A107,810446,14A,L,glutamate,-1,rm,rm,0.0,107.0,0.0,445,0.0,0.0,0.0,0.0,,-
IN20A.22A041,810454,20A/22A,R,acetylcholine,1,rm,rm,0.0,198.0,57.0,226,0.0,0.0,0.0,0.0,,-
IN09A033,810462,09A,L,gaba,-1,lm,lm,0.0,46.0,0.0,246,0.0,0.0,0.0,0.0,,-
IN09A083,810463,09A,R,gaba,-1,rf,rf,0.0,57.0,7.0,118,0.0,0.0,0.0,0.0,,-
IN09A073,810482,09A,L,gaba,-1,lm,lm,0.0,30.0,0.0,565,0.0,0.0,0.0,0.0,,-
IN08A036,810487,08A,L,glutamate,-1,lf,lf,0.0,209.0,160.0,247,0.0,0.0,0.0,0.0,,-
IN13A057,810521,13A,L,gaba,-1,lm,lm,0.0,207.0,121.0,207,0.0,0.0,0.0,0.0,,-
IN01B072,810553,01B,L,gaba,-1,lm,lm,0.0,89.0,0.0,477,0.0,0.0,0.0,0.0,,-
IN12B059,810556,12B,L,gaba,-1,rf,rf,0.0,63.0,8.0,135,0.0,0.0,0.0,0.0,,-
IN13A067,810561,13A,R,gaba,-1,rh,rh,0.0,82.0,52.0,82,0.0,0.0,0.0,0.0,,-
IN21A077,810578,21A,R,glutamate,-1,rm,rm,0.0,200.0,34.0,247,0.0,0.0,0.0,0.0,,-
IN01A076,810581,01A,R,acetylcholine,1,lm,lm,0.0,326.0,9.0,392,0.0,0.0,0.0,0.0,,-
IN14A108,810602,14A,R,glutamate,-1,lh,lh,0.0,67.0,0.0,400,0.0,0.0,0.0,0.0,,-
IN13B058,810619,13B,L,gaba,-1,rm,rm,0.0,231.0,0.0,357,0.0,0.0,0.0,0.0,,-
IN21A090,810627,21A,L,glutamate,-1,lf,lf,0.0,36.0,20.0,61,0.0,0.0,0.0,0.0,,-
IN03A062_b,810664,03A,R,acetylcholine,1,rf,rf,0.0,230.0,27.0,251,0.0,0.0,0.0,0.0,,-
IN13A046,810675,13A,L,gaba,-1,lh,lh,0.0,137.0,55.0,261,0.0,0.0,0.0,0.0,,-
IN20A.22A041,810681,20A/22A,R,acetylcholine,1,rm,rm,0.0,161.0,50.0,210,0.0,0.0,0.0,0.0,,-
IN06A097,810704,06A,L,gaba,-1,lh,lh,0.0,21.0,0.0,440,0.0,0.0,0.0,0.0,,-
IN14A059,810756,14A,L,glutamate,-1,rm,rm,0.0,34.0,0.0,350,0.0,0.0,0.0,0.0,,-
IN13A068,810761,13A,R,gaba,-1,rh,rh,0.0,257.0,249.0,257,0.0,0.0,0.0,0.0,,-
IN13A057,810784,13A,L,gaba,-1,lm,lm,0.0,124.0,112.0,124,0.0,0.0,0.0,0.0,,-
IN20A.22A028,810786,20A/22A,R,acetylcholine,1,rm,rm,0.0,317.0,190.0,401,0.0,0.0,0.0,0.0,,-
IN14A109,810796,14A,R,glutamate,-1,lm,lm,0.0,248.0,0.0,514,0.0,0.0,0.0,0.0,,-
IN04B079,810798,04B,L,acetylcholine,1,lf,lf,0.0,127.0,6.0,246,0.0,0.0,0.0,0.0,,-
IN04B015,810813,04B,L,acetylcholine,1,lf,lf,0.0,262.0,191.0,276,0.0,0.0,0.0,0.0,,-
IN14A074,810829,14A,R,glutamate,-1,lm,lm,0.0,258.0,0.0,389,0.0,0.0,0.0,0.0,,-
"IN08A026,IN08A033",810837,08A,L,glutamate,-1,lm,lm,0.0,320.0,153.0,320,0.0,0.0,0.0,0.0,,-
IN12B040,810838,12B,L,gaba,-1,rh,rh,0.0,432.0,313.0,432,0.0,0.0,0.0,0.0,,-
IN14A121_b,810849,14A,R,glutamate,-1,lh,lh,0.0,241.0,0.0,562,0.0,0.0,0.0,0.0,,-
IN21A076,810864,21A,R,glutamate,-1,rm,rm,0.0,216.0,58.0,239,0.0,0.0,0.0,0.0,,-
IN06A110,810865,06A,L,gaba,-1,lh,lh,0.0,33.0,0.0,480,0.0,0.0,0.0,0.0,,-
IN14A085_b,810867,14A,L,glutamate,-1,rm,rm,0.0,84.0,0.0,357,0.0,0.0,0.0,0.0,,-
IN14A086,810870,14A,R,glutamate,-1,lm,lm,0.0,126.0,0.0,419,0.0,0.0,0.0,0.0,,-
IN01B067,810873,01B,L,gaba,-1,lm,lm,0.0,359.0,0.0,537,0.0,0.0,0.0,0.0,,-
IN23B094,810878,23B,L,acetylcholine,1,lf,lf,0.0,79.0,0.0,298,0.0,0.0,0.0,0.0,,-
IN14A066,810893,14A,L,glutamate,-1,rf,rf,0.0,207.0,0.0,402,0.0,0.0,0.0,0.0,,-
IN14A086,810895,14A,L,glutamate,-1,rh,rh,0.0,163.0,0.0,327,0.0,0.0,0.0,0.0,,-
IN16B114,810912,16B,L,glutamate,-1,lf,lf,0.0,344.0,24.0,361,0.0,0.0,0.0,0.0,,-
IN14A085_a,810932,14A,R,glutamate,-1,lm,lm,0.0,48.0,0.0,299,0.0,0.0,0.0,0.0,,-
IN06A117,810935,06A,L,gaba,-1,lh,lh,0.0,57.0,0.0,555,0.0,0.0,0.0,0.0,,-
IN14A109,810961,14A,L,glutamate,-1,rm,rm,0.0,261.0,0.0,523,0.0,0.0,0.0,0.0,,-
IN01B078,810963,01B,L,gaba,-1,lh,lh,0.0,88.0,0.0,560,0.0,0.0,0.0,0.0,,-
IN13A060,811017,13A,L,gaba,-1,lf,lf,0.0,272.0,210.0,279,0.0,0.0,0.0,0.0,,-
IN13A069,811024,13A,R,gaba,-1,rh,rh,0.0,227.0,14.0,374,0.0,0.0,0.0,0.0,,-
IN14A118,811033,14A,R,glutamate,-1,lm,lm,0.0,160.0,0.0,458,0.0,0.0,0.0,0.0,,-
IN13A075,811036,13A,L,gaba,-1,lm,lm,0.0,333.0,0.0,530,0.0,0.0,0.0,0.0,,-
IN13A009,811061,13A,R,gaba,-1,rf,rf,0.0,234.0,108.0,271,0.0,0.0,0.0,0.0,,-
IN04B104,811070,04B,L,acetylcholine,1,lh,lh,0.0,178.0,117.0,178,0.0,0.0,0.0,0.0,,-
IN13B090,811094,13B,R,gaba,-1,lf,lf,0.0,86.0,0.0,100,0.0,0.0,0.0,0.0,,-
IN13A059,811126,13A,L,gaba,-1,lf,lf,0.0,82.0,0.0,230,0.0,0.0,0.0,0.0,,-
IN01B095,811138,01B,L,gaba,-1,lm,lm,0.0,91.0,0.0,493,0.0,0.0,0.0,0.0,,-
IN01A077,811140,01A,R,acetylcholine,1,lm,lm,0.0,331.0,13.0,380,0.0,0.0,0.0,0.0,,-
IN08A036,811154,08A,R,glutamate,-1,rf,rf,0.0,105.0,95.0,111,0.0,0.0,0.0,0.0,,-
IN14A034,811158,14A,R,glutamate,-1,lm,lm,0.0,265.0,116.0,317,0.0,0.0,0.0,0.0,,-
IN14A079,811183,14A,L,glutamate,-1,rm,rm,0.0,171.0,0.0,256,0.0,0.0,0.0,0.0,,-
IN21A077,811212,21A,L,glutamate,-1,lm,lm,0.0,410.0,107.0,462,0.0,0.0,0.0,0.0,,-
IN14A084,811213,14A,L,glutamate,-1,rh,rh,0.0,254.0,0.0,434,0.0,0.0,0.0,0.0,,-
IN08A026,811226,08A,R,glutamate,-1,rm,rm,0.0,341.0,283.0,341,0.0,0.0,0.0,0.0,,-
IN09A073,811231,09A,R,gaba,-1,rm,rm,0.0,30.0,0.0,512,0.0,0.0,0.0,0.0,,-
IN13A057,811264,13A,L,gaba,-1,lm,lm,0.0,178.0,89.0,178,0.0,0.0,0.0,0.0,,-
IN20A.22A069,811270,20A/22A,L,acetylcholine,1,lf,lf,0.0,234.0,159.0,241,0.0,0.0,0.0,0.0,,-
IN13B054,811277,13B,R,gaba,-1,lf,lf,0.0,82.0,0.0,234,0.0,0.0,0.0,0.0,,-
IN12B059,811278,12B,R,gaba,-1,lm,lm,0.0,222.0,6.0,406,0.0,0.0,0.0,0.0,,-
IN13B090,811279,13B,L,gaba,-1,rm,rm,0.0,97.0,0.0,337,0.0,0.0,0.0,0.0,,-
IN13A057,811285,13A,R,gaba,-1,rm,rm,0.0,166.0,135.0,171,0.0,0.0,0.0,0.0,,-
IN01B065,811297,01B,L,gaba,-1,lh,lh,0.0,83.0,0.0,318,0.0,0.0,0.0,0.0,,-
IN10B041,811310,10B,R,acetylcholine,1,rh,rh,0.0,38.0,0.0,532,0.0,0.0,0.0,0.0,,-
IN13B090,811311,13B,R,gaba,-1,lm,lm,0.0,186.0,9.0,361,0.0,0.0,0.0,0.0,,-
IN16B091,811324,16B,L,glutamate,-1,lf,lf,0.0,363.0,120.0,393,0.0,0.0,0.0,0.0,,-
IN23B081,811350,23B,L,acetylcholine,1,lf,lf,0.0,48.0,0.0,246,0.0,0.0,0.0,0.0,,-
IN13B090,811360,13B,L,gaba,-1,rm,rm,0.0,114.0,0.0,228,0.0,0.0,0.0,0.0,,-
IN14A028,811369,14A,R,glutamate,-1,lf,lf,0.0,240.0,5.0,309,0.0,0.0,0.0,0.0,,-
IN13B098,811376,13B,L,gaba,-1,rm,rm,0.0,127.0,75.0,133,0.0,0.0,0.0,0.0,,-
IN20A.22A090,811381,20A/22A,R,acetylcholine,1,rh,rh,0.0,160.0,0.0,336,0.0,0.0,0.0,0.0,,-
IN14A076,811386,14A,R,glutamate,-1,lf,lf,0.0,132.0,0.0,333,0.0,0.0,0.0,0.0,,-
IN01B084,811418,01B,L,gaba,-1,lh,lh,0.0,61.0,0.0,361,0.0,0.0,0.0,0.0,,-
IN20A.22A028,811455,20A/22A,R,acetylcholine,1,rf,rf,0.0,338.0,281.0,338,0.0,0.0,0.0,0.0,,-
IN19A064,811491,19A,L,gaba,-1,lm,lm,0.0,122.0,12.0,177,0.0,0.0,0.0,0.0,,-
IN13A065,811503,13A,L,gaba,-1,lm,lm,0.0,214.0,148.0,219,0.0,0.0,0.0,0.0,,-
"IN09A056,IN09A072",811557,09A,R,gaba,-1,rh,rh,0.0,217.0,8.0,438,0.0,0.0,0.0,0.0,,-
IN19B090,811558,19B,L,acetylcholine,1,rh,rh,0.0,53.0,0.0,365,0.0,0.0,0.0,0.0,,-
IN01B065,811563,01B,R,gaba,-1,rm,rm,0.0,41.0,0.0,263,0.0,0.0,0.0,0.0,,-
IN13A047,811580,13A,L,gaba,-1,lf,lf,0.0,172.0,8.0,293,0.0,0.0,0.0,0.0,,-
IN01B065,811612,01B,R,gaba,-1,rh,rh,0.0,109.0,0.0,402,0.0,0.0,0.0,0.0,,-
IN06B085,811634,06B,R,gaba,-1,lh,lh,0.0,20.0,0.0,393,0.0,0.0,0.0,0.0,,-
IN14A081,811640,14A,R,glutamate,-1,lf,lf,0.0,229.0,0.0,398,0.0,0.0,0.0,0.0,,-
IN16B091,811646,16B,L,glutamate,-1,lf,lf,0.0,329.0,182.0,401,0.0,0.0,0.0,0.0,,-
IN13B087,811662,13B,R,gaba,-1,lh,lh,0.0,73.0,0.0,356,0.0,0.0,0.0,0.0,,-
IN19B090,811663,19B,R,acetylcholine,1,lh,lh,0.0,48.0,0.0,333,0.0,0.0,0.0,0.0,,-
"IN20A.22A049,IN20A.22A067",811673,20A/22A,R,acetylcholine,1,rf,rf,0.0,168.0,22.0,218,0.0,0.0,0.0,0.0,,-
IN14A086,811675,14A,R,glutamate,-1,lh,lh,0.0,87.0,0.0,293,0.0,0.0,0.0,0.0,,-
IN14A023,811677,14A,L,glutamate,-1,rf,rf,0.0,357.0,0.0,400,0.0,0.0,0.0,0.0,,-
IN13A044,811696,13A,L,gaba,-1,lm,lm,0.0,240.0,68.0,333,0.0,0.0,0.0,0.0,,-
IN14A065,811709,14A,R,glutamate,-1,lh,lh,0.0,514.0,0.0,541,0.0,0.0,0.0,0.0,,-
IN08A026,811726,08A,L,glutamate,-1,lm,lm,0.0,326.0,250.0,326,0.0,0.0,0.0,0.0,,-
IN13A041,811751,13A,L,gaba,-1,lf,lf,0.0,370.0,230.0,370,0.0,0.0,0.0,0.0,,-
IN13A075,811759,13A,L,gaba,-1,lm,lm,0.0,208.0,0.0,393,0.0,0.0,0.0,0.0,,-
IN20A.22A048,811760,20A/22A,R,acetylcholine,1,rh,rh,0.0,196.0,0.0,285,0.0,0.0,0.0,0.0,,-
IN09A067,811766,09A,R,gaba,-1,rm,rm,0.0,20.0,0.0,410,0.0,0.0,0.0,0.0,,-
IN20A.22A085,811784,20A/22A,R,acetylcholine,1,rm,rm,0.0,179.0,8.0,374,0.0,0.0,0.0,0.0,,-
IN08A026,811839,08A,L,glutamate,-1,lm,lm,0.0,379.0,265.0,379,0.0,0.0,0.0,0.0,,-
IN13A062,811847,13A,L,gaba,-1,lm,lm,0.0,306.0,269.0,324,0.0,0.0,0.0,0.0,,-
IN19A100,811859,19A,R,gaba,-1,rh,rh,0.0,63.0,12.0,63,0.0,0.0,0.0,0.0,,-
IN13B082,811911,13B,R,gaba,-1,lm,lm,0.0,178.0,0.0,332,0.0,0.0,0.0,0.0,,-
IN09A079,811917,09A,L,gaba,-1,lm,lm,0.0,264.0,83.0,269,0.0,0.0,0.0,0.0,,-
IN14A109,811929,14A,L,glutamate,-1,rh,rh,0.0,168.0,0.0,334,0.0,0.0,0.0,0.0,,-
"IN09A056,IN09A072",811933,09A,L,gaba,-1,lh,lh,0.0,314.0,36.0,428,0.0,0.0,0.0,0.0,,-
IN21A048,811946,21A,R,glutamate,-1,rh,rh,0.0,480.0,170.0,480,0.0,0.0,0.0,0.0,,-
IN13B087,811965,13B,R,gaba,-1,lm,lm,0.0,120.0,0.0,334,0.0,0.0,0.0,0.0,,-
IN20A.22A052,811971,20A/22A,R,acetylcholine,1,rf,rf,0.0,193.0,60.0,240,0.0,0.0,0.0,0.0,,-
IN14A097,811987,14A,R,glutamate,-1,lh,lh,0.0,120.0,0.0,285,0.0,0.0,0.0,0.0,,-
IN17A104,811991,17A,L,acetylcholine,1,lh,lh,0.0,22.0,0.0,452,0.0,0.0,0.0,0.0,,-
IN21A077,811992,21A,L,glutamate,-1,lm,lm,0.0,390.0,117.0,437,0.0,0.0,0.0,0.0,,-
IN13B082,811995,13B,L,gaba,-1,rm,rm,0.0,139.0,8.0,324,0.0,0.0,0.0,0.0,,-
IN13A057,811996,13A,R,gaba,-1,rm,rm,0.0,231.0,143.0,231,0.0,0.0,0.0,0.0,,-
IN14A086,812013,14A,L,glutamate,-1,rm,rm,0.0,134.0,0.0,345,0.0,0.0,0.0,0.0,,-
IN08A041,812016,08A,R,glutamate,-1,rm,rm,0.0,280.0,147.0,417,0.0,0.0,0.0,0.0,,-
IN14A077,812028,14A,L,glutamate,-1,rm,rm,0.0,67.0,0.0,285,0.0,0.0,0.0,0.0,,-
IN14A121_a,812069,14A,R,glutamate,-1,lh,lh,0.0,137.0,0.0,476,0.0,0.0,0.0,0.0,,-
IN13A030,812100,13A,L,gaba,-1,lh,lh,0.0,268.0,131.0,310,0.0,0.0,0.0,0.0,,-
IN01B055,812102,01B,L,gaba,-1,lm,lm,0.0,325.0,0.0,435,0.0,0.0,0.0,0.0,,-
IN01B065,812103,01B,L,gaba,-1,lh,lh,0.0,45.0,0.0,231,0.0,0.0,0.0,0.0,,-
IN13A059,812106,13A,L,gaba,-1,lf,lf,0.0,63.0,0.0,166,0.0,0.0,0.0,0.0,,-
IN13A059,812107,13A,L,gaba,-1,lf,lf,0.0,114.0,0.0,274,0.0,0.0,0.0,0.0,,-
IN13A068,812153,13A,R,gaba,-1,rh,rh,0.0,381.0,357.0,381,0.0,0.0,0.0,0.0,,-
IN21A085,812155,21A,L,glutamate,-1,lm,lm,0.0,351.0,101.0,435,0.0,0.0,0.0,0.0,,-
IN01B061,812163,01B,R,gaba,-1,rf,rf,0.0,49.0,0.0,177,0.0,0.0,0.0,0.0,,-
IN14A031,812164,14A,L,glutamate,-1,rm,rm,0.0,166.0,63.0,183,0.0,0.0,0.0,0.0,,-
IN13B089,812166,13B,L,gaba,-1,rh,rh,0.0,176.0,107.0,176,0.0,0.0,0.0,0.0,,-
IN13A062,812198,13A,L,gaba,-1,lm,lm,0.0,236.0,219.0,242,0.0,0.0,0.0,0.0,,-
IN09A081,812205,09A,L,gaba,-1,lm,lm,0.0,252.0,0.0,395,0.0,0.0,0.0,0.0,,-
IN13A050,812218,13A,R,gaba,-1,rh,rh,0.0,191.0,180.0,191,0.0,0.0,0.0,0.0,,-
IN21A066,812221,21A,R,glutamate,-1,rh,rh,0.0,261.0,154.0,261,0.0,0.0,0.0,0.0,,-
IN19A085,812224,19A,L,gaba,-1,lm,lm,0.0,25.0,0.0,68,0.0,0.0,0.0,0.0,,-
IN13A043,812248,13A,L,gaba,-1,lf,lf,0.0,87.0,42.0,142,0.0,0.0,0.0,0.0,,-
IN13A046,812265,13A,R,gaba,-1,rh,rh,0.0,238.0,148.0,243,0.0,0.0,0.0,0.0,,-
IN13A058,812282,13A,R,gaba,-1,rf,rf,0.0,75.0,27.0,157,0.0,0.0,0.0,0.0,,-
IN23B089,812308,23B,R,acetylcholine,1,rm,rm,0.0,32.0,0.0,218,0.0,0.0,0.0,0.0,,-
IN13A060,812310,13A,L,gaba,-1,lf,lf,0.0,258.0,182.0,258,0.0,0.0,0.0,0.0,,-
IN13A068,812323,13A,L,gaba,-1,lh,lh,0.0,361.0,312.0,361,0.0,0.0,0.0,0.0,,-
IN14A119,812328,14A,R,glutamate,-1,lm,lm,0.0,86.0,0.0,286,0.0,0.0,0.0,0.0,,-
IN14A095,812362,14A,R,glutamate,-1,lh,lh,0.0,147.0,0.0,147,0.0,0.0,0.0,0.0,,-
IN13B076,812373,13B,R,gaba,-1,lm,lm,0.0,226.0,12.0,385,0.0,0.0,0.0,0.0,,-
IN20A.22A021,812384,20A/22A,L,acetylcholine,1,lh,lh,0.0,196.0,21.0,209,0.0,0.0,0.0,0.0,,-
IN01A077,812400,01A,L,acetylcholine,1,rm,rm,0.0,205.0,0.0,246,0.0,0.0,0.0,0.0,,-
IN13B076,812409,13B,R,gaba,-1,lh,lh,0.0,99.0,0.0,225,0.0,0.0,0.0,0.0,,-
IN08A034,812412,08A,L,glutamate,-1,lf,lf,0.0,326.0,150.0,332,0.0,0.0,0.0,0.0,,-
IN14A077,812430,14A,R,glutamate,-1,lm,lm,0.0,41.0,0.0,263,0.0,0.0,0.0,0.0,,-
IN21A060,812435,21A,L,glutamate,-1,lf,lf,0.0,212.0,33.0,212,0.0,0.0,0.0,0.0,,-
IN13B076,812452,13B,L,gaba,-1,rm,rm,0.0,133.0,5.0,246,0.0,0.0,0.0,0.0,,-
IN13A050,812460,13A,R,gaba,-1,rf,rf,0.0,161.0,137.0,161,0.0,0.0,0.0,0.0,,-
IN04B070,812463,04B,R,acetylcholine,1,rf,rf,0.0,97.0,42.0,102,0.0,0.0,0.0,0.0,,-
IN03A066,812465,03A,L,acetylcholine,1,lf,lf,0.0,357.0,233.0,363,0.0,0.0,0.0,0.0,,-
IN13A075,812495,13A,R,gaba,-1,rm,rm,0.0,250.0,0.0,461,0.0,0.0,0.0,0.0,,-
IN06B069,812499,06B,L,gaba,-1,rh,rh,0.0,61.0,0.0,323,0.0,0.0,0.0,0.0,,-
IN13B065,812501,13B,L,gaba,-1,rf,rf,0.0,94.0,0.0,239,0.0,0.0,0.0,0.0,,-
IN13A055,812535,13A,R,gaba,-1,rh,rh,0.0,180.0,7.0,305,0.0,0.0,0.0,0.0,,-
IN14A120,812547,14A,R,glutamate,-1,lm,lm,0.0,147.0,0.0,466,0.0,0.0,0.0,0.0,,-
IN16B097,812563,16B,R,glutamate,-1,rf,rf,0.0,262.0,112.0,309,0.0,0.0,0.0,0.0,,-
IN13B080,812573,13B,L,gaba,-1,rm,rm,0.0,355.0,169.0,390,0.0,0.0,0.0,0.0,,-
IN13B035,812602,13B,L,gaba,-1,rf,rf,0.0,142.0,0.0,258,0.0,0.0,0.0,0.0,,-
IN19A079,812607,19A,L,gaba,-1,lm,lm,0.0,33.0,0.0,38,0.0,0.0,0.0,0.0,,-
IN20A.22A090,812613,20A/22A,R,acetylcholine,1,rh,rh,0.0,236.0,0.0,413,0.0,0.0,0.0,0.0,,-
IN13A062,812616,13A,L,gaba,-1,lm,lm,0.0,232.0,200.0,252,0.0,0.0,0.0,0.0,,-
IN13A037,812620,13A,R,gaba,-1,rf,rf,0.0,225.0,123.0,225,0.0,0.0,0.0,0.0,,-
IN13B058,812631,13B,R,gaba,-1,lf,lf,0.0,62.0,0.0,148,0.0,0.0,0.0,0.0,,-
"IN09A056,IN09A072",812647,09A,L,gaba,-1,lh,lh,0.0,284.0,21.0,455,0.0,0.0,0.0,0.0,,-
IN13A062,812665,13A,L,gaba,-1,lm,lm,0.0,242.0,211.0,254,0.0,0.0,0.0,0.0,,-
IN20A.22A026,812668,20A/22A,L,acetylcholine,1,lf,lf,0.0,216.0,115.0,224,0.0,0.0,0.0,0.0,,-
IN08A034,812720,08A,L,glutamate,-1,lf,lf,0.0,407.0,169.0,425,0.0,0.0,0.0,0.0,,-
IN17A061,812728,17A,R,acetylcholine,1,rh,rh,0.0,187.0,93.0,208,0.0,0.0,0.0,0.0,,-
IN19A084,812748,19A,L,gaba,-1,lh,lh,0.0,31.0,0.0,69,0.0,0.0,0.0,0.0,,-
IN08A043,812753,08A,L,glutamate,-1,lm,lm,0.0,383.0,360.0,383,0.0,0.0,0.0,0.0,,-
IN01B083_a,812756,01B,R,gaba,-1,rm,rm,0.0,80.0,0.0,364,0.0,0.0,0.0,0.0,,-
IN01B074,812757,01B,R,gaba,-1,rm,rm,0.0,59.0,0.0,376,0.0,0.0,0.0,0.0,,-
IN20A.22A023,812777,20A/22A,L,acetylcholine,1,lf,lf,0.0,158.0,108.0,166,0.0,0.0,0.0,0.0,,-
IN06B085,812808,06B,L,gaba,-1,rh,rh,0.0,58.0,0.0,383,0.0,0.0,0.0,0.0,,-
IN13B065,812811,13B,L,gaba,-1,rf,rf,0.0,97.0,0.0,178,0.0,0.0,0.0,0.0,,-
IN13A039,812816,13A,R,gaba,-1,rm,rm,0.0,322.0,58.0,500,0.0,0.0,0.0,0.0,,-
IN20A.22A090,812835,20A/22A,L,acetylcholine,1,lh,lh,0.0,244.0,7.0,440,0.0,0.0,0.0,0.0,,-
IN13B093,812838,13B,L,gaba,-1,rm,rm,0.0,188.0,110.0,188,0.0,0.0,0.0,0.0,,-
IN21A111,812851,21A,R,glutamate,-1,rh,rh,0.0,191.0,21.0,198,0.0,0.0,0.0,0.0,,-
IN13B098,812853,13B,L,gaba,-1,rf,rf,0.0,74.0,34.0,74,0.0,0.0,0.0,0.0,,-
IN02A049,812855,02A,R,glutamate,-1,rm,rm,0.0,73.0,0.0,528,0.0,0.0,0.0,0.0,,-
IN03A062_e,812889,03A,R,acetylcholine,1,rf,rf,0.0,141.0,5.0,179,0.0,0.0,0.0,0.0,,-
IN03A089,812946,03A,R,acetylcholine,1,rf,rf,0.0,155.0,0.0,196,0.0,0.0,0.0,0.0,,-
INXXX448,812954,XXX (unassigned),R,gaba,-1,lh,lh,0.0,22.0,0.0,235,0.0,0.0,0.0,0.0,,-
IN08A043,812968,08A,R,glutamate,-1,rm,rm,0.0,274.0,267.0,274,0.0,0.0,0.0,0.0,,-
IN19A072,813007,19A,L,gaba,-1,lm,lm,0.0,153.0,47.0,234,0.0,0.0,0.0,0.0,,-
IN13B065,813025,13B,R,gaba,-1,lf,lf,0.0,291.0,0.0,377,0.0,0.0,0.0,0.0,,-
IN06B085,813036,06B,L,gaba,-1,rh,rh,0.0,21.0,0.0,300,0.0,0.0,0.0,0.0,,-
IN01B083_b,813046,01B,R,gaba,-1,rm,rm,0.0,161.0,0.0,306,0.0,0.0,0.0,0.0,,-
IN13A051,813062,13A,R,gaba,-1,rf,rf,0.0,123.0,123.0,123,0.0,0.0,0.0,0.0,,-
IN08A047,813066,08A,L,glutamate,-1,lh,lh,0.0,351.0,244.0,356,0.0,0.0,0.0,0.0,,-
IN14A120,813069,14A,R,glutamate,-1,lh,lh,0.0,73.0,0.0,283,0.0,0.0,0.0,0.0,,-
IN01B101,813103,01B,L,gaba,-1,lh,lh,0.0,74.0,0.0,343,0.0,0.0,0.0,0.0,,-
IN01B035,813139,01B,L,gaba,-1,lf,lf,0.0,110.0,0.0,145,0.0,0.0,0.0,0.0,,-
IN13B035,813149,13B,L,gaba,-1,rf,rf,0.0,120.0,0.0,211,0.0,0.0,0.0,0.0,,-
IN14A050,813171,14A,L,glutamate,-1,rf,rf,0.0,185.0,0.0,198,0.0,0.0,0.0,0.0,,-
IN07B098,813173,07B,L,acetylcholine,1,lh,lh,0.0,21.0,0.0,190,0.0,0.0,0.0,0.0,,-
IN01B049,813198,01B,L,gaba,-1,lf,lf,0.0,30.0,0.0,176,0.0,0.0,0.0,0.0,,-
IN09A082,813231,09A,R,gaba,-1,rh,rh,0.0,35.0,0.0,674,0.0,0.0,0.0,0.0,,-
IN01B039,813232,01B,L,gaba,-1,lh,lh,0.0,126.0,0.0,403,0.0,0.0,0.0,0.0,,-
IN21A085,813245,21A,L,glutamate,-1,lm,lm,0.0,359.0,136.0,383,0.0,0.0,0.0,0.0,,-
IN20A.22A090,813251,20A/22A,L,acetylcholine,1,lh,lh,0.0,100.0,0.0,284,0.0,0.0,0.0,0.0,,-
IN13A068,813257,13A,R,gaba,-1,rh,rh,0.0,435.0,370.0,435,0.0,0.0,0.0,0.0,,-
IN13A057,813290,13A,R,gaba,-1,rm,rm,0.0,176.0,92.0,176,0.0,0.0,0.0,0.0,,-
IN13A059,813292,13A,L,gaba,-1,lh,lh,0.0,217.0,0.0,325,0.0,0.0,0.0,0.0,,-
IN19A096,813294,19A,R,gaba,-1,rm,rm,0.0,34.0,0.0,59,0.0,0.0,0.0,0.0,,-
IN01B077_b,813304,01B,L,gaba,-1,lh,lh,0.0,93.0,0.0,473,0.0,0.0,0.0,0.0,,-
IN01B074,813317,01B,R,gaba,-1,rm,rm,0.0,90.0,0.0,388,0.0,0.0,0.0,0.0,,-
IN21A078,813326,21A,R,glutamate,-1,rh,rh,0.0,273.0,25.0,340,0.0,0.0,0.0,0.0,,-
IN13A030,813342,13A,R,gaba,-1,rh,rh,0.0,384.0,233.0,396,0.0,0.0,0.0,0.0,,-
IN01B077_a,813343,01B,R,gaba,-1,rh,rh,0.0,59.0,0.0,418,0.0,0.0,0.0,0.0,,-
IN13B058,813374,13B,R,gaba,-1,lm,lm,0.0,122.0,0.0,178,0.0,0.0,0.0,0.0,,-
IN19A120,813406,19A,L,gaba,-1,lf,lf,0.0,29.0,5.0,34,0.0,0.0,0.0,0.0,,-
IN13A068,813433,13A,L,gaba,-1,lh,lh,0.0,315.0,276.0,315,0.0,0.0,0.0,0.0,,-
IN09A069,813434,09A,L,gaba,-1,lf,lf,0.0,186.0,5.0,266,0.0,0.0,0.0,0.0,,-
IN08A036,813440,08A,L,glutamate,-1,lf,lf,0.0,249.0,236.0,255,0.0,0.0,0.0,0.0,,-
IN08A036,813442,08A,L,glutamate,-1,lf,lf,0.0,243.0,217.0,248,0.0,0.0,0.0,0.0,,-
IN08A047,813466,08A,R,glutamate,-1,rh,rh,0.0,443.0,242.0,480,0.0,0.0,0.0,0.0,,-
IN09A081,813470,09A,L,gaba,-1,lm,lm,0.0,206.0,6.0,423,0.0,0.0,0.0,0.0,,-
IN09A088,813481,09A,R,gaba,-1,rh,rh,0.0,153.0,5.0,258,0.0,0.0,0.0,0.0,,-
IN14A091,813483,14A,L,glutamate,-1,rm,rm,0.0,30.0,0.0,275,0.0,0.0,0.0,0.0,,-
IN09A079,813499,09A,L,gaba,-1,lm,lm,0.0,264.0,103.0,264,0.0,0.0,0.0,0.0,,-
IN21A076,813515,21A,R,glutamate,-1,rm,rm,0.0,293.0,63.0,317,0.0,0.0,0.0,0.0,,-
IN01B078,813557,01B,L,gaba,-1,lm,lm,0.0,96.0,0.0,344,0.0,0.0,0.0,0.0,,-
IN21A040,813568,21A,R,glutamate,-1,rm,rm,0.0,231.0,34.0,308,0.0,0.0,0.0,0.0,,-
IN14A034,813575,14A,L,glutamate,-1,rm,rm,0.0,191.0,52.0,209,0.0,0.0,0.0,0.0,,-
IN01B024,813605,01B,L,gaba,-1,lm,lm,0.0,411.0,9.0,639,0.0,0.0,0.0,0.0,,-
IN13B064,813614,13B,R,gaba,-1,lf,lf,0.0,276.0,56.0,276,0.0,0.0,0.0,0.0,,-
IN13B064,813625,13B,L,gaba,-1,rm,rm,0.0,314.0,6.0,333,0.0,0.0,0.0,0.0,,-
IN20A.22A026,813632,20A/22A,R,acetylcholine,1,rf,rf,0.0,133.0,82.0,141,0.0,0.0,0.0,0.0,,-
IN21A111,813639,21A,L,glutamate,-1,lh,lh,0.0,165.0,32.0,165,0.0,0.0,0.0,0.0,,-
IN04B067,813651,04B,R,acetylcholine,1,rf,rf,0.0,51.0,33.0,144,0.0,0.0,0.0,0.0,,-
IN20A.22A055,813654,20A/22A,L,acetylcholine,1,lf,lf,0.0,77.0,20.0,77,0.0,0.0,0.0,0.0,,-
IN13A045,813682,13A,R,gaba,-1,rf,rf,0.0,196.0,160.0,196,0.0,0.0,0.0,0.0,,-
IN13B075,813697,13B,R,gaba,-1,lf,lf,0.0,181.0,149.0,181,0.0,0.0,0.0,0.0,,-
IN01B065,813722,01B,R,gaba,-1,rh,rh,0.0,54.0,0.0,202,0.0,0.0,0.0,0.0,,-
IN13A049,813723,13A,R,gaba,-1,rf,rf,0.0,131.0,48.0,160,0.0,0.0,0.0,0.0,,-
IN01B095,813724,01B,L,gaba,-1,lm,lm,0.0,23.0,0.0,332,0.0,0.0,0.0,0.0,,-
"IN09A056,IN09A072",813726,09A,R,gaba,-1,rh,rh,0.0,256.0,71.0,285,0.0,0.0,0.0,0.0,,-
IN09A047,813737,09A,R,gaba,-1,rm,rm,0.0,28.0,0.0,103,0.0,0.0,0.0,0.0,,-
IN13A047,813780,13A,L,gaba,-1,lf,lf,0.0,202.0,23.0,253,0.0,0.0,0.0,0.0,,-
IN20A.22A090,813783,20A/22A,L,acetylcholine,1,lh,lh,0.0,94.0,0.0,247,0.0,0.0,0.0,0.0,,-
IN14A088,813808,14A,R,glutamate,-1,lm,lm,0.0,178.0,30.0,178,0.0,0.0,0.0,0.0,,-
IN03A066,813823,03A,R,acetylcholine,1,rf,rf,0.0,221.0,126.0,221,0.0,0.0,0.0,0.0,,-
IN13B096_b,813842,13B,R,gaba,-1,lf,lf,0.0,104.0,0.0,145,0.0,0.0,0.0,0.0,,-
IN08A036,813866,08A,L,glutamate,-1,lf,lf,0.0,303.0,267.0,303,0.0,0.0,0.0,0.0,,-
IN08A045,813867,08A,L,glutamate,-1,lh,lh,0.0,254.0,91.0,343,0.0,0.0,0.0,0.0,,-
IN17A114,813868,17A,L,acetylcholine,1,lh,lh,0.0,59.0,0.0,628,0.0,0.0,0.0,0.0,,-
IN13A061,813869,13A,L,gaba,-1,lf,lf,0.0,127.0,0.0,206,0.0,0.0,0.0,0.0,,-
IN07B098,813898,07B,L,acetylcholine,1,lh,lh,0.0,34.0,0.0,262,0.0,0.0,0.0,0.0,,-
IN01B090,813920,01B,R,gaba,-1,rm,rm,0.0,37.0,0.0,334,0.0,0.0,0.0,0.0,,-
IN13A068,813943,13A,L,gaba,-1,lh,lh,0.0,301.0,270.0,301,0.0,0.0,0.0,0.0,,-
IN09A068,813973,09A,R,gaba,-1,rf,rf,0.0,97.0,0.0,117,0.0,0.0,0.0,0.0,,-
IN13A065,813987,13A,R,gaba,-1,rm,rm,0.0,173.0,138.0,190,0.0,0.0,0.0,0.0,,-
IN20A.22A041,814000,20A/22A,R,acetylcholine,1,rf,rf,0.0,52.0,11.0,73,0.0,0.0,0.0,0.0,,-
IN07B092_d,814025,07B,L,acetylcholine,1,lh,lh,0.0,38.0,0.0,374,0.0,0.0,0.0,0.0,,-
IN21A078,814036,21A,L,glutamate,-1,lh,lh,0.0,130.0,26.0,165,0.0,0.0,0.0,0.0,,-
IN01B095,814042,01B,R,gaba,-1,rm,rm,0.0,40.0,0.0,281,0.0,0.0,0.0,0.0,,-
IN08A043,814043,08A,L,glutamate,-1,lm,lm,0.0,369.0,341.0,377,0.0,0.0,0.0,0.0,,-
IN20A.22A085,814053,20A/22A,R,acetylcholine,1,rf,rf,0.0,52.0,0.0,146,0.0,0.0,0.0,0.0,,-
IN20A.22A028,814073,20A/22A,R,acetylcholine,1,rf,rf,0.0,242.0,193.0,242,0.0,0.0,0.0,0.0,,-
IN21A085,814082,21A,R,glutamate,-1,rm,rm,0.0,223.0,50.0,266,0.0,0.0,0.0,0.0,,-
IN01B042,814087,01B,R,gaba,-1,rh,rh,0.0,339.0,0.0,565,0.0,0.0,0.0,0.0,,-
IN13A041,814103,13A,R,gaba,-1,rf,rf,0.0,264.0,171.0,269,0.0,0.0,0.0,0.0,,-
"IN09A080,IN09A085",814110,09A,L,gaba,-1,lf,lf,0.0,127.0,0.0,225,0.0,0.0,0.0,0.0,,-
IN21A079,814128,21A,L,glutamate,-1,lf,lf,0.0,299.0,163.0,304,0.0,0.0,0.0,0.0,,-
IN14A110,814131,14A,L,glutamate,-1,rm,rm,0.0,116.0,6.0,116,0.0,0.0,0.0,0.0,,-
IN08A030,814156,08A,L,glutamate,-1,lf,lf,0.0,277.0,175.0,282,0.0,0.0,0.0,0.0,,-
IN10B041,814166,10B,L,acetylcholine,1,lh,lh,0.0,40.0,0.0,583,0.0,0.0,0.0,0.0,,-
IN08A036,814170,08A,R,glutamate,-1,rf,rf,0.0,160.0,146.0,175,0.0,0.0,0.0,0.0,,-
IN01B065,814181,01B,L,gaba,-1,lh,lh,0.0,76.0,0.0,395,0.0,0.0,0.0,0.0,,-
IN13A059,814199,13A,R,gaba,-1,rf,rf,0.0,44.0,0.0,130,0.0,0.0,0.0,0.0,,-
IN13B055,814211,13B,L,gaba,-1,rf,rf,0.0,29.0,0.0,120,0.0,0.0,0.0,0.0,,-
IN01B074,814218,01B,R,gaba,-1,rm,rm,0.0,48.0,0.0,283,0.0,0.0,0.0,0.0,,-
IN09A079,814264,09A,L,gaba,-1,lm,lm,0.0,188.0,32.0,204,0.0,0.0,0.0,0.0,,-
IN17A101,814267,17A,R,acetylcholine,1,rh,rh,0.0,29.0,0.0,443,0.0,0.0,0.0,0.0,,-
IN13B100,814276,13B,R,gaba,-1,lh,lh,0.0,142.0,49.0,165,0.0,0.0,0.0,0.0,,-
IN13A051,814359,13A,R,gaba,-1,rf,rf,0.0,144.0,144.0,144,0.0,0.0,0.0,0.0,,-
IN13A044,814364,13A,R,gaba,-1,rm,rm,0.0,124.0,18.0,233,0.0,0.0,0.0,0.0,,-
IN13B093,814365,13B,L,gaba,-1,rf,rf,0.0,113.0,40.0,122,0.0,0.0,0.0,0.0,,-
IN01B031_a,814377,01B,R,gaba,-1,rh,rh,0.0,239.0,0.0,392,0.0,0.0,0.0,0.0,,-
IN13B052,814394,13B,R,gaba,-1,lf,lf,0.0,42.0,0.0,164,0.0,0.0,0.0,0.0,,-
IN08A026,814411,08A,L,glutamate,-1,lf,lf,0.0,212.0,207.0,212,0.0,0.0,0.0,0.0,,-
IN09A079,814428,09A,R,gaba,-1,rm,rm,0.0,196.0,71.0,196,0.0,0.0,0.0,0.0,,-
IN20A.22A008,814451,20A/22A,R,acetylcholine,1,rf,rf,0.0,141.0,96.0,141,0.0,0.0,0.0,0.0,,-
IN14A120,814455,14A,L,glutamate,-1,rm,rm,0.0,147.0,0.0,313,0.0,0.0,0.0,0.0,,-
IN01B094,814499,01B,R,gaba,-1,rh,rh,0.0,31.0,0.0,416,0.0,0.0,0.0,0.0,,-
IN21A080,814505,21A,R,glutamate,-1,rm,rm,0.0,253.0,116.0,272,0.0,0.0,0.0,0.0,,-
IN09A079,814506,09A,L,gaba,-1,lm,lm,0.0,252.0,52.0,338,0.0,0.0,0.0,0.0,,-
IN08A041,814508,08A,R,glutamate,-1,rm,rm,0.0,178.0,119.0,217,0.0,0.0,0.0,0.0,,-
IN13A061,814531,13A,R,gaba,-1,rf,rf,0.0,46.0,0.0,106,0.0,0.0,0.0,0.0,,-
IN09A079,814541,09A,R,gaba,-1,rm,rm,0.0,201.0,96.0,201,0.0,0.0,0.0,0.0,,-
IN09A092,814543,09A,L,gaba,-1,lm,lm,0.0,77.0,0.0,189,0.0,0.0,0.0,0.0,,-
IN01B067,814559,01B,R,gaba,-1,rm,rm,0.0,304.0,0.0,384,0.0,0.0,0.0,0.0,,-
IN13A062,814584,13A,R,gaba,-1,rm,rm,0.0,184.0,165.0,196,0.0,0.0,0.0,0.0,,-
IN13B087,814588,13B,R,gaba,-1,lf,lf,0.0,45.0,0.0,134,0.0,0.0,0.0,0.0,,-
IN09A092,814595,09A,L,gaba,-1,lm,lm,0.0,87.0,7.0,197,0.0,0.0,0.0,0.0,,-
IN14A078,814608,14A,R,glutamate,-1,lf,lf,0.0,212.0,6.0,398,0.0,0.0,0.0,0.0,,-
IN08A047,814616,08A,R,glutamate,-1,rh,rh,0.0,331.0,215.0,341,0.0,0.0,0.0,0.0,,-
IN01B045,814626,01B,L,gaba,-1,lf,lf,0.0,111.0,0.0,213,0.0,0.0,0.0,0.0,,-
IN03A096,814707,03A,R,acetylcholine,1,rm,rm,0.0,148.0,14.0,180,0.0,0.0,0.0,0.0,,-
IN21A083,814740,21A,R,glutamate,-1,rf,rf,0.0,212.0,108.0,217,0.0,0.0,0.0,0.0,,-
IN17A101,814808,17A,L,acetylcholine,1,lh,lh,0.0,29.0,0.0,545,0.0,0.0,0.0,0.0,,-
IN01B061,814824,01B,L,gaba,-1,lf,lf,0.0,65.0,0.0,379,0.0,0.0,0.0,0.0,,-
IN21A033,814827,21A,R,glutamate,-1,rm,rm,0.0,34.0,0.0,164,0.0,0.0,0.0,0.0,,-
IN08A031,814833,08A,R,glutamate,-1,rh,rh,0.0,305.0,65.0,353,0.0,0.0,0.0,0.0,,-
IN09A079,814921,09A,R,gaba,-1,rm,rm,0.0,195.0,83.0,207,0.0,0.0,0.0,0.0,,-
IN21A083,814931,21A,R,glutamate,-1,rf,rf,0.0,210.0,99.0,218,0.0,0.0,0.0,0.0,,-
IN14A095,814933,14A,L,glutamate,-1,rh,rh,0.0,141.0,8.0,141,0.0,0.0,0.0,0.0,,-
IN08A043,814935,08A,L,glutamate,-1,lm,lm,0.0,309.0,279.0,326,0.0,0.0,0.0,0.0,,-
IN01B090,815018,01B,L,gaba,-1,lh,lh,0.0,30.0,0.0,292,0.0,0.0,0.0,0.0,,-
IN09A079,815036,09A,L,gaba,-1,lm,lm,0.0,281.0,73.0,281,0.0,0.0,0.0,0.0,,-
IN13B057,815042,13B,L,gaba,-1,rf,rf,0.0,42.0,0.0,134,0.0,0.0,0.0,0.0,,-
IN19A096,815045,19A,L,gaba,-1,lh,lh,0.0,36.0,0.0,47,0.0,0.0,0.0,0.0,,-
IN09A092,815053,09A,L,gaba,-1,lm,lm,0.0,86.0,0.0,246,0.0,0.0,0.0,0.0,,-
IN13B064,815061,13B,L,gaba,-1,rf,rf,0.0,162.0,11.0,167,0.0,0.0,0.0,0.0,,-
IN09A092,815085,09A,L,gaba,-1,lm,lm,0.0,118.0,0.0,224,0.0,0.0,0.0,0.0,,-
IN01B069_b,815094,01B,R,gaba,-1,rf,rf,0.0,68.0,0.0,288,0.0,0.0,0.0,0.0,,-
IN09A084,815114,09A,R,gaba,-1,rm,rm,0.0,174.0,40.0,216,0.0,0.0,0.0,0.0,,-
IN20A.22A055,815126,20A/22A,L,acetylcholine,1,lf,lf,0.0,25.0,12.0,25,0.0,0.0,0.0,0.0,,-
IN01A074,815187,01A,L,acetylcholine,1,rf,rf,0.0,104.0,0.0,126,0.0,0.0,0.0,0.0,,-
IN08A031,815190,08A,L,glutamate,-1,lh,lh,0.0,353.0,82.0,380,0.0,0.0,0.0,0.0,,-
IN13B097,815203,13B,L,gaba,-1,rm,rm,0.0,191.0,40.0,191,0.0,0.0,0.0,0.0,,-
IN09A088,815270,09A,L,gaba,-1,lh,lh,0.0,145.0,0.0,294,0.0,0.0,0.0,0.0,,-
IN21A071,815285,21A,L,glutamate,-1,lh,lh,0.0,116.0,24.0,167,0.0,0.0,0.0,0.0,,-
IN13A041,815326,13A,R,gaba,-1,rf,rf,0.0,198.0,135.0,198,0.0,0.0,0.0,0.0,,-
IN11B022_c,815335,11B,R,gaba,-1,lh,lh,0.0,20.0,0.0,186,0.0,0.0,0.0,0.0,,-
IN13A072,815336,13A,L,gaba,-1,lm,lm,0.0,84.0,52.0,84,0.0,0.0,0.0,0.0,,-
IN13A067,815390,13A,R,gaba,-1,rh,rh,0.0,117.0,71.0,131,0.0,0.0,0.0,0.0,,-
"IN09A080,IN09A085",815456,09A,R,gaba,-1,rf,rf,0.0,75.0,0.0,110,0.0,0.0,0.0,0.0,,-
IN13B102,815485,13B,R,gaba,-1,lm,lm,0.0,170.0,0.0,238,0.0,0.0,0.0,0.0,,-
IN19A124,815510,19A,R,gaba,-1,rf,rf,0.0,25.0,0.0,94,0.0,0.0,0.0,0.0,,-
IN09A079,815513,09A,L,gaba,-1,lm,lm,0.0,249.0,83.0,249,0.0,0.0,0.0,0.0,,-
"IN09A080,IN09A085",815520,09A,R,gaba,-1,rf,rf,0.0,39.0,0.0,169,0.0,0.0,0.0,0.0,,-
IN08A036,815524,08A,R,glutamate,-1,rf,rf,0.0,139.0,139.0,144,0.0,0.0,0.0,0.0,,-
IN01B095,815547,01B,L,gaba,-1,lm,lm,0.0,20.0,0.0,215,0.0,0.0,0.0,0.0,,-
IN01B090,815592,01B,L,gaba,-1,lm,lm,0.0,38.0,0.0,201,0.0,0.0,0.0,0.0,,-
IN13A058,815594,13A,R,gaba,-1,rf,rf,0.0,81.0,81.0,182,0.0,0.0,0.0,0.0,,-
IN14A120,815601,14A,L,glutamate,-1,rh,rh,0.0,161.0,0.0,448,0.0,0.0,0.0,0.0,,-
IN09A071,815605,09A,L,gaba,-1,lf,lf,0.0,179.0,48.0,203,0.0,0.0,0.0,0.0,,-
IN01B100,815609,01B,R,gaba,-1,rh,rh,0.0,32.0,0.0,174,0.0,0.0,0.0,0.0,,-
IN09A088,815613,09A,R,gaba,-1,rh,rh,0.0,107.0,0.0,255,0.0,0.0,0.0,0.0,,-
IN01B090,815626,01B,R,gaba,-1,rm,rm,0.0,35.0,0.0,218,0.0,0.0,0.0,0.0,,-
IN20A.22A062,815667,20A/22A,R,acetylcholine,1,rf,rf,0.0,20.0,0.0,130,0.0,0.0,0.0,0.0,,-
IN03A096,815671,03A,R,acetylcholine,1,rm,rm,0.0,133.0,0.0,149,0.0,0.0,0.0,0.0,,-
IN13A060,815696,13A,R,gaba,-1,rf,rf,0.0,243.0,203.0,243,0.0,0.0,0.0,0.0,,-
IN19A113,815708,19A,R,gaba,-1,rm,rm,0.0,21.0,0.0,42,0.0,0.0,0.0,0.0,,-
IN13A047,815747,13A,R,gaba,-1,rf,rf,0.0,91.0,5.0,111,0.0,0.0,0.0,0.0,,-
IN01B090,815777,01B,R,gaba,-1,rm,rm,0.0,38.0,0.0,227,0.0,0.0,0.0,0.0,,-
IN20A.22A088,815819,20A/22A,R,acetylcholine,1,rh,rh,0.0,171.0,137.0,171,0.0,0.0,0.0,0.0,,-
IN13A067,815876,13A,L,gaba,-1,lh,lh,0.0,41.0,25.0,46,0.0,0.0,0.0,0.0,,-
IN09A079,815990,09A,R,gaba,-1,rm,rm,0.0,211.0,53.0,211,0.0,0.0,0.0,0.0,,-
IN20A.22A052,815993,20A/22A,L,acetylcholine,1,lf,lf,0.0,318.0,80.0,449,0.0,0.0,0.0,0.0,,-
IN21A109,816007,21A,L,glutamate,-1,lf,lf,0.0,178.0,46.0,178,0.0,0.0,0.0,0.0,,-
IN14A088,816027,14A,L,glutamate,-1,rm,rm,0.0,120.0,18.0,120,0.0,0.0,0.0,0.0,,-
IN09A051,816039,09A,R,gaba,-1,rh,rh,0.0,26.0,0.0,712,0.0,0.0,0.0,0.0,,-
IN13A062,816054,13A,R,gaba,-1,rm,rm,0.0,207.0,188.0,214,0.0,0.0,0.0,0.0,,-
IN14A111,816055,14A,R,glutamate,-1,lh,lh,0.0,71.0,0.0,165,0.0,0.0,0.0,0.0,,-
IN16B061,816119,16B,R,glutamate,-1,rf,rf,0.0,288.0,242.0,288,0.0,0.0,0.0,0.0,,-
IN14A050,816137,14A,R,glutamate,-1,lf,lf,0.0,251.0,0.0,280,0.0,0.0,0.0,0.0,,-
IN08A031,816139,08A,L,glutamate,-1,lh,lh,0.0,382.0,134.0,414,0.0,0.0,0.0,0.0,,-
IN01B077_a,816184,01B,L,gaba,-1,lh,lh,0.0,64.0,0.0,449,0.0,0.0,0.0,0.0,,-
IN09A071,816195,09A,L,gaba,-1,lf,lf,0.0,150.0,44.0,150,0.0,0.0,0.0,0.0,,-
IN08A025,816200,08A,R,glutamate,-1,rf,rf,0.0,98.0,49.0,150,0.0,0.0,0.0,0.0,,-
IN01B079,816230,01B,R,gaba,-1,rm,rm,0.0,61.0,0.0,372,0.0,0.0,0.0,0.0,,-
IN08A022,816247,08A,R,glutamate,-1,rf,rf,0.0,126.0,16.0,126,0.0,0.0,0.0,0.0,,-
IN01B095,816286,01B,R,gaba,-1,rm,rm,0.0,47.0,0.0,261,0.0,0.0,0.0,0.0,,-
IN13B099,816342,13B,L,gaba,-1,rh,rh,0.0,91.0,0.0,120,0.0,0.0,0.0,0.0,,-
IN08A036,816346,08A,R,glutamate,-1,rf,rf,0.0,165.0,157.0,165,0.0,0.0,0.0,0.0,,-
IN09A083,816358,09A,R,gaba,-1,rf,rf,0.0,92.0,7.0,92,0.0,0.0,0.0,0.0,,-
IN11B021_b,816368,11B,R,gaba,-1,rh,rh,0.0,37.0,0.0,284,0.0,0.0,0.0,0.0,,-
IN08A026,816375,08A,R,glutamate,-1,rm,rm,0.0,255.0,210.0,261,0.0,0.0,0.0,0.0,,-
IN01B100,816425,01B,L,gaba,-1,lh,lh,0.0,33.0,0.0,146,0.0,0.0,0.0,0.0,,-
IN09A071,816438,09A,L,gaba,-1,lf,lf,0.0,151.0,34.0,159,0.0,0.0,0.0,0.0,,-
IN19A113,816457,19A,L,gaba,-1,lm,lm,0.0,21.0,0.0,21,0.0,0.0,0.0,0.0,,-
IN09A050,816462,09A,R,gaba,-1,rf,rf,0.0,100.0,0.0,258,0.0,0.0,0.0,0.0,,-
IN09A092,816467,09A,R,gaba,-1,rm,rm,0.0,69.0,10.0,110,0.0,0.0,0.0,0.0,,-
IN13B074,816475,13B,R,gaba,-1,lm,lm,0.0,101.0,63.0,107,0.0,0.0,0.0,0.0,,-
IN01B083_c,816512,01B,R,gaba,-1,rm,rm,0.0,154.0,0.0,367,0.0,0.0,0.0,0.0,,-
IN08A036,816545,08A,R,glutamate,-1,rf,rf,0.0,139.0,139.0,145,0.0,0.0,0.0,0.0,,-
IN21A082,816559,21A,L,glutamate,-1,lf,lf,0.0,179.0,38.0,179,0.0,0.0,0.0,0.0,,-
IN08A031,816584,08A,R,glutamate,-1,rh,rh,0.0,320.0,82.0,345,0.0,0.0,0.0,0.0,,-
IN20A.22A091,816601,20A/22A,L,acetylcholine,1,lm,lm,0.0,104.0,62.0,111,0.0,0.0,0.0,0.0,,-
IN08A036,816607,08A,L,glutamate,-1,lf,lf,0.0,223.0,171.0,223,0.0,0.0,0.0,0.0,,-
IN09A090,816667,09A,L,gaba,-1,lh,lh,0.0,72.0,6.0,135,0.0,0.0,0.0,0.0,,-
IN21A082,816668,21A,R,glutamate,-1,rf,rf,0.0,153.0,31.0,153,0.0,0.0,0.0,0.0,,-
IN11B021_a,816679,11B,R,gaba,-1,rh,rh,0.0,31.0,0.0,245,0.0,0.0,0.0,0.0,,-
IN01B078,816731,01B,R,gaba,-1,rh,rh,0.0,120.0,0.0,475,0.0,0.0,0.0,0.0,,-
IN21A086,816758,21A,R,glutamate,-1,rh,rh,0.0,135.0,128.0,135,0.0,0.0,0.0,0.0,,-
IN01B095,816876,01B,L,gaba,-1,lf,lf,0.0,25.0,0.0,135,0.0,0.0,0.0,0.0,,-
IN13B096_a,816915,13B,R,gaba,-1,lf,lf,0.0,71.0,0.0,87,0.0,0.0,0.0,0.0,,-
IN08A043,816921,08A,R,glutamate,-1,rm,rm,0.0,198.0,181.0,198,0.0,0.0,0.0,0.0,,-
IN01B090,816984,01B,L,gaba,-1,lh,lh,0.0,52.0,0.0,204,0.0,0.0,0.0,0.0,,-
IN08A047,817020,08A,L,glutamate,-1,lh,lh,0.0,313.0,185.0,313,0.0,0.0,0.0,0.0,,-
IN13A061,817028,13A,R,gaba,-1,rf,rf,0.0,41.0,0.0,88,0.0,0.0,0.0,0.0,,-
IN13B088,817035,13B,R,gaba,-1,lh,lh,0.0,93.0,0.0,145,0.0,0.0,0.0,0.0,,-
IN09A069,817066,09A,R,gaba,-1,rf,rf,0.0,97.0,13.0,144,0.0,0.0,0.0,0.0,,-
IN09A071,817102,09A,R,gaba,-1,rf,rf,0.0,96.0,22.0,102,0.0,0.0,0.0,0.0,,-
IN04B091,817110,04B,R,acetylcholine,1,rf,rf,0.0,62.0,21.0,90,0.0,0.0,0.0,0.0,,-
IN01B090,817163,01B,R,gaba,-1,rm,rm,0.0,44.0,0.0,218,0.0,0.0,0.0,0.0,,-
IN13B081,817170,13B,R,gaba,-1,lf,lf,0.0,160.0,11.0,160,0.0,0.0,0.0,0.0,,-
IN01B069_a,817189,01B,R,gaba,-1,rf,rf,0.0,105.0,0.0,275,0.0,0.0,0.0,0.0,,-
IN13B097,817244,13B,L,gaba,-1,rf,rf,0.0,146.0,36.0,146,0.0,0.0,0.0,0.0,,-
IN13B097,817277,13B,R,gaba,-1,lh,lh,0.0,188.0,40.0,188,0.0,0.0,0.0,0.0,,-
IN08A047,817305,08A,L,glutamate,-1,lh,lh,0.0,365.0,214.0,373,0.0,0.0,0.0,0.0,,-
IN13B098,817324,13B,R,gaba,-1,lm,lm,0.0,77.0,23.0,77,0.0,0.0,0.0,0.0,,-
IN08A036,817325,08A,R,glutamate,-1,rf,rf,0.0,178.0,85.0,192,0.0,0.0,0.0,0.0,,-
IN13B102,817330,13B,L,gaba,-1,rm,rm,0.0,88.0,0.0,118,0.0,0.0,0.0,0.0,,-
IN20A.22A039,817395,20A/22A,R,acetylcholine,1,rh,rh,0.0,126.0,0.0,164,0.0,0.0,0.0,0.0,,-
IN13B065,817397,13B,R,gaba,-1,lf,lf,0.0,163.0,14.0,332,0.0,0.0,0.0,0.0,,-
IN13A061,817401,13A,L,gaba,-1,lf,lf,0.0,54.0,0.0,129,0.0,0.0,0.0,0.0,,-
IN12B092,817407,12B,L,gaba,-1,rf,rf,0.0,132.0,115.0,132,0.0,0.0,0.0,0.0,,-
IN01B092,817466,01B,L,gaba,-1,lm,lm,0.0,27.0,0.0,179,0.0,0.0,0.0,0.0,,-
IN01B090,817480,01B,R,gaba,-1,rh,rh,0.0,43.0,0.0,273,0.0,0.0,0.0,0.0,,-
IN09A096,817506,09A,L,gaba,-1,lf,lf,0.0,134.0,43.0,162,0.0,0.0,0.0,0.0,,-
IN21A039,817527,21A,R,glutamate,-1,rh,rh,0.0,192.0,109.0,192,0.0,0.0,0.0,0.0,,-
IN13A045,817541,13A,L,gaba,-1,lh,lh,0.0,76.0,61.0,76,0.0,0.0,0.0,0.0,,-
IN19A120,817600,19A,R,gaba,-1,rf,rf,0.0,24.0,7.0,24,0.0,0.0,0.0,0.0,,-
IN13B090,817635,13B,L,gaba,-1,rf,rf,0.0,28.0,0.0,38,0.0,0.0,0.0,0.0,,-
IN19A124,817724,19A,L,gaba,-1,lf,lf,0.0,22.0,0.0,97,0.0,0.0,0.0,0.0,,-
IN08A036,817761,08A,L,glutamate,-1,lf,lf,0.0,311.0,282.0,317,0.0,0.0,0.0,0.0,,-
IN13A045,817769,13A,L,gaba,-1,lf,lf,0.0,313.0,285.0,313,0.0,0.0,0.0,0.0,,-
IN13A060,818021,13A,R,gaba,-1,rf,rf,0.0,173.0,145.0,173,0.0,0.0,0.0,0.0,,-
IN09A092,818026,09A,R,gaba,-1,rm,rm,0.0,93.0,32.0,117,0.0,0.0,0.0,0.0,,-
IN20A.22A092,818028,20A/22A,L,acetylcholine,1,lf,lf,0.0,121.0,0.0,161,0.0,0.0,0.0,0.0,,-
IN21A078,818129,21A,R,glutamate,-1,rf,rf,0.0,68.0,39.0,68,0.0,0.0,0.0,0.0,,-
IN13A056,818148,13A,R,gaba,-1,rf,rf,0.0,37.0,25.0,52,0.0,0.0,0.0,0.0,,-
IN13B057,818163,13B,R,gaba,-1,lf,lf,0.0,90.0,0.0,272,0.0,0.0,0.0,0.0,,-
IN09A069,818455,09A,L,gaba,-1,lf,lf,0.0,110.0,14.0,179,0.0,0.0,0.0,0.0,,-
IN09A092,818464,09A,R,gaba,-1,rm,rm,0.0,90.0,37.0,136,0.0,0.0,0.0,0.0,,-
IN08A036,818467,08A,L,glutamate,-1,lf,lf,0.0,138.0,89.0,138,0.0,0.0,0.0,0.0,,-
IN09A096,818477,09A,L,gaba,-1,lf,lf,0.0,91.0,20.0,146,0.0,0.0,0.0,0.0,,-
IN13B093,818500,13B,L,gaba,-1,rf,rf,0.0,95.0,54.0,95,0.0,0.0,0.0,0.0,,-
IN14A111,818511,14A,L,glutamate,-1,rh,rh,0.0,54.0,0.0,88,0.0,0.0,0.0,0.0,,-
IN04B102,818557,04B,R,acetylcholine,1,rf,rf,0.0,60.0,42.0,67,0.0,0.0,0.0,0.0,,-
IN13A060,818561,13A,R,gaba,-1,rf,rf,0.0,188.0,166.0,188,0.0,0.0,0.0,0.0,,-
IN14A035,818614,14A,L,glutamate,-1,rf,rf,0.0,64.0,35.0,64,0.0,0.0,0.0,0.0,,-
IN13B096_b,818629,13B,L,gaba,-1,rf,rf,0.0,23.0,0.0,39,0.0,0.0,0.0,0.0,,-
IN04B111,818630,04B,L,acetylcholine,1,lf,lf,0.0,279.0,62.0,292,0.0,0.0,0.0,0.0,,-
IN14A035,818647,14A,L,glutamate,-1,rf,rf,0.0,32.0,16.0,32,0.0,0.0,0.0,0.0,,-
IN20A.22A005,818690,20A/22A,L,acetylcholine,1,lf,lf,0.0,374.0,243.0,439,0.0,0.0,0.0,0.0,,-
IN21A079,818720,21A,R,glutamate,-1,rf,rf,0.0,160.0,75.0,160,0.0,0.0,0.0,0.0,,-
IN14A109,818765,14A,R,glutamate,-1,lh,lh,0.0,119.0,0.0,349,0.0,0.0,0.0,0.0,,-
IN08A047,818893,08A,R,glutamate,-1,rh,rh,0.0,272.0,174.0,279,0.0,0.0,0.0,0.0,,-
IN21A081,818935,21A,R,glutamate,-1,rf,rf,0.0,39.0,25.0,39,0.0,0.0,0.0,0.0,,-
IN09A092,819043,09A,R,gaba,-1,rm,rm,0.0,61.0,0.0,167,0.0,0.0,0.0,0.0,,-
IN21A109,819059,21A,R,glutamate,-1,rf,rf,0.0,175.0,41.0,175,0.0,0.0,0.0,0.0,,-
IN13B096_a,819064,13B,R,gaba,-1,lf,lf,0.0,66.0,0.0,76,0.0,0.0,0.0,0.0,,-
IN20A.22A071,819071,20A/22A,R,acetylcholine,1,rf,rf,0.0,39.0,0.0,127,0.0,0.0,0.0,0.0,,-
IN14A078,819185,14A,R,glutamate,-1,lf,lf,0.0,50.0,0.0,190,0.0,0.0,0.0,0.0,,-
IN01B097,819204,01B,L,gaba,-1,lf,lf,0.0,21.0,0.0,217,0.0,0.0,0.0,0.0,,-
IN09A071,819227,09A,L,gaba,-1,lf,lf,0.0,126.0,40.0,126,0.0,0.0,0.0,0.0,,-
IN13B096_a,819299,13B,L,gaba,-1,rf,rf,0.0,43.0,0.0,49,0.0,0.0,0.0,0.0,,-
IN14A078,819310,14A,L,glutamate,-1,rf,rf,0.0,40.0,0.0,146,0.0,0.0,0.0,0.0,,-
IN08A043,819341,08A,L,glutamate,-1,lm,lm,0.0,299.0,265.0,324,0.0,0.0,0.0,0.0,,-
IN14A110,819458,14A,L,glutamate,-1,rm,rm,0.0,108.0,0.0,108,0.0,0.0,0.0,0.0,,-
IN14A105,819459,14A,R,glutamate,-1,lm,lm,0.0,56.0,0.0,100,0.0,0.0,0.0,0.0,,-
IN20A.22A069,819478,20A/22A,R,acetylcholine,1,rf,rf,0.0,35.0,23.0,35,0.0,0.0,0.0,0.0,,-
IN01B080,819511,01B,L,gaba,-1,lm,lm,0.0,22.0,0.0,52,0.0,0.0,0.0,0.0,,-
IN08A041,819581,08A,L,glutamate,-1,lm,lm,0.0,272.0,157.0,325,0.0,0.0,0.0,0.0,,-
IN09A096,819665,09A,L,gaba,-1,lf,lf,0.0,90.0,8.0,120,0.0,0.0,0.0,0.0,,-
"IN14A048,IN14A102",819740,14A,L,glutamate,-1,rf,rf,0.0,31.0,24.0,31,0.0,0.0,0.0,0.0,,-
IN13B093,819766,13B,L,gaba,-1,rh,rh,0.0,149.0,93.0,172,0.0,0.0,0.0,0.0,,-
"IN14A048,IN14A102",819778,14A,R,glutamate,-1,lf,lf,0.0,36.0,15.0,36,0.0,0.0,0.0,0.0,,-
IN16B094,819918,16B,L,glutamate,-1,lf,lf,0.0,416.0,265.0,451,0.0,0.0,0.0,0.0,,-
IN01B090,820423,01B,R,gaba,-1,rh,rh,0.0,48.0,0.0,249,0.0,0.0,0.0,0.0,,-
IN13A046,820533,13A,L,gaba,-1,lh,lh,0.0,51.0,39.0,51,0.0,0.0,0.0,0.0,,-
"IN14A048,IN14A102",820656,14A,R,glutamate,-1,lf,lf,0.0,82.0,63.0,82,0.0,0.0,0.0,0.0,,-
IN20A.22A069,820687,20A/22A,L,acetylcholine,1,lf,lf,0.0,70.0,35.0,70,0.0,0.0,0.0,0.0,,-
IN13A071,820741,13A,L,gaba,-1,lf,lf,0.0,57.0,40.0,65,0.0,0.0,0.0,0.0,,-
IN09A090,820885,09A,L,gaba,-1,lh,lh,0.0,37.0,7.0,48,0.0,0.0,0.0,0.0,,-
IN09A071,820959,09A,R,gaba,-1,rf,rf,0.0,72.0,8.0,72,0.0,0.0,0.0,0.0,,-
IN23B013,821125,23B,L,acetylcholine,1,lf,lf,0.0,29.0,0.0,51,0.0,0.0,0.0,0.0,,-
IN21A096,821195,21A,R,glutamate,-1,rf,rf,0.0,39.0,24.0,46,0.0,0.0,0.0,0.0,,-
IN20A.22A069,821339,20A/22A,L,acetylcholine,1,lf,lf,0.0,52.0,26.0,52,0.0,0.0,0.0,0.0,,-
IN12B091,821349,12B,R,gaba,-1,lm,lm,0.0,92.0,49.0,99,0.0,0.0,0.0,0.0,,-
IN14A087,822862,14A,R,glutamate,-1,lm,lm,0.0,431.0,0.0,502,0.0,0.0,0.0,0.0,,-
"IN14A048,IN14A102",823159,14A,R,glutamate,-1,lf,lf,0.0,85.0,45.0,85,0.0,0.0,0.0,0.0,,-
IN20A.22A037,823618,20A/22A,L,acetylcholine,1,lh,lh,0.0,115.0,18.0,149,0.0,0.0,0.0,0.0,,-
IN08A021,823921,08A,L,glutamate,-1,lf,lf,0.0,674.0,215.0,710,0.0,0.0,0.0,0.0,,-
IN06A082,824057,06A,L,gaba,-1,lh,lh,0.0,23.0,0.0,224,0.0,0.0,0.0,0.0,,-
IN01B093,824886,01B,L,gaba,-1,lh,lh,0.0,48.0,0.0,319,0.0,0.0,0.0,0.0,,-
INXXX471,824917,XXX (unassigned),R,gaba,-1,rf,rf,0.0,139.0,23.0,147,0.0,0.0,0.0,0.0,,-
IN13B074,825732,13B,R,gaba,-1,lf,lf,0.0,58.0,53.0,58,0.0,0.0,0.0,0.0,,-
IN01B090,825899,01B,L,gaba,-1,lm,lm,0.0,33.0,0.0,231,0.0,0.0,0.0,0.0,,-
IN08A022,826093,08A,L,glutamate,-1,lf,lf,0.0,322.0,17.0,369,0.0,0.0,0.0,0.0,,-
IN09A092,826513,09A,R,gaba,-1,rm,rm,0.0,69.0,15.0,76,0.0,0.0,0.0,0.0,,-
IN20A.22A092,847091,20A/22A,L,acetylcholine,1,lf,lf,0.0,98.0,0.0,125,0.0,0.0,0.0,0.0,,-
IN14A117,849131,14A,L,glutamate,-1,rm,rm,0.0,179.0,0.0,289,0.0,0.0,0.0,0.0,,-
"IN14A042,IN14A047",850533,14A,L,glutamate,-1,rf,rf,0.0,245.0,0.0,319,0.0,0.0,0.0,0.0,,-
IN20A.22A038,855690,20A/22A,R,acetylcholine,1,rf,rf,0.0,33.0,33.0,33,0.0,0.0,0.0,0.0,,-
IN13A043,893362,13A,L,gaba,-1,lf,lf,0.0,66.0,25.0,182,0.0,0.0,0.0,0.0,,-
IN04B111,898638,04B,R,acetylcholine,1,rf,rf,0.0,125.0,14.0,140,0.0,0.0,0.0,0.0,,-
IN20A.22A069,902287,20A/22A,L,acetylcholine,1,lf,lf,0.0,239.0,178.0,246,0.0,0.0,0.0,0.0,,-
IN06A108,902295,06A,R,gaba,-1,rh,rh,0.0,51.0,0.0,438,0.0,0.0,0.0,0.0,,-
IN09A081,902393,09A,R,gaba,-1,rm,rm,0.0,237.0,19.0,380,0.0,0.0,0.0,0.0,,-
IN14A069,902463,14A,R,glutamate,-1,lf,lf,0.0,27.0,0.0,252,0.0,0.0,0.0,0.0,,-
IN09A031,902469,09A,L,gaba,-1,lf,lf,0.0,316.0,0.0,890,0.0,0.0,0.0,0.0,,-
IN08A019,902519,08A,L,glutamate,-1,lf,lf,0.0,690.0,85.0,758,0.0,0.0,0.0,0.0,,-
IN14A052,902879,14A,L,glutamate,-1,rm,rm,0.0,85.0,0.0,619,0.0,0.0,0.0,0.0,,-
IN13B053,902904,13B,R,gaba,-1,lh,lh,0.0,353.0,0.0,512,0.0,0.0,0.0,0.0,,-
IN03A062_b,903163,03A,R,acetylcholine,1,rf,rf,0.0,222.0,30.0,241,0.0,0.0,0.0,0.0,,-
IN20A.22A056,903259,20A/22A,R,acetylcholine,1,rf,rf,0.0,139.0,34.0,228,0.0,0.0,0.0,0.0,,-
IN03A062_e,903290,03A,R,acetylcholine,1,rf,rf,0.0,184.0,0.0,239,0.0,0.0,0.0,0.0,,-
IN21A075,903365,21A,R,glutamate,-1,rm,rm,0.0,341.0,85.0,408,0.0,0.0,0.0,0.0,,-
IN14A120,903469,14A,R,glutamate,-1,lm,lm,0.0,81.0,0.0,294,0.0,0.0,0.0,0.0,,-
IN13A058,903479,13A,L,gaba,-1,lf,lf,0.0,180.0,175.0,358,0.0,0.0,0.0,0.0,,-
IN13A068,903516,13A,R,gaba,-1,rh,rh,0.0,384.0,344.0,384,0.0,0.0,0.0,0.0,,-
IN23B081,903517,23B,R,acetylcholine,1,rm,rm,0.0,115.0,0.0,592,0.0,0.0,0.0,0.0,,-
IN21A055,903608,21A,L,glutamate,-1,lh,lh,0.0,114.0,68.0,124,0.0,0.0,0.0,0.0,,-
IN14A070,903785,14A,R,glutamate,-1,lm,lm,0.0,110.0,0.0,325,0.0,0.0,0.0,0.0,,-
IN20A.22A074,903891,20A/22A,R,acetylcholine,1,rh,rh,0.0,202.0,0.0,465,0.0,0.0,0.0,0.0,,-
IN13A049,903927,13A,L,gaba,-1,lf,lf,0.0,220.0,86.0,229,0.0,0.0,0.0,0.0,,-
IN19A064,903931,19A,L,gaba,-1,lf,lf,0.0,132.0,11.0,139,0.0,0.0,0.0,0.0,,-
INXXX317,904012,XXX (unassigned),L,glutamate,-1,lh,lh,0.0,103.0,0.0,2288,0.0,0.0,0.0,0.0,,-
IN04B101,904034,04B,L,acetylcholine,1,lf,lf,0.0,376.0,206.0,390,0.0,0.0,0.0,0.0,,-
IN03A062_g,904066,03A,R,acetylcholine,1,rm,rm,0.0,524.0,11.0,606,0.0,0.0,0.0,0.0,,-
IN12B023,904075,12B,L,gaba,-1,rh,rh,0.0,248.0,167.0,248,0.0,0.0,0.0,0.0,,-
IN01B090,904084,01B,R,gaba,-1,rh,rh,0.0,49.0,0.0,206,0.0,0.0,0.0,0.0,,-
IN04B026,904115,04B,R,acetylcholine,1,rm,rm,0.0,230.0,49.0,311,0.0,0.0,0.0,0.0,,-
INXXX077,904121,XXX (unassigned),L,acetylcholine,1,lh,lh,0.0,61.0,0.0,7222,0.0,0.0,0.0,0.0,,-
IN21A038,904144,21A,R,glutamate,-1,rm,rm,0.0,492.0,72.0,503,0.0,0.0,0.0,0.0,,-
IN09A022,904162,09A,R,gaba,-1,rh,rh,0.0,21.0,0.0,721,0.0,0.0,0.0,0.0,,-
IN13A049,904208,13A,L,gaba,-1,lf,lf,0.0,351.0,78.0,377,0.0,0.0,0.0,0.0,,-
IN20A.22A028,904212,20A/22A,L,acetylcholine,1,lf,lf,0.0,495.0,397.0,495,0.0,0.0,0.0,0.0,,-
IN20A.22A008,904234,20A/22A,R,acetylcholine,1,rf,rf,0.0,260.0,148.0,269,0.0,0.0,0.0,0.0,,-
IN01B042,904285,01B,R,gaba,-1,rm,rm,0.0,292.0,0.0,487,0.0,0.0,0.0,0.0,,-
IN16B041,904427,16B,L,glutamate,-1,lm,lm,0.0,800.0,193.0,966,0.0,0.0,0.0,0.0,,-
IN14A038,904709,14A,R,glutamate,-1,lf,lf,0.0,72.0,0.0,245,0.0,0.0,0.0,0.0,,-
IN20A.22A090,904731,20A/22A,L,acetylcholine,1,lh,lh,0.0,123.0,0.0,364,0.0,0.0,0.0,0.0,,-
IN10B059,904732,10B,L,acetylcholine,1,lh,lh,0.0,21.0,0.0,256,0.0,0.0,0.0,0.0,,-
IN19A064,904808,19A,R,gaba,-1,rm,rm,0.0,127.0,45.0,145,0.0,0.0,0.0,0.0,,-
IN04B101,904839,04B,L,acetylcholine,1,lf,lf,0.0,173.0,80.0,173,0.0,0.0,0.0,0.0,,-
IN21A075,905024,21A,L,glutamate,-1,lm,lm,0.0,450.0,120.0,523,0.0,0.0,0.0,0.0,,-
IN20A.22A052,905066,20A/22A,L,acetylcholine,1,lf,lf,0.0,333.0,113.0,434,0.0,0.0,0.0,0.0,,-
IN20A.22A028,905079,20A/22A,L,acetylcholine,1,lh,lh,0.0,501.0,326.0,509,0.0,0.0,0.0,0.0,,-
IN23B048,905110,23B,R,acetylcholine,1,rf,rf,0.0,26.0,0.0,315,0.0,0.0,0.0,0.0,,-
IN23B048,905228,23B,L,acetylcholine,1,lf,lf,0.0,46.0,0.0,338,0.0,0.0,0.0,0.0,,-
IN21A051,905329,21A,R,glutamate,-1,rh,rh,0.0,542.0,316.0,556,0.0,0.0,0.0,0.0,,-
IN23B083,905369,23B,R,acetylcholine,1,rm,rm,0.0,121.0,0.0,562,0.0,0.0,0.0,0.0,,-
IN04B096,905382,04B,R,acetylcholine,1,rh,rh,0.0,624.0,66.0,711,0.0,0.0,0.0,0.0,,-
IN13A057,905621,13A,L,gaba,-1,lm,lm,0.0,189.0,111.0,202,0.0,0.0,0.0,0.0,,-
"IN01B038,IN01B056",905654,01B,L,gaba,-1,lf,lf,0.0,62.0,0.0,147,0.0,0.0,0.0,0.0,,-
IN20A.22A021,905663,20A/22A,R,acetylcholine,1,rh,rh,0.0,258.0,138.0,265,0.0,0.0,0.0,0.0,,-
IN03A093,905708,03A,R,acetylcholine,1,rm,rm,0.0,340.0,122.0,441,0.0,0.0,0.0,0.0,,-
IN20A.22A028,905728,20A/22A,L,acetylcholine,1,lm,lm,0.0,528.0,270.0,585,0.0,0.0,0.0,0.0,,-
"IN14A048,IN14A102",905773,14A,L,glutamate,-1,rf,rf,0.0,40.0,21.0,40,0.0,0.0,0.0,0.0,,-
IN13A049,905774,13A,R,gaba,-1,rf,rf,0.0,247.0,59.0,266,0.0,0.0,0.0,0.0,,-
IN01B095,905801,01B,R,gaba,-1,rm,rm,0.0,70.0,0.0,325,0.0,0.0,0.0,0.0,,-
IN13B037,905809,13B,R,gaba,-1,lh,lh,0.0,499.0,0.0,655,0.0,0.0,0.0,0.0,,-
IN13A007,905860,13A,R,gaba,-1,rf,rf,0.0,78.0,0.0,392,0.0,0.0,0.0,0.0,,-
IN14A074,905862,14A,R,glutamate,-1,lf,lf,0.0,54.0,7.0,122,0.0,0.0,0.0,0.0,,-
IN14A070,905964,14A,L,glutamate,-1,rm,rm,0.0,81.0,0.0,285,0.0,0.0,0.0,0.0,,-
IN03A042,905977,03A,R,acetylcholine,1,rh,rh,0.0,1943.0,1143.0,2221,0.0,0.0,0.0,0.0,,-
IN10B041,905978,10B,L,acetylcholine,1,lf,lf,0.0,24.0,0.0,423,0.0,0.0,0.0,0.0,,-
IN14A061,906016,14A,L,glutamate,-1,rm,rm,0.0,67.0,0.0,286,0.0,0.0,0.0,0.0,,-
IN16B061,906354,16B,L,glutamate,-1,lf,lf,0.0,345.0,324.0,345,0.0,0.0,0.0,0.0,,-
IN13B090,906383,13B,L,gaba,-1,rh,rh,0.0,204.0,0.0,391,0.0,0.0,0.0,0.0,,-
IN13B025,906391,13B,L,gaba,-1,rf,rf,0.0,90.0,0.0,377,0.0,0.0,0.0,0.0,,-
IN09A081,906422,09A,R,gaba,-1,rm,rm,0.0,209.0,9.0,290,0.0,0.0,0.0,0.0,,-
IN13A055,906429,13A,L,gaba,-1,lh,lh,0.0,138.0,8.0,275,0.0,0.0,0.0,0.0,,-
IN01A074,906432,01A,R,acetylcholine,1,lf,lf,0.0,277.0,29.0,291,0.0,0.0,0.0,0.0,,-
IN20A.22A083,906443,20A/22A,R,acetylcholine,1,rf,rf,0.0,23.0,0.0,60,0.0,0.0,0.0,0.0,,-
IN20A.22A011,906614,20A/22A,R,acetylcholine,1,rf,rf,0.0,126.0,6.0,201,0.0,0.0,0.0,0.0,,-
IN01A082,906700,01A,L,acetylcholine,1,rh,rh,0.0,306.0,159.0,306,0.0,0.0,0.0,0.0,,-
IN01B021,906749,01B,L,gaba,-1,lf,lf,0.0,197.0,0.0,406,0.0,0.0,0.0,0.0,,-
IN13A038,906817,13A,R,gaba,-1,rf,rf,0.0,257.0,13.0,397,0.0,0.0,0.0,0.0,,-
IN13B087,906960,13B,L,gaba,-1,rh,rh,0.0,173.0,0.0,404,0.0,0.0,0.0,0.0,,-
IN01B037_b,907020,01B,L,gaba,-1,lm,lm,0.0,155.0,0.0,404,0.0,0.0,0.0,0.0,,-
INXXX317,907237,XXX (unassigned),R,glutamate,-1,rh,rh,0.0,293.0,0.0,2710,0.0,0.0,0.0,0.0,,-
IN13A007,907360,13A,L,gaba,-1,lf,lf,0.0,82.0,0.0,473,0.0,0.0,0.0,0.0,,-
"IN23B069,IN23B079",907472,23B,L,acetylcholine,1,lf,lf,0.0,55.0,0.0,331,0.0,0.0,0.0,0.0,,-
IN01A074,907476,01A,L,acetylcholine,1,rf,rf,0.0,148.0,7.0,153,0.0,0.0,0.0,0.0,,-
IN09A034,907492,09A,R,gaba,-1,rh,rh,0.0,406.0,0.0,856,0.0,0.0,0.0,0.0,,-
IN01B090,907496,01B,L,gaba,-1,lm,lm,0.0,37.0,0.0,221,0.0,0.0,0.0,0.0,,-
IN14A038,907564,14A,L,glutamate,-1,rm,rm,0.0,213.0,0.0,476,0.0,0.0,0.0,0.0,,-
IN14A068,907566,14A,L,glutamate,-1,rh,rh,0.0,102.0,8.0,437,0.0,0.0,0.0,0.0,,-
IN01B084,907567,01B,R,gaba,-1,rh,rh,0.0,107.0,0.0,357,0.0,0.0,0.0,0.0,,-
IN14A040,907568,14A,L,glutamate,-1,rh,rh,0.0,336.0,0.0,605,0.0,0.0,0.0,0.0,,-
IN14A081,907599,14A,L,glutamate,-1,rf,rf,0.0,132.0,0.0,364,0.0,0.0,0.0,0.0,,-
IN13B043,907649,13B,R,gaba,-1,lh,lh,0.0,186.0,0.0,453,0.0,0.0,0.0,0.0,,-
IN20A.22A028,907662,20A/22A,L,acetylcholine,1,lf,lf,0.0,458.0,383.0,458,0.0,0.0,0.0,0.0,,-
IN13B065,907687,13B,R,gaba,-1,lf,lf,0.0,171.0,9.0,303,0.0,0.0,0.0,0.0,,-
IN13B026,907796,13B,L,gaba,-1,rf,rf,0.0,23.0,0.0,190,0.0,0.0,0.0,0.0,,-
IN08A034,907850,08A,L,glutamate,-1,lf,lf,0.0,427.0,181.0,427,0.0,0.0,0.0,0.0,,-
IN23B089,907856,23B,L,acetylcholine,1,lm,lm,0.0,95.0,0.0,422,0.0,0.0,0.0,0.0,,-
IN01B056,907878,01B,R,gaba,-1,rm,rm,0.0,202.0,0.0,521,0.0,0.0,0.0,0.0,,-
IN21A060,907938,21A,R,glutamate,-1,rf,rf,0.0,140.0,8.0,151,0.0,0.0,0.0,0.0,,-
IN13B090,907955,13B,R,gaba,-1,lm,lm,0.0,168.0,5.0,323,0.0,0.0,0.0,0.0,,-
IN20A.22A018,908021,20A/22A,R,acetylcholine,1,rf,rf,0.0,313.0,291.0,313,0.0,0.0,0.0,0.0,,-
IN23B023,908028,23B,R,acetylcholine,1,rf,rf,0.0,22.0,0.0,370,0.0,0.0,0.0,0.0,,-
IN03A093,908029,03A,R,acetylcholine,1,rm,rm,0.0,466.0,224.0,687,0.0,0.0,0.0,0.0,,-
IN01A085,908049,01A,R,acetylcholine,1,lf,lf,0.0,257.0,12.0,299,0.0,0.0,0.0,0.0,,-
IN14A031,908052,14A,L,glutamate,-1,rm,rm,0.0,150.0,39.0,189,0.0,0.0,0.0,0.0,,-
IN14A077,908060,14A,L,glutamate,-1,rh,rh,0.0,69.0,0.0,339,0.0,0.0,0.0,0.0,,-
IN14A085_a,908097,14A,L,glutamate,-1,rm,rm,0.0,87.0,0.0,293,0.0,0.0,0.0,0.0,,-
IN14A033,908190,14A,R,glutamate,-1,lf,lf,0.0,276.0,26.0,276,0.0,0.0,0.0,0.0,,-
INXXX287,908205,XXX (unassigned),R,gaba,-1,rh,rh,0.0,24.0,0.0,2000,0.0,0.0,0.0,0.0,,-
IN20A.22A008,908269,20A/22A,L,acetylcholine,1,lf,lf,0.0,447.0,255.0,463,0.0,0.0,0.0,0.0,,-
IN20A.22A089,908332,20A/22A,R,acetylcholine,1,rm,rm,0.0,115.0,0.0,241,0.0,0.0,0.0,0.0,,-
IN23B074,908355,23B,L,acetylcholine,1,lf,lf,0.0,50.0,0.0,305,0.0,0.0,0.0,0.0,,-
IN20A.22A055,908375,20A/22A,L,acetylcholine,1,lm,lm,0.0,118.0,49.0,118,0.0,0.0,0.0,0.0,,-
"IN20A.22A049,IN20A.22A067",908557,20A/22A,R,acetylcholine,1,rf,rf,0.0,216.0,31.0,275,0.0,0.0,0.0,0.0,,-
IN20A.22A016,908559,20A/22A,R,acetylcholine,1,rf,rf,0.0,232.0,35.0,301,0.0,0.0,0.0,0.0,,-
IN09A069,908569,09A,L,gaba,-1,lf,lf,0.0,103.0,12.0,184,0.0,0.0,0.0,0.0,,-
IN14A057,908572,14A,R,glutamate,-1,lh,lh,0.0,111.0,0.0,360,0.0,0.0,0.0,0.0,,-
IN09A039,908573,09A,L,gaba,-1,lm,lm,0.0,25.0,0.0,607,0.0,0.0,0.0,0.0,,-
IN08A030,908620,08A,L,glutamate,-1,lf,lf,0.0,363.0,156.0,363,0.0,0.0,0.0,0.0,,-
IN01B083_b,908668,01B,L,gaba,-1,lm,lm,0.0,80.0,0.0,424,0.0,0.0,0.0,0.0,,-
IN08A036,908687,08A,L,glutamate,-1,lf,lf,0.0,278.0,241.0,311,0.0,0.0,0.0,0.0,,-
IN20A.22A026,908715,20A/22A,L,acetylcholine,1,lf,lf,0.0,200.0,95.0,208,0.0,0.0,0.0,0.0,,-
IN03A093,908823,03A,L,acetylcholine,1,lm,lm,0.0,483.0,152.0,731,0.0,0.0,0.0,0.0,,-
IN03A096,908824,03A,L,acetylcholine,1,lm,lm,0.0,264.0,41.0,328,0.0,0.0,0.0,0.0,,-
IN01B095,908863,01B,R,gaba,-1,rh,rh,0.0,67.0,0.0,314,0.0,0.0,0.0,0.0,,-
IN20A.22A028,908872,20A/22A,L,acetylcholine,1,lh,lh,0.0,489.0,360.0,499,0.0,0.0,0.0,0.0,,-
IN09A069,908882,09A,R,gaba,-1,rf,rf,0.0,103.0,5.0,129,0.0,0.0,0.0,0.0,,-
IN14A056,908929,14A,R,glutamate,-1,lm,lm,0.0,88.0,0.0,616,0.0,0.0,0.0,0.0,,-
IN20A.22A052,908972,20A/22A,L,acetylcholine,1,lf,lf,0.0,271.0,109.0,369,0.0,0.0,0.0,0.0,,-
IN20A.22A073,908977,20A/22A,R,acetylcholine,1,rh,rh,0.0,290.0,35.0,297,0.0,0.0,0.0,0.0,,-
IN14A056,909045,14A,R,glutamate,-1,lh,lh,0.0,117.0,0.0,527,0.0,0.0,0.0,0.0,,-
IN20A.22A055,909053,20A/22A,L,acetylcholine,1,lm,lm,0.0,128.0,70.0,128,0.0,0.0,0.0,0.0,,-
IN16B086,909054,16B,R,glutamate,-1,rh,rh,0.0,303.0,91.0,329,0.0,0.0,0.0,0.0,,-
IN04B031,909056,04B,L,acetylcholine,1,lf,lf,0.0,469.0,253.0,480,0.0,0.0,0.0,0.0,,-
IN01B083_c,909118,01B,L,gaba,-1,lm,lm,0.0,95.0,0.0,525,0.0,0.0,0.0,0.0,,-
IN08A043,909147,08A,L,glutamate,-1,lm,lm,0.0,301.0,296.0,313,0.0,0.0,0.0,0.0,,-
IN23B075,909174,23B,L,acetylcholine,1,lm,lm,0.0,35.0,0.0,660,0.0,0.0,0.0,0.0,,-
IN09A078,909202,09A,R,gaba,-1,rm,rm,0.0,88.0,0.0,587,0.0,0.0,0.0,0.0,,-
IN04B096,909225,04B,L,acetylcholine,1,lh,lh,0.0,624.0,37.0,688,0.0,0.0,0.0,0.0,,-
IN14A072,909266,14A,L,glutamate,-1,rh,rh,0.0,139.0,0.0,439,0.0,0.0,0.0,0.0,,-
IN14A087,909267,14A,L,glutamate,-1,rh,rh,0.0,354.0,0.0,454,0.0,0.0,0.0,0.0,,-
IN09A071,909352,09A,R,gaba,-1,rf,rf,0.0,104.0,13.0,104,0.0,0.0,0.0,0.0,,-
IN09A079,909377,09A,R,gaba,-1,rm,rm,0.0,221.0,31.0,234,0.0,0.0,0.0,0.0,,-
IN01B026,909553,01B,L,gaba,-1,lf,lf,0.0,63.0,0.0,507,0.0,0.0,0.0,0.0,,-
IN06B070,909821,06B,R,gaba,-1,lh,lh,0.0,287.0,13.0,582,0.0,0.0,0.0,0.0,,-
IN23B086,909825,23B,L,acetylcholine,1,lf,lf,0.0,63.0,0.0,316,0.0,0.0,0.0,0.0,,-
IN16B082,909839,16B,L,glutamate,-1,lm,lm,0.0,360.0,36.0,365,0.0,0.0,0.0,0.0,,-
IN20A.22A058,909858,20A/22A,L,acetylcholine,1,lm,lm,0.0,517.0,106.0,672,0.0,0.0,0.0,0.0,,-
IN19A064,909865,19A,R,gaba,-1,rf,rf,0.0,90.0,21.0,115,0.0,0.0,0.0,0.0,,-
IN20A.22A052,909918,20A/22A,R,acetylcholine,1,rf,rf,0.0,206.0,68.0,278,0.0,0.0,0.0,0.0,,-
IN12B065,909990,12B,R,gaba,-1,lm,lm,0.0,170.0,0.0,387,0.0,0.0,0.0,0.0,,-
IN14A077,910008,14A,R,glutamate,-1,lh,lh,0.0,53.0,0.0,313,0.0,0.0,0.0,0.0,,-
IN04B015,910022,04B,R,acetylcholine,1,rf,rf,0.0,277.0,240.0,282,0.0,0.0,0.0,0.0,,-
IN20A.22A074,910034,20A/22A,R,acetylcholine,1,rm,rm,0.0,239.0,0.0,337,0.0,0.0,0.0,0.0,,-
IN20A.22A085,910096,20A/22A,R,acetylcholine,1,rm,rm,0.0,144.0,0.0,368,0.0,0.0,0.0,0.0,,-
IN14A031,910116,14A,R,glutamate,-1,lm,lm,0.0,336.0,96.0,424,0.0,0.0,0.0,0.0,,-
IN14A110,910161,14A,R,glutamate,-1,lm,lm,0.0,134.0,10.0,134,0.0,0.0,0.0,0.0,,-
IN13A047,910244,13A,R,gaba,-1,rf,rf,0.0,105.0,0.0,163,0.0,0.0,0.0,0.0,,-
IN13A069,910257,13A,L,gaba,-1,lh,lh,0.0,155.0,18.0,273,0.0,0.0,0.0,0.0,,-
IN01B022,910300,01B,L,gaba,-1,lf,lf,0.0,73.0,0.0,515,0.0,0.0,0.0,0.0,,-
IN19B103,910303,19B,R,acetylcholine,1,lh,lh,0.0,45.0,10.0,431,0.0,0.0,0.0,0.0,,-
IN04B111,910313,04B,R,acetylcholine,1,rf,rf,0.0,139.0,25.0,175,0.0,0.0,0.0,0.0,,-
IN16B091,910328,16B,R,glutamate,-1,rf,rf,0.0,226.0,80.0,305,0.0,0.0,0.0,0.0,,-
IN23B070,910333,23B,R,acetylcholine,1,rm,rm,0.0,30.0,0.0,469,0.0,0.0,0.0,0.0,,-
IN08A036,910443,08A,R,glutamate,-1,rf,rf,0.0,218.0,203.0,218,0.0,0.0,0.0,0.0,,-
IN21A038,910524,21A,R,glutamate,-1,rf,rf,0.0,237.0,9.0,243,0.0,0.0,0.0,0.0,,-
IN23B089,910540,23B,L,acetylcholine,1,lm,lm,0.0,69.0,0.0,394,0.0,0.0,0.0,0.0,,-
IN17A079,910617,17A,R,acetylcholine,1,rf,rf,0.0,543.0,109.0,664,0.0,0.0,0.0,0.0,,-
IN14A056,910655,14A,L,glutamate,-1,rh,rh,0.0,178.0,0.0,537,0.0,0.0,0.0,0.0,,-
IN08A030,910682,08A,R,glutamate,-1,rf,rf,0.0,123.0,62.0,123,0.0,0.0,0.0,0.0,,-
IN14A034,910694,14A,R,glutamate,-1,lm,lm,0.0,369.0,91.0,415,0.0,0.0,0.0,0.0,,-
IN14A078,910728,14A,R,glutamate,-1,lf,lf,0.0,154.0,0.0,338,0.0,0.0,0.0,0.0,,-
IN03A062_e,910731,03A,L,acetylcholine,1,lf,lf,0.0,298.0,0.0,354,0.0,0.0,0.0,0.0,,-
IN14A052,910747,14A,R,glutamate,-1,lf,lf,0.0,22.0,0.0,277,0.0,0.0,0.0,0.0,,-
IN11B021_b,910778,11B,R,gaba,-1,rh,rh,0.0,31.0,0.0,274,0.0,0.0,0.0,0.0,,-
IN21A040,910848,21A,L,glutamate,-1,lm,lm,0.0,295.0,61.0,382,0.0,0.0,0.0,0.0,,-
IN01B078,910855,01B,R,gaba,-1,rm,rm,0.0,85.0,0.0,357,0.0,0.0,0.0,0.0,,-
IN13B065,910866,13B,L,gaba,-1,rf,rf,0.0,72.0,0.0,175,0.0,0.0,0.0,0.0,,-
IN13A059,910895,13A,L,gaba,-1,lh,lh,0.0,146.0,0.0,244,0.0,0.0,0.0,0.0,,-
IN21A079,910903,21A,L,glutamate,-1,lf,lf,0.0,337.0,184.0,337,0.0,0.0,0.0,0.0,,-
IN14A056,910959,14A,R,glutamate,-1,lm,lm,0.0,82.0,0.0,513,0.0,0.0,0.0,0.0,,-
IN01B090,911027,01B,L,gaba,-1,lm,lm,0.0,51.0,0.0,280,0.0,0.0,0.0,0.0,,-
IN19A030,911166,19A,R,gaba,-1,rf,rf,0.0,229.0,35.0,293,0.0,0.0,0.0,0.0,,-
IN09A083,911195,09A,R,gaba,-1,rf,rf,0.0,53.0,10.0,128,0.0,0.0,0.0,0.0,,-
IN09A069,911196,09A,R,gaba,-1,rf,rf,0.0,88.0,9.0,132,0.0,0.0,0.0,0.0,,-
IN09A071,911197,09A,R,gaba,-1,rf,rf,0.0,103.0,5.0,103,0.0,0.0,0.0,0.0,,-
IN01B065,911406,01B,L,gaba,-1,lm,lm,0.0,73.0,0.0,371,0.0,0.0,0.0,0.0,,-
IN01B049,911479,01B,L,gaba,-1,lf,lf,0.0,50.0,0.0,321,0.0,0.0,0.0,0.0,,-
IN14A024,911576,14A,R,glutamate,-1,lf,lf,0.0,205.0,17.0,504,0.0,0.0,0.0,0.0,,-
IN08A026,911607,08A,L,glutamate,-1,lf,lf,0.0,481.0,369.0,481,0.0,0.0,0.0,0.0,,-
IN21A083,911618,21A,L,glutamate,-1,lf,lf,0.0,209.0,63.0,214,0.0,0.0,0.0,0.0,,-
IN12B026,911658,12B,L,gaba,-1,rf,rf,0.0,49.0,24.0,49,0.0,0.0,0.0,0.0,,-
IN19A064,911706,19A,R,gaba,-1,rm,rm,0.0,249.0,57.0,287,0.0,0.0,0.0,0.0,,-
IN14A046,911744,14A,L,glutamate,-1,rm,rm,0.0,77.0,0.0,296,0.0,0.0,0.0,0.0,,-
IN01B100,911798,01B,R,gaba,-1,rh,rh,0.0,28.0,0.0,155,0.0,0.0,0.0,0.0,,-
IN20A.22A085,911813,20A/22A,R,acetylcholine,1,rm,rm,0.0,175.0,0.0,422,0.0,0.0,0.0,0.0,,-
IN13A040,911987,13A,R,gaba,-1,rh,rh,0.0,242.0,219.0,247,0.0,0.0,0.0,0.0,,-
IN23B089,912047,23B,R,acetylcholine,1,rm,rm,0.0,68.0,0.0,332,0.0,0.0,0.0,0.0,,-
IN13A056,912057,13A,L,gaba,-1,lf,lf,0.0,96.0,59.0,106,0.0,0.0,0.0,0.0,,-
IN13B052,912066,13B,R,gaba,-1,lf,lf,0.0,45.0,0.0,165,0.0,0.0,0.0,0.0,,-
IN13B045,912071,13B,R,gaba,-1,lf,lf,0.0,132.0,0.0,132,0.0,0.0,0.0,0.0,,-
IN13A050,912133,13A,R,gaba,-1,rf,rf,0.0,117.0,105.0,117,0.0,0.0,0.0,0.0,,-
IN10B059,912223,10B,L,acetylcholine,1,lh,lh,0.0,42.0,0.0,542,0.0,0.0,0.0,0.0,,-
IN21A100,912244,21A,L,glutamate,-1,lf,lf,0.0,269.0,126.0,269,0.0,0.0,0.0,0.0,,-
IN13B097,912290,13B,L,gaba,-1,rh,rh,0.0,285.0,94.0,292,0.0,0.0,0.0,0.0,,-
IN01B079,912314,01B,L,gaba,-1,lm,lm,0.0,71.0,0.0,362,0.0,0.0,0.0,0.0,,-
IN13A060,912337,13A,L,gaba,-1,lf,lf,0.0,234.0,186.0,306,0.0,0.0,0.0,0.0,,-
IN04B101,912354,04B,R,acetylcholine,1,rf,rf,0.0,122.0,80.0,128,0.0,0.0,0.0,0.0,,-
IN13B035,912449,13B,R,gaba,-1,lf,lf,0.0,309.0,0.0,414,0.0,0.0,0.0,0.0,,-
IN20A.22A041,912579,20A/22A,R,acetylcholine,1,rf,rf,0.0,104.0,19.0,143,0.0,0.0,0.0,0.0,,-
IN06A108,912637,06A,R,gaba,-1,rh,rh,0.0,46.0,0.0,344,0.0,0.0,0.0,0.0,,-
IN08A030,912774,08A,R,glutamate,-1,rf,rf,0.0,210.0,101.0,210,0.0,0.0,0.0,0.0,,-
IN21A100,912796,21A,R,glutamate,-1,rf,rf,0.0,258.0,119.0,258,0.0,0.0,0.0,0.0,,-
IN14A118,912994,14A,L,glutamate,-1,rm,rm,0.0,175.0,0.0,475,0.0,0.0,0.0,0.0,,-
"IN09A080,IN09A085",913093,09A,R,gaba,-1,rf,rf,0.0,65.0,0.0,159,0.0,0.0,0.0,0.0,,-
"IN14A048,IN14A102",913120,14A,R,glutamate,-1,lf,lf,0.0,92.0,45.0,92,0.0,0.0,0.0,0.0,,-
IN20A.22A089,913137,20A/22A,R,acetylcholine,1,rm,rm,0.0,27.0,0.0,85,0.0,0.0,0.0,0.0,,-
IN21A100,913147,21A,L,glutamate,-1,lf,lf,0.0,320.0,191.0,320,0.0,0.0,0.0,0.0,,-
IN08A043,913312,08A,R,glutamate,-1,rm,rm,0.0,277.0,257.0,283,0.0,0.0,0.0,0.0,,-
IN13A058,913736,13A,L,gaba,-1,lf,lf,0.0,167.0,112.0,293,0.0,0.0,0.0,0.0,,-
IN14A118,913878,14A,L,glutamate,-1,rm,rm,0.0,152.0,0.0,464,0.0,0.0,0.0,0.0,,-
IN14A056,913879,14A,L,glutamate,-1,rm,rm,0.0,57.0,0.0,484,0.0,0.0,0.0,0.0,,-
IN14A110,913883,14A,L,glutamate,-1,rm,rm,0.0,95.0,0.0,100,0.0,0.0,0.0,0.0,,-
IN13B074,914279,13B,L,gaba,-1,rf,rf,0.0,141.0,120.0,141,0.0,0.0,0.0,0.0,,-
IN21A059,914311,21A,L,glutamate,-1,lm,lm,0.0,91.0,33.0,124,0.0,0.0,0.0,0.0,,-
"IN21A023,IN21A024",926837,21A,L,glutamate,-1,lf,lf,0.0,1067.0,0.0,1396,0.0,0.0,0.0,0.0,,-
IN20A.22A056,929310,20A/22A,R,acetylcholine,1,rf,rf,0.0,158.0,30.0,227,0.0,0.0,0.0,0.0,,-
IN21A047_f,929311,21A,R,glutamate,-1,rf,rf,0.0,195.0,0.0,220,0.0,0.0,0.0,0.0,,-
IN12B077,929351,12B,R,gaba,-1,lm,lm,0.0,75.0,16.0,209,0.0,0.0,0.0,0.0,,-
IN13B090,929580,13B,R,gaba,-1,lh,lh,0.0,82.0,0.0,230,0.0,0.0,0.0,0.0,,-
IN23B074,932849,23B,L,acetylcholine,1,lh,lh,0.0,39.0,0.0,495,0.0,0.0,0.0,0.0,,-
IN04B048,933138,04B,L,acetylcholine,1,lh,lh,0.0,100.0,10.0,158,0.0,0.0,0.0,0.0,,-
IN13A049,933282,13A,L,gaba,-1,lf,lf,0.0,367.0,116.0,385,0.0,0.0,0.0,0.0,,-
IN21A059,933842,21A,L,glutamate,-1,lm,lm,0.0,71.0,37.0,76,0.0,0.0,0.0,0.0,,-
IN19A016,934092,19A,L,gaba,-1,lf,lf,0.0,992.0,752.0,1005,0.0,0.0,0.0,0.0,,-
IN23B071,934345,23B,R,acetylcholine,1,rm,rm,0.0,130.0,0.0,527,0.0,0.0,0.0,0.0,,-
IN01A077,934590,01A,L,acetylcholine,1,rf,rf,0.0,89.0,0.0,130,0.0,0.0,0.0,0.0,,-
IN08A026,934876,08A,L,glutamate,-1,lf,lf,0.0,506.0,478.0,506,0.0,0.0,0.0,0.0,,-
IN13B090,934953,13B,L,gaba,-1,rh,rh,0.0,136.0,0.0,398,0.0,0.0,0.0,0.0,,-
IN13B057,935009,13B,R,gaba,-1,lh,lh,0.0,195.0,0.0,508,0.0,0.0,0.0,0.0,,-
IN14A102,935351,14A,L,glutamate,-1,rf,rf,0.0,24.0,6.0,24,0.0,0.0,0.0,0.0,,-
IN03A066,935352,03A,R,acetylcholine,1,rf,rf,0.0,257.0,130.0,257,0.0,0.0,0.0,0.0,,-
IN16B091,935417,16B,L,glutamate,-1,lf,lf,0.0,346.0,70.0,426,0.0,0.0,0.0,0.0,,-
IN14A037,935462,14A,L,glutamate,-1,rf,rf,0.0,168.0,0.0,175,0.0,0.0,0.0,0.0,,-
IN20A.22A052,935590,20A/22A,R,acetylcholine,1,rf,rf,0.0,224.0,75.0,238,0.0,0.0,0.0,0.0,,-
IN20A.22A083,935863,20A/22A,L,acetylcholine,1,lf,lf,0.0,52.0,0.0,141,0.0,0.0,0.0,0.0,,-
IN20A.22A050,935913,20A/22A,L,acetylcholine,1,lm,lm,0.0,493.0,56.0,510,0.0,0.0,0.0,0.0,,-
IN14A036,936114,14A,L,glutamate,-1,rf,rf,0.0,31.0,0.0,201,0.0,0.0,0.0,0.0,,-
IN14A053,936446,14A,R,glutamate,-1,rh,rh,0.0,112.0,0.0,400,0.0,0.0,0.0,0.0,,-
IN20A.22A021,936652,20A/22A,R,acetylcholine,1,rh,rh,0.0,234.0,63.0,241,0.0,0.0,0.0,0.0,,-
IN13B064,936795,13B,L,gaba,-1,rh,rh,0.0,824.0,240.0,842,0.0,0.0,0.0,0.0,,-
IN20A.22A090,936824,20A/22A,R,acetylcholine,1,rh,rh,0.0,216.0,0.0,337,0.0,0.0,0.0,0.0,,-
IN03A093,937641,03A,L,acetylcholine,1,lm,lm,0.0,378.0,93.0,500,0.0,0.0,0.0,0.0,,-
IN04B100,937655,04B,L,acetylcholine,1,lf,lf,0.0,259.0,7.0,259,0.0,0.0,0.0,0.0,,-
IN13A045,939795,13A,R,gaba,-1,rf,rf,0.0,203.0,150.0,208,0.0,0.0,0.0,0.0,,-
IN21A077,940021,21A,L,glutamate,-1,lm,lm,0.0,396.0,122.0,432,0.0,0.0,0.0,0.0,,-
IN01B090,940250,01B,L,gaba,-1,lm,lm,0.0,43.0,0.0,207,0.0,0.0,0.0,0.0,,-
IN01B074,940280,01B,L,gaba,-1,lm,lm,0.0,63.0,0.0,374,0.0,0.0,0.0,0.0,,-
IN09A033,940361,09A,L,gaba,-1,lf,lf,0.0,22.0,0.0,91,0.0,0.0,0.0,0.0,,-
IN13A040,940362,13A,L,gaba,-1,lh,lh,0.0,36.0,36.0,36,0.0,0.0,0.0,0.0,,-
IN14A026,940399,14A,R,glutamate,-1,lf,lf,0.0,288.0,0.0,408,0.0,0.0,0.0,0.0,,-
IN14A038,940579,14A,R,glutamate,-1,lm,lm,0.0,90.0,0.0,374,0.0,0.0,0.0,0.0,,-
IN04B085,940591,04B,R,acetylcholine,1,rf,rf,0.0,175.0,108.0,195,0.0,0.0,0.0,0.0,,-
IN21A088,940639,21A,L,glutamate,-1,lm,lm,0.0,101.0,91.0,113,0.0,0.0,0.0,0.0,,-
IN01B090,946194,01B,R,gaba,-1,rh,rh,0.0,87.0,0.0,325,0.0,0.0,0.0,0.0,,-
IN20A.22A071,946279,20A/22A,R,acetylcholine,1,rf,rf,0.0,75.0,0.0,171,0.0,0.0,0.0,0.0,,-
IN20A.22A089,946280,20A/22A,R,acetylcholine,1,rf,rf,0.0,50.0,0.0,109,0.0,0.0,0.0,0.0,,-
IN14A110,1050078693,14A,L,glutamate,-1,rf,rf,0.0,25.0,0.0,25,0.0,0.0,0.0,0.0,,-
IN12B040,1050138510,12B,L,gaba,-1,rf,rf,0.0,201.0,150.0,215,0.0,0.0,0.0,0.0,,-
IN21A086,1050151038,21A,R,glutamate,-1,rh,rh,0.0,106.0,94.0,106,0.0,0.0,0.0,0.0,,-
IN20A.22A088,1050496165,20A/22A,L,acetylcholine,1,lh,lh,0.0,70.0,40.0,82,0.0,0.0,0.0,0.0,,-
IN14A035,1050815541,14A,R,glutamate,-1,lf,lf,0.0,28.0,16.0,28,0.0,0.0,0.0,0.0,,-
IN13B097,1050910351,13B,R,gaba,-1,lf,lf,0.0,139.0,31.0,139,0.0,0.0,0.0,0.0,,-
IN14A110,1050936640,14A,R,glutamate,-1,lf,lf,0.0,67.0,0.0,88,0.0,0.0,0.0,0.0,,-
IN13A051,1050983612,13A,R,gaba,-1,rf,rf,0.0,33.0,28.0,33,0.0,0.0,0.0,0.0,,-
IN20A.22A069,1051207953,20A/22A,R,acetylcholine,1,rf,rf,0.0,51.0,37.0,56,0.0,0.0,0.0,0.0,,-
IN14A035,1051296846,14A,R,glutamate,-1,lf,lf,0.0,199.0,47.0,204,0.0,0.0,0.0,0.0,,-
IN14A074,1051705096,14A,R,glutamate,-1,lf,lf,0.0,83.0,0.0,159,0.0,0.0,0.0,0.0,,-
IN12B073,1051738118,12B,L,gaba,-1,rm,rm,0.0,68.0,0.0,268,0.0,0.0,0.0,0.0,,-
IN14A056,1052063786,14A,R,glutamate,-1,lf,lf,0.0,63.0,0.0,196,0.0,0.0,0.0,0.0,,-
IN13B025,1052844662,13B,R,gaba,-1,lf,lf,0.0,123.0,0.0,487,0.0,0.0,0.0,0.0,,-
IN04B048,1053329543,04B,R,acetylcholine,1,rh,rh,0.0,380.0,94.0,404,0.0,0.0,0.0,0.0,,-
IN03A064,1053549729,03A,L,acetylcholine,1,lh,lh,0.0,206.0,67.0,206,0.0,0.0,0.0,0.0,,-
IN19A135,1053775329,19A,L,gaba,-1,lm,lm,0.0,33.0,0.0,49,0.0,0.0,0.0,0.0,,-
IN14A078,1054486556,14A,R,glutamate,-1,lf,lf,0.0,40.0,0.0,146,0.0,0.0,0.0,0.0,,-
IN01B077_b,1054556738,01B,R,gaba,-1,rh,rh,0.0,39.0,0.0,443,0.0,0.0,0.0,0.0,,-
IN10B041,1054870177,10B,L,acetylcholine,1,lh,lh,0.0,153.0,0.0,980,0.0,0.0,0.0,0.0,,-
IN01B083_c,1055551470,01B,R,gaba,-1,rm,rm,0.0,125.0,0.0,341,0.0,0.0,0.0,0.0,,-
IN01B063,1083561240,01B,L,gaba,-1,lf,lf,0.0,46.0,0.0,72,0.0,0.0,0.0,0.0,,-
