bodyId,type,cls,sc,fam,entryNerve,rootSide,subclass,synonyms,leg,modality,modality_by,subtype,assigned_by,confidence,wiring_leg,wiring_share,wiring_seg_share,out_syn
10706,DNx01,unknown_sensory,sensory_descending,DNx,AN,L,,,,unknown,none,,not_leg:AN,high,lh,0.212,0.409,2576
11239,DNx01,unknown_sensory,sensory_descending,DNx,AN,R,,,,unknown,none,,not_leg:AN,high,rh,0.24,0.459,2534
13541,SAxx01,unknown_sensory,sensory_ascending,SAxx,AbN4,R,abdomen,,,unknown,none,,not_leg:AbN4,high,lh,0.441,0.755,579
14707,DNx02,unknown_sensory,sensory_descending,DNx,ON,R,,,,unknown,none,,not_leg:ON,high,lh,0.3,0.508,1212
15303,DNx02,unknown_sensory,sensory_descending,DNx,ON,R,,,,unknown,none,,not_leg:ON,high,lh,0.396,0.56,934
15430,DNx02,unknown_sensory,sensory_descending,DNx,ON,L,,,,unknown,none,,not_leg:ON,high,lh,0.382,0.541,1001
15569,DNx02,unknown_sensory,sensory_descending,DNx,ON,L,,,,unknown,none,,not_leg:ON,high,lh,0.327,0.464,1516
24427,SApp10,mechanosensory_proprioceptive,sensory_ascending,SApp,ADMN,R,campaniform sensilla,,,proprio,cls,campaniform,not_leg:ADMN,high,lh,0.339,0.51,347
28875,SApp10,mechanosensory_proprioceptive,sensory_ascending,SApp,ADMN,R,campaniform sensilla,,,proprio,cls,campaniform,not_leg:ADMN,high,lm,0.264,0.45,320
29510,SApp10,mechanosensory_proprioceptive,sensory_ascending,SApp,ADMN,R,campaniform sensilla,,,proprio,cls,campaniform,not_leg:ADMN,high,rh,0.345,0.628,301
30492,SAxx01,unknown_sensory,sensory_ascending,SAxx,AbN3,R,abdomen,,,unknown,none,,not_leg:AbN3,high,lh,0.54,0.767,260
31229,SApp10,mechanosensory_proprioceptive,sensory_ascending,SApp,ADMN,R,campaniform sensilla,,,proprio,cls,campaniform,not_leg:ADMN,high,rh,0.407,0.619,358
32502,SApp10,mechanosensory_proprioceptive,sensory_ascending,SApp,ADMN,R,campaniform sensilla,,,proprio,cls,campaniform,not_leg:ADMN,high,lh,0.379,0.746,359
34432,SApp10,mechanosensory_proprioceptive,sensory_ascending,SApp,ADMN,R,campaniform sensilla,,,proprio,cls,campaniform,not_leg:ADMN,high,lh,0.286,0.528,750
34735,SApp10,mechanosensory_proprioceptive,sensory_ascending,SApp,ADMN,R,campaniform sensilla,,,proprio,cls,campaniform,not_leg:ADMN,high,lm,0.302,0.502,327
36095,SApp14,mechanosensory_proprioceptive,sensory_ascending,SApp,ADMN,R,campaniform sensilla,,,proprio,cls,campaniform,not_leg:ADMN,high,rm,0.3,0.421,362
36718,"SApp09,SApp22",mechanosensory_proprioceptive,sensory_ascending,SApp,DMetaN,R,campaniform sensilla,,,proprio,cls,campaniform,not_leg:DMetaN,high,lh,0.574,0.574,33
36812,LgAG6,gustatory,sensory_ascending,LgAG,ProLN,R,leg bristle,,rf,gustatory,cls,,annotated,high,,0.0,0.0,138
38712,SApp14,mechanosensory_proprioceptive,sensory_ascending,SApp,ADMN,L,campaniform sensilla,,,proprio,cls,campaniform,not_leg:ADMN,high,lh,0.327,0.5,791
39291,SApp10,mechanosensory_proprioceptive,sensory_ascending,SApp,ADMN,L,campaniform sensilla,,,proprio,cls,campaniform,not_leg:ADMN,high,lh,0.34,0.532,800
40428,SApp10,mechanosensory_proprioceptive,sensory_ascending,SApp,ADMN,L,campaniform sensilla,,,proprio,cls,campaniform,not_leg:ADMN,high,lh,0.449,0.678,581
40743,LN-DN1,unknown_sensory,sensory_descending,LN-DN1,MxLbN,L,,,,unknown,none,,not_leg:MxLbN,high,lf,0.329,0.369,824
41311,"SApp11,SApp18",mechanosensory_proprioceptive,sensory_ascending,SApp,ADMN,R,campaniform sensilla,,,proprio,cls,campaniform,not_leg:ADMN,high,rm,0.355,0.522,217
41670,"SApp09,SApp22",mechanosensory_proprioceptive,sensory_ascending,SApp,DMetaN,R,campaniform sensilla,,,proprio,cls,campaniform,not_leg:DMetaN,high,lh,0.587,0.741,66
41779,SApp04,mechanosensory_proprioceptive,sensory_ascending,SApp,ADMN,R,campaniform sensilla,,,proprio,cls,campaniform,not_leg:ADMN,high,rh,0.416,0.718,896
42837,SApp14,mechanosensory_proprioceptive,sensory_ascending,SApp,ADMN,R,campaniform sensilla,,,proprio,cls,campaniform,not_leg:ADMN,high,rm,0.29,0.436,336
42875,SApp10,mechanosensory_proprioceptive,sensory_ascending,SApp,ADMN,R,campaniform sensilla,,,proprio,cls,campaniform,not_leg:ADMN,high,lm,0.268,0.444,651
43041,SApp10,mechanosensory_proprioceptive,sensory_ascending,SApp,ADMN,R,campaniform sensilla,,,proprio,cls,campaniform,not_leg:ADMN,high,rh,0.546,0.83,361
43559,"SApp09,SApp22",mechanosensory_proprioceptive,sensory_ascending,SApp,DMetaN,R,campaniform sensilla,,,proprio,cls,campaniform,not_leg:DMetaN,high,lh,0.684,0.882,103
45097,SApp21,mechanosensory_proprioceptive,sensory_ascending,SApp,ADMN,L,campaniform sensilla,,,proprio,cls,campaniform,not_leg:ADMN,high,rh,0.405,0.651,237
45591,SAxx02,unknown_sensory,sensory_ascending,SAxx,MetaLN,L,leg,,lh,unknown,none,,annotated,high,lh,0.577,0.699,1670
45836,"SApp11,SApp18",mechanosensory_proprioceptive,sensory_ascending,SApp,ADMN,L,campaniform sensilla,,,proprio,cls,campaniform,not_leg:ADMN,high,lm,0.319,0.484,454
46542,SApp10,mechanosensory_proprioceptive,sensory_ascending,SApp,ADMN,R,campaniform sensilla,,,proprio,cls,campaniform,not_leg:ADMN,high,rm,0.293,0.541,281
46750,SAxx02,unknown_sensory,sensory_ascending,SAxx,DProN,L,leg,,lf,unknown,none,,annotated,medium,lh,0.367,0.559,1483
47050,"SApp11,SApp18",mechanosensory_proprioceptive,sensory_ascending,SApp,ADMN,R,campaniform sensilla,,,proprio,cls,campaniform,not_leg:ADMN,high,rh,0.371,0.642,265
47073,SApp10,mechanosensory_proprioceptive,sensory_ascending,SApp,ADMN,L,campaniform sensilla,,,proprio,cls,campaniform,not_leg:ADMN,high,rh,0.355,0.644,622
47264,SApp10,mechanosensory_proprioceptive,sensory_ascending,SApp,ADMN,L,campaniform sensilla,,,proprio,cls,campaniform,not_leg:ADMN,high,lh,0.416,0.652,524
47286,SApp19,mechanosensory_proprioceptive,sensory_ascending,SApp,ADMN,R,campaniform sensilla,,,proprio,cls,campaniform,not_leg:ADMN,high,rh,0.643,0.817,364
47680,"SApp11,SApp18",mechanosensory_proprioceptive,sensory_ascending,SApp,ADMN,L,campaniform sensilla,,,proprio,cls,campaniform,not_leg:ADMN,high,rh,0.397,0.607,578
47744,SApp10,mechanosensory_proprioceptive,sensory_ascending,SApp,ADMN,R,campaniform sensilla,,,proprio,cls,campaniform,not_leg:ADMN,high,lh,0.322,0.552,254
48163,LN-DN1,unknown_sensory,sensory_descending,LN-DN1,MxLbN,R,,,,unknown,none,,not_leg:MxLbN,high,rh,0.318,0.429,823
48417,SAxx02,unknown_sensory,sensory_ascending,SAxx,ProLN,R,leg,,rf,unknown,none,,annotated,high,rh,0.245,0.374,1237
48437,"SApp09,SApp22",mechanosensory_proprioceptive,sensory_ascending,SApp,DMetaN,R,campaniform sensilla,,,proprio,cls,campaniform,not_leg:DMetaN,high,lh,0.579,0.811,36
48512,SAxx02,unknown_sensory,sensory_ascending,SAxx,MesoLN,L,leg,,lm,unknown,none,,annotated,high,lm,0.514,0.564,1634
48696,SApp10,mechanosensory_proprioceptive,sensory_ascending,SApp,ADMN,L,campaniform sensilla,,,proprio,cls,campaniform,not_leg:ADMN,high,lh,0.355,0.598,616
49721,SApp10,mechanosensory_proprioceptive,sensory_ascending,SApp,ADMN,R,campaniform sensilla,,,proprio,cls,campaniform,not_leg:ADMN,high,lm,0.264,0.435,339
50269,SAxx02,unknown_sensory,sensory_ascending,SAxx,ProLN,L,leg,,lf,unknown,none,,annotated,high,lf,0.532,0.568,1216
50292,"SApp09,SApp22",mechanosensory_proprioceptive,sensory_ascending,SApp,DMetaN,R,campaniform sensilla,,,proprio,cls,campaniform,not_leg:DMetaN,high,lh,0.69,0.847,42
51454,SApp10,mechanosensory_proprioceptive,sensory_ascending,SApp,ADMN,L,campaniform sensilla,,,proprio,cls,campaniform,not_leg:ADMN,high,lh,0.393,0.6,928
51752,SApp10,mechanosensory_proprioceptive,sensory_ascending,SApp,ADMN,L,campaniform sensilla,,,proprio,cls,campaniform,not_leg:ADMN,high,rh,0.438,0.746,570
52244,SApp04,mechanosensory_proprioceptive,sensory_ascending,SApp,ADMN,R,campaniform sensilla,,,proprio,cls,campaniform,not_leg:ADMN,high,rh,0.468,0.747,786
52279,SApp08,mechanosensory_proprioceptive,sensory_ascending,SApp,DMetaN,R,campaniform sensilla,,,proprio,cls,campaniform,not_leg:DMetaN,high,lh,0.382,0.694,135
52595,"SNxx27,SNxx29",unknown_sensory,sensory_ascending,SNxx,DProN,L,leg,,lf,unknown,none,,annotated,medium,lh,0.338,0.552,499
53005,SAxx02,unknown_sensory,sensory_ascending,SAxx,MesoLN,R,leg,,rm,unknown,none,,annotated,high,rm,0.599,0.644,1714
53097,SApp10,mechanosensory_proprioceptive,sensory_ascending,SApp,ADMN,R,campaniform sensilla,,,proprio,cls,campaniform,not_leg:ADMN,high,lh,0.297,0.55,441
53582,SApp04,mechanosensory_proprioceptive,sensory_ascending,SApp,ADMN,L,campaniform sensilla,,,proprio,cls,campaniform,not_leg:ADMN,high,lh,0.433,0.623,1427
53799,"SApp09,SApp22",mechanosensory_proprioceptive,sensory_ascending,SApp,DMetaN,R,campaniform sensilla,,,proprio,cls,campaniform,not_leg:DMetaN,high,lh,0.754,0.912,52
53902,SApp04,mechanosensory_proprioceptive,sensory_ascending,SApp,ADMN,R,campaniform sensilla,,,proprio,cls,campaniform,not_leg:ADMN,high,rh,0.431,0.741,679
53920,SApp04,mechanosensory_proprioceptive,sensory_ascending,SApp,ADMN,R,campaniform sensilla,,,proprio,cls,campaniform,not_leg:ADMN,high,rh,0.459,0.697,806
54011,SAxx01,,sensory_ascending,SAxx,AbN2,R,,,,unknown,none,,not_leg:AbN2,high,lh,0.425,0.841,1631
54088,SApp08,mechanosensory_proprioceptive,sensory_ascending,SApp,DMetaN,R,campaniform sensilla,,,proprio,cls,campaniform,not_leg:DMetaN,high,lh,0.502,0.679,239
54436,SAxx02,unknown_sensory,sensory_ascending,SAxx,MesoLN,R,leg,,rm,unknown,none,,annotated,high,rm,0.594,0.649,1978
54772,SApp08,mechanosensory_proprioceptive,sensory_ascending,SApp,DMetaN,R,campaniform sensilla,,,proprio,cls,campaniform,not_leg:DMetaN,high,lh,0.502,0.635,220
55591,"SNxx27,SNxx29",unknown_sensory,sensory_ascending,SNxx,PDMN,R,notum,,,unknown,none,,not_leg:PDMN,high,rh,0.43,0.599,401
55712,SApp10,mechanosensory_proprioceptive,sensory_ascending,SApp,ADMN,R,campaniform sensilla,,,proprio,cls,campaniform,not_leg:ADMN,high,rh,0.332,0.51,231
55899,SApp20,mechanosensory_proprioceptive,sensory_ascending,SApp,ADMN,L,campaniform sensilla,,,proprio,cls,campaniform,not_leg:ADMN,high,lh,0.298,0.489,280
55905,SApp10,mechanosensory_proprioceptive,sensory_ascending,SApp,ADMN,R,campaniform sensilla,,,proprio,cls,campaniform,not_leg:ADMN,high,rh,0.464,0.763,405
55985,"SApp11,SApp18",mechanosensory_proprioceptive,sensory_ascending,SApp,ADMN,L,campaniform sensilla,,,proprio,cls,campaniform,not_leg:ADMN,high,lm,0.296,0.433,305
56143,SApp10,mechanosensory_proprioceptive,sensory_ascending,SApp,ADMN,L,campaniform sensilla,,,proprio,cls,campaniform,not_leg:ADMN,high,rh,0.467,0.74,665
56217,"SApp11,SApp18",mechanosensory_proprioceptive,sensory_ascending,SApp,ADMN,R,campaniform sensilla,,,proprio,cls,campaniform,not_leg:ADMN,high,rh,0.379,0.581,211
56694,SApp,mechanosensory_proprioceptive,sensory_ascending,SApp,DMetaN,L,haltere,,,proprio,cls,untyped,not_leg:DMetaN,high,lh,0.407,0.71,116
57589,SApp,mechanosensory_proprioceptive,sensory_ascending,SApp,DMetaN,R,haltere,,,proprio,cls,untyped,not_leg:DMetaN,high,lh,0.545,0.881,119
57655,"SApp09,SApp22",mechanosensory_proprioceptive,sensory_ascending,SApp,DMetaN,R,campaniform sensilla,,,proprio,cls,campaniform,not_leg:DMetaN,high,lh,0.428,0.633,95
57720,SApp08,mechanosensory_proprioceptive,sensory_ascending,SApp,DMetaN,R,campaniform sensilla,,,proprio,cls,campaniform,not_leg:DMetaN,high,lh,0.569,0.806,157
58084,SApp10,mechanosensory_proprioceptive,sensory_ascending,SApp,ADMN,L,campaniform sensilla,,,proprio,cls,campaniform,not_leg:ADMN,high,lh,0.388,0.535,440
58424,"SApp09,SApp22",mechanosensory_proprioceptive,sensory_ascending,SApp,DMetaN,R,campaniform sensilla,,,proprio,cls,campaniform,not_leg:DMetaN,high,lh,0.774,0.963,60
58532,LgAG6,gustatory,sensory_ascending,LgAG,ProLN,L,leg bristle,,lf,gustatory,cls,,annotated,high,lf,1.0,1.0,122
58756,SApp08,mechanosensory_proprioceptive,sensory_ascending,SApp,DMetaN,R,campaniform sensilla,,,proprio,cls,campaniform,not_leg:DMetaN,high,lf,0.93,0.93,40
58803,SApp10,mechanosensory_proprioceptive,sensory_ascending,SApp,ADMN,L,campaniform sensilla,,,proprio,cls,campaniform,not_leg:ADMN,high,lh,0.364,0.566,499
59042,SApp19,mechanosensory_proprioceptive,sensory_ascending,SApp,ADMN,L,campaniform sensilla,,,proprio,cls,campaniform,not_leg:ADMN,high,rh,0.421,0.721,616
59144,"SApp09,SApp22",mechanosensory_proprioceptive,sensory_ascending,SApp,DMetaN,R,campaniform sensilla,,,proprio,cls,campaniform,not_leg:DMetaN,high,lh,0.416,0.719,91
59198,LgAG5,gustatory,sensory_ascending,LgAG,ProLN,L,leg bristle,,lf,gustatory,cls,,annotated,high,lf,0.487,0.554,327
59404,SApp14,mechanosensory_proprioceptive,sensory_ascending,SApp,ADMN,R,campaniform sensilla,,,proprio,cls,campaniform,not_leg:ADMN,high,lh,0.318,0.498,230
59592,SApp04,mechanosensory_proprioceptive,sensory_ascending,SApp,ADMN,L,campaniform sensilla,,,proprio,cls,campaniform,not_leg:ADMN,high,lh,0.448,0.666,1371
60056,LgAG5,gustatory,sensory_ascending,LgAG,ProLN,R,leg bristle,,rf,gustatory,cls,,annotated,high,lf,0.336,0.513,259
60774,LgAG6,gustatory,sensory_ascending,LgAG,ProLN,R,leg bristle,,rf,gustatory,cls,,annotated,high,,0.0,0.0,119
61311,LgAG5,gustatory,sensory_ascending,LgAG,ProLN,R,leg bristle,,rf,gustatory,cls,,annotated,high,lf,0.307,0.424,315
61672,"SApp09,SApp22",mechanosensory_proprioceptive,sensory_ascending,SApp,DMetaN,R,campaniform sensilla,,,proprio,cls,campaniform,not_leg:DMetaN,high,lh,0.642,0.85,101
61865,SApp10,mechanosensory_proprioceptive,sensory_ascending,SApp,ADMN,L,campaniform sensilla,,,proprio,cls,campaniform,not_leg:ADMN,high,lh,0.437,0.609,524
62106,SApp19,mechanosensory_proprioceptive,sensory_ascending,SApp,ADMN,L,campaniform sensilla,,,proprio,cls,campaniform,not_leg:ADMN,high,rh,0.455,0.753,657
62196,SAxx02,unknown_sensory,sensory_ascending,SAxx,MetaLN,R,leg,,rh,unknown,none,,annotated,high,rh,0.602,0.728,1757
62985,SApp14,mechanosensory_proprioceptive,sensory_ascending,SApp,ADMN,L,campaniform sensilla,,,proprio,cls,campaniform,not_leg:ADMN,high,lh,0.429,0.617,858
63141,SApp04,mechanosensory_proprioceptive,sensory_ascending,SApp,ADMN,L,campaniform sensilla,,,proprio,cls,campaniform,not_leg:ADMN,high,lh,0.478,0.689,1473
63704,SApp14,mechanosensory_proprioceptive,sensory_ascending,SApp,ADMN,L,campaniform sensilla,,,proprio,cls,campaniform,not_leg:ADMN,high,lh,0.301,0.478,591
63911,SAxx02,unknown_sensory,sensory_ascending,SAxx,MesoLN,L,leg,,lm,unknown,none,,annotated,high,lm,0.534,0.589,1829
64272,"SApp09,SApp22",mechanosensory_proprioceptive,sensory_ascending,SApp,DMetaN,R,campaniform sensilla,,,proprio,cls,campaniform,not_leg:DMetaN,high,rh,0.371,0.483,137
64399,LgAG3,gustatory,sensory_ascending,LgAG,MesoLN,L,leg bristle,,lm,gustatory,cls,,annotated,high,rm,0.243,0.485,201
64607,LgAG3,gustatory,sensory_ascending,LgAG,MesoLN,R,leg bristle,,rm,gustatory,cls,,annotated,high,rm,0.52,0.704,367
64710,"SNxx27,SNxx29",unknown_sensory,sensory_ascending,SNxx,DProN,R,leg,,rf,unknown,none,,annotated,medium,rh,0.327,0.573,567
65252,SAxx02,unknown_sensory,sensory_ascending,SAxx,MetaLN,R,leg,,rh,unknown,none,,annotated,high,rh,0.543,0.711,2028
65912,"SApp11,SApp18",mechanosensory_proprioceptive,sensory_ascending,SApp,ADMN,L,campaniform sensilla,,,proprio,cls,campaniform,not_leg:ADMN,high,rh,0.241,0.453,424
67219,SAxx01,unknown_sensory,sensory_ascending,SAxx,AbN4,L,abdomen,,,unknown,none,,not_leg:AbN4,high,lm,0.372,0.439,349
67526,SApp10,mechanosensory_proprioceptive,sensory_ascending,SApp,ADMN,L,campaniform sensilla,,,proprio,cls,campaniform,not_leg:ADMN,high,lh,0.428,0.614,528
67946,SApp10,mechanosensory_proprioceptive,sensory_ascending,SApp,ADMN,L,campaniform sensilla,,,proprio,cls,campaniform,not_leg:ADMN,high,lh,0.409,0.56,364
68881,"SApp11,SApp18",mechanosensory_proprioceptive,sensory_ascending,SApp,ADMN,R,campaniform sensilla,,,proprio,cls,campaniform,not_leg:ADMN,high,rh,0.374,0.539,238
69544,LgAG3,gustatory,sensory_ascending,LgAG,MesoLN,L,leg bristle,,lm,gustatory,cls,,annotated,high,lm,0.42,0.738,265
70454,SApp08,mechanosensory_proprioceptive,sensory_ascending,SApp,DMetaN,R,campaniform sensilla,,,proprio,cls,campaniform,not_leg:DMetaN,high,rh,0.565,0.947,117
70598,SApp08,mechanosensory_proprioceptive,sensory_ascending,SApp,DMetaN,R,campaniform sensilla,,,proprio,cls,campaniform,not_leg:DMetaN,high,rm,0.551,0.583,87
70869,SAxx01,unknown_sensory,sensory_ascending,SAxx,AbN4,R,abdomen,,,unknown,none,,not_leg:AbN4,high,rh,0.347,0.689,358
71393,SApp,mechanosensory_proprioceptive,sensory_ascending,SApp,DMetaN,R,haltere,,,proprio,cls,untyped,not_leg:DMetaN,high,lh,0.491,0.633,208
71443,"SApp09,SApp22",mechanosensory_proprioceptive,sensory_ascending,SApp,DMetaN,R,campaniform sensilla,,,proprio,cls,campaniform,not_leg:DMetaN,high,rh,0.36,0.675,124
71760,SApp,mechanosensory_proprioceptive,sensory_ascending,SApp,DMetaN,R,haltere,,,proprio,cls,untyped,not_leg:DMetaN,high,lh,0.42,0.749,96
72797,SAxx01,unknown_sensory,sensory_ascending,SAxx,AbN4,L,abdomen,,,unknown,none,,not_leg:AbN4,high,lh,0.464,0.802,526
73646,LgAG7,gustatory,sensory_ascending,LgAG,ProLN,R,leg bristle,,rf,gustatory,cls,,annotated,high,lf,0.375,0.526,154
74629,SApp10,mechanosensory_proprioceptive,sensory_ascending,SApp,ADMN,R,campaniform sensilla,,,proprio,cls,campaniform,not_leg:ADMN,high,lh,0.331,0.597,220
75573,SApp,mechanosensory_proprioceptive,sensory_ascending,SApp,DMetaN,R,haltere,,,proprio,cls,untyped,not_leg:DMetaN,high,lf,0.356,0.436,114
75948,SApp10,mechanosensory_proprioceptive,sensory_ascending,SApp,ADMN,R,campaniform sensilla,,,proprio,cls,campaniform,not_leg:ADMN,high,lh,0.344,0.566,217
76330,LgAG7,gustatory,sensory_ascending,LgAG,ProLN,L,leg bristle,,lf,gustatory,cls,,annotated,high,lf,0.418,0.481,150
76553,SApp10,mechanosensory_proprioceptive,sensory_ascending,SApp,ADMN,L,campaniform sensilla,,,proprio,cls,campaniform,not_leg:ADMN,high,lh,0.41,0.571,402
76789,LgAG7,gustatory,sensory_ascending,LgAG,ProLN,L,leg bristle,,lf,gustatory,cls,,annotated,high,lf,0.447,0.505,172
76875,SApp14,mechanosensory_proprioceptive,sensory_ascending,SApp,ADMN,L,campaniform sensilla,,,proprio,cls,campaniform,not_leg:ADMN,high,lh,0.286,0.443,484
77796,"SApp09,SApp22",mechanosensory_proprioceptive,sensory_ascending,SApp,DMetaN,R,campaniform sensilla,,,proprio,cls,campaniform,not_leg:DMetaN,high,lh,0.716,0.862,91
78117,SApp,mechanosensory_proprioceptive,sensory_ascending,SApp,DMetaN,R,haltere,,,proprio,cls,untyped,not_leg:DMetaN,high,lh,0.364,0.616,93
78445,SApp08,mechanosensory_proprioceptive,sensory_ascending,SApp,DMetaN,R,campaniform sensilla,,,proprio,cls,campaniform,not_leg:DMetaN,high,lh,0.493,0.789,286
78845,SApp08,mechanosensory_proprioceptive,sensory_ascending,SApp,DMetaN,L,campaniform sensilla,,,proprio,cls,campaniform,not_leg:DMetaN,high,lh,0.518,0.801,202
79510,"SApp06,SApp15",mechanosensory_proprioceptive,sensory_ascending,SApp,DMetaN,R,campaniform sensilla,,,proprio,cls,campaniform,not_leg:DMetaN,high,lh,0.324,0.59,414
80279,"SApp06,SApp15",mechanosensory_proprioceptive,sensory_ascending,SApp,DMetaN,R,campaniform sensilla,,,proprio,cls,campaniform,not_leg:DMetaN,high,lh,0.737,0.854,79
80418,SApp10,mechanosensory_proprioceptive,sensory_ascending,SApp,ADMN,L,campaniform sensilla,,,proprio,cls,campaniform,not_leg:ADMN,high,rh,0.385,0.698,640
80766,SApp,mechanosensory_proprioceptive,sensory_ascending,SApp,DMetaN,R,haltere,,,proprio,cls,untyped,not_leg:DMetaN,high,lh,0.686,0.772,90
81283,"SApp09,SApp22",mechanosensory_proprioceptive,sensory_ascending,SApp,DMetaN,R,campaniform sensilla,,,proprio,cls,campaniform,not_leg:DMetaN,high,lh,0.546,0.802,226
81442,LgAG6,gustatory,sensory_ascending,LgAG,ProLN,L,leg bristle,,lf,gustatory,cls,,annotated,high,lf,1.0,1.0,158
82353,SApp20,mechanosensory_proprioceptive,sensory_ascending,SApp,ADMN,R,campaniform sensilla,,,proprio,cls,campaniform,not_leg:ADMN,high,rm,0.69,0.777,276
82770,"SApp09,SApp22",mechanosensory_proprioceptive,sensory_ascending,SApp,DMetaN,L,campaniform sensilla,,,proprio,cls,campaniform,not_leg:DMetaN,high,rh,0.535,0.807,57
82781,"SApp09,SApp22",mechanosensory_proprioceptive,sensory_ascending,SApp,DMetaN,R,campaniform sensilla,,,proprio,cls,campaniform,not_leg:DMetaN,high,rh,0.555,0.643,64
82990,"SApp09,SApp22",mechanosensory_proprioceptive,sensory_ascending,SApp,DMetaN,R,campaniform sensilla,,,proprio,cls,campaniform,not_leg:DMetaN,high,lh,0.454,0.692,262
83137,"SApp09,SApp22",mechanosensory_proprioceptive,sensory_ascending,SApp,DMetaN,L,campaniform sensilla,,,proprio,cls,campaniform,not_leg:DMetaN,high,lh,0.478,0.899,68
83255,SApp13,mechanosensory_proprioceptive,sensory_ascending,SApp,ADMN,L,campaniform sensilla,,,proprio,cls,campaniform,not_leg:ADMN,high,rh,0.414,0.695,745
84556,SApp,mechanosensory_proprioceptive,sensory_ascending,SApp,DMetaN,L,haltere,,,proprio,cls,untyped,not_leg:DMetaN,high,rh,0.384,0.628,131
84693,LgAG7,gustatory,sensory_ascending,LgAG,MesoLN,R,leg bristle,,rm,gustatory,cls,,annotated,high,rm,0.71,0.785,199
85089,LgAG7,gustatory,sensory_ascending,LgAG,ProLN,R,leg bristle,,rf,gustatory,cls,,annotated,medium,lf,0.7,1.0,124
85496,SApp19,mechanosensory_proprioceptive,sensory_ascending,SApp,ADMN,R,campaniform sensilla,,,proprio,cls,campaniform,not_leg:ADMN,high,rh,0.678,0.883,417
85566,"SApp06,SApp15",mechanosensory_proprioceptive,sensory_ascending,SApp,DMetaN,R,campaniform sensilla,,,proprio,cls,campaniform,not_leg:DMetaN,high,lh,0.548,0.805,219
85602,SApp04,mechanosensory_proprioceptive,sensory_ascending,SApp,ADMN,L,campaniform sensilla,,,proprio,cls,campaniform,not_leg:ADMN,high,lh,0.431,0.67,1178
86060,SApp23,mechanosensory_proprioceptive,sensory_ascending,SApp,MetaLN,R,chordotonal organ,,rh,proprio,cls,club,annotated,medium,lh,0.439,0.684,287
86945,"SApp09,SApp22",mechanosensory_proprioceptive,sensory_ascending,SApp,DMetaN,R,campaniform sensilla,,,proprio,cls,campaniform,not_leg:DMetaN,high,lh,0.436,0.597,66
87481,SApp08,mechanosensory_proprioceptive,sensory_ascending,SApp,DMetaN,L,campaniform sensilla,,,proprio,cls,campaniform,not_leg:DMetaN,high,lh,0.546,0.857,261
87710,LgAG2,gustatory,sensory_ascending,LgAG,ProLN,L,leg bristle,,lf,gustatory,cls,,annotated,high,lf,0.906,0.914,342
88089,SAxx01,unknown_sensory,sensory_ascending,SAxx,AbN4,R,abdomen,,,unknown,none,,not_leg:AbN4,high,lh,0.343,0.661,500
88111,SApp10,mechanosensory_proprioceptive,sensory_ascending,SApp,ADMN,R,campaniform sensilla,,,proprio,cls,campaniform,not_leg:ADMN,high,rh,0.474,0.745,280
88607,LgAG9,gustatory,sensory_ascending,LgAG,ProLN,L,leg bristle,,lf,gustatory,cls,,annotated,high,lf,0.644,0.744,188
89046,"SApp09,SApp22",mechanosensory_proprioceptive,sensory_ascending,SApp,DMetaN,L,campaniform sensilla,,,proprio,cls,campaniform,not_leg:DMetaN,high,rh,0.369,0.594,80
89347,"SApp09,SApp22",mechanosensory_proprioceptive,sensory_ascending,SApp,DMetaN,L,campaniform sensilla,,,proprio,cls,campaniform,not_leg:DMetaN,high,lh,0.361,0.698,62
89412,SAxx01,unknown_sensory,sensory_ascending,SAxx,AbN4,L,abdomen,,,unknown,none,,not_leg:AbN4,high,lm,0.336,0.462,391
90679,"SApp06,SApp15",mechanosensory_proprioceptive,sensory_ascending,SApp,DMetaN,R,campaniform sensilla,,,proprio,cls,campaniform,not_leg:DMetaN,high,lh,0.483,0.623,132
90840,SApp08,mechanosensory_proprioceptive,sensory_ascending,SApp,DMetaN,R,campaniform sensilla,,,proprio,cls,campaniform,not_leg:DMetaN,high,lh,0.42,0.673,390
91157,SApp13,mechanosensory_proprioceptive,sensory_ascending,SApp,ADMN,L,campaniform sensilla,,,proprio,cls,campaniform,not_leg:ADMN,high,lh,0.373,0.707,795
91221,LgAG2,gustatory,sensory_ascending,LgAG,ProLN,R,leg bristle,,rf,gustatory,cls,,annotated,medium,lf,1.0,1.0,218
91302,LgAG2,gustatory,sensory_ascending,LgAG,MesoLN,L,leg bristle,,lm,gustatory,cls,,annotated,high,lm,0.667,0.667,379
91500,"SApp06,SApp15",mechanosensory_proprioceptive,sensory_ascending,SApp,DMetaN,R,campaniform sensilla,,,proprio,cls,campaniform,not_leg:DMetaN,high,lh,0.564,0.761,145
91673,LgAG1,gustatory,sensory_ascending,LgAG,ProLN,L,leg bristle,,lf,gustatory,cls,,annotated,high,lf,0.319,0.538,963
92777,LgAG1,gustatory,sensory_ascending,LgAG,ProLN,L,leg bristle,,lf,gustatory,cls,,annotated,high,lf,0.336,0.461,917
92929,LgAG2,gustatory,sensory_ascending,LgAG,ProLN,L,leg bristle,,lf,gustatory,cls,,annotated,high,lf,0.911,0.92,326
93068,SApp,mechanosensory_proprioceptive,sensory_ascending,SApp,DMetaN,L,haltere,,,proprio,cls,untyped,not_leg:DMetaN,high,rh,0.439,0.586,129
93294,LgAG2,gustatory,sensory_ascending,LgAG,MesoLN,R,leg bristle,,rm,gustatory,cls,,annotated,medium,lf,0.534,0.637,371
93388,SApp19,mechanosensory_proprioceptive,sensory_ascending,SApp,ADMN,R,campaniform sensilla,,,proprio,cls,campaniform,not_leg:ADMN,high,rh,0.687,0.813,359
93838,SApp,mechanosensory_proprioceptive,sensory_ascending,SApp,DMetaN,R,haltere,,,proprio,cls,untyped,not_leg:DMetaN,high,lh,0.444,0.802,127
93955,SApp08,mechanosensory_proprioceptive,sensory_ascending,SApp,DMetaN,L,campaniform sensilla,,,proprio,cls,campaniform,not_leg:DMetaN,high,rh,0.505,0.877,185
94281,LgAG1,gustatory,sensory_ascending,LgAG,ProLN,L,leg bristle,,lf,gustatory,cls,,annotated,high,rm,0.295,0.568,951
94367,LgAG2,gustatory,sensory_ascending,LgAG,MesoLN,R,leg bristle,,rm,gustatory,cls,,annotated,medium,lf,0.485,0.587,368
94382,SApp13,mechanosensory_proprioceptive,sensory_ascending,SApp,ADMN,R,campaniform sensilla,,,proprio,cls,campaniform,not_leg:ADMN,high,rh,0.474,0.705,380
94603,SApp01,mechanosensory_proprioceptive,sensory_ascending,SApp,DMetaN,R,campaniform sensilla,,,proprio,cls,campaniform,not_leg:DMetaN,high,lh,0.369,0.499,169
94719,LgAG1,gustatory,sensory_ascending,LgAG,ProLN,L,leg bristle,,lf,gustatory,cls,,annotated,high,lf,0.321,0.49,877
94995,LgAG1,gustatory,sensory_ascending,LgAG,ProLN,L,leg bristle,,lf,gustatory,cls,,annotated,high,lf,0.332,0.523,725
95011,SApp,mechanosensory_proprioceptive,sensory_ascending,SApp,DMetaN,R,haltere,,,proprio,cls,untyped,not_leg:DMetaN,high,rm,0.615,0.63,73
95057,LgAG3,gustatory,sensory_ascending,LgAG,MetaLN,L,leg bristle,,lh,gustatory,cls,,annotated,high,lh,0.317,0.411,302
95462,LgAG9,gustatory,sensory_ascending,LgAG,ProLN,R,leg bristle,,rf,gustatory,cls,,annotated,medium,lf,0.724,0.878,298
95900,LgAG1,gustatory,sensory_ascending,LgAG,ProLN,R,leg bristle,,rf,gustatory,cls,,annotated,high,rm,0.389,0.52,739
96002,SApp08,mechanosensory_proprioceptive,sensory_ascending,SApp,DMetaN,R,campaniform sensilla,,,proprio,cls,campaniform,not_leg:DMetaN,high,lh,0.428,0.748,174
96040,SApp,mechanosensory_proprioceptive,sensory_ascending,SApp,DMetaN,R,haltere,,,proprio,cls,untyped,not_leg:DMetaN,high,lh,0.532,0.847,71
96068,SApp,mechanosensory_proprioceptive,sensory_ascending,SApp,DMetaN,R,haltere,,,proprio,cls,untyped,not_leg:DMetaN,high,lh,0.744,0.812,89
96994,SApp08,mechanosensory_proprioceptive,sensory_ascending,SApp,DMetaN,L,campaniform sensilla,,,proprio,cls,campaniform,not_leg:DMetaN,high,lh,0.463,0.832,319
97180,LgAG9,gustatory,sensory_ascending,LgAG,ProLN,R,leg bristle,,rf,gustatory,cls,,annotated,medium,lf,0.648,0.87,269
97567,"SApp06,SApp15",mechanosensory_proprioceptive,sensory_ascending,SApp,DMetaN,L,campaniform sensilla,,,proprio,cls,campaniform,not_leg:DMetaN,high,lh,0.52,0.774,165
98280,SApp08,mechanosensory_proprioceptive,sensory_ascending,SApp,DMetaN,R,campaniform sensilla,,,proprio,cls,campaniform,not_leg:DMetaN,high,lh,0.532,0.73,138
98952,SApp08,mechanosensory_proprioceptive,sensory_ascending,SApp,DMetaN,R,campaniform sensilla,,,proprio,cls,campaniform,not_leg:DMetaN,high,lh,0.564,0.871,152
99217,SApp,mechanosensory_proprioceptive,sensory_ascending,SApp,DMetaN,R,haltere,,,proprio,cls,untyped,not_leg:DMetaN,high,lh,0.541,0.677,318
99240,SApp,mechanosensory_proprioceptive,sensory_ascending,SApp,DMetaN,L,haltere,,,proprio,cls,untyped,not_leg:DMetaN,high,rh,0.375,0.553,173
99260,"SApp06,SApp15",mechanosensory_proprioceptive,sensory_ascending,SApp,DMetaN,R,campaniform sensilla,,,proprio,cls,campaniform,not_leg:DMetaN,high,lh,0.478,0.629,113
99350,SApp,mechanosensory_proprioceptive,sensory_ascending,SApp,DMetaN,R,haltere,,,proprio,cls,untyped,not_leg:DMetaN,high,lh,0.481,0.742,148
99407,SApp08,mechanosensory_proprioceptive,sensory_ascending,SApp,DMetaN,R,campaniform sensilla,,,proprio,cls,campaniform,not_leg:DMetaN,high,rh,0.431,0.797,80
99569,"SApp09,SApp22",mechanosensory_proprioceptive,sensory_ascending,SApp,DMetaN,R,campaniform sensilla,,,proprio,cls,campaniform,not_leg:DMetaN,high,lh,0.372,0.525,99
100359,LgAG1,gustatory,sensory_ascending,LgAG,MesoLN,L,leg bristle,,lm,gustatory,cls,,annotated,high,lm,0.486,0.721,844
100532,"SApp09,SApp22",mechanosensory_proprioceptive,sensory_ascending,SApp,DMetaN,L,campaniform sensilla,,,proprio,cls,campaniform,not_leg:DMetaN,high,lh,0.424,0.727,104
100755,"SApp09,SApp22",mechanosensory_proprioceptive,sensory_ascending,SApp,DMetaN,R,campaniform sensilla,,,proprio,cls,campaniform,not_leg:DMetaN,high,lh,0.511,0.813,124
100816,SApp13,mechanosensory_proprioceptive,sensory_ascending,SApp,ADMN,R,campaniform sensilla,,,proprio,cls,campaniform,not_leg:ADMN,high,rm,0.278,0.509,404
101032,LgAG1,gustatory,sensory_ascending,LgAG,MesoLN,R,leg bristle,,rm,gustatory,cls,,annotated,high,rm,0.565,0.672,785
101048,SApp,mechanosensory_proprioceptive,sensory_ascending,SApp,DMetaN,R,haltere,,,proprio,cls,untyped,not_leg:DMetaN,high,lh,0.328,0.556,644
101558,"SApp09,SApp22",mechanosensory_proprioceptive,sensory_ascending,SApp,DMetaN,L,campaniform sensilla,,,proprio,cls,campaniform,not_leg:DMetaN,high,rh,1.0,1.0,35
101919,"SApp06,SApp15",mechanosensory_proprioceptive,sensory_ascending,SApp,DMetaN,R,campaniform sensilla,,,proprio,cls,campaniform,not_leg:DMetaN,high,lh,0.548,0.749,72
102006,SApp19,mechanosensory_proprioceptive,sensory_ascending,SApp,ADMN,R,campaniform sensilla,,,proprio,cls,campaniform,not_leg:ADMN,high,rh,0.837,1.0,260
102277,LgAG1,gustatory,sensory_ascending,LgAG,MesoLN,L,leg bristle,,lm,gustatory,cls,,annotated,high,lm,0.482,0.693,979
102868,SApp01,mechanosensory_proprioceptive,sensory_ascending,SApp,DMetaN,L,campaniform sensilla,,,proprio,cls,campaniform,not_leg:DMetaN,high,lh,0.576,0.874,186
103311,"SApp09,SApp22",mechanosensory_proprioceptive,sensory_ascending,SApp,DMetaN,R,campaniform sensilla,,,proprio,cls,campaniform,not_leg:DMetaN,high,lh,0.423,0.72,363
104118,LgAG1,gustatory,sensory_ascending,LgAG,MesoLN,R,leg bristle,,rm,gustatory,cls,,annotated,high,rm,0.579,0.682,774
104481,SApp,mechanosensory_proprioceptive,sensory_ascending,SApp,DMetaN,R,haltere,,,proprio,cls,untyped,not_leg:DMetaN,high,rm,0.349,0.463,68
104602,SApp23,mechanosensory_proprioceptive,sensory_ascending,SApp,MesoLN,R,chordotonal organ,,rm,proprio,cls,club,annotated,high,lh,0.395,0.527,336
104605,"SApp09,SApp22",mechanosensory_proprioceptive,sensory_ascending,SApp,DMetaN,L,campaniform sensilla,,,proprio,cls,campaniform,not_leg:DMetaN,high,lh,0.322,0.531,332
104610,"SApp09,SApp22",mechanosensory_proprioceptive,sensory_ascending,SApp,DMetaN,L,campaniform sensilla,,,proprio,cls,campaniform,not_leg:DMetaN,high,rh,0.337,0.553,89
105240,SApp01,mechanosensory_proprioceptive,sensory_ascending,SApp,DMetaN,R,campaniform sensilla,,,proprio,cls,campaniform,not_leg:DMetaN,high,lh,0.31,0.569,129
105298,SApp23,mechanosensory_proprioceptive,sensory_ascending,SApp,MetaLN,R,chordotonal organ,,rh,proprio,cls,club,annotated,medium,lh,0.422,0.622,301
105964,LgAG1,gustatory,sensory_ascending,LgAG,ProLN,R,leg bristle,,rf,gustatory,cls,,annotated,medium,rm,0.43,0.559,709
106125,"SApp06,SApp15",mechanosensory_proprioceptive,sensory_ascending,SApp,DMetaN,R,campaniform sensilla,,,proprio,cls,campaniform,not_leg:DMetaN,high,lh,0.414,0.681,468
106132,SApp,mechanosensory_proprioceptive,sensory_ascending,SApp,DMetaN,L,haltere,,,proprio,cls,untyped,not_leg:DMetaN,high,lh,0.352,0.595,123
107137,SApp,mechanosensory_proprioceptive,sensory_ascending,SApp,DMetaN,R,haltere,,,proprio,cls,untyped,not_leg:DMetaN,high,lh,0.43,0.46,68
107282,"SApp09,SApp22",mechanosensory_proprioceptive,sensory_ascending,SApp,DMetaN,L,campaniform sensilla,,,proprio,cls,campaniform,not_leg:DMetaN,high,rh,0.544,0.73,153
107573,SApp23,mechanosensory_proprioceptive,sensory_ascending,SApp,ProLN,R,chordotonal organ,,rf,proprio,cls,club,annotated,medium,lm,0.419,0.537,58
107589,LgAG4,gustatory,sensory_ascending,LgAG,MesoLN,R,leg bristle,,rm,gustatory,cls,,annotated,high,rm,0.285,0.501,361
107860,LgAG1,gustatory,sensory_ascending,LgAG,MesoLN,R,leg bristle,,rm,gustatory,cls,,annotated,high,rm,0.614,0.73,779
108339,SApp,mechanosensory_proprioceptive,sensory_ascending,SApp,DMetaN,R,haltere,,,proprio,cls,untyped,not_leg:DMetaN,high,lh,0.409,0.718,85
108436,LgAG1,gustatory,sensory_ascending,LgAG,ProLN,R,leg bristle,,rf,gustatory,cls,,annotated,medium,rm,0.426,0.543,742
108865,LgAG1,gustatory,sensory_ascending,LgAG,MesoLN,R,leg bristle,,rm,gustatory,cls,,annotated,high,rm,0.615,0.718,919
108941,"SApp09,SApp22",mechanosensory_proprioceptive,sensory_ascending,SApp,DMetaN,L,campaniform sensilla,,,proprio,cls,campaniform,not_leg:DMetaN,high,lh,0.374,0.679,331
109214,SApp,mechanosensory_proprioceptive,sensory_ascending,SApp,DMetaN,L,haltere,,,proprio,cls,untyped,not_leg:DMetaN,high,lh,0.773,0.964,174
109521,"SApp09,SApp22",mechanosensory_proprioceptive,sensory_ascending,SApp,DMetaN,R,campaniform sensilla,,,proprio,cls,campaniform,not_leg:DMetaN,high,rh,0.336,0.657,231
109547,"SApp09,SApp22",mechanosensory_proprioceptive,sensory_ascending,SApp,DMetaN,R,campaniform sensilla,,,proprio,cls,campaniform,not_leg:DMetaN,high,lh,0.484,0.69,374
109763,"SApp09,SApp22",mechanosensory_proprioceptive,sensory_ascending,SApp,DMetaN,R,campaniform sensilla,,,proprio,cls,campaniform,not_leg:DMetaN,high,lh,0.345,0.629,85
110202,"SApp09,SApp22",mechanosensory_proprioceptive,sensory_ascending,SApp,DMetaN,R,campaniform sensilla,,,proprio,cls,campaniform,not_leg:DMetaN,high,lh,0.389,0.618,282
110249,LgAG1,gustatory,sensory_ascending,LgAG,MetaLN,R,leg bristle,,rh,gustatory,cls,,annotated,high,rh,0.406,0.493,924
110253,LgAG1,gustatory,sensory_ascending,LgAG,MetaLN,L,leg bristle,,lh,gustatory,cls,,annotated,high,rm,0.326,0.566,708
110353,SApp,mechanosensory_proprioceptive,sensory_ascending,SApp,DMetaN,R,haltere,,,proprio,cls,untyped,not_leg:DMetaN,high,lh,0.403,0.497,104
110525,SApp,mechanosensory_proprioceptive,sensory_ascending,SApp,DMetaN,R,haltere,,,proprio,cls,untyped,not_leg:DMetaN,high,lh,0.519,0.812,106
110937,LgAG1,gustatory,sensory_ascending,LgAG,MesoLN,L,leg bristle,,lm,gustatory,cls,,annotated,high,lm,0.499,0.715,762
111052,SApp,mechanosensory_proprioceptive,sensory_ascending,SApp,DMetaN,R,haltere,,,proprio,cls,untyped,not_leg:DMetaN,high,lh,0.268,0.527,532
111523,SApp23,mechanosensory_proprioceptive,sensory_ascending,SApp,MesoLN,R,chordotonal organ,,rm,proprio,cls,club,annotated,medium,lh,0.434,0.565,117
111577,SApp08,mechanosensory_proprioceptive,sensory_ascending,SApp,DMetaN,L,campaniform sensilla,,,proprio,cls,campaniform,not_leg:DMetaN,high,lh,0.524,0.865,234
111859,SApp,mechanosensory_proprioceptive,sensory_ascending,SApp,DMetaN,R,haltere,,,proprio,cls,untyped,not_leg:DMetaN,high,lh,0.336,0.623,728
111872,LgAG1,gustatory,sensory_ascending,LgAG,ProLN,R,leg bristle,,rf,gustatory,cls,,annotated,medium,rm,0.43,0.589,668
112349,SApp,mechanosensory_proprioceptive,sensory_ascending,SApp,DMetaN,R,haltere,,,proprio,cls,untyped,not_leg:DMetaN,high,lh,0.471,0.532,109
112469,LgAG1,gustatory,sensory_ascending,LgAG,MetaLN,R,leg bristle,,rh,gustatory,cls,,annotated,high,rm,0.345,0.459,730
112864,SApp23,mechanosensory_proprioceptive,sensory_ascending,SApp,MesoLN,L,chordotonal organ,,lm,proprio,cls,club,annotated,medium,lh,0.528,0.654,253
113192,SApp23,mechanosensory_proprioceptive,sensory_ascending,SApp,MesoLN,R,chordotonal organ,,rm,proprio,cls,club,annotated,medium,lh,0.419,0.556,309
113457,SApp23,mechanosensory_proprioceptive,sensory_ascending,SApp,MetaLN,R,chordotonal organ,,rh,proprio,cls,club,annotated,high,lh,0.392,0.705,297
113655,"SApp09,SApp22",mechanosensory_proprioceptive,sensory_ascending,SApp,DMetaN,R,campaniform sensilla,,,proprio,cls,campaniform,not_leg:DMetaN,high,rh,0.357,0.657,127
114858,LgAG3,gustatory,sensory_ascending,LgAG,MetaLN,R,leg bristle,,rh,gustatory,cls,,annotated,high,lf,0.39,0.526,221
114917,SApp23,mechanosensory_proprioceptive,sensory_ascending,SApp,MesoLN,L,chordotonal organ,,lm,proprio,cls,club,annotated,medium,lh,0.509,0.702,416
115809,SApp,mechanosensory_proprioceptive,sensory_ascending,SApp,DMetaN,R,haltere,,,proprio,cls,untyped,not_leg:DMetaN,high,rh,0.278,0.503,490
116066,LgAG4,gustatory,sensory_ascending,LgAG,MetaLN,L,leg bristle,,lh,gustatory,cls,,annotated,high,lf,0.384,0.464,230
117027,SApp,mechanosensory_proprioceptive,sensory_ascending,SApp,DMetaN,L,haltere,,,proprio,cls,untyped,not_leg:DMetaN,high,rh,0.52,0.919,100
117577,LgAG4,gustatory,sensory_ascending,LgAG,MesoLN,R,leg bristle,,rm,gustatory,cls,,annotated,high,lf,0.329,0.461,378
117729,"SApp09,SApp22",mechanosensory_proprioceptive,sensory_ascending,SApp,DMetaN,R,campaniform sensilla,,,proprio,cls,campaniform,not_leg:DMetaN,high,lh,0.329,0.653,64
117741,LgAG3,gustatory,sensory_ascending,LgAG,MetaLN,L,leg bristle,,lh,gustatory,cls,,annotated,high,lh,0.485,0.514,273
118190,SApp10,mechanosensory_proprioceptive,sensory_ascending,SApp,ADMN,R,campaniform sensilla,,,proprio,cls,campaniform,not_leg:ADMN,high,rh,0.484,0.732,256
118236,SApp,mechanosensory_proprioceptive,sensory_ascending,SApp,DMetaN,R,haltere,,,proprio,cls,untyped,not_leg:DMetaN,high,rm,0.287,0.561,558
118641,"SApp06,SApp15",mechanosensory_proprioceptive,sensory_ascending,SApp,DMetaN,R,campaniform sensilla,,,proprio,cls,campaniform,not_leg:DMetaN,high,lh,0.48,0.673,461
119214,"SApp09,SApp22",mechanosensory_proprioceptive,sensory_ascending,SApp,DMetaN,L,campaniform sensilla,,,proprio,cls,campaniform,not_leg:DMetaN,high,rh,0.68,0.841,112
119228,SApp,mechanosensory_proprioceptive,sensory_ascending,SApp,DMetaN,L,haltere,,,proprio,cls,untyped,not_leg:DMetaN,high,rh,0.33,0.614,575
119877,"SApp09,SApp22",mechanosensory_proprioceptive,sensory_ascending,SApp,DMetaN,L,campaniform sensilla,,,proprio,cls,campaniform,not_leg:DMetaN,high,rh,0.549,0.718,67
119972,SApp23,mechanosensory_proprioceptive,sensory_ascending,SApp,MesoLN,R,chordotonal organ,,rm,proprio,cls,club,annotated,high,lh,0.389,0.567,310
120169,"SApp06,SApp15",mechanosensory_proprioceptive,sensory_ascending,SApp,DMetaN,L,campaniform sensilla,,,proprio,cls,campaniform,not_leg:DMetaN,high,rh,0.34,0.633,529
120242,"SApp09,SApp22",mechanosensory_proprioceptive,sensory_ascending,SApp,DMetaN,R,campaniform sensilla,,,proprio,cls,campaniform,not_leg:DMetaN,high,lh,0.563,0.855,272
120318,"SApp09,SApp22",mechanosensory_proprioceptive,sensory_ascending,SApp,DMetaN,L,campaniform sensilla,,,proprio,cls,campaniform,not_leg:DMetaN,high,lh,0.449,0.758,392
120857,"SApp09,SApp22",mechanosensory_proprioceptive,sensory_ascending,SApp,DMetaN,R,campaniform sensilla,,,proprio,cls,campaniform,not_leg:DMetaN,high,lh,0.662,0.778,95
121271,SApp,mechanosensory_proprioceptive,sensory_ascending,SApp,DMetaN,R,haltere,,,proprio,cls,untyped,not_leg:DMetaN,high,lh,0.283,0.561,429
122141,SApp08,mechanosensory_proprioceptive,sensory_ascending,SApp,DMetaN,R,campaniform sensilla,,,proprio,cls,campaniform,not_leg:DMetaN,high,lh,0.508,0.679,159
122413,SApp,mechanosensory_proprioceptive,sensory_ascending,SApp,DMetaN,R,haltere,,,proprio,cls,untyped,not_leg:DMetaN,high,lh,0.617,0.92,169
122460,"SApp09,SApp22",mechanosensory_proprioceptive,sensory_ascending,SApp,DMetaN,R,campaniform sensilla,,,proprio,cls,campaniform,not_leg:DMetaN,high,lh,0.374,0.595,117
122489,"SApp09,SApp22",mechanosensory_proprioceptive,sensory_ascending,SApp,DMetaN,L,campaniform sensilla,,,proprio,cls,campaniform,not_leg:DMetaN,high,rh,0.682,1.0,39
122753,"SApp09,SApp22",mechanosensory_proprioceptive,sensory_ascending,SApp,DMetaN,L,campaniform sensilla,,,proprio,cls,campaniform,not_leg:DMetaN,high,lh,0.418,0.674,200
122992,"SApp09,SApp22",mechanosensory_proprioceptive,sensory_ascending,SApp,DMetaN,L,campaniform sensilla,,,proprio,cls,campaniform,not_leg:DMetaN,high,rh,0.323,0.603,150
123191,LgAG2,gustatory,sensory_ascending,LgAG,MetaLN,R,leg bristle,,rh,gustatory,cls,,annotated,high,rh,0.521,0.521,222
123524,SApp,mechanosensory_proprioceptive,sensory_ascending,SApp,DMetaN,R,haltere,,,proprio,cls,untyped,not_leg:DMetaN,high,lh,0.416,0.539,95
123566,"SApp09,SApp22",mechanosensory_proprioceptive,sensory_ascending,SApp,DMetaN,R,campaniform sensilla,,,proprio,cls,campaniform,not_leg:DMetaN,high,lh,0.329,0.611,263
123771,LgAG1,gustatory,sensory_ascending,LgAG,MetaLN,R,leg bristle,,rh,gustatory,cls,,annotated,high,rh,0.355,0.445,692
124001,SApp13,mechanosensory_proprioceptive,sensory_ascending,SApp,ADMN,L,campaniform sensilla,,,proprio,cls,campaniform,not_leg:ADMN,high,lh,0.405,0.694,780
124189,"SApp09,SApp22",mechanosensory_proprioceptive,sensory_ascending,SApp,DMetaN,L,campaniform sensilla,,,proprio,cls,campaniform,not_leg:DMetaN,high,lh,0.392,0.52,122
124465,SApp08,mechanosensory_proprioceptive,sensory_ascending,SApp,DMetaN,L,campaniform sensilla,,,proprio,cls,campaniform,not_leg:DMetaN,high,lh,0.528,0.748,159
124505,SApp,mechanosensory_proprioceptive,sensory_ascending,SApp,DMetaN,L,haltere,,,proprio,cls,untyped,not_leg:DMetaN,high,rh,0.32,0.634,535
124567,"SApp06,SApp15",mechanosensory_proprioceptive,sensory_ascending,SApp,DMetaN,R,campaniform sensilla,,,proprio,cls,campaniform,not_leg:DMetaN,high,lh,0.459,0.659,341
124570,"SApp06,SApp15",mechanosensory_proprioceptive,sensory_ascending,SApp,DMetaN,R,campaniform sensilla,,,proprio,cls,campaniform,not_leg:DMetaN,high,lh,0.338,0.505,340
125825,"SApp09,SApp22",mechanosensory_proprioceptive,sensory_ascending,SApp,DMetaN,R,campaniform sensilla,,,proprio,cls,campaniform,not_leg:DMetaN,high,lh,0.676,0.785,48
125890,SApp,mechanosensory_proprioceptive,sensory_ascending,SApp,DMetaN,R,haltere,,,proprio,cls,untyped,not_leg:DMetaN,high,rh,0.421,0.734,81
125942,SApp08,mechanosensory_proprioceptive,sensory_ascending,SApp,DMetaN,R,campaniform sensilla,,,proprio,cls,campaniform,not_leg:DMetaN,high,lh,0.539,0.949,124
126215,SApp08,mechanosensory_proprioceptive,sensory_ascending,SApp,DMetaN,L,campaniform sensilla,,,proprio,cls,campaniform,not_leg:DMetaN,high,lh,0.584,0.867,138
128061,SApp08,mechanosensory_proprioceptive,sensory_ascending,SApp,DMetaN,L,campaniform sensilla,,,proprio,cls,campaniform,not_leg:DMetaN,high,lh,0.572,0.889,272
128531,"SApp09,SApp22",mechanosensory_proprioceptive,sensory_ascending,SApp,DMetaN,L,campaniform sensilla,,,proprio,cls,campaniform,not_leg:DMetaN,high,rh,0.532,0.717,87
128834,SApp,mechanosensory_proprioceptive,sensory_ascending,SApp,DMetaN,L,haltere,,,proprio,cls,untyped,not_leg:DMetaN,high,lh,0.316,0.588,560
129014,SApp23,mechanosensory_proprioceptive,sensory_ascending,SApp,MetaLN,L,chordotonal organ,,lh,proprio,cls,club,annotated,high,lh,0.558,0.762,362
129205,SApp,mechanosensory_proprioceptive,sensory_ascending,SApp,DMetaN,R,haltere,,,proprio,cls,untyped,not_leg:DMetaN,high,lh,0.273,0.494,289
129361,SApp08,mechanosensory_proprioceptive,sensory_ascending,SApp,DMetaN,R,campaniform sensilla,,,proprio,cls,campaniform,not_leg:DMetaN,high,rh,0.366,0.593,198
129503,SApp08,mechanosensory_proprioceptive,sensory_ascending,SApp,DMetaN,L,campaniform sensilla,,,proprio,cls,campaniform,not_leg:DMetaN,high,lh,0.477,0.723,230
130228,LgAG1,gustatory,sensory_ascending,LgAG,MetaLN,R,leg bristle,,rh,gustatory,cls,,annotated,high,rh,0.448,0.535,721
130347,LgAG1,gustatory,sensory_ascending,LgAG,MetaLN,L,leg bristle,,lh,gustatory,cls,,annotated,high,lm,0.321,0.581,512
131475,SApp01,mechanosensory_proprioceptive,sensory_ascending,SApp,DMetaN,R,campaniform sensilla,,,proprio,cls,campaniform,not_leg:DMetaN,high,lh,0.338,0.546,207
132009,SApp,mechanosensory_proprioceptive,sensory_ascending,SApp,DMetaN,L,haltere,,,proprio,cls,untyped,not_leg:DMetaN,high,rh,0.318,0.562,715
132393,"SApp06,SApp15",mechanosensory_proprioceptive,sensory_ascending,SApp,DMetaN,R,campaniform sensilla,,,proprio,cls,campaniform,not_leg:DMetaN,high,lh,0.394,0.549,422
133115,SApp13,mechanosensory_proprioceptive,sensory_ascending,SApp,ADMN,R,campaniform sensilla,,,proprio,cls,campaniform,not_leg:ADMN,high,rh,0.324,0.584,350
133389,"SApp09,SApp22",mechanosensory_proprioceptive,sensory_ascending,SApp,DMetaN,R,campaniform sensilla,,,proprio,cls,campaniform,not_leg:DMetaN,high,lh,0.493,0.584,212
133408,SApp08,mechanosensory_proprioceptive,sensory_ascending,SApp,DMetaN,L,campaniform sensilla,,,proprio,cls,campaniform,not_leg:DMetaN,high,lh,0.515,0.915,129
133908,"SApp06,SApp15",mechanosensory_proprioceptive,sensory_ascending,SApp,DMetaN,L,campaniform sensilla,,,proprio,cls,campaniform,not_leg:DMetaN,high,lf,0.329,0.512,414
134187,SApp,mechanosensory_proprioceptive,sensory_ascending,SApp,DMetaN,L,haltere,,,proprio,cls,untyped,not_leg:DMetaN,high,lh,0.59,0.933,88
134546,SApp,mechanosensory_proprioceptive,sensory_ascending,SApp,DMetaN,R,haltere,,,proprio,cls,untyped,not_leg:DMetaN,high,lh,0.519,0.636,108
135305,SApp23,mechanosensory_proprioceptive,sensory_ascending,SApp,ProLN,L,chordotonal organ,,lf,proprio,cls,club,annotated,medium,lh,0.491,0.685,164
135347,SApp,mechanosensory_proprioceptive,sensory_ascending,SApp,DMetaN,R,haltere,,,proprio,cls,untyped,not_leg:DMetaN,high,lf,0.322,0.456,133
136203,SApp08,mechanosensory_proprioceptive,sensory_ascending,SApp,DMetaN,R,campaniform sensilla,,,proprio,cls,campaniform,not_leg:DMetaN,high,lh,0.517,0.766,271
136454,SApp,mechanosensory_proprioceptive,sensory_ascending,SApp,DMetaN,L,haltere,,,proprio,cls,untyped,not_leg:DMetaN,high,lh,0.384,0.615,921
136883,SApp,mechanosensory_proprioceptive,sensory_ascending,SApp,DMetaN,L,haltere,,,proprio,cls,untyped,not_leg:DMetaN,high,rh,0.333,0.587,866
137825,"SApp09,SApp22",mechanosensory_proprioceptive,sensory_ascending,SApp,DMetaN,L,campaniform sensilla,,,proprio,cls,campaniform,not_leg:DMetaN,high,rh,0.285,0.533,208
138205,SApp,mechanosensory_proprioceptive,sensory_ascending,SApp,DMetaN,R,haltere,,,proprio,cls,untyped,not_leg:DMetaN,high,lh,0.4,0.563,653
138437,LgAG8,gustatory,sensory_ascending,LgAG,MesoLN,R,leg bristle,,rm,gustatory,cls,,annotated,medium,rh,0.488,0.626,47
138625,SApp,mechanosensory_proprioceptive,sensory_ascending,SApp,DMetaN,L,haltere,,,proprio,cls,untyped,not_leg:DMetaN,high,lh,0.723,0.93,108
138981,SApp,mechanosensory_proprioceptive,sensory_ascending,SApp,DMetaN,R,haltere,,,proprio,cls,untyped,not_leg:DMetaN,high,lh,0.491,0.659,443
139217,SApp01,mechanosensory_proprioceptive,sensory_ascending,SApp,DMetaN,R,campaniform sensilla,,,proprio,cls,campaniform,not_leg:DMetaN,high,rh,0.286,0.479,151
139218,SApp,mechanosensory_proprioceptive,sensory_ascending,SApp,DMetaN,R,haltere,,,proprio,cls,untyped,not_leg:DMetaN,high,rh,0.366,0.605,577
139538,SApp,mechanosensory_proprioceptive,sensory_ascending,SApp,DMetaN,R,haltere,,,proprio,cls,untyped,not_leg:DMetaN,high,lh,0.314,0.58,944
140432,"SApp09,SApp22",mechanosensory_proprioceptive,sensory_ascending,SApp,DMetaN,L,campaniform sensilla,,,proprio,cls,campaniform,not_leg:DMetaN,high,rh,0.486,0.709,107
140748,"SApp09,SApp22",mechanosensory_proprioceptive,sensory_ascending,SApp,DMetaN,L,campaniform sensilla,,,proprio,cls,campaniform,not_leg:DMetaN,high,lh,0.405,0.582,103
140790,LgAG8,gustatory,sensory_ascending,LgAG,MetaLN,R,leg bristle,,rh,gustatory,cls,,annotated,medium,rm,0.461,0.67,90
140838,SApp,mechanosensory_proprioceptive,sensory_ascending,SApp,DMetaN,R,haltere,,,proprio,cls,untyped,not_leg:DMetaN,high,lh,0.374,0.587,730
141234,LgAG8,gustatory,sensory_ascending,LgAG,MetaLN,R,leg bristle,,rh,gustatory,cls,,annotated,medium,lf,0.5,0.5,59
141508,SApp,mechanosensory_proprioceptive,sensory_ascending,SApp,DMetaN,L,haltere,,,proprio,cls,untyped,not_leg:DMetaN,high,lm,0.329,0.459,222
142571,SApp23,mechanosensory_proprioceptive,sensory_ascending,SApp,ProLN,L,chordotonal organ,,lf,proprio,cls,club,annotated,medium,lh,0.712,0.801,47
142880,SApp08,mechanosensory_proprioceptive,sensory_ascending,SApp,DMetaN,L,campaniform sensilla,,,proprio,cls,campaniform,not_leg:DMetaN,high,rh,0.461,0.756,191
143017,"SApp09,SApp22",mechanosensory_proprioceptive,sensory_ascending,SApp,DMetaN,L,campaniform sensilla,,,proprio,cls,campaniform,not_leg:DMetaN,high,lh,0.436,0.669,554
143082,"SApp06,SApp15",mechanosensory_proprioceptive,sensory_ascending,SApp,DMetaN,L,campaniform sensilla,,,proprio,cls,campaniform,not_leg:DMetaN,high,lf,0.315,0.45,176
143196,"SApp06,SApp15",mechanosensory_proprioceptive,sensory_ascending,SApp,DMetaN,R,campaniform sensilla,,,proprio,cls,campaniform,not_leg:DMetaN,high,lh,0.542,0.769,329
144434,"SApp09,SApp22",mechanosensory_proprioceptive,sensory_ascending,SApp,DMetaN,R,campaniform sensilla,,,proprio,cls,campaniform,not_leg:DMetaN,high,lh,0.389,0.636,622
144662,SApp13,mechanosensory_proprioceptive,sensory_ascending,SApp,ADMN,L,campaniform sensilla,,,proprio,cls,campaniform,not_leg:ADMN,high,lh,0.466,0.659,665
144990,LgAG8,gustatory,sensory_ascending,LgAG,MetaLN,L,leg bristle,,lh,gustatory,cls,,annotated,medium,lf,1.0,1.0,62
145433,SApp,mechanosensory_proprioceptive,sensory_ascending,SApp,DMetaN,R,haltere,,,proprio,cls,untyped,not_leg:DMetaN,high,lh,0.306,0.533,341
145554,SApp08,mechanosensory_proprioceptive,sensory_ascending,SApp,DMetaN,L,campaniform sensilla,,,proprio,cls,campaniform,not_leg:DMetaN,high,rh,0.464,0.724,350
145804,"SApp06,SApp15",mechanosensory_proprioceptive,sensory_ascending,SApp,DMetaN,R,campaniform sensilla,,,proprio,cls,campaniform,not_leg:DMetaN,high,lh,0.46,0.564,339
145821,SApp,mechanosensory_proprioceptive,sensory_ascending,SApp,DMetaN,L,haltere,,,proprio,cls,untyped,not_leg:DMetaN,high,lh,0.305,0.515,671
146224,SApp,mechanosensory_proprioceptive,sensory_ascending,SApp,DMetaN,L,haltere,,,proprio,cls,untyped,not_leg:DMetaN,high,lh,0.793,0.892,98
146426,SApp01,mechanosensory_proprioceptive,sensory_ascending,SApp,DMetaN,L,campaniform sensilla,,,proprio,cls,campaniform,not_leg:DMetaN,high,lh,0.391,0.611,254
146485,"SApp06,SApp15",mechanosensory_proprioceptive,sensory_ascending,SApp,DMetaN,L,campaniform sensilla,,,proprio,cls,campaniform,not_leg:DMetaN,high,lh,0.411,0.747,331
146824,SApp,mechanosensory_proprioceptive,sensory_ascending,SApp,DMetaN,L,haltere,,,proprio,cls,untyped,not_leg:DMetaN,high,rh,0.437,0.687,116
147170,SApp,mechanosensory_proprioceptive,sensory_ascending,SApp,DMetaN,L,haltere,,,proprio,cls,untyped,not_leg:DMetaN,high,lh,0.609,0.862,128
147266,SApp,mechanosensory_proprioceptive,sensory_ascending,SApp,DMetaN,L,haltere,,,proprio,cls,untyped,not_leg:DMetaN,high,rh,0.329,0.637,730
147452,"SApp09,SApp22",mechanosensory_proprioceptive,sensory_ascending,SApp,DMetaN,L,campaniform sensilla,,,proprio,cls,campaniform,not_leg:DMetaN,high,lh,0.486,0.738,131
147493,SApp,mechanosensory_proprioceptive,sensory_ascending,SApp,DMetaN,L,haltere,,,proprio,cls,untyped,not_leg:DMetaN,high,lh,0.381,0.626,934
147908,"SApp09,SApp22",mechanosensory_proprioceptive,sensory_ascending,SApp,DMetaN,L,campaniform sensilla,,,proprio,cls,campaniform,not_leg:DMetaN,high,lh,0.369,0.621,382
148634,SApp,mechanosensory_proprioceptive,sensory_ascending,SApp,DMetaN,L,haltere,,,proprio,cls,untyped,not_leg:DMetaN,high,lh,0.326,0.642,201
148769,"SApp09,SApp22",mechanosensory_proprioceptive,sensory_ascending,SApp,DMetaN,R,campaniform sensilla,,,proprio,cls,campaniform,not_leg:DMetaN,high,lh,0.467,0.677,298
149456,SApp,mechanosensory_proprioceptive,sensory_ascending,SApp,DMetaN,L,haltere,,,proprio,cls,untyped,not_leg:DMetaN,high,lh,0.278,0.516,809
149586,SApp,mechanosensory_proprioceptive,sensory_ascending,SApp,DMetaN,R,haltere,,,proprio,cls,untyped,not_leg:DMetaN,high,rh,0.427,0.704,201
149788,SApp23,mechanosensory_proprioceptive,sensory_ascending,SApp,MesoLN,L,chordotonal organ,,lm,proprio,cls,club,annotated,medium,lh,0.512,0.668,336
150027,"SApp06,SApp15",mechanosensory_proprioceptive,sensory_ascending,SApp,DMetaN,L,campaniform sensilla,,,proprio,cls,campaniform,not_leg:DMetaN,high,lf,0.378,0.433,365
150265,SApp,mechanosensory_proprioceptive,sensory_ascending,SApp,DMetaN,L,haltere,,,proprio,cls,untyped,not_leg:DMetaN,high,rm,0.282,0.451,102
150277,"SApp06,SApp15",mechanosensory_proprioceptive,sensory_ascending,SApp,DMetaN,L,campaniform sensilla,,,proprio,cls,campaniform,not_leg:DMetaN,high,lf,0.284,0.492,357
150303,SApp,mechanosensory_proprioceptive,sensory_ascending,SApp,DMetaN,R,haltere,,,proprio,cls,untyped,not_leg:DMetaN,high,lh,0.582,0.819,109
150724,SApp08,mechanosensory_proprioceptive,sensory_ascending,SApp,DMetaN,L,campaniform sensilla,,,proprio,cls,campaniform,not_leg:DMetaN,high,lh,0.571,0.791,288
151156,SApp,mechanosensory_proprioceptive,sensory_ascending,SApp,DMetaN,L,haltere,,,proprio,cls,untyped,not_leg:DMetaN,high,rh,0.518,0.933,146
151556,LgAG2,gustatory,sensory_ascending,LgAG,MetaLN,R,leg bristle,,rh,gustatory,cls,,annotated,medium,lf,1.0,1.0,54
153564,"SApp06,SApp15",mechanosensory_proprioceptive,sensory_ascending,SApp,DMetaN,R,campaniform sensilla,,,proprio,cls,campaniform,not_leg:DMetaN,high,lh,0.406,0.523,73
153572,SApp,mechanosensory_proprioceptive,sensory_ascending,SApp,DMetaN,L,haltere,,,proprio,cls,untyped,not_leg:DMetaN,high,lh,0.312,0.618,461
153644,"SApp09,SApp22",mechanosensory_proprioceptive,sensory_ascending,SApp,DMetaN,L,campaniform sensilla,,,proprio,cls,campaniform,not_leg:DMetaN,high,lh,0.43,0.597,149
154348,"SApp06,SApp15",mechanosensory_proprioceptive,sensory_ascending,SApp,DMetaN,R,campaniform sensilla,,,proprio,cls,campaniform,not_leg:DMetaN,high,lh,0.547,0.653,323
155035,"SApp06,SApp15",mechanosensory_proprioceptive,sensory_ascending,SApp,DMetaN,L,campaniform sensilla,,,proprio,cls,campaniform,not_leg:DMetaN,high,lf,0.347,0.473,97
155935,SApp08,mechanosensory_proprioceptive,sensory_ascending,SApp,DMetaN,R,campaniform sensilla,,,proprio,cls,campaniform,not_leg:DMetaN,high,lh,0.381,0.425,47
156308,SApp,mechanosensory_proprioceptive,sensory_ascending,SApp,DMetaN,L,haltere,,,proprio,cls,untyped,not_leg:DMetaN,high,lh,0.358,0.705,136
158563,SApp,mechanosensory_proprioceptive,sensory_ascending,SApp,DMetaN,R,haltere,,,proprio,cls,untyped,not_leg:DMetaN,high,rh,0.512,0.747,104
158610,LgAG4,gustatory,sensory_ascending,LgAG,MesoLN,L,leg bristle,,lm,gustatory,cls,,annotated,medium,lf,0.489,0.598,180
159329,"SApp06,SApp15",mechanosensory_proprioceptive,sensory_ascending,SApp,DMetaN,L,campaniform sensilla,,,proprio,cls,campaniform,not_leg:DMetaN,high,lh,0.514,0.809,162
159470,SApp,mechanosensory_proprioceptive,sensory_ascending,SApp,DMetaN,L,haltere,,,proprio,cls,untyped,not_leg:DMetaN,high,rh,0.344,0.624,125
160004,SApp,mechanosensory_proprioceptive,sensory_ascending,SApp,DMetaN,L,haltere,,,proprio,cls,untyped,not_leg:DMetaN,high,lh,0.318,0.538,764
160012,LgAG1,gustatory,sensory_ascending,LgAG,MetaLN,L,leg bristle,,lh,gustatory,cls,,annotated,high,lh,0.321,0.477,527
160875,SApp,mechanosensory_proprioceptive,sensory_ascending,SApp,DMetaN,R,haltere,,,proprio,cls,untyped,not_leg:DMetaN,high,lh,0.655,0.739,86
161212,SApp,mechanosensory_proprioceptive,sensory_ascending,SApp,DMetaN,L,haltere,,,proprio,cls,untyped,not_leg:DMetaN,high,lh,0.31,0.588,642
161422,"SApp06,SApp15",mechanosensory_proprioceptive,sensory_ascending,SApp,DMetaN,L,campaniform sensilla,,,proprio,cls,campaniform,not_leg:DMetaN,high,rh,0.406,0.656,210
161542,"SApp09,SApp22",mechanosensory_proprioceptive,sensory_ascending,SApp,DMetaN,R,campaniform sensilla,,,proprio,cls,campaniform,not_leg:DMetaN,high,lh,0.6,0.931,123
161704,SApp01,mechanosensory_proprioceptive,sensory_ascending,SApp,DMetaN,R,campaniform sensilla,,,proprio,cls,campaniform,not_leg:DMetaN,high,rm,0.248,0.423,195
162704,LgAG2,gustatory,sensory_ascending,LgAG,MetaLN,L,leg bristle,,lh,gustatory,cls,,annotated,high,lh,0.576,0.602,225
163274,"SApp09,SApp22",mechanosensory_proprioceptive,sensory_ascending,SApp,DMetaN,L,campaniform sensilla,,,proprio,cls,campaniform,not_leg:DMetaN,high,lh,0.256,0.468,206
165331,"SApp09,SApp22",mechanosensory_proprioceptive,sensory_ascending,SApp,DMetaN,L,campaniform sensilla,,,proprio,cls,campaniform,not_leg:DMetaN,high,lh,0.455,0.686,64
165905,SApp,mechanosensory_proprioceptive,sensory_ascending,SApp,DMetaN,L,haltere,,,proprio,cls,untyped,not_leg:DMetaN,high,rh,0.368,0.577,178
166044,SApp,mechanosensory_proprioceptive,sensory_ascending,SApp,DMetaN,R,haltere,,,proprio,cls,untyped,not_leg:DMetaN,high,lh,0.345,0.522,74
166882,SNpp23,mechanosensory_proprioceptive,sensory_ascending,SNpp,PDMN,L,notum,,,proprio,cls,untyped,not_leg:PDMN,high,rh,0.45,0.699,502
168334,"SApp06,SApp15",mechanosensory_proprioceptive,sensory_ascending,SApp,DMetaN,R,campaniform sensilla,,,proprio,cls,campaniform,not_leg:DMetaN,high,lh,0.403,0.646,176
168451,SApp04,mechanosensory_proprioceptive,sensory_ascending,SApp,ADMN,R,campaniform sensilla,,,proprio,cls,campaniform,not_leg:ADMN,high,rh,0.392,0.712,744
168542,SApp,mechanosensory_proprioceptive,sensory_ascending,SApp,DMetaN,R,haltere,,,proprio,cls,untyped,not_leg:DMetaN,high,lh,0.384,0.621,454
168613,SApp,mechanosensory_proprioceptive,sensory_ascending,SApp,DMetaN,L,haltere,,,proprio,cls,untyped,not_leg:DMetaN,high,lh,0.339,0.583,245
170770,SApp,mechanosensory_proprioceptive,sensory_ascending,SApp,DMetaN,L,haltere,,,proprio,cls,untyped,not_leg:DMetaN,high,rh,0.443,0.602,138
172332,SApp,mechanosensory_proprioceptive,sensory_ascending,SApp,DMetaN,L,haltere,,,proprio,cls,untyped,not_leg:DMetaN,high,lh,0.456,0.73,269
172868,"SApp09,SApp22",mechanosensory_proprioceptive,sensory_ascending,SApp,DMetaN,L,campaniform sensilla,,,proprio,cls,campaniform,not_leg:DMetaN,high,lh,0.464,0.678,139
173256,SApp,mechanosensory_proprioceptive,sensory_ascending,SApp,DMetaN,R,haltere,,,proprio,cls,untyped,not_leg:DMetaN,high,lh,0.435,0.54,103
174277,SApp01,mechanosensory_proprioceptive,sensory_ascending,SApp,DMetaN,L,campaniform sensilla,,,proprio,cls,campaniform,not_leg:DMetaN,high,lf,0.308,0.528,259
176396,"SApp09,SApp22",mechanosensory_proprioceptive,sensory_ascending,SApp,DMetaN,L,campaniform sensilla,,,proprio,cls,campaniform,not_leg:DMetaN,high,lh,0.308,0.524,173
177187,LgAG4,gustatory,sensory_ascending,LgAG,MetaLN,L,leg bristle,,lh,gustatory,cls,,annotated,medium,lf,0.402,0.477,211
178495,SApp,mechanosensory_proprioceptive,sensory_ascending,SApp,DMetaN,R,haltere,,,proprio,cls,untyped,not_leg:DMetaN,high,lh,0.48,0.6,137
179459,"SApp09,SApp22",mechanosensory_proprioceptive,sensory_ascending,SApp,DMetaN,R,campaniform sensilla,,,proprio,cls,campaniform,not_leg:DMetaN,high,lh,0.433,0.788,159
179610,SApp,mechanosensory_proprioceptive,sensory_ascending,SApp,DMetaN,L,haltere,,,proprio,cls,untyped,not_leg:DMetaN,high,rh,0.388,0.543,159
182152,"SApp06,SApp15",mechanosensory_proprioceptive,sensory_ascending,SApp,DMetaN,L,campaniform sensilla,,,proprio,cls,campaniform,not_leg:DMetaN,high,lf,0.339,0.426,352
184894,SApp,mechanosensory_proprioceptive,sensory_ascending,SApp,DMetaN,L,haltere,,,proprio,cls,untyped,not_leg:DMetaN,high,rh,0.332,0.659,221
187182,SApp08,mechanosensory_proprioceptive,sensory_ascending,SApp,DMetaN,L,campaniform sensilla,,,proprio,cls,campaniform,not_leg:DMetaN,high,lh,0.569,0.787,176
188043,SApp01,mechanosensory_proprioceptive,sensory_ascending,SApp,DMetaN,L,campaniform sensilla,,,proprio,cls,campaniform,not_leg:DMetaN,high,rh,0.437,0.65,211
188093,"SApp06,SApp15",mechanosensory_proprioceptive,sensory_ascending,SApp,DMetaN,R,campaniform sensilla,,,proprio,cls,campaniform,not_leg:DMetaN,high,lh,0.34,0.664,315
188368,SApp,mechanosensory_proprioceptive,sensory_ascending,SApp,DMetaN,R,haltere,,,proprio,cls,untyped,not_leg:DMetaN,high,lh,0.329,0.594,216
191517,SApp,mechanosensory_proprioceptive,sensory_ascending,SApp,DMetaN,R,haltere,,,proprio,cls,untyped,not_leg:DMetaN,high,lh,0.353,0.528,89
192465,LN-DN2,unknown_sensory,sensory_descending,LN-DN2,MxLbN,L,,,,unknown,none,,not_leg:MxLbN,high,rh,0.307,0.508,651
193940,SApp,mechanosensory_proprioceptive,sensory_ascending,SApp,DMetaN,L,haltere,,,proprio,cls,untyped,not_leg:DMetaN,high,lh,0.494,0.683,311
197418,SApp01,mechanosensory_proprioceptive,sensory_ascending,SApp,DMetaN,R,campaniform sensilla,,,proprio,cls,campaniform,not_leg:DMetaN,high,lf,0.404,0.486,195
199918,"SApp09,SApp22",mechanosensory_proprioceptive,sensory_ascending,SApp,DMetaN,L,campaniform sensilla,,,proprio,cls,campaniform,not_leg:DMetaN,high,lh,0.608,0.696,68
200165,SApp01,mechanosensory_proprioceptive,sensory_ascending,SApp,DMetaN,R,campaniform sensilla,,,proprio,cls,campaniform,not_leg:DMetaN,high,lh,0.353,0.454,165
200867,SApp,mechanosensory_proprioceptive,sensory_ascending,SApp,DMetaN,L,haltere,,,proprio,cls,untyped,not_leg:DMetaN,high,rh,0.413,0.691,234
203325,SApp08,mechanosensory_proprioceptive,sensory_ascending,SApp,DMetaN,L,campaniform sensilla,,,proprio,cls,campaniform,not_leg:DMetaN,high,lh,0.456,0.797,219
205440,SApp08,mechanosensory_proprioceptive,sensory_ascending,SApp,DMetaN,L,campaniform sensilla,,,proprio,cls,campaniform,not_leg:DMetaN,high,lh,0.407,0.691,135
206485,SApp,mechanosensory_proprioceptive,sensory_ascending,SApp,DMetaN,L,haltere,,,proprio,cls,untyped,not_leg:DMetaN,high,lh,0.397,0.746,188
211648,LgAG1,gustatory,sensory_ascending,LgAG,MetaLN,L,leg bristle,,lh,gustatory,cls,,annotated,high,rm,0.364,0.564,524
212840,SApp,mechanosensory_proprioceptive,sensory_ascending,SApp,DMetaN,L,haltere,,,proprio,cls,untyped,not_leg:DMetaN,high,lh,0.484,0.788,152
215290,"SApp06,SApp15",mechanosensory_proprioceptive,sensory_ascending,SApp,DMetaN,L,campaniform sensilla,,,proprio,cls,campaniform,not_leg:DMetaN,high,rh,0.355,0.707,192
215306,SApp,mechanosensory_proprioceptive,sensory_ascending,SApp,DMetaN,L,haltere,,,proprio,cls,untyped,not_leg:DMetaN,high,rh,0.394,0.639,316
218015,SApp23,mechanosensory_proprioceptive,sensory_ascending,SApp,MetaLN,R,chordotonal organ,,rh,proprio,cls,club,annotated,high,lh,0.372,0.651,370
218325,"SApp09,SApp22",mechanosensory_proprioceptive,sensory_ascending,SApp,DMetaN,L,campaniform sensilla,,,proprio,cls,campaniform,not_leg:DMetaN,high,lh,0.364,0.607,345
219573,LgAG2,gustatory,sensory_ascending,LgAG,MesoLN,L,leg bristle,,lm,gustatory,cls,,annotated,medium,lf,0.844,0.844,420
225843,SApp19,mechanosensory_proprioceptive,sensory_ascending,SApp,ADMN,L,campaniform sensilla,,,proprio,cls,campaniform,not_leg:ADMN,high,rh,0.552,0.849,518
226164,LN-DN2,unknown_sensory,sensory_descending,LN-DN2,MxLbN,R,,,,unknown,none,,not_leg:MxLbN,high,rh,0.362,0.535,741
232250,SApp,mechanosensory_proprioceptive,sensory_ascending,SApp,DMetaN,R,haltere,,,proprio,cls,untyped,not_leg:DMetaN,high,lh,0.364,0.674,132
240137,"SApp06,SApp15",mechanosensory_proprioceptive,sensory_ascending,SApp,DMetaN,L,campaniform sensilla,,,proprio,cls,campaniform,not_leg:DMetaN,high,lh,0.376,0.674,283
242617,"SApp06,SApp15",mechanosensory_proprioceptive,sensory_ascending,SApp,DMetaN,L,campaniform sensilla,,,proprio,cls,campaniform,not_leg:DMetaN,high,rh,0.339,0.569,426
242782,SApp23,mechanosensory_proprioceptive,sensory_ascending,SApp,MetaLN,L,chordotonal organ,,lh,proprio,cls,club,annotated,high,lh,0.631,0.815,395
244965,"SApp06,SApp15",mechanosensory_proprioceptive,sensory_ascending,SApp,DMetaN,L,campaniform sensilla,,,proprio,cls,campaniform,not_leg:DMetaN,high,lh,0.292,0.564,413
248176,SNpp19,mechanosensory_proprioceptive,sensory_ascending,SNpp,PrN,L,hair plate,,,proprio,cls,hair_plate_xx,not_leg:PrN,high,rh,0.247,0.456,449
248280,SApp23,mechanosensory_proprioceptive,sensory_ascending,SApp,ProLN,L,chordotonal organ,,lf,proprio,cls,club,annotated,medium,lh,0.534,0.721,175
249310,LN-DN2,unknown_sensory,sensory_descending,LN-DN2,MxLbN,R,,,,unknown,none,,not_leg:MxLbN,high,rh,0.449,0.629,496
249650,SApp,mechanosensory_proprioceptive,sensory_ascending,SApp,DMetaN,R,haltere,,,proprio,cls,untyped,not_leg:DMetaN,high,lh,0.466,0.623,89
250927,SApp,mechanosensory_proprioceptive,sensory_ascending,SApp,DMetaN,L,haltere,,,proprio,cls,untyped,not_leg:DMetaN,high,lh,0.323,0.558,616
251962,SApp,mechanosensory_proprioceptive,sensory_ascending,SApp,DMetaN,R,haltere,,,proprio,cls,untyped,not_leg:DMetaN,high,lh,0.394,0.58,99
253152,"SApp09,SApp22",mechanosensory_proprioceptive,sensory_ascending,SApp,DMetaN,R,campaniform sensilla,,,proprio,cls,campaniform,not_leg:DMetaN,high,lh,0.382,0.486,67
254178,SApp,mechanosensory_proprioceptive,sensory_ascending,SApp,DMetaN,L,haltere,,,proprio,cls,untyped,not_leg:DMetaN,high,lh,0.441,0.675,165
254322,SAxx01,unknown_sensory,sensory_ascending,SAxx,AbN2,L,abdomen,,,unknown,none,,not_leg:AbN2,high,rh,0.561,0.803,111
255915,SApp,mechanosensory_proprioceptive,sensory_ascending,SApp,DMetaN,L,haltere,,,proprio,cls,untyped,not_leg:DMetaN,high,lh,0.29,0.534,161
258572,SApp,mechanosensory_proprioceptive,sensory_ascending,SApp,DMetaN,L,haltere,,,proprio,cls,untyped,not_leg:DMetaN,high,rh,0.324,0.529,158
258676,SApp23,mechanosensory_proprioceptive,sensory_ascending,SApp,MetaLN,L,chordotonal organ,,lh,proprio,cls,club,annotated,high,lh,0.523,0.798,400
258686,SApp,mechanosensory_proprioceptive,sensory_ascending,SApp,DMetaN,L,haltere,,,proprio,cls,untyped,not_leg:DMetaN,high,lh,0.503,0.71,124
261128,SApp,mechanosensory_proprioceptive,sensory_ascending,SApp,DMetaN,L,haltere,,,proprio,cls,untyped,not_leg:DMetaN,high,rh,0.37,0.546,196
262161,SApp23,mechanosensory_proprioceptive,sensory_ascending,SApp,ProLN,R,chordotonal organ,,rf,proprio,cls,club,annotated,medium,lm,0.435,0.491,133
263403,SApp01,mechanosensory_proprioceptive,sensory_ascending,SApp,DMetaN,L,campaniform sensilla,,,proprio,cls,campaniform,not_leg:DMetaN,high,rh,0.454,0.683,158
266941,SApp23,mechanosensory_proprioceptive,sensory_ascending,SApp,MetaLN,L,chordotonal organ,,lh,proprio,cls,club,annotated,high,lh,0.644,0.824,332
280007,SApp,mechanosensory_proprioceptive,sensory_ascending,SApp,DMetaN,L,haltere,,,proprio,cls,untyped,not_leg:DMetaN,high,rh,0.364,0.619,202
281933,SApp,mechanosensory_proprioceptive,sensory_ascending,SApp,DMetaN,R,haltere,,,proprio,cls,untyped,not_leg:DMetaN,high,lh,0.462,0.651,102
282750,SApp,mechanosensory_proprioceptive,sensory_ascending,SApp,DMetaN,R,haltere,,,proprio,cls,untyped,not_leg:DMetaN,high,rh,0.405,0.601,80
282841,SApp,mechanosensory_proprioceptive,sensory_ascending,SApp,DMetaN,L,haltere,,,proprio,cls,untyped,not_leg:DMetaN,high,rh,0.337,0.587,270
285743,SApp08,mechanosensory_proprioceptive,sensory_ascending,SApp,DMetaN,L,campaniform sensilla,,,proprio,cls,campaniform,not_leg:DMetaN,high,rh,0.421,0.697,391
285848,SApp01,mechanosensory_proprioceptive,sensory_ascending,SApp,DMetaN,R,campaniform sensilla,,,proprio,cls,campaniform,not_leg:DMetaN,high,lf,0.301,0.414,127
287217,SApp,mechanosensory_proprioceptive,sensory_ascending,SApp,DMetaN,L,haltere,,,proprio,cls,untyped,not_leg:DMetaN,high,lh,0.526,0.755,149
293667,SApp,mechanosensory_proprioceptive,sensory_ascending,SApp,DMetaN,L,haltere,,,proprio,cls,untyped,not_leg:DMetaN,high,lh,0.337,0.564,342
296168,SApp,mechanosensory_proprioceptive,sensory_ascending,SApp,DMetaN,R,haltere,,,proprio,cls,untyped,not_leg:DMetaN,high,lh,0.5,0.673,293
296698,SApp,mechanosensory_proprioceptive,sensory_ascending,SApp,DMetaN,R,haltere,,,proprio,cls,untyped,not_leg:DMetaN,high,rh,0.336,0.655,63
308684,SApp19,mechanosensory_proprioceptive,sensory_ascending,SApp,ADMN,L,campaniform sensilla,,,proprio,cls,campaniform,not_leg:ADMN,high,rh,0.52,0.895,612
312400,"SApp06,SApp15",mechanosensory_proprioceptive,sensory_ascending,SApp,DMetaN,L,campaniform sensilla,,,proprio,cls,campaniform,not_leg:DMetaN,high,lf,0.273,0.449,177
321904,SApp,mechanosensory_proprioceptive,sensory_ascending,SApp,DMetaN,R,haltere,,,proprio,cls,untyped,not_leg:DMetaN,high,lh,0.338,0.584,104
323454,"SApp09,SApp22",mechanosensory_proprioceptive,sensory_ascending,SApp,DMetaN,L,campaniform sensilla,,,proprio,cls,campaniform,not_leg:DMetaN,high,rh,0.259,0.505,125
338575,SApp,mechanosensory_proprioceptive,sensory_ascending,SApp,DMetaN,R,haltere,,,proprio,cls,untyped,not_leg:DMetaN,high,lh,0.288,0.567,52
341116,SApp23,mechanosensory_proprioceptive,sensory_ascending,SApp,MesoLN,L,chordotonal organ,,lm,proprio,cls,club,annotated,medium,lh,0.452,0.589,326
342042,SApp23,mechanosensory_proprioceptive,sensory_ascending_tbc,SApp,ProLN,L,,,lf,proprio,cls,club,annotated,medium,lh,0.536,0.764,169
343341,SApp,mechanosensory_proprioceptive,sensory_ascending,SApp,DMetaN,R,haltere,,,proprio,cls,untyped,not_leg:DMetaN,high,lh,0.489,0.785,100
356694,SApp,mechanosensory_proprioceptive,sensory_ascending,SApp,DMetaN,L,haltere,,,proprio,cls,untyped,not_leg:DMetaN,high,lh,0.355,0.624,258
363069,SApp,mechanosensory_proprioceptive,sensory_ascending,SApp,DMetaN,R,haltere,,,proprio,cls,untyped,not_leg:DMetaN,high,lh,0.32,0.357,20
396040,SApp01,mechanosensory_proprioceptive,sensory_ascending,SApp,DMetaN,R,campaniform sensilla,,,proprio,cls,campaniform,not_leg:DMetaN,high,rh,0.391,0.605,117
403537,SApp,mechanosensory_proprioceptive,sensory_ascending,SApp,DMetaN,L,haltere,,,proprio,cls,untyped,not_leg:DMetaN,high,lh,0.455,0.69,156
427343,SApp,mechanosensory_proprioceptive,sensory_ascending,SApp,DMetaN,R,haltere,,,proprio,cls,untyped,not_leg:DMetaN,high,lh,0.542,0.7,173
452754,"SApp09,SApp22",mechanosensory_proprioceptive,sensory_ascending,SApp,DMetaN,L,campaniform sensilla,,,proprio,cls,campaniform,not_leg:DMetaN,high,lh,0.389,0.656,129
457929,LgAG8,gustatory,sensory_ascending,LgAG,MetaLN,L,leg bristle,,lh,gustatory,cls,,annotated,high,lm,0.341,0.369,51
469267,SApp,mechanosensory_proprioceptive,sensory_ascending,SApp,DMetaN,R,haltere,,,proprio,cls,untyped,not_leg:DMetaN,high,lh,0.514,0.73,67
495250,SApp,mechanosensory_proprioceptive,sensory_ascending,SApp,DMetaN,L,haltere,,,proprio,cls,untyped,not_leg:DMetaN,high,lh,0.37,0.607,163
513585,SAxx02,unknown_sensory,sensory_ascending,SAxx,ProLN,R,leg,,rf,unknown,none,,annotated,high,rf,0.268,0.452,1198
514548,LgAG4,gustatory,sensory_ascending,LgAG,MetaLN,L,leg bristle,,lh,gustatory,cls,,annotated,high,lf,0.308,0.397,278
515131,SAxx01,unknown_sensory,sensory_ascending,SAxx,AbN2,R,abdomen,,,unknown,none,,not_leg:AbN2,high,lm,0.385,0.399,69
515545,LgAG8,gustatory,sensory_ascending,LgAG,MetaLN,L,leg bristle,,lh,gustatory,cls,,annotated,medium,lf,0.848,0.848,149
515547,LgAG8,gustatory,sensory_ascending,LgAG,MesoLN,R,leg bristle,,rm,gustatory,cls,,annotated,medium,lf,1.0,1.0,134
516607,SApp08,mechanosensory_proprioceptive,sensory_ascending,SApp,DMetaN,L,campaniform sensilla,,,proprio,cls,campaniform,not_leg:DMetaN,high,lh,0.63,0.731,225
516654,LgAG5,gustatory,sensory_ascending,LgAG,ProLN,L,leg bristle,,lf,gustatory,cls,,annotated,high,lf,0.395,0.44,374
518862,LgAG4,gustatory,sensory_ascending,LgAG,MetaLN,R,leg bristle,,rh,gustatory,cls,,annotated,high,lf,0.389,0.512,311
521359,"SNxx27,SNxx29",unknown_sensory,sensory_ascending,SNxx,PDMN,L,notum,,,unknown,none,,not_leg:PDMN,high,lh,0.287,0.468,470
526151,LgAG2,gustatory,sensory_ascending,LgAG,ProLN,R,leg bristle,,rf,gustatory,cls,,annotated,medium,lf,1.0,1.0,225
534177,SAxx02,unknown_sensory,sensory_ascending,SAxx,ProLN,L,leg,,lf,unknown,none,,annotated,high,lf,0.49,0.528,1063
536275,LN-DN2,unknown_sensory,sensory_descending,LN-DN2,MxLbN,L,,,,unknown,none,,not_leg:MxLbN,high,rh,0.388,0.582,532
542076,"SApp09,SApp22",mechanosensory_proprioceptive,sensory_ascending,SApp,DMetaN,L,campaniform sensilla,,,proprio,cls,campaniform,not_leg:DMetaN,high,lh,0.343,0.586,518
542578,SApp21,mechanosensory_proprioceptive,sensory_ascending,SApp,ADMN,R,campaniform sensilla,,,proprio,cls,campaniform,not_leg:ADMN,high,rm,0.701,0.71,177
542621,SApp08,mechanosensory_proprioceptive,sensory_ascending,SApp,DMetaN,R,campaniform sensilla,,,proprio,cls,campaniform,not_leg:DMetaN,high,lh,0.402,0.762,62
545085,LgAG8,gustatory,sensory_ascending,LgAG,MesoLN,L,leg bristle,,lm,gustatory,cls,,annotated,medium,lf,0.5,0.5,111
547197,"SApp09,SApp22",mechanosensory_proprioceptive,sensory_ascending,SApp,DMetaN,L,campaniform sensilla,,,proprio,cls,campaniform,not_leg:DMetaN,high,lh,0.347,0.57,312
555261,SAxx01,unknown_sensory,sensory_ascending,SAxx,AbN4,R,abdomen,,,unknown,none,,not_leg:AbN4,high,lh,0.371,0.677,524
556667,SApp23,mechanosensory_proprioceptive,sensory_ascending,SApp,ProLN,R,chordotonal organ,,rf,proprio,cls,club,annotated,medium,lm,0.404,0.497,57
800049,SNpp30,mechanosensory_proprioceptive,vnc_sensory,SNpp,ADMN,L,campaniform sensilla,,,proprio,cls,campaniform,not_leg:ADMN,high,lh,0.279,0.483,4884
800611,SNxx23,unknown_sensory,vnc_sensory,SNxx,AbNT,L,abdomen,,,unknown,none,,not_leg:AbNT,high,lh,0.244,0.389,936
801205,SNpp12,mechanosensory_proprioceptive,vnc_sensory,SNpp,DMetaN,L,haltere,,,proprio,cls,untyped,not_leg:DMetaN,high,lh,0.546,0.698,2678
801379,SNpp30,mechanosensory_proprioceptive,vnc_sensory,SNpp,ADMN,L,campaniform sensilla,,,proprio,cls,campaniform,not_leg:ADMN,high,lh,0.289,0.477,3131
801533,SNpp30,mechanosensory_proprioceptive,vnc_sensory,SNpp,ADMN,R,campaniform sensilla,,,proprio,cls,campaniform,not_leg:ADMN,high,rh,0.283,0.457,3806
801680,SNxx11,unknown_sensory,vnc_sensory,SNxx,AbNT,R,abdomen,,,unknown,none,,not_leg:AbNT,high,rh,0.351,0.577,1003
801695,SNch01,chemosensory,vnc_sensory,SNch,AbN2,R,abdomen,,,chemo,cls,,not_leg:AbN2,high,rh,0.586,0.779,1023
801756,SNta13,mechanosensory_tactile,vnc_sensory,SNta,PDMN,L,mechanosensory bristle,,,tactile,cls,,not_leg:PDMN,high,rh,0.232,0.435,2925
801906,SNpp31,mechanosensory_proprioceptive,vnc_sensory,SNpp,ADMN,L,campaniform sensilla,,,proprio,cls,campaniform,not_leg:ADMN,high,lh,0.484,0.663,3648
801957,SNxx25,unknown_sensory,vnc_sensory,SNxx,ADMN,R,wing,,,unknown,none,,not_leg:ADMN,high,rh,0.458,0.545,1781
801960,SNpp30,mechanosensory_proprioceptive,vnc_sensory,SNpp,ADMN,R,campaniform sensilla,,,proprio,cls,campaniform,not_leg:ADMN,high,rh,0.26,0.447,2755
801990,SNpp30,mechanosensory_proprioceptive,vnc_sensory,SNpp,ADMN,R,campaniform sensilla,,,proprio,cls,campaniform,not_leg:ADMN,high,rh,0.298,0.474,2302
802008,SNpp30,mechanosensory_proprioceptive,vnc_sensory,SNpp,ADMN,L,campaniform sensilla,,,proprio,cls,campaniform,not_leg:ADMN,high,lh,0.305,0.502,3236
802125,SNxx29,unknown_sensory,vnc_sensory,SNxx,MetaLN,R,leg,,rh,unknown,none,,annotated,high,rh,0.651,0.779,1541
802199,SNpp31,mechanosensory_proprioceptive,vnc_sensory,SNpp,ADMN,R,campaniform sensilla,,,proprio,cls,campaniform,not_leg:ADMN,high,rh,0.527,0.721,2741
802282,SNxx29,unknown_sensory,vnc_sensory,SNxx,MetaLN,R,leg,,rh,unknown,none,,annotated,high,rh,0.502,0.643,2979
802287,SNpp17,mechanosensory_proprioceptive,vnc_sensory,SNpp,ProCN,L,chordotonal organ,"MNC, Gorko Nature 2024",,proprio,cls,co_unclassified,not_leg:ProCN,high,rh,0.251,0.424,248
802350,SNpp51,mechanosensory_proprioceptive,vnc_sensory,SNpp,MetaLN,L,chordotonal organ,,lh,proprio,cls,claw_51,annotated,high,lh,0.942,0.97,642
802409,SNta13,mechanosensory_tactile,vnc_sensory,SNta,PDMN,R,mechanosensory bristle,,,tactile,cls,,not_leg:PDMN,high,lm,0.245,0.443,2843
802424,SNpp32,mechanosensory_proprioceptive,vnc_sensory,SNpp,ADMN,L,campaniform sensilla,,,proprio,cls,campaniform,not_leg:ADMN,high,lh,0.489,0.7,3508
802482,SNxx03,unknown_sensory,vnc_sensory,SNxx,AbN4,L,abdomen,,,unknown,none,,not_leg:AbN4,high,rh,0.357,0.612,863
802612,SNpp34,mechanosensory_proprioceptive,vnc_sensory,SNpp,DMetaN,L,haltere,,,proprio,cls,untyped,not_leg:DMetaN,high,rh,0.315,0.63,150
802708,SNpp32,mechanosensory_proprioceptive,vnc_sensory,SNpp,ADMN,R,campaniform sensilla,,,proprio,cls,campaniform,not_leg:ADMN,high,rh,0.552,0.731,2735
802759,SNta10,mechanosensory_tactile,vnc_sensory,SNta,PDMN,L,notum,,,tactile,cls,,not_leg:PDMN,high,rm,0.237,0.472,2029
802939,SNta12,mechanosensory_tactile,vnc_sensory,SNta,PDMN,R,mechanosensory bristle,,,tactile,cls,,not_leg:PDMN,high,lm,0.27,0.481,1047
802956,SNpp32,mechanosensory_proprioceptive,vnc_sensory,SNpp,ADMN,L,campaniform sensilla,,,proprio,cls,campaniform,not_leg:ADMN,high,lh,0.503,0.669,2625
803088,SNpp32,mechanosensory_proprioceptive,vnc_sensory,SNpp,ADMN,R,campaniform sensilla,,,proprio,cls,campaniform,not_leg:ADMN,high,rh,0.467,0.7,2301
803140,SNxx29,unknown_sensory,vnc_sensory,SNxx,MetaLN,L,leg,,lh,unknown,none,,annotated,high,lh,0.508,0.617,2933
803150,SNta13,mechanosensory_tactile,vnc_sensory,SNta,PDMN,R,mechanosensory bristle,,,tactile,cls,,not_leg:PDMN,high,rh,0.252,0.426,2717
803247,SNpp32,mechanosensory_proprioceptive,vnc_sensory,SNpp,ADMN,R,campaniform sensilla,,,proprio,cls,campaniform,not_leg:ADMN,high,rh,0.491,0.695,2013
803325,SNpp30,mechanosensory_proprioceptive,vnc_sensory,SNpp,ADMN,R,campaniform sensilla,,,proprio,cls,campaniform,not_leg:ADMN,high,rh,0.295,0.464,1799
803374,SNpp05,mechanosensory_proprioceptive,vnc_sensory,SNpp,ADMN,L,campaniform sensilla,,,proprio,cls,campaniform,not_leg:ADMN,high,lm,0.401,0.493,2066
803457,SNpp30,mechanosensory_proprioceptive,vnc_sensory,SNpp,ADMN,L,campaniform sensilla,,,proprio,cls,campaniform,not_leg:ADMN,high,lh,0.31,0.529,1994
803512,SNppxx,mechanosensory_proprioceptive,vnc_sensory,SNppxx,MesoLN,L,leg,,lm,proprio,cls,untyped,annotated,high,lm,0.805,0.849,2298
803525,SNta05,mechanosensory_tactile,vnc_sensory,SNta,PDMN,R,mechanosensory bristle,,,tactile,cls,,not_leg:PDMN,high,rh,0.28,0.454,2351
803555,SNta37,mechanosensory_tactile,vnc_sensory,SNta,MesoLN,R,mechanosensory bristle,,rm,tactile,cls,,annotated,high,rm,0.762,0.776,362
803581,SNxx02,unknown_sensory,vnc_sensory,SNxx,AbN4,L,abdomen,,,unknown,none,,not_leg:AbN4,high,lh,0.391,0.69,394
803626,SNta10,mechanosensory_tactile,vnc_sensory,SNta,PDMN,R,mechanosensory bristle,,,tactile,cls,,not_leg:PDMN,high,lm,0.251,0.477,2111
803634,SNpp05,mechanosensory_proprioceptive,vnc_sensory,SNpp,ADMN,R,campaniform sensilla,,,proprio,cls,campaniform,not_leg:ADMN,high,lh,0.316,0.555,1483
803738,SNppxx,mechanosensory_proprioceptive,vnc_sensory,SNppxx,MesoLN,R,leg,,rm,proprio,cls,untyped,annotated,high,rm,0.824,0.873,2032
803739,SNta12,mechanosensory_tactile,vnc_sensory,SNta,PDMN,L,mechanosensory bristle,,,tactile,cls,,not_leg:PDMN,high,rm,0.231,0.448,2051
803761,SNta32,mechanosensory_tactile,vnc_sensory,SNta,MesoLN,R,mechanosensory bristle,,rm,tactile,cls,,annotated,high,rm,0.795,0.826,284
803768,SNxx03,unknown_sensory,vnc_sensory,SNxx,AbN4,L,abdomen,,,unknown,none,,not_leg:AbN4,high,lm,0.307,0.568,642
803882,SNta33,mechanosensory_tactile,vnc_sensory,SNta,MesoLN,R,mechanosensory bristle,,rm,tactile,cls,,annotated,high,rm,0.323,0.497,2039
803886,SNxx25,unknown_sensory,vnc_sensory,SNxx,ADMN,L,wing,,,unknown,none,,not_leg:ADMN,high,lh,0.454,0.715,2177
803887,LgLG5,gustatory,vnc_sensory,LgLG,ProLN,L,leg bristle,,lf,gustatory,cls,,annotated,high,lf,0.719,0.826,562
803903,SNxx29,unknown_sensory,vnc_sensory,SNxx,MesoLN,L,leg,,lm,unknown,none,,annotated,high,lm,0.49,0.534,2894
803913,LgLG1a,gustatory,vnc_sensory,LgLG,MetaLN,R,leg bristle,,rh,gustatory,cls,,annotated,high,rh,0.4,0.477,976
803964,SNta29,mechanosensory_tactile,vnc_sensory,SNta,MetaLN,L,mechanosensory bristle,,lh,tactile,cls,,annotated,high,lh,0.738,0.782,518
803966,SNxx20,unknown_sensory,vnc_sensory,SNxx,AbN4,R,abdomen,,,unknown,none,,not_leg:AbN4,high,rh,0.523,0.893,516
803989,SNxxxx,mechanosensory_proprioceptive,vnc_sensory,SNxxxx,ProAN,L,leg,,lf,proprio,cls,untyped,annotated,medium,lf,0.779,0.818,1540
804010,SNpp50,mechanosensory_proprioceptive,vnc_sensory,SNpp,MetaLN,L,chordotonal organ,,lh,proprio,cls,claw_50,annotated,high,lh,0.817,0.956,684
804024,SNch01,chemosensory,vnc_sensory,SNch,AbN4,R,abdomen,,,chemo,cls,,not_leg:AbN4,high,rh,0.506,0.733,1519
804076,SNxx17,unknown_sensory,vnc_sensory,SNxx,AbNT,R,abdomen,,,unknown,none,,not_leg:AbNT,high,rh,0.393,0.514,1267
804104,SNta05,mechanosensory_tactile,vnc_sensory,SNta,PDMN,R,mechanosensory bristle,,,tactile,cls,,not_leg:PDMN,high,rm,0.28,0.481,2007
804120,SNta33,mechanosensory_tactile,vnc_sensory,SNta,MesoLN,L,mechanosensory bristle,,lm,tactile,cls,,annotated,high,lm,0.302,0.469,2796
804142,"SNta02,SNta09",mechanosensory_tactile,vnc_sensory,SNta,PDMN,R,notum,,,tactile,cls,,not_leg:PDMN,high,rm,0.277,0.482,275
804151,SNta05,mechanosensory_tactile,vnc_sensory,SNta,PDMN,L,mechanosensory bristle,,,tactile,cls,,not_leg:PDMN,high,lm,0.279,0.448,2359
804176,SNxx09,unknown_sensory,vnc_sensory,SNxx,AbNT,R,abdomen,,,unknown,none,,not_leg:AbNT,high,rh,0.246,0.488,1652
804191,SNxx29,unknown_sensory,vnc_sensory,SNxx,MetaLN,R,leg,,rh,unknown,none,,annotated,high,rh,0.761,0.833,1493
804202,SNxx11,unknown_sensory,vnc_sensory,SNxx,AbNT,L,abdomen,,,unknown,none,,not_leg:AbNT,high,lh,0.282,0.542,1216
804216,SNta21,mechanosensory_tactile,vnc_sensory,SNta,MesoLN,L,mechanosensory bristle,,lm,tactile,cls,,annotated,high,lm,0.878,0.912,1286
804221,SNxx30,unknown_sensory,vnc_sensory,SNxx,MetaLN,R,leg,,rh,unknown,none,,annotated,high,rh,0.895,0.914,636
804256,SNta33,mechanosensory_tactile,vnc_sensory,SNta,DProN,L,mechanosensory bristle,,lf,tactile,cls,,annotated,medium,lm,0.287,0.423,2076
804263,SNta34,mechanosensory_tactile,vnc_sensory,SNta,MesoLN,L,mechanosensory bristle,,lm,tactile,cls,,annotated,high,lm,0.533,0.69,420
804283,SNpp33,mechanosensory_proprioceptive,vnc_sensory,SNpp,ADMN,L,campaniform sensilla,,,proprio,cls,campaniform,not_leg:ADMN,high,lh,0.432,0.694,1787
804287,SNta37,mechanosensory_tactile,vnc_sensory,SNta,MetaLN,R,mechanosensory bristle,,rh,tactile,cls,,annotated,high,rh,0.72,0.8,912
804292,SNpp33,mechanosensory_proprioceptive,vnc_sensory,SNpp,ADMN,L,campaniform sensilla,,,proprio,cls,campaniform,not_leg:ADMN,high,lh,0.419,0.685,1767
804317,SNpp45,mechanosensory_proprioceptive,vnc_sensory,SNpp,MetaLN,L,hair plate,,lh,proprio,cls,hair_plate_45,annotated,high,lh,0.802,0.882,952
804352,SNpp52,mechanosensory_proprioceptive,vnc_sensory,SNpp,MesoLN,R,hair plate,,rm,proprio,cls,hair_plate_52,annotated,high,rm,0.853,0.864,1353
804361,SNta38,mechanosensory_tactile,vnc_sensory,SNta,MesoLN,L,mechanosensory bristle,,lm,tactile,cls,,annotated,high,lm,0.853,0.871,1005
804373,SNpp62,mechanosensory_proprioceptive,vnc_sensory,SNpp,ADMN,R,wing,,,proprio,cls,untyped,not_leg:ADMN,high,rh,0.407,0.613,758
804377,SNxx03,unknown_sensory,vnc_sensory,SNxx,AbN4,R,abdomen,,,unknown,none,,not_leg:AbN4,high,rh,0.463,0.608,638
804430,SNppxx,mechanosensory_proprioceptive,vnc_sensory,SNppxx,MesoLN,R,leg,,rm,proprio,cls,untyped,annotated,high,rm,0.8,0.833,2386
804436,SNpp04,mechanosensory_proprioceptive,vnc_sensory,SNpp,ADMN,L,campaniform sensilla,,,proprio,cls,campaniform,not_leg:ADMN,high,lh,0.363,0.55,1544
804447,SNta20,mechanosensory_tactile,vnc_sensory,SNta,MesoLN,R,mechanosensory bristle,,rm,tactile,cls,,annotated,high,rm,0.754,0.801,792
804460,SNpp45,mechanosensory_proprioceptive,vnc_sensory,SNpp,MesoLN,L,hair plate,,lm,proprio,cls,hair_plate_45,annotated,high,lm,0.852,0.872,1058
804476,WG2,gustatory,vnc_sensory,WG,ADMN,L,wing bristle,,,gustatory,cls,,not_leg:ADMN,high,lm,0.337,0.471,353
804486,SNta10,mechanosensory_tactile,vnc_sensory,SNta,PDMN,R,notum,,,tactile,cls,,not_leg:PDMN,high,lm,0.252,0.477,1779
804490,SNpp33,mechanosensory_proprioceptive,vnc_sensory,SNpp,ADMN,L,campaniform sensilla,,,proprio,cls,campaniform,not_leg:ADMN,high,lh,0.408,0.632,1515
804498,SNta33,mechanosensory_tactile,vnc_sensory,SNta,DProN,L,mechanosensory bristle,,lf,tactile,cls,,annotated,medium,lm,0.263,0.429,1468
804506,SNta06,mechanosensory_tactile,vnc_sensory,SNta,ADMN,R,mechanosensory bristle,,,tactile,cls,,not_leg:ADMN,high,rm,0.408,0.52,587
804528,SNch01,chemosensory,vnc_sensory,SNch,AbN3,L,abdomen,,,chemo,cls,,not_leg:AbN3,high,lm,0.303,0.579,1675
804542,SNpp39,mechanosensory_proprioceptive,vnc_sensory,SNpp,MesoLN,R,chordotonal organ,,rm,proprio,cls,hook_39,annotated,high,rm,0.821,0.875,492
804596,SNta25,mechanosensory_tactile,vnc_sensory,SNta,MetaLN,R,mechanosensory bristle,,rh,tactile,cls,,annotated,high,rh,0.858,0.894,682
804606,SNpp04,mechanosensory_proprioceptive,vnc_sensory,SNpp,ADMN,L,campaniform sensilla,,,proprio,cls,campaniform,not_leg:ADMN,high,lh,0.424,0.598,1055
804614,SNta13,mechanosensory_tactile,vnc_sensory,SNta,PDMN,L,mechanosensory bristle,,,tactile,cls,,not_leg:PDMN,high,lm,0.221,0.441,2475
804646,SNpp33,mechanosensory_proprioceptive,vnc_sensory,SNpp,ADMN,R,campaniform sensilla,,,proprio,cls,campaniform,not_leg:ADMN,high,rh,0.389,0.689,1161
804668,SNxx03,unknown_sensory,vnc_sensory,SNxx,AbN4,L,abdomen,,,unknown,none,,not_leg:AbN4,high,lh,0.319,0.628,768
804694,"SNta02,SNta09",mechanosensory_tactile,vnc_sensory,SNta,PDMN,R,notum,,,tactile,cls,,not_leg:PDMN,high,lm,0.248,0.479,1624
804718,SNta33,mechanosensory_tactile,vnc_sensory,SNta,DProN,R,mechanosensory bristle,,rf,tactile,cls,,annotated,medium,rm,0.272,0.466,1282
804744,SNpp40,mechanosensory_proprioceptive,vnc_sensory,SNpp,MetaLN,R,chordotonal organ,,rh,proprio,cls,club,annotated,high,rh,0.467,0.666,1101
804762,SNxx15,unknown_sensory,vnc_sensory,SNxx,AbN4,R,abdomen,,,unknown,none,,not_leg:AbN4,high,rh,0.44,0.838,1344
804765,SNxx09,unknown_sensory,vnc_sensory,SNxx,AbNT,L,abdomen,,,unknown,none,,not_leg:AbNT,high,lh,0.257,0.448,1445
804777,SNxx14,unknown_sensory,vnc_sensory,SNxx,AbN4,L,abdomen,,,unknown,none,,not_leg:AbN4,high,lh,0.359,0.691,1400
804799,SNxx11,unknown_sensory,vnc_sensory,SNxx,AbNT,R,abdomen,,,unknown,none,,not_leg:AbNT,high,rh,0.368,0.612,860
804816,SNta29,mechanosensory_tactile,vnc_sensory,SNta,MetaLN,L,mechanosensory bristle,,lh,tactile,cls,,annotated,high,lh,0.765,0.847,359
804834,WG4,gustatory,vnc_sensory,WG,ADMN,L,wing bristle,,,gustatory,cls,,not_leg:ADMN,high,lm,0.325,0.588,779
804852,"SNta11,SNta14",mechanosensory_tactile,vnc_sensory,SNta,ADMN,R,mechanosensory bristle,,,tactile,cls,,not_leg:ADMN,high,rh,0.263,0.48,787
804864,LgLG6,gustatory,vnc_sensory,LgLG,ProLN,L,leg bristle,,lf,gustatory,cls,,annotated,high,lf,0.507,0.593,1165
804911,SNpp28,mechanosensory_proprioceptive,vnc_sensory,SNpp,ADMN,L,campaniform sensilla,,,proprio,cls,campaniform,not_leg:ADMN,high,lm,0.404,0.487,809
804923,SNxx14,unknown_sensory,vnc_sensory,SNxx,AbN4,L,abdomen,,,unknown,none,,not_leg:AbN4,high,lh,0.384,0.667,879
804975,SNpp45,mechanosensory_proprioceptive,vnc_sensory,SNpp,VProN,L,hair plate,,lf,proprio,cls,hair_plate_45,annotated,medium,lf,0.945,0.979,1094
804983,SNpp52,mechanosensory_proprioceptive,vnc_sensory,SNpp,MesoLN,L,leg,,lm,proprio,cls,hair_plate_52,annotated,high,lm,0.898,0.9,1235
804998,SNppxx,mechanosensory_proprioceptive,vnc_sensory,SNppxx,MesoLN,R,leg,,rm,proprio,cls,untyped,annotated,high,rm,0.82,0.858,950
805000,SNxx29,unknown_sensory,vnc_sensory,SNxx,ProLN,L,leg,,lf,unknown,none,,annotated,high,lf,0.378,0.446,2373
805001,SNxx29,unknown_sensory,vnc_sensory,SNxx,MesoLN,R,leg,,rm,unknown,none,,annotated,high,rm,0.747,0.788,1448
805050,SNta05,mechanosensory_tactile,vnc_sensory,SNta,PDMN,L,mechanosensory bristle,,,tactile,cls,,not_leg:PDMN,high,lm,0.261,0.45,1827
805052,SNpp33,mechanosensory_proprioceptive,vnc_sensory,SNpp,ADMN,L,campaniform sensilla,,,proprio,cls,campaniform,not_leg:ADMN,high,lh,0.421,0.628,1294
805076,SNxx14,unknown_sensory,vnc_sensory,SNxx,AbN4,R,abdomen,,,unknown,none,,not_leg:AbN4,high,rh,0.537,0.727,928
805080,SNta37,mechanosensory_tactile,vnc_sensory,SNta,MesoLN,R,mechanosensory bristle,,rm,tactile,cls,,annotated,high,rm,0.824,0.841,640
805134,SNxx11,unknown_sensory,vnc_sensory,SNxx,AbNT,L,abdomen,,,unknown,none,,not_leg:AbNT,high,rh,0.31,0.615,911
805181,SNta20,mechanosensory_tactile,vnc_sensory,SNta,MesoLN,R,mechanosensory bristle,,rm,tactile,cls,,annotated,high,rm,0.782,0.818,1622
805200,"SNta22,SNta33",mechanosensory_tactile,vnc_sensory,SNta,MesoLN,L,mechanosensory bristle,,lm,tactile,cls,,annotated,high,lm,0.335,0.434,1589
805282,SNpp16,mechanosensory_proprioceptive,vnc_sensory,SNpp,ADMN,L,campaniform sensilla,,,proprio,cls,campaniform,not_leg:ADMN,high,rh,0.391,0.747,1502
805314,SNch01,chemosensory,vnc_sensory,SNch,AbN4,L,abdomen,,,chemo,cls,,not_leg:AbN4,high,lh,0.353,0.669,1729
805327,SNta21,mechanosensory_tactile,vnc_sensory,SNta,MesoLN,R,mechanosensory bristle,,rm,tactile,cls,,annotated,high,rm,0.831,0.873,1224
805328,SNpp43,mechanosensory_proprioceptive,vnc_sensory,SNpp,MesoLN,R,chordotonal organ,,rm,proprio,cls,club,annotated,high,rm,0.658,0.766,561
805347,SNch01,chemosensory,vnc_sensory,SNch,AbN4,R,abdomen,,,chemo,cls,,not_leg:AbN4,high,rh,0.469,0.702,1699
805418,SNxx03,unknown_sensory,vnc_sensory,SNxx,AbN4,R,abdomen,,,unknown,none,,not_leg:AbN4,high,rh,0.455,0.685,815
805436,SNppxx,mechanosensory_proprioceptive,vnc_sensory,SNppxx,MesoLN,R,leg,,rm,proprio,cls,untyped,annotated,high,rm,0.939,0.957,1114
805493,SNch01,chemosensory,vnc_sensory,SNch,AbN4,L,abdomen,,,chemo,cls,,not_leg:AbN4,high,lh,0.405,0.701,1674
805508,SNxx11,unknown_sensory,vnc_sensory,SNxx,AbNT,L,abdomen,,,unknown,none,,not_leg:AbNT,high,lh,0.304,0.574,613
805509,SNta11,mechanosensory_tactile,vnc_sensory,SNta,ADMN,L,mechanosensory bristle,,,tactile,cls,,not_leg:ADMN,high,lh,0.267,0.44,1067
805510,"SNpp20,SApp02",mechanosensory_proprioceptive,vnc_sensory,SNpp,DMetaN,L,campaniform sensilla,,,proprio,cls,campaniform,not_leg:DMetaN,high,rh,0.384,0.646,138
805518,SNxx14,unknown_sensory,vnc_sensory,SNxx,AbN4,R,abdomen,,,unknown,none,,not_leg:AbN4,high,lh,0.418,0.789,469
805531,SNta02,mechanosensory_tactile,vnc_sensory,SNta,PDMN,L,mechanosensory bristle,,,tactile,cls,,not_leg:PDMN,high,lm,0.365,0.479,558
805534,SNch01,chemosensory,vnc_sensory,SNch,AbNT,L,abdomen,,,chemo,cls,,not_leg:AbNT,high,lh,0.369,0.639,1957
805552,SNta37,mechanosensory_tactile,vnc_sensory,SNta,MetaLN,L,mechanosensory bristle,,lh,tactile,cls,,annotated,high,lh,0.764,0.823,992
805554,SNta21,mechanosensory_tactile,vnc_sensory,SNta,MesoLN,L,mechanosensory bristle,,lm,tactile,cls,,annotated,high,lm,0.901,0.92,739
805579,SNpp33,mechanosensory_proprioceptive,vnc_sensory,SNpp,ADMN,R,campaniform sensilla,,,proprio,cls,campaniform,not_leg:ADMN,high,rh,0.384,0.743,1119
805587,SNch01,chemosensory,vnc_sensory,SNch,AbN4,L,abdomen,,,chemo,cls,,not_leg:AbN4,high,lh,0.324,0.634,1825
805588,SNxx07,unknown_sensory,vnc_sensory,SNxx,AbNT,L,abdomen,,,unknown,none,,not_leg:AbNT,high,lh,0.307,0.455,984
805594,SNch01,chemosensory,vnc_sensory,SNch,AbN4,R,abdomen,,,chemo,cls,,not_leg:AbN4,high,rh,0.49,0.72,1460
805623,SNch01,chemosensory,vnc_sensory,SNch,AbN4,L,abdomen,,,chemo,cls,,not_leg:AbN4,high,lh,0.351,0.664,1648
805646,WG3,gustatory,vnc_sensory,WG,ADMN,L,wing bristle,,,gustatory,cls,,not_leg:ADMN,high,lm,0.395,0.582,727
805659,LgLG6,gustatory,vnc_sensory,LgLG,ProLN,R,leg bristle,,rf,gustatory,cls,,annotated,medium,lf,0.412,0.518,994
805668,SNxx07,unknown_sensory,vnc_sensory,SNxx,AbNT,L,abdomen,,,unknown,none,,not_leg:AbNT,high,lh,0.257,0.41,1003
805687,SNta42,mechanosensory_tactile,vnc_sensory,SNta,MesoLN,L,mechanosensory bristle,,lm,tactile,cls,,annotated,high,lm,0.489,0.634,742
805695,SNta21,mechanosensory_tactile,vnc_sensory,SNta,MesoLN,R,mechanosensory bristle,,rm,tactile,cls,,annotated,high,rm,0.851,0.876,1405
805706,SNpp33,mechanosensory_proprioceptive,vnc_sensory,SNpp,ADMN,R,campaniform sensilla,,,proprio,cls,campaniform,not_leg:ADMN,high,rh,0.355,0.65,792
805712,SNpp51,mechanosensory_proprioceptive,vnc_sensory,SNpp,MetaLN,R,chordotonal organ,,rh,proprio,cls,claw_51,annotated,high,rh,0.952,0.963,1007
805714,SNppxx,mechanosensory_proprioceptive,vnc_sensory,SNppxx,MesoLN,R,leg,,rm,proprio,cls,untyped,annotated,high,rm,0.89,0.911,938
805718,SNta30,mechanosensory_tactile,vnc_sensory,SNta,MesoLN,L,mechanosensory bristle,,lm,tactile,cls,,annotated,high,lm,0.789,0.83,1217
805722,SNpp10,mechanosensory_proprioceptive,vnc_sensory,SNpp,ADMN,L,campaniform sensilla,,,proprio,cls,campaniform,not_leg:ADMN,high,lm,0.366,0.483,1436
805733,SNpp10,mechanosensory_proprioceptive,vnc_sensory,SNpp,ADMN,L,campaniform sensilla,,,proprio,cls,campaniform,not_leg:ADMN,high,lm,0.372,0.485,1516
805765,SNta27,mechanosensory_tactile,vnc_sensory,SNta,MesoLN,R,leg,,rm,tactile,cls,,annotated,high,rm,0.723,0.778,448
805772,SNpp16,mechanosensory_proprioceptive,vnc_sensory,SNpp,ADMN,R,campaniform sensilla,,,proprio,cls,campaniform,not_leg:ADMN,high,rh,0.677,0.877,1189
805783,SNta07,mechanosensory_tactile,vnc_sensory,SNta,ADMN,L,mechanosensory bristle,,,tactile,cls,,not_leg:ADMN,high,lm,0.259,0.43,1491
805786,SNxx23,unknown_sensory,vnc_sensory,SNxx,AbNT,R,abdomen,,,unknown,none,,not_leg:AbNT,high,lm,0.227,0.415,653
805789,SNpp19,mechanosensory_proprioceptive,vnc_sensory,SNpp,PrN,L,hair plate,,,proprio,cls,hair_plate_xx,not_leg:PrN,high,lh,0.252,0.469,720
805812,SNch01,chemosensory,vnc_sensory,SNch,AbNT,R,abdomen,,,chemo,cls,,not_leg:AbNT,high,rh,0.419,0.688,1632
805861,SNpp52,mechanosensory_proprioceptive,vnc_sensory,SNpp,MetaLN,R,leg,,rh,proprio,cls,hair_plate_52,annotated,high,rh,0.831,0.896,1190
805864,SNta29,mechanosensory_tactile,vnc_sensory,SNta,MetaLN,R,mechanosensory bristle,,rh,tactile,cls,,annotated,high,rh,0.822,0.871,1542
805900,SNppxx,mechanosensory_proprioceptive,vnc_sensory,SNppxx,MesoLN,R,leg,,rm,proprio,cls,untyped,annotated,high,rm,0.887,0.908,1358
805901,SNxx24,unknown_sensory,vnc_sensory,SNxx,ADMN,L,wing,,,unknown,none,,not_leg:ADMN,high,lh,0.392,0.741,1601
805928,SNpp19,mechanosensory_proprioceptive,vnc_sensory,SNpp,PrN,L,hair plate,,,proprio,cls,hair_plate_xx,not_leg:PrN,high,lh,0.221,0.421,580
805931,SNxx06,unknown_sensory,vnc_sensory,SNxx,AbN3,R,abdomen,,,unknown,none,,not_leg:AbN3,high,rh,0.558,0.708,510
805937,SNxx04,unknown_sensory,vnc_sensory,SNxx,AbN4,L,abdomen,,,unknown,none,,not_leg:AbN4,high,lh,0.365,0.671,304
805939,SNta06,mechanosensory_tactile,vnc_sensory,SNta,ADMN,L,mechanosensory bristle,,,tactile,cls,,not_leg:ADMN,high,lm,0.255,0.432,1555
805944,SNta38,mechanosensory_tactile,vnc_sensory,SNta,MesoLN,R,mechanosensory bristle,,rm,tactile,cls,,annotated,high,rm,0.817,0.883,441
805950,SNta38,mechanosensory_tactile,vnc_sensory,SNta,MetaLN,L,mechanosensory bristle,,lh,tactile,cls,,annotated,high,lh,0.771,0.913,185
805951,SNpp19,mechanosensory_proprioceptive,vnc_sensory,SNpp,PrN,R,hair plate,,,proprio,cls,hair_plate_xx,not_leg:PrN,high,lf,0.244,0.455,708
805956,SNch01,chemosensory,vnc_sensory,SNch,AbN4,L,abdomen,,,chemo,cls,,not_leg:AbN4,high,lh,0.382,0.72,1347
805975,SNch01,chemosensory,vnc_sensory,SNch,AbNT,L,abdomen,,,chemo,cls,,not_leg:AbNT,high,rh,0.345,0.671,1894
805978,SNpp10,mechanosensory_proprioceptive,vnc_sensory,SNpp,ADMN,R,campaniform sensilla,,,proprio,cls,campaniform,not_leg:ADMN,high,rm,0.369,0.502,1269
805981,SNpp10,mechanosensory_proprioceptive,vnc_sensory,SNpp,ADMN,L,campaniform sensilla,,,proprio,cls,campaniform,not_leg:ADMN,high,lm,0.396,0.523,1366
806000,SNta37,mechanosensory_tactile,vnc_sensory,SNta,MetaLN,R,mechanosensory bristle,,rh,tactile,cls,,annotated,high,rh,0.812,0.865,837
806006,SNpp04,mechanosensory_proprioceptive,vnc_sensory,SNpp,ADMN,R,campaniform sensilla,,,proprio,cls,campaniform,not_leg:ADMN,high,rh,0.283,0.535,854
806020,SNxx04,unknown_sensory,vnc_sensory,SNxx,AbNT,L,abdomen,,,unknown,none,,not_leg:AbNT,high,rh,0.447,0.78,1073
806027,SNxx04,unknown_sensory,vnc_sensory,SNxx,AbN4,R,abdomen,,,unknown,none,,not_leg:AbN4,high,rh,0.4,0.713,748
806035,SNxx04,unknown_sensory,vnc_sensory,SNxx,AbN4,L,abdomen,,,unknown,none,,not_leg:AbN4,high,lh,0.332,0.508,239
806053,SNta11,mechanosensory_tactile,vnc_sensory,SNta,ADMN,L,mechanosensory bristle,,,tactile,cls,,not_leg:ADMN,high,lm,0.237,0.466,1448
806067,SNch01,chemosensory,vnc_sensory,SNch,AbN3,R,abdomen,,,chemo,cls,,not_leg:AbN3,high,rh,0.466,0.638,1284
806073,SNxx07,unknown_sensory,vnc_sensory,SNxx,AbNT,R,abdomen,,,unknown,none,,not_leg:AbNT,high,rh,0.304,0.453,884
806078,SNch01,chemosensory,vnc_sensory,SNch,AbNT,R,abdomen,,,chemo,cls,,not_leg:AbNT,high,rh,0.404,0.662,1788
806080,SNpp52,mechanosensory_proprioceptive,vnc_sensory,SNpp,MesoLN,L,hair plate,,lm,proprio,cls,hair_plate_52,annotated,high,lm,0.904,0.907,1529
806102,SNpp06,mechanosensory_proprioceptive,vnc_sensory,SNpp,ADMN,L,campaniform sensilla,,,proprio,cls,campaniform,not_leg:ADMN,high,lm,0.378,0.525,1133
806118,SNxx04,unknown_sensory,vnc_sensory,SNxx,AbNT,R,abdomen,,,unknown,none,,not_leg:AbNT,high,rh,0.448,0.731,1180
806127,LgLG3,gustatory,vnc_sensory,LgLG,MetaLN,R,leg bristle,,rh,gustatory,cls,,annotated,high,rh,0.636,0.712,542
806142,SNta38,mechanosensory_tactile,vnc_sensory,SNta,MesoLN,R,mechanosensory bristle,,rm,tactile,cls,,annotated,high,rm,0.824,0.892,395
806159,SNxx07,unknown_sensory,vnc_sensory,SNxx,AbNT,L,abdomen,,,unknown,none,,not_leg:AbNT,high,lh,0.316,0.482,929
806194,LgLG6,gustatory,vnc_sensory,LgLG,ProLN,R,leg bristle,,rf,gustatory,cls,,annotated,high,lf,0.392,0.518,942
806196,SNxx07,unknown_sensory,vnc_sensory,SNxx,AbNT,L,abdomen,,,unknown,none,,not_leg:AbNT,high,rm,0.231,0.35,336
806202,SNta29,mechanosensory_tactile,vnc_sensory,SNta,MesoLN,L,mechanosensory bristle,,lm,tactile,cls,,annotated,high,lm,0.849,0.868,673
806208,SNxx07,unknown_sensory,vnc_sensory,SNxx,AbNT,L,abdomen,,,unknown,none,,not_leg:AbNT,high,lh,0.25,0.404,986
806211,SNta29,mechanosensory_tactile,vnc_sensory,SNta,MesoLN,L,mechanosensory bristle,,lm,tactile,cls,,annotated,high,lm,0.826,0.863,1373
806226,SNpp45,mechanosensory_proprioceptive,vnc_sensory,SNpp,MesoLN,L,hair plate,,lm,proprio,cls,hair_plate_45,annotated,high,lm,0.852,0.877,666
806254,SNpp16,mechanosensory_proprioceptive,vnc_sensory,SNpp,ADMN,L,campaniform sensilla,,,proprio,cls,campaniform,not_leg:ADMN,high,rh,0.323,0.597,1135
806261,SNch01,chemosensory,vnc_sensory,SNch,AbNT,L,abdomen,,,chemo,cls,,not_leg:AbNT,high,lh,0.342,0.633,1637
806269,SNppxx,mechanosensory_proprioceptive,vnc_sensory,SNppxx,MesoLN,R,leg,,rm,proprio,cls,untyped,annotated,high,rm,0.812,0.833,860
806288,SNxx07,unknown_sensory,vnc_sensory,SNxx,AbNT,L,abdomen,,,unknown,none,,not_leg:AbNT,high,lh,0.278,0.455,991
806323,LgLG6,gustatory,vnc_sensory,LgLG,ProLN,R,leg bristle,,rf,gustatory,cls,,annotated,high,lf,0.298,0.478,864
806328,SNxx04,unknown_sensory,vnc_sensory,SNxx,AbNT,L,abdomen,,,unknown,none,,not_leg:AbNT,high,rh,0.415,0.758,1078
806332,SNta28,mechanosensory_tactile,vnc_sensory,SNta,MetaLN,R,mechanosensory bristle,,rh,tactile,cls,,annotated,high,rh,0.897,0.938,1230
806336,SNta30,mechanosensory_tactile,vnc_sensory,SNta,MetaLN,R,mechanosensory bristle,,rh,tactile,cls,,annotated,high,rh,0.836,0.891,1372
806337,SNpp62,mechanosensory_proprioceptive,vnc_sensory,SNpp,ADMN,L,wing,,,proprio,cls,untyped,not_leg:ADMN,high,lh,0.376,0.563,1120
806348,SNpp16,mechanosensory_proprioceptive,vnc_sensory,SNpp,ADMN,L,campaniform sensilla,,,proprio,cls,campaniform,not_leg:ADMN,high,rh,0.311,0.569,1030
806385,SNxx25,unknown_sensory,vnc_sensory,SNxx,ADMN,R,wing,,,unknown,none,,not_leg:ADMN,high,rh,0.605,0.741,1866
806388,SNxx20,unknown_sensory,vnc_sensory,SNxx,AbN4,L,abdomen,,,unknown,none,,not_leg:AbN4,high,rh,0.41,0.754,989
806405,SNta25,mechanosensory_tactile,vnc_sensory,SNta,MesoLN,L,mechanosensory bristle,,lm,tactile,cls,,annotated,high,lm,0.793,0.811,942
806419,SNppxx,mechanosensory_proprioceptive,vnc_sensory,SNppxx,MesoLN,L,leg,,lm,proprio,cls,untyped,annotated,high,lm,0.72,0.778,1456
806428,SNpp16,mechanosensory_proprioceptive,vnc_sensory,SNpp,ADMN,R,campaniform sensilla,,,proprio,cls,campaniform,not_leg:ADMN,high,rh,0.403,0.628,1015
806437,SNxx23,unknown_sensory,vnc_sensory,SNxx,AbNT,R,abdomen,,,unknown,none,,not_leg:AbNT,high,lf,0.222,0.39,452
806452,SNta04,mechanosensory_tactile,vnc_sensory,SNta,ADMN,L,mechanosensory bristle,,,tactile,cls,,not_leg:ADMN,high,lh,0.357,0.511,1690
806454,SNch01,chemosensory,vnc_sensory,SNch,AbN4,R,abdomen,,,chemo,cls,,not_leg:AbN4,high,rh,0.401,0.694,1474
806482,SNta14,mechanosensory_tactile,vnc_sensory,SNta,ADMN,L,mechanosensory bristle,,,tactile,cls,,not_leg:ADMN,high,lh,0.311,0.512,1480
806488,SNta07,mechanosensory_tactile,vnc_sensory,SNta,ADMN,L,mechanosensory bristle,,,tactile,cls,,not_leg:ADMN,high,lm,0.304,0.411,1281
806491,SNpp51,mechanosensory_proprioceptive,vnc_sensory,SNpp,MetaLN,R,chordotonal organ,,rh,proprio,cls,claw_51,annotated,high,rh,0.964,0.98,943
806526,SNpp42,mechanosensory_proprioceptive,vnc_sensory,SNpp,MetaLN,R,chordotonal organ,,rh,proprio,cls,co_unclassified,annotated,high,rh,0.289,0.533,184
806527,SNch01,chemosensory,vnc_sensory,SNch,AbNT,R,abdomen,,,chemo,cls,,not_leg:AbNT,high,rh,0.334,0.634,1636
806548,SNxx29,unknown_sensory,vnc_sensory,SNxx,MesoLN,L,leg,,lm,unknown,none,,annotated,high,lm,0.809,0.83,1402
806553,SNppxx,mechanosensory_proprioceptive,vnc_sensory,SNppxx,MetaLN,R,leg,,rh,proprio,cls,untyped,annotated,high,rh,0.844,0.882,787
806572,SNpp45,mechanosensory_proprioceptive,vnc_sensory,SNpp,MetaLN,R,hair plate,,rh,proprio,cls,hair_plate_45,annotated,high,rh,0.841,0.91,1213
806585,WG4,gustatory,vnc_sensory,WG,ADMN,L,wing bristle,,,gustatory,cls,,not_leg:ADMN,high,lm,0.383,0.598,720
806589,SNch01,chemosensory,vnc_sensory,SNch,AbN4,R,abdomen,,,chemo,cls,,not_leg:AbN4,high,rh,0.487,0.724,1143
806594,SNch01,chemosensory,vnc_sensory,SNch,AbN4,L,abdomen,,,chemo,cls,,not_leg:AbN4,high,lh,0.379,0.689,1300
806595,"SNta02,SNta09",mechanosensory_tactile,vnc_sensory,SNta,PDMN,L,notum,,,tactile,cls,,not_leg:PDMN,high,lm,0.27,0.452,249
806596,SNpp19,mechanosensory_proprioceptive,vnc_sensory,SNpp,PrN,L,hair plate,,,proprio,cls,hair_plate_xx,not_leg:PrN,high,lh,0.27,0.498,564
806610,SNxx07,unknown_sensory,vnc_sensory,SNxx,AbNT,R,abdomen,,,unknown,none,,not_leg:AbNT,high,rh,0.302,0.452,755
806629,SNppxx,mechanosensory_proprioceptive,vnc_sensory,SNppxx,MesoLN,L,leg,,lm,proprio,cls,untyped,annotated,high,lm,0.726,0.8,927
806634,SNta37,mechanosensory_tactile,vnc_sensory,SNta,MesoLN,R,mechanosensory bristle,,rm,tactile,cls,,annotated,high,rm,0.771,0.793,822
806637,"SNta02,SNta09",mechanosensory_tactile,vnc_sensory,SNta,PDMN,L,notum,,,tactile,cls,,not_leg:PDMN,high,lm,0.235,0.427,524
806641,SNxx01,unknown_sensory,vnc_sensory,SNxx,AbN4,R,abdomen,,,unknown,none,,not_leg:AbN4,high,rh,0.47,0.646,803
806645,LgLG1a,gustatory,vnc_sensory,LgLG,MesoLN,R,leg bristle,,rm,gustatory,cls,,annotated,high,rm,0.45,0.629,644
806652,SNxx20,unknown_sensory,vnc_sensory,SNxx,AbN4,R,abdomen,,,unknown,none,,not_leg:AbN4,high,rh,0.425,0.746,1099
806654,SNpp19,mechanosensory_proprioceptive,vnc_sensory,SNpp,PrN,L,hair plate,,,proprio,cls,hair_plate_xx,not_leg:PrN,high,lh,0.259,0.453,539
806680,SNxx04,unknown_sensory,vnc_sensory,SNxx,AbNT,R,abdomen,,,unknown,none,,not_leg:AbNT,high,rh,0.436,0.769,880
806694,SNxx33,unknown_sensory,vnc_sensory,SNxx,MetaLN,R,leg,,rh,unknown,none,,annotated,high,rh,0.813,0.889,689
806695,SNpp40,mechanosensory_proprioceptive,vnc_sensory,SNpp,MetaLN,R,chordotonal organ,,rh,proprio,cls,club,annotated,high,rh,0.615,0.753,1573
806696,SNta13,mechanosensory_tactile,vnc_sensory,SNta,PDMN,L,mechanosensory bristle,,,tactile,cls,,not_leg:PDMN,high,lh,0.262,0.432,1281
806697,SNta21,mechanosensory_tactile,vnc_sensory,SNta,MesoLN,L,mechanosensory bristle,,lm,tactile,cls,,annotated,high,lm,0.886,0.913,842
806698,SNppxx,mechanosensory_proprioceptive,vnc_sensory,SNppxx,MesoLN,R,leg,,rm,proprio,cls,untyped,annotated,high,rm,0.868,0.887,1519
806709,SNppxx,mechanosensory_proprioceptive,vnc_sensory,SNppxx,MesoLN,L,leg,,lm,proprio,cls,untyped,annotated,high,lm,0.912,0.954,1069
806721,SNta37,mechanosensory_tactile,vnc_sensory,SNta,MesoLN,L,mechanosensory bristle,,lm,tactile,cls,,annotated,high,lm,0.81,0.845,606
806742,SNta21,mechanosensory_tactile,vnc_sensory,SNta,MetaLN,R,mechanosensory bristle,,rh,tactile,cls,,annotated,high,rh,0.874,0.945,279
806745,SNta30,mechanosensory_tactile,vnc_sensory,SNta,MesoLN,R,mechanosensory bristle,,rm,tactile,cls,,annotated,high,rm,0.801,0.822,1194
806746,SNxx10,unknown_sensory,vnc_sensory,SNxx,AbNT,L,abdomen,,,unknown,none,,not_leg:AbNT,high,lh,0.303,0.58,511
806749,SNpp10,mechanosensory_proprioceptive,vnc_sensory,SNpp,ADMN,R,campaniform sensilla,,,proprio,cls,campaniform,not_leg:ADMN,high,rm,0.372,0.494,1101
806750,SNta37,mechanosensory_tactile,vnc_sensory,SNta,MesoLN,R,mechanosensory bristle,,rm,tactile,cls,,annotated,high,rm,0.796,0.816,778
806751,SNpp16,mechanosensory_proprioceptive,vnc_sensory,SNpp,ADMN,R,campaniform sensilla,,,proprio,cls,campaniform,not_leg:ADMN,high,rh,0.416,0.659,936
806766,SNta07,mechanosensory_tactile,vnc_sensory,SNta,ADMN,R,mechanosensory bristle,,,tactile,cls,,not_leg:ADMN,high,rm,0.263,0.468,1183
806777,SNpp19,mechanosensory_proprioceptive,vnc_sensory,SNpp,PrN,R,hair plate,,,proprio,cls,hair_plate_xx,not_leg:PrN,high,rh,0.285,0.495,464
806778,SNxx15,unknown_sensory,vnc_sensory,SNxx,AbN4,L,abdomen,,,unknown,none,,not_leg:AbN4,high,rh,0.476,0.847,1431
806784,LgLG1a,gustatory,vnc_sensory,LgLG,MesoLN,R,leg bristle,,rm,gustatory,cls,,annotated,high,rm,0.544,0.676,899
806786,SNta30,mechanosensory_tactile,vnc_sensory,SNta,MetaLN,R,mechanosensory bristle,,rh,tactile,cls,,annotated,high,rh,0.854,0.883,1093
806791,SNpp19,mechanosensory_proprioceptive,vnc_sensory,SNpp,PrN,R,hair plate,,,proprio,cls,hair_plate_xx,not_leg:PrN,high,rh,0.209,0.417,535
806800,SNta43,mechanosensory_tactile,vnc_sensory,SNta,MesoLN,R,mechanosensory bristle,,rm,tactile,cls,,annotated,high,rm,0.708,0.732,286
806812,SNxx07,unknown_sensory,vnc_sensory,SNxx,AbNT,L,abdomen,,,unknown,none,,not_leg:AbNT,high,lh,0.303,0.434,875
806841,SNta06,mechanosensory_tactile,vnc_sensory,SNta,ADMN,R,mechanosensory bristle,,,tactile,cls,,not_leg:ADMN,high,rm,0.291,0.481,1066
806847,SNppxx,mechanosensory_proprioceptive,vnc_sensory,SNppxx,MetaLN,R,leg,,rh,proprio,cls,untyped,annotated,high,rh,0.829,0.895,826
806853,SNppxx,mechanosensory_proprioceptive,vnc_sensory,SNppxx,MesoLN,L,leg,,lm,proprio,cls,untyped,annotated,high,lm,0.703,0.782,921
806856,LgLG6,gustatory,vnc_sensory,LgLG,ProLN,L,leg bristle,,lf,gustatory,cls,,annotated,high,lf,0.485,0.549,842
806859,SNpp51,mechanosensory_proprioceptive,vnc_sensory,SNpp,MetaLN,R,chordotonal organ,,rh,proprio,cls,claw_51,annotated,high,rh,0.974,0.992,767
806863,SNta21,mechanosensory_tactile,vnc_sensory,SNta,MetaLN,L,mechanosensory bristle,,lh,tactile,cls,,annotated,high,lh,0.826,0.916,1275
806867,SNxx23,unknown_sensory,vnc_sensory,SNxx,AbNT,R,abdomen,,,unknown,none,,not_leg:AbNT,high,lf,0.236,0.341,404
806883,SNxx17,unknown_sensory,vnc_sensory,SNxx,AbNT,L,abdomen,,,unknown,none,,not_leg:AbNT,high,lh,0.569,0.644,1317
806897,SNxx23,unknown_sensory,vnc_sensory,SNxx,AbNT,R,abdomen,,,unknown,none,,not_leg:AbNT,high,lf,0.239,0.379,600
806904,SNxx23,unknown_sensory,vnc_sensory,SNxx,AbNT,L,abdomen,,,unknown,none,,not_leg:AbNT,high,rm,0.275,0.466,456
806916,SNta14,mechanosensory_tactile,vnc_sensory,SNta,ADMN,L,mechanosensory bristle,,,tactile,cls,,not_leg:ADMN,high,lh,0.292,0.479,1266
806918,SNpp45,mechanosensory_proprioceptive,vnc_sensory,SNpp,MesoLN,L,hair plate,,lm,proprio,cls,hair_plate_45,annotated,high,lm,0.935,0.942,942
806920,SNta04,mechanosensory_tactile,vnc_sensory,SNta,ADMN,R,mechanosensory bristle,,,tactile,cls,,not_leg:ADMN,high,rh,0.354,0.498,1330
806921,SNta03,mechanosensory_tactile,vnc_sensory,SNta,DMetaN,L,mechanosensory bristle,,,tactile,cls,,not_leg:DMetaN,high,lh,0.693,0.896,1147
806928,SNxx23,unknown_sensory,vnc_sensory,SNxx,AbNT,L,abdomen,,,unknown,none,,not_leg:AbNT,high,rh,0.214,0.422,481
806933,SNta38,mechanosensory_tactile,vnc_sensory,SNta,MesoLN,L,mechanosensory bristle,,lm,tactile,cls,,annotated,high,lm,0.804,0.833,257
806934,SNpp40,mechanosensory_proprioceptive,vnc_sensory,SNpp,MetaLN,L,chordotonal organ,,lh,proprio,cls,club,annotated,high,lh,0.641,0.757,1356
806962,SNpp45,mechanosensory_proprioceptive,vnc_sensory,SNpp,MesoLN,R,hair plate,,rm,proprio,cls,hair_plate_45,annotated,high,rm,0.874,0.939,1088
806966,SNppxx,mechanosensory_proprioceptive,vnc_sensory,SNppxx,ProAN,R,leg,,rf,proprio,cls,untyped,annotated,medium,rf,0.79,0.826,1076
806967,SNpp19,mechanosensory_proprioceptive,vnc_sensory,SNpp,PrN,R,hair plate,,,proprio,cls,hair_plate_xx,not_leg:PrN,high,rh,0.252,0.447,490
806980,SNxx23,unknown_sensory,vnc_sensory,SNxx,AbNT,R,abdomen,,,unknown,none,,not_leg:AbNT,high,lf,0.265,0.377,551
807004,SNxx11,unknown_sensory,vnc_sensory,SNxx,AbNT,R,abdomen,,,unknown,none,,not_leg:AbNT,high,rh,0.356,0.628,580
807019,LgLG3,gustatory,vnc_sensory,LgLG,MetaLN,L,leg bristle,,lh,gustatory,cls,,annotated,high,lh,0.517,0.634,635
807032,SNxx31,unknown_sensory,vnc_sensory,SNxx,PDMN,L,mechanosensory bristle,,,unknown,none,,not_leg:PDMN,high,rh,0.466,0.842,1169
807043,SNpp16,mechanosensory_proprioceptive,vnc_sensory,SNpp,ADMN,L,campaniform sensilla,,,proprio,cls,campaniform,not_leg:ADMN,high,rh,0.426,0.684,917
807045,SNpp10,mechanosensory_proprioceptive,vnc_sensory,SNpp,ADMN,R,campaniform sensilla,,,proprio,cls,campaniform,not_leg:ADMN,high,rm,0.376,0.539,896
807052,SNta18,mechanosensory_tactile,vnc_sensory,SNta,ADMN,L,mechanosensory bristle,,,tactile,cls,,not_leg:ADMN,high,lh,0.357,0.551,700
807064,SNpp47,mechanosensory_proprioceptive,vnc_sensory,SNpp,MesoLN,R,chordotonal organ,,rm,proprio,cls,club,annotated,high,rm,0.4,0.57,595
807067,SNxx07,unknown_sensory,vnc_sensory,SNxx,AbNT,L,abdomen,,,unknown,none,,not_leg:AbNT,high,lh,0.289,0.479,907
807074,SApp,mechanosensory_proprioceptive,sensory_ascending,SApp,DMetaN,L,haltere,,,proprio,cls,untyped,not_leg:DMetaN,high,rh,0.407,0.675,652
807093,SNpp62,mechanosensory_proprioceptive,vnc_sensory,SNpp,ADMN,R,wing,,,proprio,cls,untyped,not_leg:ADMN,high,rh,0.388,0.564,1009
807098,SNta11,mechanosensory_tactile,vnc_sensory,SNta,ADMN,L,mechanosensory bristle,,,tactile,cls,,not_leg:ADMN,high,lm,0.279,0.467,700
807110,SNta38,mechanosensory_tactile,vnc_sensory,SNta,MetaLN,L,mechanosensory bristle,,lh,tactile,cls,,annotated,high,lh,0.822,0.94,885
807119,SNxx07,unknown_sensory,vnc_sensory,SNxx,AbNT,R,abdomen,,,unknown,none,,not_leg:AbNT,high,rh,0.293,0.461,730
807130,"SNpp29,SNpp63",mechanosensory_proprioceptive,vnc_sensory,SNpp,ADMN,L,campaniform sensilla,,,proprio,cls,campaniform,not_leg:ADMN,high,lh,0.332,0.489,843
807145,SNxx17,unknown_sensory,vnc_sensory,SNxx,AbNT,R,abdomen,,,unknown,none,,not_leg:AbNT,high,rh,0.428,0.586,1344
807168,WG4,gustatory,vnc_sensory,WG,ADMN,L,wing bristle,,,gustatory,cls,,not_leg:ADMN,high,lm,0.358,0.569,703
807169,SNxx23,unknown_sensory,vnc_sensory,SNxx,AbNT,L,abdomen,,,unknown,none,,not_leg:AbNT,high,rh,0.211,0.408,470
807171,SNpp19,mechanosensory_proprioceptive,vnc_sensory,SNpp,PrN,L,hair plate,,,proprio,cls,hair_plate_xx,not_leg:PrN,high,lf,0.332,0.493,459
807178,"SNta11,SNta14",mechanosensory_tactile,vnc_sensory,SNta,ADMN,L,mechanosensory bristle,,,tactile,cls,,not_leg:ADMN,high,lm,0.252,0.453,1303
807182,SNxx23,unknown_sensory,vnc_sensory,SNxx,AbNT,L,abdomen,,,unknown,none,,not_leg:AbNT,high,rm,0.289,0.501,370
807189,"SNpp29,SNpp63",mechanosensory_proprioceptive,vnc_sensory,SNpp,ADMN,L,campaniform sensilla,,,proprio,cls,campaniform,not_leg:ADMN,high,lm,0.273,0.459,886
807192,SNch01,chemosensory,vnc_sensory,SNch,AbN4,L,abdomen,,,chemo,cls,,not_leg:AbN4,high,lh,0.393,0.692,1141
807195,SNxx23,unknown_sensory,vnc_sensory,SNxx,AbNT,R,abdomen,,,unknown,none,,not_leg:AbNT,high,lf,0.268,0.409,564
807206,SNta04,mechanosensory_tactile,vnc_sensory,SNta,ADMN,L,mechanosensory bristle,,,tactile,cls,,not_leg:ADMN,high,lh,0.36,0.485,1289
807210,"SNpp29,SNpp63",mechanosensory_proprioceptive,vnc_sensory,SNpp,ADMN,L,campaniform sensilla,,,proprio,cls,campaniform,not_leg:ADMN,high,lh,0.309,0.506,774
807215,SNta28,mechanosensory_tactile,vnc_sensory,SNta,MetaLN,R,mechanosensory bristle,,rh,tactile,cls,,annotated,high,rh,0.901,0.945,993
807216,SNxx15,unknown_sensory,vnc_sensory,SNxx,AbN3,R,abdomen,,,unknown,none,,not_leg:AbN3,high,rh,0.468,0.923,1337
807217,SNpp07,mechanosensory_proprioceptive,vnc_sensory,SNpp,ADMN,L,campaniform sensilla,,,proprio,cls,campaniform,not_leg:ADMN,high,rh,0.413,0.68,825
807220,SNppxx,mechanosensory_proprioceptive,vnc_sensory,SNppxx,MetaLN,L,leg,,lh,proprio,cls,untyped,annotated,high,lh,0.813,0.871,1056
807234,LgLG7,gustatory,vnc_sensory,LgLG,ProLN,L,leg bristle,,lf,gustatory,cls,,annotated,high,lf,0.686,0.803,612
807235,SNta42,mechanosensory_tactile,vnc_sensory,SNta,MesoLN,R,mechanosensory bristle,,rm,tactile,cls,,annotated,high,rm,0.423,0.549,571
807257,SNxx15,unknown_sensory,vnc_sensory,SNxx,AbN2,R,abdomen,,,unknown,none,,not_leg:AbN2,high,lh,0.466,0.892,1153
807272,SNppxx,mechanosensory_proprioceptive,vnc_sensory,SNppxx,MesoLN,R,leg,,rm,proprio,cls,untyped,annotated,high,rm,0.805,0.831,1352
807274,SNppxx,mechanosensory_proprioceptive,vnc_sensory,SNppxx,MesoLN,L,leg,,lm,proprio,cls,untyped,annotated,high,lm,0.712,0.816,880
807283,SNxx14,unknown_sensory,vnc_sensory,SNxx,AbN4,L,abdomen,,,unknown,none,,not_leg:AbN4,high,rh,0.37,0.732,1082
807285,WG4,gustatory,vnc_sensory,WG,ADMN,L,wing bristle,,,gustatory,cls,,not_leg:ADMN,high,lm,0.336,0.583,704
807290,SNpp16,mechanosensory_proprioceptive,vnc_sensory,SNpp,ADMN,L,campaniform sensilla,,,proprio,cls,campaniform,not_leg:ADMN,high,rh,0.445,0.642,891
807305,SNta11,mechanosensory_tactile,vnc_sensory,SNta,ADMN,R,mechanosensory bristle,,,tactile,cls,,not_leg:ADMN,high,rm,0.267,0.494,679
807306,SNxx15,unknown_sensory,vnc_sensory,SNxx,AbN4,R,abdomen,,,unknown,none,,not_leg:AbN4,high,rh,0.482,0.896,1371
807311,SNpp19,mechanosensory_proprioceptive,vnc_sensory,SNpp,PrN,L,hair plate,,,proprio,cls,hair_plate_xx,not_leg:PrN,high,lf,0.268,0.413,583
807316,SNpp08,mechanosensory_proprioceptive,vnc_sensory,SNpp,ADMN,L,campaniform sensilla,,,proprio,cls,campaniform,not_leg:ADMN,high,lh,0.339,0.56,682
807320,SNxx07,unknown_sensory,vnc_sensory,SNxx,AbNT,R,abdomen,,,unknown,none,,not_leg:AbNT,high,rh,0.277,0.428,749
807328,SNch01,chemosensory,vnc_sensory,SNch,AbN4,R,abdomen,,,chemo,cls,,not_leg:AbN4,high,rh,0.461,0.726,1248
807329,SNta29,mechanosensory_tactile,vnc_sensory,SNta,MesoLN,R,mechanosensory bristle,,rm,tactile,cls,,annotated,high,rm,0.802,0.836,196
807335,"SNta11,SNta14",mechanosensory_tactile,vnc_sensory,SNta,ADMN,L,mechanosensory bristle,,,tactile,cls,,not_leg:ADMN,high,lh,0.284,0.467,1262
807341,SNpp37,mechanosensory_proprioceptive,vnc_sensory,SNpp,ADMN,R,campaniform sensilla,,,proprio,cls,campaniform,not_leg:ADMN,high,rm,0.443,0.506,437
807344,SNppxx,mechanosensory_proprioceptive,vnc_sensory,SNppxx,MesoLN,L,leg,,lm,proprio,cls,untyped,annotated,high,lm,0.863,0.883,1446
807350,SNxx07,unknown_sensory,vnc_sensory,SNxx,AbNT,R,abdomen,,,unknown,none,,not_leg:AbNT,high,rh,0.324,0.473,763
807356,SNta11,mechanosensory_tactile,vnc_sensory,SNta,ADMN,R,mechanosensory bristle,,,tactile,cls,,not_leg:ADMN,high,rh,0.263,0.445,1019
807367,SNta20,mechanosensory_tactile,vnc_sensory,SNta,MetaLN,R,mechanosensory bristle,,rh,tactile,cls,,annotated,high,rh,0.698,0.754,539
807373,SNta14,mechanosensory_tactile,vnc_sensory,SNta,ADMN,R,mechanosensory bristle,,,tactile,cls,,not_leg:ADMN,high,rh,0.325,0.522,1252
807380,SNta29,mechanosensory_tactile,vnc_sensory,SNta,MesoLN,L,mechanosensory bristle,,lm,tactile,cls,,annotated,high,lm,0.84,0.873,1128
807382,SNxx01,unknown_sensory,vnc_sensory,SNxx,AbN4,L,abdomen,,,unknown,none,,not_leg:AbN4,high,rh,0.395,0.622,247
807402,SNta27,mechanosensory_tactile,vnc_sensory,SNta,MetaLN,L,mechanosensory bristle,,lh,tactile,cls,,annotated,high,lh,0.836,0.861,227
807412,SNxx15,unknown_sensory,vnc_sensory,SNxx,AbN4,L,abdomen,,,unknown,none,,not_leg:AbN4,high,rh,0.539,0.915,1337
807446,SNta11,mechanosensory_tactile,vnc_sensory,SNta,ADMN,L,mechanosensory bristle,,,tactile,cls,,not_leg:ADMN,high,lm,0.244,0.459,1216
807447,SNta04,mechanosensory_tactile,vnc_sensory,SNta,ADMN,L,mechanosensory bristle,,,tactile,cls,,not_leg:ADMN,high,lh,0.362,0.505,1219
807449,SNxx03,unknown_sensory,vnc_sensory,SNxx,AbN4,R,abdomen,,,unknown,none,,not_leg:AbN4,high,rh,0.515,0.733,722
807458,SNpp61,mechanosensory_proprioceptive,vnc_sensory,SNpp,ADMN,L,wing,,,proprio,cls,untyped,not_leg:ADMN,high,lm,0.266,0.465,1113
807459,SNpp40,mechanosensory_proprioceptive,vnc_sensory,SNpp,MetaLN,R,chordotonal organ,FeCO club,rh,proprio,cls,club,annotated,high,rh,0.518,0.701,1412
807472,LgLG1b,gustatory,vnc_sensory,LgLG,MesoLN,R,leg bristle,,rm,gustatory,cls,,annotated,high,rm,0.41,0.578,585
807473,SNppxx,mechanosensory_proprioceptive,vnc_sensory,SNppxx,MesoLN,R,leg,,rm,proprio,cls,untyped,annotated,high,rm,0.667,0.756,703
807475,SNxx33,unknown_sensory,vnc_sensory,SNxx,MesoLN,L,leg,,lm,unknown,none,,annotated,high,lm,0.856,0.909,514
807481,SNta37,mechanosensory_tactile,vnc_sensory,SNta,MetaLN,R,mechanosensory bristle,,rh,tactile,cls,,annotated,high,rh,0.812,0.866,967
807482,SNta18,mechanosensory_tactile,vnc_sensory,SNta,ADMN,L,mechanosensory bristle,,,tactile,cls,,not_leg:ADMN,high,lh,0.445,0.576,440
807490,"SNpp29,SNpp63",mechanosensory_proprioceptive,vnc_sensory,SNpp,ADMN,L,campaniform sensilla,,,proprio,cls,campaniform,not_leg:ADMN,high,lh,0.286,0.472,862
807495,SNxx04,unknown_sensory,vnc_sensory,SNxx,AbN4,R,abdomen,,,unknown,none,,not_leg:AbN4,high,rh,0.422,0.674,782
807510,SNpp61,mechanosensory_proprioceptive,vnc_sensory,SNpp,ADMN,R,wing,,,proprio,cls,untyped,not_leg:ADMN,high,rh,0.341,0.556,1041
807527,SNxx14,unknown_sensory,vnc_sensory,SNxx,AbN4,L,abdomen,,,unknown,none,,not_leg:AbN4,high,rh,0.394,0.743,941
807533,SNxx29,unknown_sensory,vnc_sensory,SNxx,MesoLN,L,leg,,lm,unknown,none,,annotated,high,lm,0.775,0.796,1296
807546,SNxx01,unknown_sensory,vnc_sensory,SNxx,AbN4,L,abdomen,,,unknown,none,,not_leg:AbN4,high,rh,0.301,0.566,236
807550,SNxx14,unknown_sensory,vnc_sensory,SNxx,AbN4,R,abdomen,,,unknown,none,,not_leg:AbN4,high,rh,0.517,0.776,879
807551,SNta38,mechanosensory_tactile,vnc_sensory,SNta,MetaLN,L,mechanosensory bristle,,lh,tactile,cls,,annotated,high,lh,0.729,0.882,246
807554,SNpp61,mechanosensory_proprioceptive,vnc_sensory,SNpp,ADMN,L,wing,,,proprio,cls,untyped,not_leg:ADMN,high,lm,0.258,0.469,1152
807561,SNpp62,mechanosensory_proprioceptive,vnc_sensory,SNpp,ADMN,R,wing,,,proprio,cls,untyped,not_leg:ADMN,high,rh,0.356,0.54,851
807562,SNxx15,unknown_sensory,vnc_sensory,SNxx,AbN4,R,abdomen,,,unknown,none,,not_leg:AbN4,high,lh,0.495,0.932,1263
807595,SNpp40,mechanosensory_proprioceptive,vnc_sensory,SNpp,MesoLN,L,chordotonal organ,,lm,proprio,cls,club,annotated,high,lm,0.539,0.599,1242
807596,SNxx20,unknown_sensory,vnc_sensory,SNxx,AbN4,R,abdomen,,,unknown,none,,not_leg:AbN4,high,lh,0.488,0.937,1193
807601,SNxx01,unknown_sensory,vnc_sensory,SNxx,AbN4,R,abdomen,,,unknown,none,,not_leg:AbN4,high,rh,0.486,0.645,589
807602,SNta25,mechanosensory_tactile,vnc_sensory,SNta,MesoLN,R,mechanosensory bristle,,rm,tactile,cls,,annotated,high,rm,0.8,0.826,1028
807629,SNxx29,unknown_sensory,vnc_sensory,SNxx,MetaLN,R,leg,,rh,unknown,none,,annotated,high,rh,0.76,0.829,1535
807634,LgLG6,gustatory,vnc_sensory,LgLG,ProLN,R,leg bristle,,rf,gustatory,cls,,annotated,high,lf,0.36,0.557,652
807651,"SNta02,SNta09",mechanosensory_tactile,vnc_sensory,SNta,PDMN,L,notum,,,tactile,cls,,not_leg:PDMN,high,rm,0.268,0.461,532
807656,LgLG3,gustatory,vnc_sensory,LgLG,MesoLN,L,leg bristle,,lm,gustatory,cls,,annotated,high,lm,0.639,0.703,343
807657,SNxx03,unknown_sensory,vnc_sensory,SNxx,AbN4,L,abdomen,,,unknown,none,,not_leg:AbN4,high,lm,0.388,0.493,620
807664,"SNta02,SNta09",mechanosensory_tactile,vnc_sensory,SNta,PDMN,L,notum,,,tactile,cls,,not_leg:PDMN,high,lf,0.261,0.429,303
807667,"SNta22,SNta33",mechanosensory_tactile,vnc_sensory,SNta,MesoLN,R,mechanosensory bristle,,rm,tactile,cls,,annotated,high,rm,0.373,0.528,1026
807669,SNta30,mechanosensory_tactile,vnc_sensory,SNta,MetaLN,R,mechanosensory bristle,,rh,tactile,cls,,annotated,high,rh,0.829,0.886,886
807687,SNta20,mechanosensory_tactile,vnc_sensory,SNta,MesoLN,L,leg,,lm,tactile,cls,,annotated,high,lm,0.784,0.817,538
807690,WG3,gustatory,vnc_sensory,WG,ADMN,L,wing bristle,,,gustatory,cls,,not_leg:ADMN,high,lm,0.38,0.586,607
807696,SNpp19,mechanosensory_proprioceptive,vnc_sensory,SNpp,PrN,L,hair plate,,,proprio,cls,hair_plate_xx,not_leg:PrN,high,lf,0.331,0.428,569
807705,SNch01,chemosensory,vnc_sensory,SNch,AbN4,R,abdomen,,,chemo,cls,,not_leg:AbN4,high,rh,0.474,0.739,1405
807714,SNpp61,mechanosensory_proprioceptive,vnc_sensory,SNpp,ADMN,R,wing,,,proprio,cls,untyped,not_leg:ADMN,high,rh,0.344,0.601,1021
807730,SNxx14,unknown_sensory,vnc_sensory,SNxx,AbN4,L,abdomen,,,unknown,none,,not_leg:AbN4,high,rh,0.369,0.718,877
807736,SNta12,mechanosensory_tactile,vnc_sensory,SNta,PDMN,L,mechanosensory bristle,,,tactile,cls,,not_leg:PDMN,high,lf,0.227,0.437,1029
807737,SNta38,mechanosensory_tactile,vnc_sensory,SNta,MesoLN,L,mechanosensory bristle,,lm,tactile,cls,,annotated,high,lm,0.865,0.914,456
807744,"SNta11,SNta14",mechanosensory_tactile,vnc_sensory,SNta,ADMN,L,mechanosensory bristle,,,tactile,cls,,not_leg:ADMN,high,lh,0.258,0.448,1234
807746,SNta20,mechanosensory_tactile,vnc_sensory,SNta,MesoLN,L,leg,,lm,tactile,cls,,annotated,high,lm,0.753,0.781,548
807748,SNta38,mechanosensory_tactile,vnc_sensory,SNta,MetaLN,R,mechanosensory bristle,,rh,tactile,cls,,annotated,high,rh,0.895,0.962,197
807751,SNpp62,mechanosensory_proprioceptive,vnc_sensory,SNpp,ADMN,L,wing,,,proprio,cls,untyped,not_leg:ADMN,high,lh,0.413,0.615,971
807752,SNppxx,mechanosensory_proprioceptive,vnc_sensory,SNppxx,ProAN,R,leg,,rf,proprio,cls,untyped,annotated,medium,rf,0.733,0.787,796
807754,SNta04,mechanosensory_tactile,vnc_sensory,SNta,ADMN,L,mechanosensory bristle,,,tactile,cls,,not_leg:ADMN,high,lh,0.345,0.489,1192
807758,SApp,mechanosensory_proprioceptive,sensory_ascending,SApp,DMetaN,L,haltere,,,proprio,cls,untyped,not_leg:DMetaN,high,lh,0.553,0.716,192
807765,SNta21,mechanosensory_tactile,vnc_sensory,SNta,MetaLN,R,mechanosensory bristle,,rh,tactile,cls,,annotated,high,rh,0.881,0.932,869
807767,SNxx29,unknown_sensory,vnc_sensory,SNxx,MetaLN,L,leg,,lh,unknown,none,,annotated,high,lh,0.786,0.839,1412
807779,SNta29,mechanosensory_tactile,vnc_sensory,SNta,MetaLN,R,mechanosensory bristle,,rh,tactile,cls,,annotated,high,rh,0.834,0.882,647
807785,SNpp51,mechanosensory_proprioceptive,vnc_sensory,SNpp,MesoLN,L,chordotonal organ,,lm,proprio,cls,claw_51,annotated,high,lm,0.941,0.956,777
807790,SNta12,mechanosensory_tactile,vnc_sensory,SNta,PDMN,R,mechanosensory bristle,,,tactile,cls,,not_leg:PDMN,high,lm,0.285,0.519,840
807805,SNpp48,mechanosensory_proprioceptive,vnc_sensory,SNpp,MetaLN,R,chordotonal organ,,rh,proprio,cls,co_unclassified,annotated,high,rh,0.974,0.986,1062
807806,"SNta22,SNta33",mechanosensory_tactile,vnc_sensory,SNta,MesoLN,L,mechanosensory bristle,,lm,tactile,cls,,annotated,high,lm,0.355,0.473,1156
807816,SNxx04,unknown_sensory,vnc_sensory,SNxx,AbNT,R,abdomen,,,unknown,none,,not_leg:AbNT,high,rh,0.468,0.869,779
807817,SNpp61,mechanosensory_proprioceptive,vnc_sensory,SNpp,ADMN,R,wing,,,proprio,cls,untyped,not_leg:ADMN,high,rh,0.365,0.576,955
807830,SNxx10,unknown_sensory,vnc_sensory,SNxx,AbNT,R,abdomen,,,unknown,none,,not_leg:AbNT,high,rh,0.349,0.548,592
807850,SNta29,mechanosensory_tactile,vnc_sensory,SNta,MetaLN,L,mechanosensory bristle,,lh,tactile,cls,,annotated,high,lh,0.781,0.811,452
807860,SNpp40,mechanosensory_proprioceptive,vnc_sensory,SNpp,MesoLN,L,chordotonal organ,,lm,proprio,cls,club,annotated,high,lm,0.582,0.635,1287
807890,SNpp61,mechanosensory_proprioceptive,vnc_sensory,SNpp,ADMN,L,wing,,,proprio,cls,untyped,not_leg:ADMN,high,lm,0.252,0.471,1107
807900,SNpp39,mechanosensory_proprioceptive,vnc_sensory,SNpp,MesoLN,R,chordotonal organ,,rm,proprio,cls,hook_39,annotated,high,rm,0.829,0.877,489
807911,SNxx04,unknown_sensory,vnc_sensory,SNxx,AbN4,R,abdomen,,,unknown,none,,not_leg:AbN4,high,rh,0.417,0.694,684
807912,SNta14,mechanosensory_tactile,vnc_sensory,SNta,ADMN,L,mechanosensory bristle,,,tactile,cls,,not_leg:ADMN,high,lh,0.311,0.51,1131
807913,SNpp16,mechanosensory_proprioceptive,vnc_sensory,SNpp,ADMN,L,campaniform sensilla,,,proprio,cls,campaniform,not_leg:ADMN,high,rh,0.467,0.649,782
807915,SNpp40,mechanosensory_proprioceptive,vnc_sensory,SNpp,MesoLN,R,chordotonal organ,,rm,proprio,cls,club,annotated,high,rm,0.458,0.586,1259
807918,LgLG6,gustatory,vnc_sensory,LgLG,ProLN,R,leg bristle,,rf,gustatory,cls,,annotated,medium,lf,0.406,0.537,892
807925,SNxx14,unknown_sensory,vnc_sensory,SNxx,AbN4,R,abdomen,,,unknown,none,,not_leg:AbN4,high,rh,0.472,0.798,960
807930,SNta14,mechanosensory_tactile,vnc_sensory,SNta,ADMN,L,mechanosensory bristle,,,tactile,cls,,not_leg:ADMN,high,lh,0.303,0.504,1126
807931,SNpp51,mechanosensory_proprioceptive,vnc_sensory,SNpp,MesoLN,L,chordotonal organ,,lm,proprio,cls,claw_51,annotated,high,lm,0.973,0.977,643
807932,SNta30,mechanosensory_tactile,vnc_sensory,SNta,MesoLN,L,mechanosensory bristle,,lm,tactile,cls,,annotated,high,lm,0.809,0.84,1255
807933,SNpp45,mechanosensory_proprioceptive,vnc_sensory,SNpp,MesoLN,R,hair plate,,rm,proprio,cls,hair_plate_45,annotated,high,rm,0.899,0.921,1309
807935,SNxx17,unknown_sensory,vnc_sensory,SNxx,AbNT,R,abdomen,,,unknown,none,,not_leg:AbNT,high,rh,0.475,0.612,1033
807943,"SNpp29,SNpp63",mechanosensory_proprioceptive,vnc_sensory,SNpp,ADMN,R,campaniform sensilla,,,proprio,cls,campaniform,not_leg:ADMN,high,rh,0.379,0.539,707
807958,LgLG1a,gustatory,vnc_sensory,LgLG,ProLN,L,leg bristle,,lf,gustatory,cls,,annotated,high,lm,0.276,0.477,867
807967,SNch01,chemosensory,vnc_sensory,SNch,AbN4,L,abdomen,,,chemo,cls,,not_leg:AbN4,high,lh,0.372,0.677,1080
807970,SNpp41,mechanosensory_proprioceptive,vnc_sensory,SNpp,MesoLN,L,chordotonal organ,,lm,proprio,cls,hook_41,annotated,high,lm,0.773,0.861,553
807971,SNta29,mechanosensory_tactile,vnc_sensory,SNta,ProLN,L,mechanosensory bristle,,lf,tactile,cls,,annotated,high,lf,0.84,0.849,526
807983,SNxx08,unknown_sensory,vnc_sensory,SNxx,AbNT,R,abdomen,,,unknown,none,,not_leg:AbNT,high,rh,0.343,0.6,866
807986,"SNta02,SNta09",mechanosensory_tactile,vnc_sensory,SNta,PDMN,L,notum,,,tactile,cls,,not_leg:PDMN,high,lf,0.272,0.514,159
807990,LgLG1a,gustatory,vnc_sensory,LgLG,MesoLN,L,leg bristle,,lm,gustatory,cls,,annotated,high,lm,0.444,0.62,1178
807995,SNta29,mechanosensory_tactile,vnc_sensory,SNta,MesoLN,R,mechanosensory bristle,,rm,tactile,cls,,annotated,high,rm,0.823,0.848,972
807999,SNpp37,mechanosensory_proprioceptive,vnc_sensory,SNpp,ADMN,L,campaniform sensilla,,,proprio,cls,campaniform,not_leg:ADMN,high,lm,0.363,0.481,920
808014,SNpp08,mechanosensory_proprioceptive,vnc_sensory,SNpp,ADMN,L,campaniform sensilla,,,proprio,cls,campaniform,not_leg:ADMN,high,lh,0.403,0.574,731
808015,SNpp40,mechanosensory_proprioceptive,vnc_sensory,SNpp,MetaLN,L,chordotonal organ,,lh,proprio,cls,club,annotated,high,lh,0.456,0.592,971
808016,SNpp40,mechanosensory_proprioceptive,vnc_sensory,SNpp,MesoLN,R,chordotonal organ,,rm,proprio,cls,club,annotated,high,rm,0.453,0.557,1255
808022,SNpp61,mechanosensory_proprioceptive,vnc_sensory,SNpp,ADMN,L,wing,,,proprio,cls,untyped,not_leg:ADMN,high,lm,0.26,0.456,1091
808035,"SNta11,SNta14",mechanosensory_tactile,vnc_sensory,SNta,ADMN,L,mechanosensory bristle,,,tactile,cls,,not_leg:ADMN,high,lm,0.254,0.425,1167
808045,SNxx26,unknown_sensory,vnc_sensory,SNxx,ADMN,L,wing,,,unknown,none,,not_leg:ADMN,high,lh,0.385,0.64,666
808050,SNta04,mechanosensory_tactile,vnc_sensory,SNta,ADMN,R,mechanosensory bristle,,,tactile,cls,,not_leg:ADMN,high,rh,0.326,0.469,1029
808056,"SNta11,SNta14",mechanosensory_tactile,vnc_sensory,SNta,ADMN,L,mechanosensory bristle,,,tactile,cls,,not_leg:ADMN,high,lm,0.258,0.425,1108
808065,"SNpp29,SNpp63",mechanosensory_proprioceptive,vnc_sensory,SNpp,ADMN,R,campaniform sensilla,,,proprio,cls,campaniform,not_leg:ADMN,high,rh,0.329,0.496,631
808071,LgLG1a,gustatory,vnc_sensory,LgLG,ProLN,L,leg bristle,,lf,gustatory,cls,,annotated,high,lm,0.339,0.542,436
808075,SNpp61,mechanosensory_proprioceptive,vnc_sensory,SNpp,ADMN,R,wing,,,proprio,cls,untyped,not_leg:ADMN,high,rh,0.345,0.547,903
808077,SNpp50,mechanosensory_proprioceptive,vnc_sensory,SNpp,MesoLN,L,chordotonal organ,,lm,proprio,cls,claw_50,annotated,high,lm,0.776,0.899,601
808082,SNpp40,mechanosensory_proprioceptive,vnc_sensory,SNpp,MesoLN,R,chordotonal organ,,rm,proprio,cls,club,annotated,high,rm,0.421,0.554,1264
808083,SNta34,mechanosensory_tactile,vnc_sensory,SNta,MesoLN,L,mechanosensory bristle,,lm,tactile,cls,,annotated,high,lm,0.673,0.741,949
808084,SNxx28,unknown_sensory,vnc_sensory,SNxx,PDMN,L,notum,,,unknown,none,,not_leg:PDMN,high,lh,0.502,0.823,807
808092,SNxx10,unknown_sensory,vnc_sensory,SNxx,AbNT,R,abdomen,,,unknown,none,,not_leg:AbNT,high,rh,0.363,0.651,367
808107,SNta04,mechanosensory_tactile,vnc_sensory,SNta,ADMN,L,mechanosensory bristle,,,tactile,cls,,not_leg:ADMN,high,lh,0.347,0.471,1170
808123,SNta29,mechanosensory_tactile,vnc_sensory,SNta,MesoLN,L,mechanosensory bristle,,lm,tactile,cls,,annotated,high,lm,0.822,0.855,1300
808127,SNta42,mechanosensory_tactile,vnc_sensory,SNta,MesoLN,R,mechanosensory bristle,,rm,tactile,cls,,annotated,high,rm,0.794,0.828,460
808135,SNxx33,unknown_sensory,vnc_sensory,SNxx,MesoLN,L,leg,,lm,unknown,none,,annotated,high,lm,0.798,0.861,779
808136,SNpp40,mechanosensory_proprioceptive,vnc_sensory,SNpp,MesoLN,R,chordotonal organ,,rm,proprio,cls,club,annotated,high,rm,0.414,0.536,1108
808138,"SNta11,SNta14",mechanosensory_tactile,vnc_sensory,SNta,ADMN,L,mechanosensory bristle,,,tactile,cls,,not_leg:ADMN,high,lm,0.265,0.442,1092
808139,"SNpp29,SNpp63",mechanosensory_proprioceptive,vnc_sensory,SNpp,ADMN,R,campaniform sensilla,,,proprio,cls,campaniform,not_leg:ADMN,high,rh,0.353,0.511,698
808145,"SNta11,SNta14",mechanosensory_tactile,vnc_sensory,SNta,ADMN,L,mechanosensory bristle,,,tactile,cls,,not_leg:ADMN,high,lm,0.264,0.466,1205
808151,SNta18,mechanosensory_tactile,vnc_sensory,SNta,ADMN,L,mechanosensory bristle,,,tactile,cls,,not_leg:ADMN,high,lh,0.335,0.532,1103
808162,SNpp08,mechanosensory_proprioceptive,vnc_sensory,SNpp,ADMN,R,campaniform sensilla,,,proprio,cls,campaniform,not_leg:ADMN,high,lh,0.435,0.631,419
808172,SNta28,mechanosensory_tactile,vnc_sensory,SNta,MetaLN,R,mechanosensory bristle,,rh,tactile,cls,,annotated,high,rh,0.875,0.902,987
808175,"SNta11,SNta14",mechanosensory_tactile,vnc_sensory,SNta,ADMN,L,mechanosensory bristle,,,tactile,cls,,not_leg:ADMN,high,lh,0.245,0.467,1010
808178,SNpp07,mechanosensory_proprioceptive,vnc_sensory,SNpp,ADMN,L,campaniform sensilla,,,proprio,cls,campaniform,not_leg:ADMN,high,rh,0.451,0.714,725
808182,SNta21,mechanosensory_proprioceptive,vnc_sensory,SNta,MesoLN,R,leg,,rm,proprio,cls,untyped,annotated,high,rm,0.824,0.849,903
808196,"SNta11,SNta14",mechanosensory_tactile,vnc_sensory,SNta,ADMN,R,mechanosensory bristle,,,tactile,cls,,not_leg:ADMN,high,lm,0.259,0.484,912
808201,SNpp07,mechanosensory_proprioceptive,vnc_sensory,SNpp,ADMN,L,campaniform sensilla,,,proprio,cls,campaniform,not_leg:ADMN,high,lh,0.333,0.649,745
808203,SNpp02,mechanosensory_proprioceptive,vnc_sensory,SNpp,AbN3,R,abdomen,,,proprio,cls,untyped,not_leg:AbN3,high,lf,0.342,0.52,377
808211,SNta19,mechanosensory_tactile,vnc_sensory,SNta,MesoLN,L,mechanosensory bristle,,lm,tactile,cls,,annotated,high,lm,0.683,0.744,504
808222,WG4,gustatory,vnc_sensory,WG,ADMN,R,wing bristle,,,gustatory,cls,,not_leg:ADMN,high,rm,0.515,0.676,537
808225,"SNta11,SNta14",mechanosensory_tactile,vnc_sensory,SNta,ADMN,L,mechanosensory bristle,,,tactile,cls,,not_leg:ADMN,high,rm,0.243,0.474,1158
808243,SNpp19,mechanosensory_proprioceptive,vnc_sensory,SNpp,PrN,R,hair plate,,,proprio,cls,hair_plate_xx,not_leg:PrN,high,rf,0.218,0.407,325
808244,"SNta11,SNta14",mechanosensory_tactile,vnc_sensory,SNta,ADMN,L,mechanosensory bristle,,,tactile,cls,,not_leg:ADMN,high,lm,0.268,0.476,1045
808258,SNta42,mechanosensory_tactile,vnc_sensory,SNta,MesoLN,L,mechanosensory bristle,,lm,tactile,cls,,annotated,high,lm,0.763,0.788,422
808262,SNxx28,unknown_sensory,vnc_sensory,SNxx,PDMN,R,notum,,,unknown,none,,not_leg:PDMN,high,rh,0.546,0.871,702
808273,SNta37,mechanosensory_tactile,vnc_sensory,SNta,MesoLN,R,mechanosensory bristle,,rm,tactile,cls,,annotated,high,rm,0.658,0.729,391
808275,"SNta02,SNta09",mechanosensory_tactile,vnc_sensory,SNta,PDMN,L,notum,,,tactile,cls,,not_leg:PDMN,high,rm,0.236,0.455,354
808278,LgLG1a,gustatory,vnc_sensory,LgLG,ProLN,R,leg bristle,,rf,gustatory,cls,,annotated,high,rm,0.395,0.54,709
808279,SNta04,mechanosensory_tactile,vnc_sensory,SNta,ADMN,L,mechanosensory bristle,,,tactile,cls,,not_leg:ADMN,high,lh,0.378,0.496,553
808285,"SNta04,SNta11",mechanosensory_tactile,vnc_sensory,SNta,ADMN,L,mechanosensory bristle,,,tactile,cls,,not_leg:ADMN,high,lh,0.31,0.43,450
808286,"SNpp29,SNpp63",mechanosensory_proprioceptive,vnc_sensory,SNpp,ADMN,L,campaniform sensilla,,,proprio,cls,campaniform,not_leg:ADMN,high,rh,0.24,0.469,831
808301,SNxx26,unknown_sensory,vnc_sensory,SNxx,ADMN,R,wing,,,unknown,none,,not_leg:ADMN,high,lh,0.332,0.651,618
808304,SNxx03,unknown_sensory,vnc_sensory,SNxx,AbN4,R,abdomen,,,unknown,none,,not_leg:AbN4,high,rh,0.438,0.607,488
808312,SNxx28,unknown_sensory,vnc_sensory,SNxx,ADMN,L,wing,,,unknown,none,,not_leg:ADMN,high,lh,0.44,0.768,921
808321,SNta32,mechanosensory_tactile,vnc_sensory,SNta,MetaLN,R,leg,,rh,tactile,cls,,annotated,high,rh,0.647,0.706,884
808327,SNta21,mechanosensory_tactile,vnc_sensory,SNta,MesoLN,R,mechanosensory bristle,,rm,tactile,cls,,annotated,high,rm,0.876,0.91,1318
808331,SNxx23,unknown_sensory,vnc_sensory,SNxx,AbNT,R,abdomen,,,unknown,none,,not_leg:AbNT,high,lm,0.267,0.516,341
808340,SNta37,mechanosensory_tactile,vnc_sensory,SNta,MesoLN,L,mechanosensory bristle,,lm,tactile,cls,,annotated,high,lm,0.84,0.853,308
808343,"SNta02,SNta09",mechanosensory_tactile,vnc_sensory,SNta,PDMN,R,notum,,,tactile,cls,,not_leg:PDMN,high,lm,0.266,0.495,175
808350,SNxx14,unknown_sensory,vnc_sensory,SNxx,AbN4,L,abdomen,,,unknown,none,,not_leg:AbN4,high,rh,0.427,0.747,747
808364,SNpp06,mechanosensory_proprioceptive,vnc_sensory,SNpp,ADMN,R,campaniform sensilla,,,proprio,cls,campaniform,not_leg:ADMN,high,rm,0.262,0.52,625
808365,SNta38,mechanosensory_tactile,vnc_sensory,SNta,MetaLN,R,mechanosensory bristle,,rh,tactile,cls,,annotated,high,rh,0.861,0.953,854
808367,SNta37,mechanosensory_tactile,vnc_sensory,SNta,MetaLN,R,mechanosensory bristle,,rh,tactile,cls,,annotated,high,rh,0.732,0.808,833
808369,LgLG1a,gustatory,vnc_sensory,LgLG,ProLN,L,leg bristle,,lf,gustatory,cls,,annotated,high,lm,0.279,0.49,804
808379,LgLG1a,gustatory,vnc_sensory,LgLG,ProLN,R,leg bristle,,rf,gustatory,cls,,annotated,high,rm,0.382,0.532,739
808380,SNpp45,mechanosensory_proprioceptive,vnc_sensory,SNpp,MetaLN,L,hair plate,,lh,proprio,cls,hair_plate_45,annotated,high,lh,0.774,0.892,738
808381,"SNta11,SNta14",mechanosensory_tactile,vnc_sensory,SNta,ADMN,L,mechanosensory bristle,,,tactile,cls,,not_leg:ADMN,high,lm,0.251,0.429,1051
808382,SNxx14,unknown_sensory,vnc_sensory,SNxx,AbN4,R,abdomen,,,unknown,none,,not_leg:AbN4,high,rh,0.605,0.875,423
808403,LgLG1a,gustatory,vnc_sensory,LgLG,MetaLN,L,leg bristle,,lh,gustatory,cls,,annotated,high,lh,0.384,0.483,642
808405,"SNta11,SNta14",mechanosensory_tactile,vnc_sensory,SNta,ADMN,L,mechanosensory bristle,,,tactile,cls,,not_leg:ADMN,high,lh,0.282,0.487,1081
808417,SNpp40,mechanosensory_proprioceptive,vnc_sensory,SNpp,MetaLN,L,chordotonal organ,,lh,proprio,cls,club,annotated,high,lh,0.507,0.651,901
808432,SNta43,mechanosensory_tactile,vnc_sensory,SNta,MetaLN,L,mechanosensory bristle,,lh,tactile,cls,,annotated,high,lh,0.622,0.754,477
808441,SNpp19,mechanosensory_proprioceptive,vnc_sensory,SNpp,PrN,L,hair plate,,,proprio,cls,hair_plate_xx,not_leg:PrN,high,lf,0.253,0.413,548
808446,SNta23,mechanosensory_tactile,vnc_sensory,SNta,MetaLN,L,mechanosensory bristle,,lh,tactile,cls,,annotated,high,lh,0.408,0.568,865
808461,SNpp61,mechanosensory_proprioceptive,vnc_sensory,SNpp,ADMN,R,wing,,,proprio,cls,untyped,not_leg:ADMN,high,rh,0.338,0.547,876
808463,SNpp49,mechanosensory_proprioceptive,vnc_sensory,SNpp,MesoLN,R,chordotonal organ,,rm,proprio,cls,co_unclassified,annotated,high,rm,0.937,0.947,764
808468,SNta37,mechanosensory_tactile,vnc_sensory,SNta,MetaLN,R,mechanosensory bristle,,rh,tactile,cls,,annotated,high,rh,0.815,0.854,766
808482,SNpp28,mechanosensory_proprioceptive,vnc_sensory,SNpp,ADMN,L,campaniform sensilla,,,proprio,cls,campaniform,not_leg:ADMN,high,lh,0.351,0.526,926
808490,SNta20,mechanosensory_tactile,vnc_sensory,SNta,MetaLN,R,mechanosensory bristle,,rh,tactile,cls,,annotated,high,rh,0.72,0.786,1038
808491,SNpp50,mechanosensory_proprioceptive,vnc_sensory,SNpp,MesoLN,L,chordotonal organ,,lm,proprio,cls,claw_50,annotated,high,lm,0.87,0.935,583
808494,"SNpp29,SNpp63",mechanosensory_proprioceptive,vnc_sensory,SNpp,ADMN,L,campaniform sensilla,,,proprio,cls,campaniform,not_leg:ADMN,high,lh,0.283,0.456,790
808495,SNta35,mechanosensory_tactile,vnc_sensory,SNta,MesoLN,R,mechanosensory bristle,,rm,tactile,cls,,annotated,high,rm,0.634,0.692,771
808502,SApp,mechanosensory_proprioceptive,sensory_ascending,SApp,DMetaN,L,haltere,,,proprio,cls,untyped,not_leg:DMetaN,high,lh,0.339,0.521,535
808503,SNxx29,unknown_sensory,vnc_sensory,SNxx,MetaLN,L,leg,,lh,unknown,none,,annotated,high,lh,0.741,0.797,1281
808504,SNxx04,unknown_sensory,vnc_sensory,SNxx,AbNT,L,abdomen,,,unknown,none,,not_leg:AbNT,high,lh,0.511,0.906,767
808512,SNpp58,mechanosensory_proprioceptive,vnc_sensory,SNpp,MesoLN,L,chordotonal organ,,lm,proprio,cls,club,annotated,high,lm,0.783,0.811,401
808521,SNxx01,unknown_sensory,vnc_sensory,SNxx,AbN4,L,abdomen,,,unknown,none,,not_leg:AbN4,high,rh,0.357,0.62,323
808523,LgLG1a,gustatory,vnc_sensory,LgLG,MetaLN,L,leg bristle,,lh,gustatory,cls,,annotated,high,lh,0.355,0.44,818
808524,LgLG1a,gustatory,vnc_sensory,LgLG,ProLN,L,leg bristle,,lf,gustatory,cls,,annotated,high,lm,0.272,0.485,847
808529,SNpp40,mechanosensory_proprioceptive,vnc_sensory,SNpp,MesoLN,R,chordotonal organ,,rm,proprio,cls,club,annotated,high,rm,0.495,0.617,1215
808535,SNta29,mechanosensory_tactile,vnc_sensory,SNta,ProLN,R,mechanosensory bristle,,rf,tactile,cls,,annotated,high,rf,0.66,0.695,572
808536,SNxx20,unknown_sensory,vnc_sensory,SNxx,AbNT,R,abdomen,,,unknown,none,,not_leg:AbNT,high,rh,0.462,0.701,809
808537,SNta42,mechanosensory_tactile,vnc_sensory,SNta,MesoLN,R,mechanosensory bristle,,rm,tactile,cls,,annotated,high,rm,0.346,0.525,893
808544,SNta20,mechanosensory_tactile,vnc_sensory,SNta,MesoLN,R,leg,,rm,tactile,cls,,annotated,high,rm,0.801,0.831,562
808554,SNxx24,unknown_sensory,vnc_sensory,SNxx,ADMN,R,wing,,,unknown,none,,not_leg:ADMN,high,rh,0.717,0.871,1351
808555,SNta38,mechanosensory_tactile,vnc_sensory,SNta,MetaLN,L,mechanosensory bristle,,lh,tactile,cls,,annotated,high,lh,0.831,0.915,774
808557,SNxx23,unknown_sensory,vnc_sensory,SNxx,AbNT,R,abdomen,,,unknown,none,,not_leg:AbNT,high,rh,0.266,0.465,331
808560,SNxx03,unknown_sensory,vnc_sensory,SNxx,AbN4,R,abdomen,,,unknown,none,,not_leg:AbN4,high,rh,0.496,0.65,611
808563,SNta18,mechanosensory_tactile,vnc_sensory,SNta,ADMN,R,mechanosensory bristle,,,tactile,cls,,not_leg:ADMN,high,rh,0.333,0.537,982
808565,"SNta02,SNta09",mechanosensory_tactile,vnc_sensory,SNta,PDMN,L,notum,,,tactile,cls,,not_leg:PDMN,high,lf,0.224,0.425,515
808576,SNpp41,mechanosensory_proprioceptive,vnc_sensory,SNpp,MesoLN,R,chordotonal organ,,rm,proprio,cls,hook_41,annotated,high,rm,0.658,0.824,446
808588,SNta21,mechanosensory_tactile,vnc_sensory,SNta,MetaLN,L,mechanosensory bristle,,lh,tactile,cls,,annotated,high,lh,0.849,0.928,744
808589,"SNta22,SNta33",mechanosensory_tactile,vnc_sensory,SNta,MesoLN,L,mechanosensory bristle,,lm,tactile,cls,,annotated,high,lm,0.402,0.49,845
808591,SNta11,mechanosensory_tactile,vnc_sensory,SNta,ADMN,R,mechanosensory bristle,,,tactile,cls,,not_leg:ADMN,high,rh,0.249,0.442,910
808592,SNpp50,mechanosensory_proprioceptive,vnc_sensory,SNpp,MetaLN,R,chordotonal organ,FeCO claw,rh,proprio,cls,claw_50,annotated,high,rh,0.875,0.964,654
808594,SNta04,mechanosensory_tactile,vnc_sensory,SNta,ADMN,L,mechanosensory bristle,,,tactile,cls,,not_leg:ADMN,high,lh,0.347,0.472,1084
808600,SNpp16,mechanosensory_proprioceptive,vnc_sensory,SNpp,ADMN,R,campaniform sensilla,,,proprio,cls,campaniform,not_leg:ADMN,high,rh,0.444,0.778,590
808604,SNta07,mechanosensory_tactile,vnc_sensory,SNta,ADMN,L,mechanosensory bristle,,,tactile,cls,,not_leg:ADMN,high,lm,0.327,0.477,939
808613,SNpp13,mechanosensory_proprioceptive,vnc_sensory,SNpp,PDMN,R,notum,,,proprio,cls,untyped,not_leg:PDMN,high,rh,0.537,0.772,648
808616,SNxx04,unknown_sensory,vnc_sensory,SNxx,AbNT,R,abdomen,,,unknown,none,,not_leg:AbNT,high,rh,0.475,0.886,754
808625,SNpp62,mechanosensory_proprioceptive,vnc_sensory,SNpp,ADMN,L,wing,,,proprio,cls,untyped,not_leg:ADMN,high,lh,0.406,0.588,1021
808627,SNta37,mechanosensory_tactile,vnc_sensory,SNta,MetaLN,R,mechanosensory bristle,,rh,tactile,cls,,annotated,high,rh,0.807,0.865,368
808633,"SNta02,SNta09",mechanosensory_tactile,vnc_sensory,SNta,PDMN,L,notum,,,tactile,cls,,not_leg:PDMN,high,lf,0.274,0.44,398
808634,SNxx28,unknown_sensory,vnc_sensory,SNxx,ADMN,R,wing,,,unknown,none,,not_leg:ADMN,high,rh,0.47,0.735,674
808641,SNpp45,mechanosensory_proprioceptive,vnc_sensory,SNpp,MesoLN,R,hair plate,,rm,proprio,cls,hair_plate_45,annotated,high,rm,0.903,0.938,1202
808646,SNta04,mechanosensory_tactile,vnc_sensory,SNta,ADMN,R,mechanosensory bristle,,,tactile,cls,,not_leg:ADMN,high,rh,0.321,0.464,1009
808666,"SNta11,SNta14",mechanosensory_tactile,vnc_sensory,SNta,ADMN,L,mechanosensory bristle,,,tactile,cls,,not_leg:ADMN,high,rm,0.246,0.472,984
808668,"SNta11,SNta14",mechanosensory_tactile,vnc_sensory,SNta,ADMN,L,mechanosensory bristle,,,tactile,cls,,not_leg:ADMN,high,lm,0.263,0.434,1024
808675,LgLG1a,gustatory,vnc_sensory,LgLG,MetaLN,R,leg bristle,,rh,gustatory,cls,,annotated,high,rh,0.383,0.466,1108
808677,SNpp16,mechanosensory_proprioceptive,vnc_sensory,SNpp,ADMN,R,campaniform sensilla,,,proprio,cls,campaniform,not_leg:ADMN,high,rh,0.427,0.749,657
808678,SNta42,mechanosensory_tactile,vnc_sensory,SNta,MesoLN,R,mechanosensory bristle,,rm,tactile,cls,,annotated,high,rm,0.556,0.621,1120
808695,LgLG1b,gustatory,vnc_sensory,LgLG,MesoLN,R,leg bristle,,rm,gustatory,cls,,annotated,high,rm,0.419,0.521,495
808697,SNpp40,mechanosensory_proprioceptive,vnc_sensory,SNpp,MesoLN,R,chordotonal organ,,rm,proprio,cls,club,annotated,high,rm,0.341,0.572,920
808700,LgLG1b,gustatory,vnc_sensory,LgLG,MetaLN,R,leg bristle,,rh,gustatory,cls,,annotated,high,rh,0.341,0.47,425
808704,SNxxxx,mechanosensory_proprioceptive,vnc_sensory,SNxxxx,MesoLN,L,leg,,lm,proprio,cls,untyped,annotated,high,lm,0.761,0.798,883
808724,SNta03,mechanosensory_tactile,vnc_sensory,SNta,DMetaN,L,mechanosensory bristle,,,tactile,cls,,not_leg:DMetaN,high,lh,0.71,0.878,717
808729,SNpp07,mechanosensory_proprioceptive,vnc_sensory,SNpp,ADMN,L,campaniform sensilla,,,proprio,cls,campaniform,not_leg:ADMN,high,rh,0.432,0.69,891
808732,SNpp52,mechanosensory_proprioceptive,vnc_sensory,SNpp,DProN,R,hair plate,,rf,proprio,cls,hair_plate_52,annotated,medium,rf,0.8,0.922,286
808734,SNta11,mechanosensory_tactile,vnc_sensory,SNta,ADMN,L,mechanosensory bristle,,,tactile,cls,,not_leg:ADMN,high,lm,0.251,0.453,1021
808745,"SNta11,SNta14",mechanosensory_tactile,vnc_sensory,SNta,ADMN,L,mechanosensory bristle,,,tactile,cls,,not_leg:ADMN,high,lm,0.254,0.458,956
808748,SNta04,mechanosensory_tactile,vnc_sensory,SNta,ADMN,R,mechanosensory bristle,,,tactile,cls,,not_leg:ADMN,high,rh,0.327,0.467,987
808754,SNta04,mechanosensory_tactile,vnc_sensory,SNta,ADMN,L,mechanosensory bristle,,,tactile,cls,,not_leg:ADMN,high,lh,0.358,0.46,1040
808757,SNpp39,mechanosensory_proprioceptive,vnc_sensory,SNpp,MesoLN,L,chordotonal organ,,lm,proprio,cls,hook_39,annotated,high,lm,0.802,0.852,438
808772,SNta29,mechanosensory_tactile,vnc_sensory,SNta,MesoLN,L,mechanosensory bristle,,lm,tactile,cls,,annotated,high,lm,0.832,0.864,951
808796,SNta20,mechanosensory_tactile,vnc_sensory,SNta,MesoLN,L,leg,,lm,tactile,cls,,annotated,high,lm,0.798,0.821,548
808807,SNpp58,mechanosensory_proprioceptive,vnc_sensory,SNpp,MetaLN,R,chordotonal organ,,rh,proprio,cls,club,annotated,high,rh,0.532,0.75,541
808808,SNta20,mechanosensory_tactile,vnc_sensory,SNta,MetaLN,R,mechanosensory bristle,,rh,tactile,cls,,annotated,high,rh,0.757,0.805,495
808809,"SNta11,SNta14",mechanosensory_tactile,vnc_sensory,SNta,ADMN,L,mechanosensory bristle,,,tactile,cls,,not_leg:ADMN,high,lm,0.244,0.438,961
808812,LgLG5,gustatory,vnc_sensory,LgLG,ProLN,L,leg bristle,,lf,gustatory,cls,,annotated,high,lf,0.794,0.895,664
808817,SNta26,mechanosensory_tactile,vnc_sensory,SNta,MesoLN,L,mechanosensory bristle,,lm,tactile,cls,,annotated,high,lm,0.89,0.911,705
808818,SNpp50,mechanosensory_proprioceptive,vnc_sensory,SNpp,MetaLN,L,chordotonal organ,,lh,proprio,cls,claw_50,annotated,high,lh,0.83,0.953,505
808822,SNpp43,mechanosensory_proprioceptive,vnc_sensory,SNpp,MesoLN,L,chordotonal organ,,lm,proprio,cls,club,annotated,high,lm,0.758,0.803,689
808825,LgLG5,gustatory,vnc_sensory,LgLG,ProLN,L,leg bristle,,lf,gustatory,cls,,annotated,high,lf,0.722,0.831,699
808826,SNpp50,mechanosensory_proprioceptive,vnc_sensory,SNpp,MesoLN,L,chordotonal organ,,lm,proprio,cls,claw_50,annotated,high,lm,0.858,0.944,648
808828,"SNta11,SNta14",mechanosensory_tactile,vnc_sensory,SNta,ADMN,L,mechanosensory bristle,,,tactile,cls,,not_leg:ADMN,high,lm,0.242,0.461,1109
808854,"SNpp29,SNpp63",mechanosensory_proprioceptive,vnc_sensory,SNpp,ADMN,R,campaniform sensilla,,,proprio,cls,campaniform,not_leg:ADMN,high,rh,0.286,0.485,764
808871,SNta42,mechanosensory_tactile,vnc_sensory,SNta,MesoLN,R,mechanosensory bristle,,rm,tactile,cls,,annotated,high,rm,0.468,0.56,693
808874,SNxx04,unknown_sensory,vnc_sensory,SNxx,AbN4,L,abdomen,,,unknown,none,,not_leg:AbN4,high,rh,0.367,0.68,647
808897,LgLG1a,gustatory,vnc_sensory,LgLG,MetaLN,R,leg bristle,,rh,gustatory,cls,,annotated,high,rh,0.417,0.496,887
808903,SNxx03,unknown_sensory,vnc_sensory,SNxx,AbN4,R,abdomen,,,unknown,none,,not_leg:AbN4,high,rh,0.457,0.642,214
808908,SNpp26,mechanosensory_proprioceptive,vnc_sensory,SNpp,ADMN,L,campaniform sensilla,,,proprio,cls,campaniform,not_leg:ADMN,high,rh,0.311,0.508,1100
808913,SNta29,mechanosensory_tactile,vnc_sensory,SNta,MesoLN,L,mechanosensory bristle,,lm,tactile,cls,,annotated,high,lm,0.837,0.866,875
808917,"SNta02,SNta09",mechanosensory_tactile,vnc_sensory,SNta,PDMN,L,notum,,,tactile,cls,,not_leg:PDMN,high,lf,0.265,0.412,445
808921,"SNta11,SNta14",mechanosensory_tactile,vnc_sensory,SNta,ADMN,R,mechanosensory bristle,,,tactile,cls,,not_leg:ADMN,high,rh,0.304,0.492,787
808936,SNta25,mechanosensory_tactile,vnc_sensory,SNta,MetaLN,R,mechanosensory bristle,,rh,tactile,cls,,annotated,high,rh,0.86,0.917,729
808939,SNpp19,mechanosensory_proprioceptive,vnc_sensory,SNpp,PrN,R,hair plate,,,proprio,cls,hair_plate_xx,not_leg:PrN,high,rh,0.284,0.519,457
808941,SNpp07,mechanosensory_proprioceptive,vnc_sensory,SNpp,ADMN,L,campaniform sensilla,,,proprio,cls,campaniform,not_leg:ADMN,high,rh,0.468,0.699,711
808944,SNxx20,unknown_sensory,vnc_sensory,SNxx,AbNT,L,abdomen,,,unknown,none,,not_leg:AbNT,high,rh,0.433,0.753,826
808946,SNta30,mechanosensory_tactile,vnc_sensory,SNta,MesoLN,L,mechanosensory bristle,,lm,tactile,cls,,annotated,high,lm,0.828,0.855,864
808954,"SNta11,SNta14",mechanosensory_tactile,vnc_sensory,SNta,ADMN,L,mechanosensory bristle,,,tactile,cls,,not_leg:ADMN,high,lm,0.249,0.433,1025
808963,SNpp23,mechanosensory_proprioceptive,vnc_sensory,SNpp,DMetaN,L,haltere,,,proprio,cls,untyped,not_leg:DMetaN,high,rh,0.604,0.804,1233
808968,LgLG1a,gustatory,vnc_sensory,LgLG,MesoLN,L,leg bristle,,lm,gustatory,cls,,annotated,high,lm,0.409,0.609,1089
808969,SNxx33,unknown_sensory,vnc_sensory,SNxx,MesoLN,L,leg,,lm,unknown,none,,annotated,high,lm,0.672,0.711,1030
808970,SNta38,mechanosensory_tactile,vnc_sensory,SNta,MesoLN,R,mechanosensory bristle,,rm,tactile,cls,,annotated,high,rm,0.792,0.84,956
808976,SNpp16,mechanosensory_proprioceptive,vnc_sensory,SNpp,ADMN,R,campaniform sensilla,,,proprio,cls,campaniform,not_leg:ADMN,high,rh,0.428,0.734,567
808982,SNpp11,mechanosensory_proprioceptive,vnc_sensory,SNpp,ADMN,L,campaniform sensilla,,,proprio,cls,campaniform,not_leg:ADMN,high,lh,0.398,0.789,413
808991,SNpp48,mechanosensory_proprioceptive,vnc_sensory,SNpp,MetaLN,R,chordotonal organ,,rh,proprio,cls,co_unclassified,annotated,high,rh,0.921,0.957,659
808998,SNta28,mechanosensory_tactile,vnc_sensory,SNta,ProLN,L,mechanosensory bristle,,lf,tactile,cls,,annotated,high,lf,0.84,0.883,410
808999,SNta35,mechanosensory_tactile,vnc_sensory,SNta,MesoLN,L,mechanosensory bristle,,lm,tactile,cls,,annotated,high,lm,0.62,0.7,678
809003,SNpp07,mechanosensory_proprioceptive,vnc_sensory,SNpp,ADMN,R,campaniform sensilla,,,proprio,cls,campaniform,not_leg:ADMN,high,rm,0.344,0.512,416
809010,SNta03,mechanosensory_tactile,vnc_sensory,SNta,DMetaN,R,mechanosensory bristle,,,tactile,cls,,not_leg:DMetaN,high,rh,0.686,0.934,821
809011,SNpp07,mechanosensory_proprioceptive,vnc_sensory,SNpp,ADMN,R,campaniform sensilla,,,proprio,cls,campaniform,not_leg:ADMN,high,rh,0.308,0.542,421
809018,SNta11,mechanosensory_tactile,vnc_sensory,SNta,ADMN,L,mechanosensory bristle,,,tactile,cls,,not_leg:ADMN,high,lm,0.23,0.433,976
809023,"SNta11,SNta14",mechanosensory_tactile,vnc_sensory,SNta,ADMN,R,mechanosensory bristle,,,tactile,cls,,not_leg:ADMN,high,rh,0.257,0.458,826
809024,SNpp45,mechanosensory_proprioceptive,vnc_sensory,SNpp,MesoLN,L,hair plate,,lm,proprio,cls,hair_plate_45,annotated,high,lm,0.914,0.923,1206
809026,SNta38,mechanosensory_tactile,vnc_sensory,SNta,MesoLN,R,mechanosensory bristle,,rm,tactile,cls,,annotated,high,rm,0.708,0.783,395
809027,SNpp41,mechanosensory_proprioceptive,vnc_sensory,SNpp,MesoLN,R,chordotonal organ,,rm,proprio,cls,hook_41,annotated,high,rm,0.68,0.82,445
809032,"SNta11,SNta14",mechanosensory_tactile,vnc_sensory,SNta,ADMN,R,mechanosensory bristle,,,tactile,cls,,not_leg:ADMN,high,rh,0.294,0.497,821
809048,SNxx04,unknown_sensory,vnc_sensory,SNxx,AbNT,L,abdomen,,,unknown,none,,not_leg:AbNT,high,lh,0.493,0.857,810
809054,SNpp04,mechanosensory_proprioceptive,vnc_sensory,SNpp,ADMN,R,campaniform sensilla,,,proprio,cls,campaniform,not_leg:ADMN,high,rh,0.354,0.625,467
809056,SNppxx,mechanosensory_proprioceptive,vnc_sensory,SNppxx,MetaLN,R,leg,,rh,proprio,cls,untyped,annotated,high,rh,0.851,0.887,757
809065,SNpp07,mechanosensory_proprioceptive,vnc_sensory,SNpp,ADMN,L,campaniform sensilla,,,proprio,cls,campaniform,not_leg:ADMN,high,lh,0.348,0.63,641
809086,"SNta22,SNta33",mechanosensory_tactile,vnc_sensory,SNta,MesoLN,L,mechanosensory bristle,,lm,tactile,cls,,annotated,high,lm,0.416,0.499,924
809089,SNpp25,mechanosensory_proprioceptive,vnc_sensory,SNpp,DMetaN,L,haltere,,,proprio,cls,untyped,not_leg:DMetaN,high,,0.0,0.0,73
809096,"SNpp29,SNpp63",mechanosensory_proprioceptive,vnc_sensory,SNpp,ADMN,R,campaniform sensilla,,,proprio,cls,campaniform,not_leg:ADMN,high,rh,0.326,0.479,658
809099,SNta37,mechanosensory_tactile,vnc_sensory,SNta,MesoLN,L,mechanosensory bristle,,lm,tactile,cls,,annotated,high,lm,0.808,0.846,811
809102,SNpp41,mechanosensory_proprioceptive,vnc_sensory,SNpp,MesoLN,L,chordotonal organ,,lm,proprio,cls,hook_41,annotated,high,lm,0.806,0.864,459
809107,SNta14,mechanosensory_tactile,vnc_sensory,SNta,ADMN,R,mechanosensory bristle,,,tactile,cls,,not_leg:ADMN,high,rh,0.297,0.491,852
809109,LgLG1a,gustatory,vnc_sensory,LgLG,MesoLN,R,leg bristle,,rm,gustatory,cls,,annotated,high,rm,0.511,0.642,975
809116,SNpp52,mechanosensory_proprioceptive,vnc_sensory,SNpp,MetaLN,R,leg,,rh,proprio,cls,hair_plate_52,annotated,high,rh,0.868,0.907,442
809120,SNpp43,mechanosensory_proprioceptive,vnc_sensory,SNpp,MetaLN,R,chordotonal organ,,rh,proprio,cls,club,annotated,high,rh,0.724,0.825,692
809128,SNpp19,mechanosensory_proprioceptive,vnc_sensory,SNpp,PrN,R,hair plate,,,proprio,cls,hair_plate_xx,not_leg:PrN,high,lh,0.274,0.511,484
809134,LgLG1a,gustatory,vnc_sensory,LgLG,MesoLN,R,leg bristle,,rm,gustatory,cls,,annotated,high,rm,0.51,0.636,971
809145,"SNpp29,SNpp63",mechanosensory_proprioceptive,vnc_sensory,SNpp,ADMN,R,campaniform sensilla,,,proprio,cls,campaniform,not_leg:ADMN,high,rh,0.315,0.489,705
809149,LgLG1a,gustatory,vnc_sensory,LgLG,MesoLN,L,leg bristle,,lm,gustatory,cls,,annotated,high,lm,0.427,0.616,1084
809171,SNxx07,unknown_sensory,vnc_sensory,SNxx,AbNT,L,abdomen,,,unknown,none,,not_leg:AbNT,high,rm,0.274,0.382,439
809176,SNta03,mechanosensory_tactile,vnc_sensory,SNta,DMetaN,L,mechanosensory bristle,,,tactile,cls,,not_leg:DMetaN,high,lh,0.716,0.895,795
809197,SNpp37,mechanosensory_proprioceptive,vnc_sensory,SNpp,ADMN,L,campaniform sensilla,,,proprio,cls,campaniform,not_leg:ADMN,high,lm,0.384,0.456,791
809200,SNxx01,unknown_sensory,vnc_sensory,SNxx,AbN4,R,abdomen,,,unknown,none,,not_leg:AbN4,high,rh,0.425,0.631,648
809208,SNta38,mechanosensory_tactile,vnc_sensory,SNta,MetaLN,L,mechanosensory bristle,,lh,tactile,cls,,annotated,high,lh,0.858,0.889,184
809210,SNpp11,mechanosensory_proprioceptive,vnc_sensory,SNpp,ADMN,L,campaniform sensilla,,,proprio,cls,campaniform,not_leg:ADMN,high,rh,0.516,0.857,447
809224,SNta29,mechanosensory_tactile,vnc_sensory,SNta,MesoLN,R,mechanosensory bristle,,rm,tactile,cls,,annotated,high,rm,0.847,0.877,1140
809227,LgLG4,gustatory,vnc_sensory,LgLG,MesoLN,R,leg bristle,,rm,gustatory,cls,,annotated,high,rm,0.643,0.707,725
809228,SNta14,mechanosensory_tactile,vnc_sensory,SNta,ADMN,R,mechanosensory bristle,,,tactile,cls,,not_leg:ADMN,high,rh,0.315,0.514,888
809230,SNpp50,mechanosensory_proprioceptive,vnc_sensory,SNpp,MesoLN,L,chordotonal organ,,lm,proprio,cls,claw_50,annotated,high,lm,0.928,0.977,481
809237,SNxx33,unknown_sensory,vnc_sensory,SNxx,MesoLN,L,leg,,lm,unknown,none,,annotated,high,lm,0.683,0.715,940
809245,SNxx04,unknown_sensory,vnc_sensory,SNxx,AbNT,L,abdomen,,,unknown,none,,not_leg:AbNT,high,lh,0.499,0.871,779
809247,SNta04,mechanosensory_tactile,vnc_sensory,SNta,ADMN,R,mechanosensory bristle,,,tactile,cls,,not_leg:ADMN,high,rh,0.347,0.511,856
809250,SNpp39,mechanosensory_proprioceptive,vnc_sensory,SNpp,MesoLN,L,chordotonal organ,,lm,proprio,cls,hook_39,annotated,high,lm,0.847,0.887,512
809252,SNta37,mechanosensory_tactile,vnc_sensory,SNta,MetaLN,R,mechanosensory bristle,,rh,tactile,cls,,annotated,high,rh,0.662,0.734,267
809258,SNta04,mechanosensory_tactile,vnc_sensory,SNta,ADMN,L,mechanosensory bristle,,,tactile,cls,,not_leg:ADMN,high,lh,0.358,0.471,976
809260,SNxx19,unknown_sensory,vnc_sensory,SNxx,AbN4,L,abdomen,,,unknown,none,,not_leg:AbN4,high,lh,0.431,0.801,826
809269,SNta03,mechanosensory_tactile,vnc_sensory,SNta,DMetaN,R,mechanosensory bristle,,,tactile,cls,,not_leg:DMetaN,high,rh,0.714,0.915,790
809271,SNta29,mechanosensory_tactile,vnc_sensory,SNta,MetaLN,R,mechanosensory bristle,,rh,tactile,cls,,annotated,high,rh,0.823,0.87,815
809278,SNpp39,mechanosensory_proprioceptive,vnc_sensory,SNpp,MetaLN,R,chordotonal organ,,rh,proprio,cls,hook_39,annotated,high,rh,0.799,0.821,411
809293,SNpp28,mechanosensory_proprioceptive,vnc_sensory,SNpp,ADMN,L,campaniform sensilla,,,proprio,cls,campaniform,not_leg:ADMN,high,lm,0.364,0.516,752
809294,SNpp08,mechanosensory_proprioceptive,vnc_sensory,SNpp,ADMN,R,campaniform sensilla,,,proprio,cls,campaniform,not_leg:ADMN,high,lh,0.36,0.516,266
809296,LgLG1a,gustatory,vnc_sensory,LgLG,MesoLN,R,leg bristle,,rm,gustatory,cls,,annotated,high,rm,0.527,0.648,834
809299,SNxx26,unknown_sensory,vnc_sensory,SNxx,ADMN,L,wing,,,unknown,none,,not_leg:ADMN,high,lh,0.307,0.577,470
809321,SNta14,mechanosensory_tactile,vnc_sensory,SNta,ADMN,R,mechanosensory bristle,,,tactile,cls,,not_leg:ADMN,high,rh,0.271,0.461,1038
809330,SNpp28,mechanosensory_proprioceptive,vnc_sensory,SNpp,ADMN,L,campaniform sensilla,,,proprio,cls,campaniform,not_leg:ADMN,high,lh,0.376,0.552,750
809352,LgLG5,gustatory,vnc_sensory,LgLG,ProLN,L,leg bristle,,lf,gustatory,cls,,annotated,high,lf,0.842,0.881,630
809353,SNpp41,mechanosensory_proprioceptive,vnc_sensory,SNpp,MesoLN,R,chordotonal organ,,rm,proprio,cls,hook_41,annotated,high,rm,0.63,0.783,450
809354,SNta21,mechanosensory_tactile,vnc_sensory,SNta,MesoLN,L,mechanosensory bristle,,lm,tactile,cls,,annotated,high,lm,0.86,0.88,601
809357,SNta04,mechanosensory_tactile,vnc_sensory,SNta,ADMN,L,mechanosensory bristle,,,tactile,cls,,not_leg:ADMN,high,lh,0.362,0.513,967
809364,LgLG1b,gustatory,vnc_sensory,LgLG,MesoLN,R,leg bristle,,rm,gustatory,cls,,annotated,high,rm,0.386,0.529,467
809366,SNxx26,unknown_sensory,vnc_sensory,SNxx,ADMN,R,wing,,,unknown,none,,not_leg:ADMN,high,rh,0.361,0.645,635
809375,SNpp40,mechanosensory_proprioceptive,vnc_sensory,SNpp,MetaLN,R,chordotonal organ,FeCO club,rh,proprio,cls,club,annotated,high,rh,0.453,0.661,1038
809377,SNpp19,mechanosensory_proprioceptive,vnc_sensory,SNpp,PrN,L,hair plate,,,proprio,cls,hair_plate_xx,not_leg:PrN,high,lf,0.295,0.401,581
809380,SNta03,mechanosensory_tactile,vnc_sensory,SNta,DMetaN,L,mechanosensory bristle,,,tactile,cls,,not_leg:DMetaN,high,lh,0.74,0.882,926
809382,"SNta04,SNta11",mechanosensory_tactile,vnc_sensory,SNta,ADMN,R,mechanosensory bristle,,,tactile,cls,,not_leg:ADMN,high,rh,0.366,0.534,419
809383,"SNta11,SNta14",mechanosensory_tactile,vnc_sensory,SNta,ADMN,R,mechanosensory bristle,,,tactile,cls,,not_leg:ADMN,high,lm,0.26,0.484,760
809389,SNxx33,unknown_sensory,vnc_sensory,SNxx,MesoLN,R,leg,,rm,unknown,none,,annotated,high,rm,0.762,0.839,667
809398,SNpp39,mechanosensory_proprioceptive,vnc_sensory,SNpp,MesoLN,L,chordotonal organ,,lm,proprio,cls,hook_39,annotated,high,lm,0.849,0.888,514
809408,SNta20,mechanosensory_tactile,vnc_sensory,SNta,MetaLN,R,mechanosensory bristle,,rh,tactile,cls,,annotated,high,rh,0.63,0.692,838
809413,"SNta11,SNta14",mechanosensory_tactile,vnc_sensory,SNta,ADMN,R,mechanosensory bristle,,,tactile,cls,,not_leg:ADMN,high,lm,0.268,0.482,762
809416,SNxx26,unknown_sensory,vnc_sensory,SNxx,ADMN,L,wing,,,unknown,none,,not_leg:ADMN,high,lh,0.355,0.509,495
809426,SNta18,mechanosensory_tactile,vnc_sensory,SNta,ADMN,L,mechanosensory bristle,,,tactile,cls,,not_leg:ADMN,high,lh,0.341,0.543,912
809432,SNxx33,unknown_sensory,vnc_sensory,SNxx,MetaLN,R,leg,,rh,unknown,none,,annotated,high,rh,0.764,0.816,908
809437,SNpp38,mechanosensory_proprioceptive,vnc_sensory,SNpp,ADMN,L,campaniform sensilla,,,proprio,cls,campaniform,not_leg:ADMN,high,lm,0.412,0.506,711
809451,SNxx07,unknown_sensory,vnc_sensory,SNxx,AbNT,L,abdomen,,,unknown,none,,not_leg:AbNT,high,lh,0.246,0.362,352
809453,"SNta25,SNta30",mechanosensory_tactile,vnc_sensory,SNta,MesoLN,R,mechanosensory bristle,,rm,tactile,cls,,annotated,high,rm,0.863,0.88,360
809462,SNta03,mechanosensory_tactile,vnc_sensory,SNta,DMetaN,L,mechanosensory bristle,,,tactile,cls,,not_leg:DMetaN,high,lh,0.702,0.857,734
809468,"SNta11,SNta14",mechanosensory_tactile,vnc_sensory,SNta,ADMN,R,mechanosensory bristle,,,tactile,cls,,not_leg:ADMN,high,rh,0.293,0.496,817
809476,SNpp50,mechanosensory_proprioceptive,vnc_sensory,SNpp,MesoLN,L,chordotonal organ,,lm,proprio,cls,claw_50,annotated,high,lm,0.874,0.942,591
809478,SNxx33,unknown_sensory,vnc_sensory,SNxx,MetaLN,R,leg,,rh,unknown,none,,annotated,high,rh,0.811,0.888,495
809480,SNxx20,unknown_sensory,vnc_sensory,SNxx,AbN4,L,abdomen,,,unknown,none,,not_leg:AbN4,high,rh,0.531,0.67,1161
809482,LgLG1a,gustatory,vnc_sensory,LgLG,MetaLN,L,leg bristle,,lh,gustatory,cls,,annotated,high,lh,0.3,0.455,708
809483,LgLG8,gustatory,vnc_sensory,LgLG,ProLN,L,leg bristle,,lf,gustatory,cls,,annotated,high,lf,0.642,0.775,649
809488,SNta38,mechanosensory_tactile,vnc_sensory,SNta,MetaLN,R,mechanosensory bristle,,rh,tactile,cls,,annotated,high,rh,0.915,0.963,239
809490,SNta29,mechanosensory_tactile,vnc_sensory,SNta,MesoLN,L,mechanosensory bristle,,lm,tactile,cls,,annotated,high,lm,0.854,0.878,851
809498,SNta30,mechanosensory_tactile,vnc_sensory,SNta,MesoLN,R,mechanosensory bristle,,rm,tactile,cls,,annotated,high,rm,0.857,0.874,419
809501,SNta25,mechanosensory_tactile,vnc_sensory,SNta,MetaLN,R,mechanosensory bristle,,rh,tactile,cls,,annotated,high,rh,0.819,0.886,724
809505,SNpp45,mechanosensory_proprioceptive,vnc_sensory,SNpp,MetaLN,R,hair plate,,rh,proprio,cls,hair_plate_45,annotated,high,rh,0.806,0.867,626
809508,SNxx04,unknown_sensory,vnc_sensory,SNxx,AbN4,R,abdomen,,,unknown,none,,not_leg:AbN4,high,rh,0.43,0.657,272
809511,SNta03,mechanosensory_tactile,vnc_sensory,SNta,DMetaN,R,mechanosensory bristle,,,tactile,cls,,not_leg:DMetaN,high,rh,0.724,0.926,783
809514,SNta03,mechanosensory_tactile,vnc_sensory,SNta,DMetaN,L,mechanosensory bristle,,,tactile,cls,,not_leg:DMetaN,high,lh,0.694,0.892,647
809517,LgLG1a,gustatory,vnc_sensory,LgLG,MetaLN,R,leg bristle,,rh,gustatory,cls,,annotated,high,rh,0.398,0.481,872
809519,SNta37,mechanosensory_tactile,vnc_sensory,SNta,MetaLN,L,mechanosensory bristle,,lh,tactile,cls,,annotated,high,lh,0.74,0.791,836
809521,LgLG5,gustatory,vnc_sensory,LgLG,ProLN,R,leg bristle,,rf,gustatory,cls,,annotated,medium,lf,0.483,0.766,529
809530,"SNta11,SNta14",mechanosensory_tactile,vnc_sensory,SNta,ADMN,R,mechanosensory bristle,,,tactile,cls,,not_leg:ADMN,high,lm,0.268,0.499,779
809534,LgLG1a,gustatory,vnc_sensory,LgLG,MesoLN,L,leg bristle,,lm,gustatory,cls,,annotated,high,lm,0.399,0.588,857
809535,SNta30,mechanosensory_tactile,vnc_sensory,SNta,ProLN,L,mechanosensory bristle,,lf,tactile,cls,,annotated,high,lf,0.723,0.737,410
809543,SNpp38,mechanosensory_proprioceptive,vnc_sensory,SNpp,ADMN,L,campaniform sensilla,,,proprio,cls,campaniform,not_leg:ADMN,high,lm,0.307,0.431,669
809550,SNxx19,unknown_sensory,vnc_sensory,SNxx,AbN4,R,abdomen,,,unknown,none,,not_leg:AbN4,high,lh,0.411,0.793,836
809561,SNxx07,unknown_sensory,vnc_sensory,SNxx,AbNT,R,abdomen,,,unknown,none,,not_leg:AbNT,high,lf,0.253,0.34,220
809583,SNta11,mechanosensory_tactile,vnc_sensory,SNta,ADMN,R,mechanosensory bristle,,,tactile,cls,,not_leg:ADMN,high,rh,0.241,0.447,773
809584,SNxx23,unknown_sensory,vnc_sensory,SNxx,AbNT,L,abdomen,,,unknown,none,,not_leg:AbNT,high,lh,0.279,0.459,320
809587,"SNta02,SNta09",mechanosensory_tactile,vnc_sensory,SNta,PDMN,R,notum,,,tactile,cls,,not_leg:PDMN,high,lm,0.279,0.538,243
809592,SNta18,mechanosensory_tactile,vnc_sensory,SNta,ADMN,R,mechanosensory bristle,,,tactile,cls,,not_leg:ADMN,high,rh,0.358,0.558,748
809595,SNpp50,mechanosensory_proprioceptive,vnc_sensory,SNpp,MetaLN,R,chordotonal organ,FeCO claw,rh,proprio,cls,claw_50,annotated,high,rh,0.877,0.981,511
809600,SNta04,mechanosensory_tactile,vnc_sensory,SNta,ADMN,R,mechanosensory bristle,,,tactile,cls,,not_leg:ADMN,high,rh,0.341,0.495,838
809602,SNta30,mechanosensory_tactile,vnc_sensory,SNta,MetaLN,L,mechanosensory bristle,,lh,tactile,cls,,annotated,high,lh,0.755,0.805,692
809606,SNxx04,unknown_sensory,vnc_sensory,SNxx,AbNT,L,abdomen,,,unknown,none,,not_leg:AbNT,high,lh,0.399,0.788,604
809607,SNpp21,mechanosensory_proprioceptive,vnc_sensory,SNpp,DMetaN,L,haltere,,,proprio,cls,untyped,not_leg:DMetaN,high,lh,0.418,0.528,856
809608,SNxx33,unknown_sensory,vnc_sensory,SNxx,MetaLN,L,leg,,lh,unknown,none,,annotated,high,lh,0.593,0.735,870
809609,SNpp35,mechanosensory_proprioceptive,vnc_sensory,SNpp,DMetaN,R,haltere,,,proprio,cls,untyped,not_leg:DMetaN,high,lh,0.391,0.781,371
809614,SNta37,mechanosensory_tactile,vnc_sensory,SNta,MesoLN,R,mechanosensory bristle,,rm,tactile,cls,,annotated,high,rm,0.657,0.711,772
809617,"SNta02,SNta09",mechanosensory_tactile,vnc_sensory,SNta,PDMN,R,notum,,,tactile,cls,,not_leg:PDMN,high,lm,0.255,0.506,314
809623,"SNta11,SNta14",mechanosensory_tactile,vnc_sensory,SNta,ADMN,R,mechanosensory bristle,,,tactile,cls,,not_leg:ADMN,high,rh,0.26,0.48,698
809624,SNxx33,unknown_sensory,vnc_sensory,SNxx,MesoLN,R,leg,,rm,unknown,none,,annotated,high,rm,0.832,0.888,650
809627,SNta18,mechanosensory_tactile,vnc_sensory,SNta,ADMN,R,mechanosensory bristle,,,tactile,cls,,not_leg:ADMN,high,rh,0.353,0.554,793
809630,SNpp28,mechanosensory_proprioceptive,vnc_sensory,SNpp,ADMN,R,campaniform sensilla,,,proprio,cls,campaniform,not_leg:ADMN,high,rm,0.423,0.496,581
809632,SNta03,mechanosensory_tactile,vnc_sensory,SNta,DMetaN,R,mechanosensory bristle,,,tactile,cls,,not_leg:DMetaN,high,rh,0.756,0.893,803
809633,SNta30,mechanosensory_tactile,vnc_sensory,SNta,ProLN,L,mechanosensory bristle,,lf,tactile,cls,,annotated,high,lf,0.657,0.736,293
809636,SNxx33,unknown_sensory,vnc_sensory,SNxx,MetaLN,R,leg,,rh,unknown,none,,annotated,high,rh,0.756,0.802,789
809639,SNta21,mechanosensory_tactile,vnc_sensory,SNta,MesoLN,L,mechanosensory bristle,,lm,tactile,cls,,annotated,high,lm,0.925,0.943,452
809645,SNta26,mechanosensory_tactile,vnc_sensory,SNta,MesoLN,L,mechanosensory bristle,,lm,tactile,cls,,annotated,high,lm,0.908,0.932,751
809648,SNta38,mechanosensory_tactile,vnc_sensory,SNta,MesoLN,R,mechanosensory bristle,,rm,tactile,cls,,annotated,high,rm,0.754,0.816,793
809651,SNta11,mechanosensory_tactile,vnc_sensory,SNta,ADMN,R,mechanosensory bristle,,,tactile,cls,,not_leg:ADMN,high,rh,0.263,0.455,783
809653,SNta03,mechanosensory_tactile,vnc_sensory,SNta,DMetaN,R,mechanosensory bristle,,,tactile,cls,,not_leg:DMetaN,high,rh,0.739,0.897,829
809664,SNta04,mechanosensory_tactile,vnc_sensory,SNta,ADMN,R,mechanosensory bristle,,,tactile,cls,,not_leg:ADMN,high,rh,0.317,0.439,886
809667,SNta06,mechanosensory_tactile,vnc_sensory,SNta,ADMN,L,mechanosensory bristle,,,tactile,cls,,not_leg:ADMN,high,lm,0.45,0.549,766
809671,LgLG1a,gustatory,vnc_sensory,LgLG,MesoLN,R,leg bristle,,rm,gustatory,cls,,annotated,high,rm,0.496,0.631,836
809674,SNta18,mechanosensory_tactile,vnc_sensory,SNta,ADMN,R,mechanosensory bristle,,,tactile,cls,,not_leg:ADMN,high,rh,0.379,0.592,605
809679,SNta37,mechanosensory_tactile,vnc_sensory,SNta,MetaLN,R,mechanosensory bristle,,rh,tactile,cls,,annotated,high,rh,0.668,0.746,782
809682,SNta03,mechanosensory_tactile,vnc_sensory,SNta,DMetaN,R,mechanosensory bristle,,,tactile,cls,,not_leg:DMetaN,high,rh,0.741,0.924,671
809687,"SNta22,SNta33",mechanosensory_tactile,vnc_sensory,SNta,MesoLN,R,mechanosensory bristle,,rm,tactile,cls,,annotated,high,rm,0.46,0.568,669
809694,SNta04,mechanosensory_tactile,vnc_sensory,SNta,ADMN,L,mechanosensory bristle,,,tactile,cls,,not_leg:ADMN,high,lh,0.301,0.396,866
809711,LgLG3,gustatory,vnc_sensory,LgLG,MesoLN,R,leg bristle,,rm,gustatory,cls,,annotated,high,rm,0.544,0.61,220
809726,SNta04,mechanosensory_tactile,vnc_sensory,SNta,ADMN,L,mechanosensory bristle,,,tactile,cls,,not_leg:ADMN,high,lh,0.34,0.489,928
809728,SNta11,mechanosensory_tactile,vnc_sensory,SNta,ADMN,L,mechanosensory bristle,,,tactile,cls,,not_leg:ADMN,high,lm,0.305,0.466,897
809729,SNxx26,unknown_sensory,vnc_sensory,SNxx,ADMN,R,wing,,,unknown,none,,not_leg:ADMN,high,rh,0.309,0.58,471
809735,SNxx14,unknown_sensory,vnc_sensory,SNxx,AbN4,R,abdomen,,,unknown,none,,not_leg:AbN4,high,rh,0.41,0.756,322
809745,SNta38,mechanosensory_tactile,vnc_sensory,SNta,MetaLN,R,mechanosensory bristle,,rh,tactile,cls,,annotated,high,rh,0.807,0.965,278
809750,SNpp37,mechanosensory_proprioceptive,vnc_sensory,SNpp,ADMN,L,campaniform sensilla,,,proprio,cls,campaniform,not_leg:ADMN,high,lm,0.376,0.477,733
809757,SNxx33,unknown_sensory,vnc_sensory,SNxx,MesoLN,L,leg,,lm,unknown,none,,annotated,high,lm,0.886,0.913,709
809763,SNta06,mechanosensory_tactile,vnc_sensory,SNta,ADMN,L,mechanosensory bristle,,,tactile,cls,,not_leg:ADMN,high,lm,0.338,0.477,910
809768,SNta03,mechanosensory_tactile,vnc_sensory,SNta,DMetaN,R,mechanosensory bristle,,,tactile,cls,,not_leg:DMetaN,high,rh,0.705,0.943,736
809770,LgLG1b,gustatory,vnc_sensory,LgLG,MesoLN,L,leg bristle,,lm,gustatory,cls,,annotated,high,lm,0.35,0.501,453
809773,SNta32,mechanosensory_tactile,vnc_sensory,SNta,MesoLN,R,leg,,rm,tactile,cls,,annotated,high,rm,0.762,0.785,317
809795,SNta11,mechanosensory_tactile,vnc_sensory,SNta,ADMN,L,mechanosensory bristle,,,tactile,cls,,not_leg:ADMN,high,lm,0.235,0.443,859
809797,SNta18,mechanosensory_tactile,vnc_sensory,SNta,ADMN,R,mechanosensory bristle,,,tactile,cls,,not_leg:ADMN,high,rh,0.34,0.547,802
809798,LgLG1a,gustatory,vnc_sensory,LgLG,ProLN,R,leg bristle,,rf,gustatory,cls,,annotated,medium,rm,0.428,0.618,542
809801,SNta20,mechanosensory_tactile,vnc_sensory,SNta,MetaLN,R,mechanosensory bristle,,rh,tactile,cls,,annotated,high,rh,0.719,0.78,881
809803,SNpp62,mechanosensory_proprioceptive,vnc_sensory,SNpp,ADMN,L,wing,,,proprio,cls,untyped,not_leg:ADMN,high,lh,0.42,0.594,1004
809823,SNta37,mechanosensory_tactile,vnc_sensory,SNta,MetaLN,L,mechanosensory bristle,,lh,tactile,cls,,annotated,high,lh,0.757,0.827,410
809825,SNta21,mechanosensory_tactile,vnc_sensory,SNta,MesoLN,L,mechanosensory bristle,,lm,tactile,cls,,annotated,high,lm,0.862,0.898,525
809833,LgLG4,gustatory,vnc_sensory,LgLG,MesoLN,R,leg bristle,,rm,gustatory,cls,,annotated,high,rm,0.709,0.725,290
809837,SNta29,mechanosensory_tactile,vnc_sensory,SNta,MetaLN,R,mechanosensory bristle,,rh,tactile,cls,,annotated,high,rh,0.815,0.857,836
809839,SNta03,mechanosensory_tactile,vnc_sensory,SNta,DMetaN,L,mechanosensory bristle,,,tactile,cls,,not_leg:DMetaN,high,lh,0.759,0.912,756
809842,SNta37,mechanosensory_tactile,vnc_sensory,SNta,MetaLN,L,mechanosensory bristle,,lh,tactile,cls,,annotated,high,lh,0.753,0.804,651
809853,SNpp38,mechanosensory_proprioceptive,vnc_sensory,SNpp,ADMN,R,campaniform sensilla,,,proprio,cls,campaniform,not_leg:ADMN,high,rh,0.288,0.487,499
809859,SNta29,mechanosensory_tactile,vnc_sensory,SNta,MesoLN,L,mechanosensory bristle,,lm,tactile,cls,,annotated,high,lm,0.854,0.879,938
809861,LgLG1a,gustatory,vnc_sensory,LgLG,MetaLN,L,leg bristle,,lh,gustatory,cls,,annotated,high,lh,0.291,0.437,786
809864,SNta21,mechanosensory_tactile,vnc_sensory,SNta,ProLN,L,mechanosensory bristle,,lf,tactile,cls,,annotated,high,lf,0.951,0.953,220
809870,SNta28,mechanosensory_tactile,vnc_sensory,SNta,MesoLN,L,mechanosensory bristle,,lm,tactile,cls,,annotated,high,lm,0.846,0.888,630
809874,SNxx14,unknown_sensory,vnc_sensory,SNxx,AbN4,L,abdomen,,,unknown,none,,not_leg:AbN4,high,rh,0.377,0.731,650
809880,SNta35,mechanosensory_tactile,vnc_sensory,SNta,MesoLN,R,mechanosensory bristle,,rm,tactile,cls,,annotated,high,rm,0.714,0.75,383
809888,SNta29,mechanosensory_tactile,vnc_sensory,SNta,MesoLN,R,mechanosensory bristle,,rm,tactile,cls,,annotated,high,rm,0.843,0.865,1057
809889,SNpp23,mechanosensory_proprioceptive,vnc_sensory,SNpp,DMetaN,R,haltere,,,proprio,cls,untyped,not_leg:DMetaN,high,rh,0.555,0.753,1116
809895,"SNta11,SNta14",mechanosensory_tactile,vnc_sensory,SNta,ADMN,R,mechanosensory bristle,,,tactile,cls,,not_leg:ADMN,high,rh,0.287,0.48,812
809896,SNta04,mechanosensory_tactile,vnc_sensory,SNta,ADMN,R,mechanosensory bristle,,,tactile,cls,,not_leg:ADMN,high,rh,0.297,0.424,803
809898,SNpp38,mechanosensory_proprioceptive,vnc_sensory,SNpp,ADMN,R,campaniform sensilla,,,proprio,cls,campaniform,not_leg:ADMN,high,rh,0.325,0.592,512
809899,LgLG1a,gustatory,vnc_sensory,LgLG,MesoLN,L,leg bristle,,lm,gustatory,cls,,annotated,high,lm,0.41,0.605,879
809904,SNpp40,mechanosensory_proprioceptive,vnc_sensory,SNpp,MesoLN,R,chordotonal organ,,rm,proprio,cls,club,annotated,high,lf,0.3,0.46,530
809905,SNpp28,mechanosensory_proprioceptive,vnc_sensory,SNpp,ADMN,R,campaniform sensilla,,,proprio,cls,campaniform,not_leg:ADMN,high,rh,0.351,0.58,583
809908,SNta03,mechanosensory_tactile,vnc_sensory,SNta,DMetaN,L,mechanosensory bristle,,,tactile,cls,,not_leg:DMetaN,high,lh,0.745,0.895,665
809911,SNpp24,mechanosensory_proprioceptive,vnc_sensory,SNpp,DMetaN,L,campaniform sensilla,,,proprio,cls,campaniform,not_leg:DMetaN,high,lh,0.944,0.967,249
809924,SNta03,mechanosensory_tactile,vnc_sensory,SNta,DMetaN,L,mechanosensory bristle,,,tactile,cls,,not_leg:DMetaN,high,lh,0.739,0.887,881
809930,SNpp28,mechanosensory_proprioceptive,vnc_sensory,SNpp,ADMN,L,campaniform sensilla,,,proprio,cls,campaniform,not_leg:ADMN,high,lm,0.374,0.541,827
809932,SNpp39,mechanosensory_proprioceptive,vnc_sensory,SNpp,MetaLN,L,chordotonal organ,,lh,proprio,cls,hook_39,annotated,high,lh,0.776,0.812,316
809934,LgLG1a,gustatory,vnc_sensory,LgLG,MetaLN,R,leg bristle,,rh,gustatory,cls,,annotated,high,rh,0.431,0.502,839
809936,SNxx15,unknown_sensory,vnc_sensory,SNxx,AbN3,L,abdomen,,,unknown,none,,not_leg:AbN3,high,lh,0.517,0.933,889
809941,SNta37,mechanosensory_tactile,vnc_sensory,SNta,MesoLN,L,mechanosensory bristle,,lm,tactile,cls,,annotated,high,lm,0.806,0.832,961
809950,SNxx28,unknown_sensory,vnc_sensory,SNxx,ADMN,L,wing,,,unknown,none,,not_leg:ADMN,high,lh,0.462,0.703,597
809951,SNta23,mechanosensory_tactile,vnc_sensory,SNta,MetaLN,R,mechanosensory bristle,,rh,tactile,cls,,annotated,high,rh,0.535,0.634,705
809953,LgLG1a,gustatory,vnc_sensory,LgLG,MesoLN,R,leg bristle,,rm,gustatory,cls,,annotated,high,rm,0.46,0.623,780
809958,SNpp13,mechanosensory_proprioceptive,vnc_sensory,SNpp,PDMN,L,notum,,,proprio,cls,untyped,not_leg:PDMN,high,lh,0.496,0.738,770
809967,SNta25,mechanosensory_tactile,vnc_sensory,SNta,MesoLN,L,mechanosensory bristle,,lm,tactile,cls,,annotated,high,lm,0.782,0.8,639
809969,SNpp60,mechanosensory_proprioceptive,vnc_sensory,SNpp,MetaLN,L,chordotonal organ,,lh,proprio,cls,club,annotated,high,lh,0.477,0.637,1084
809970,SNta07,mechanosensory_tactile,vnc_sensory,SNta,ADMN,L,mechanosensory bristle,,,tactile,cls,,not_leg:ADMN,high,lm,0.299,0.409,789
809971,SNta43,mechanosensory_tactile,vnc_sensory,SNta,MesoLN,R,mechanosensory bristle,,rm,tactile,cls,,annotated,high,rm,0.693,0.727,457
809973,SNxx25,unknown_sensory,vnc_sensory,SNxx,ADMN,L,wing,,,unknown,none,,not_leg:ADMN,high,lh,0.558,0.717,1373
809976,SNpp47,mechanosensory_proprioceptive,vnc_sensory,SNpp,MesoLN,L,chordotonal organ,,lm,proprio,cls,club,annotated,high,lm,0.744,0.785,710
809986,SNxx25,unknown_sensory,vnc_sensory,SNxx,ADMN,L,wing,,,unknown,none,,not_leg:ADMN,high,lh,0.507,0.657,1999
809987,SNta03,mechanosensory_tactile,vnc_sensory,SNta,DMetaN,L,mechanosensory bristle,,,tactile,cls,,not_leg:DMetaN,high,lh,0.765,0.888,757
809992,LgLG1b,gustatory,vnc_sensory,LgLG,MesoLN,R,leg bristle,,rm,gustatory,cls,,annotated,high,rm,0.517,0.617,415
809994,SNta04,mechanosensory_tactile,vnc_sensory,SNta,ADMN,R,mechanosensory bristle,,,tactile,cls,,not_leg:ADMN,high,rh,0.363,0.52,838
809995,SNta29,mechanosensory_tactile,vnc_sensory,SNta,MetaLN,R,mechanosensory bristle,,rh,tactile,cls,,annotated,high,rh,0.849,0.884,923
809996,LgLG1b,gustatory,vnc_sensory,LgLG,MesoLN,L,leg bristle,,lm,gustatory,cls,,annotated,high,lm,0.422,0.57,553
810004,SNpp02,mechanosensory_proprioceptive,vnc_sensory,SNpp,AbN3,L,abdomen,,,proprio,cls,untyped,not_leg:AbN3,high,lh,0.371,0.509,371
810007,SNxx33,unknown_sensory,vnc_sensory,SNxx,MesoLN,L,leg,,lm,unknown,none,,annotated,high,lm,0.857,0.902,582
810009,SNpp23,mechanosensory_proprioceptive,vnc_sensory,SNpp,DMetaN,L,haltere,,,proprio,cls,untyped,not_leg:DMetaN,high,rh,0.55,0.736,820
810010,SNpp28,mechanosensory_proprioceptive,vnc_sensory,SNpp,ADMN,R,campaniform sensilla,,,proprio,cls,campaniform,not_leg:ADMN,high,rm,0.439,0.506,537
810014,"SNta11,SNta14",mechanosensory_tactile,vnc_sensory,SNta,ADMN,R,mechanosensory bristle,,,tactile,cls,,not_leg:ADMN,high,lm,0.257,0.491,752
810021,SNxx01,unknown_sensory,vnc_sensory,SNxx,AbN4,L,abdomen,,,unknown,none,,not_leg:AbN4,high,rh,0.3,0.552,637
810022,SNxx33,unknown_sensory,vnc_sensory,SNxx,MesoLN,R,leg,,rm,unknown,none,,annotated,high,rm,0.811,0.858,675
810025,SNxx02,unknown_sensory,vnc_sensory,SNxx,AbNT,L,abdomen,,,unknown,none,,not_leg:AbNT,high,lh,0.281,0.515,340
810030,SNta38,mechanosensory_tactile,vnc_sensory,SNta,MetaLN,R,mechanosensory bristle,,rh,tactile,cls,,annotated,high,rh,0.867,0.947,585
810037,SNxx04,unknown_sensory,vnc_sensory,SNxx,AbNT,R,abdomen,,,unknown,none,,not_leg:AbNT,high,rh,0.448,0.807,516
810039,SNpp28,mechanosensory_proprioceptive,vnc_sensory,SNpp,ADMN,R,campaniform sensilla,,,proprio,cls,campaniform,not_leg:ADMN,high,rm,0.391,0.491,562
810041,SNpp39,mechanosensory_proprioceptive,vnc_sensory,SNpp,MesoLN,R,chordotonal organ,,rm,proprio,cls,hook_39,annotated,high,rm,0.794,0.853,428
810043,SNpp38,mechanosensory_proprioceptive,vnc_sensory,SNpp,ADMN,L,campaniform sensilla,,,proprio,cls,campaniform,not_leg:ADMN,high,lm,0.358,0.447,555
810049,LgLG8,gustatory,vnc_sensory,LgLG,ProLN,L,leg bristle,,lf,gustatory,cls,,annotated,high,lf,0.647,0.758,667
810050,SNta07,mechanosensory_tactile,vnc_sensory,SNta,ADMN,R,mechanosensory bristle,,,tactile,cls,,not_leg:ADMN,high,rm,0.306,0.454,697
810052,SNpp45,mechanosensory_proprioceptive,vnc_sensory,SNpp,MesoLN,R,hair plate,,rm,proprio,cls,hair_plate_45,annotated,high,rm,0.916,0.929,893
810053,SNxx33,unknown_sensory,vnc_sensory,SNxx,MetaLN,R,leg,,rh,unknown,none,,annotated,high,rh,0.823,0.916,484
810058,SNxx33,unknown_sensory,vnc_sensory,SNxx,MesoLN,R,leg,,rm,unknown,none,,annotated,high,rm,0.819,0.873,679
810077,SNxx04,unknown_sensory,vnc_sensory,SNxx,AbNT,R,abdomen,,,unknown,none,,not_leg:AbNT,high,rh,0.485,0.743,502
810078,SNta03,mechanosensory_tactile,vnc_sensory,SNta,DMetaN,L,mechanosensory bristle,,,tactile,cls,,not_leg:DMetaN,high,lh,0.732,0.914,799
810079,SNxx01,unknown_sensory,vnc_sensory,SNxx,AbN4,R,abdomen,,,unknown,none,,not_leg:AbN4,high,rh,0.477,0.684,612
810082,LgLG3,gustatory,vnc_sensory,LgLG,ProLN,L,leg bristle,,lf,gustatory,cls,,annotated,high,lf,0.338,0.364,269
810085,SNpp43,mechanosensory_proprioceptive,vnc_sensory,SNpp,MesoLN,L,chordotonal organ,,lm,proprio,cls,club,annotated,high,lm,0.752,0.8,627
810089,SNta20,mechanosensory_tactile,vnc_sensory,SNta,MesoLN,R,mechanosensory bristle,,rm,tactile,cls,,annotated,high,rm,0.802,0.832,892
810095,SNxx14,unknown_sensory,vnc_sensory,SNxx,AbN4,L,abdomen,,,unknown,none,,not_leg:AbN4,high,rh,0.404,0.721,709
810100,SNta04,mechanosensory_tactile,vnc_sensory,SNta,ADMN,L,mechanosensory bristle,,,tactile,cls,,not_leg:ADMN,high,lh,0.347,0.451,861
810102,SNta03,mechanosensory_tactile,vnc_sensory,SNta,DMetaN,R,mechanosensory bristle,,,tactile,cls,,not_leg:DMetaN,high,rh,0.642,0.895,693
810108,SNxx19,unknown_sensory,vnc_sensory,SNxx,AbN4,R,abdomen,,,unknown,none,,not_leg:AbN4,high,rh,0.471,0.775,696
810111,"SNta02,SNta09",mechanosensory_tactile,vnc_sensory,SNta,PDMN,R,notum,,,tactile,cls,,not_leg:PDMN,high,rm,0.288,0.535,242
810113,SNta43,mechanosensory_tactile,vnc_sensory,SNta,MetaLN,R,mechanosensory bristle,,rh,tactile,cls,,annotated,high,rh,0.796,0.847,380
810116,SNpp07,mechanosensory_proprioceptive,vnc_sensory,SNpp,ADMN,R,campaniform sensilla,,,proprio,cls,campaniform,not_leg:ADMN,high,rh,0.348,0.571,400
810123,SNta37,mechanosensory_tactile,vnc_sensory,SNta,MetaLN,R,mechanosensory bristle,,rh,tactile,cls,,annotated,high,rh,0.811,0.911,642
810127,SNxx28,unknown_sensory,vnc_sensory,SNxx,ADMN,R,wing,,,unknown,none,,not_leg:ADMN,high,rh,0.401,0.726,427
810129,SNta04,mechanosensory_tactile,vnc_sensory,SNta,ADMN,R,mechanosensory bristle,,,tactile,cls,,not_leg:ADMN,high,rh,0.307,0.439,756
810137,SNpp28,mechanosensory_proprioceptive,vnc_sensory,SNpp,ADMN,R,campaniform sensilla,,,proprio,cls,campaniform,not_leg:ADMN,high,rm,0.348,0.471,516
810139,SNta37,mechanosensory_tactile,vnc_sensory,SNta,MesoLN,R,mechanosensory bristle,,rm,tactile,cls,,annotated,high,rm,0.656,0.715,765
810142,SNta29,mechanosensory_tactile,vnc_sensory,SNta,MesoLN,R,mechanosensory bristle,,rm,tactile,cls,,annotated,high,rm,0.844,0.867,677
810152,SNpp11,mechanosensory_proprioceptive,vnc_sensory,SNpp,ADMN,L,campaniform sensilla,,,proprio,cls,campaniform,not_leg:ADMN,high,lh,0.384,0.729,370
810164,LgLG1a,gustatory,vnc_sensory,LgLG,ProLN,R,leg bristle,,rf,gustatory,cls,,annotated,high,rm,0.396,0.563,562
810168,SNta37,mechanosensory_tactile,vnc_sensory,SNta,MesoLN,R,mechanosensory bristle,,rm,tactile,cls,,annotated,high,rm,0.717,0.77,757
810171,SNta04,mechanosensory_tactile,vnc_sensory,SNta,ADMN,R,mechanosensory bristle,,,tactile,cls,,not_leg:ADMN,high,rh,0.334,0.467,810
810173,SNpp48,mechanosensory_proprioceptive,vnc_sensory,SNpp,MetaLN,L,chordotonal organ,,lh,proprio,cls,co_unclassified,annotated,high,lh,0.948,0.962,885
810179,SNta29,mechanosensory_tactile,vnc_sensory,SNta,MesoLN,L,mechanosensory bristle,,lm,tactile,cls,,annotated,high,lm,0.799,0.841,802
810180,SNta29,mechanosensory_tactile,vnc_sensory,SNta,MetaLN,L,mechanosensory bristle,,lh,tactile,cls,,annotated,high,lh,0.775,0.813,687
810187,SNpp39,mechanosensory_proprioceptive,vnc_sensory,SNpp,MetaLN,R,chordotonal organ,,rh,proprio,cls,hook_39,annotated,high,rh,0.832,0.851,445
810190,SNxx07,unknown_sensory,vnc_sensory,SNxx,AbNT,R,abdomen,,,unknown,none,,not_leg:AbNT,high,rh,0.301,0.463,606
810213,SNpp19,mechanosensory_proprioceptive,vnc_sensory,SNpp,PrN,R,hair plate,,,proprio,cls,hair_plate_xx,not_leg:PrN,high,rh,0.308,0.463,290
810217,SNpp28,mechanosensory_proprioceptive,vnc_sensory,SNpp,ADMN,R,campaniform sensilla,,,proprio,cls,campaniform,not_leg:ADMN,high,rm,0.454,0.559,570
810219,SNta37,mechanosensory_tactile,vnc_sensory,SNta,MesoLN,L,mechanosensory bristle,,lm,tactile,cls,,annotated,high,lm,0.703,0.76,726
810222,SNxx04,unknown_sensory,vnc_sensory,SNxx,AbNT,R,abdomen,,,unknown,none,,not_leg:AbNT,high,rh,0.457,0.737,550
810232,SNta25,mechanosensory_tactile,vnc_sensory,SNta,MetaLN,L,mechanosensory bristle,,lh,tactile,cls,,annotated,high,lh,0.767,0.867,596
810234,SNpp43,mechanosensory_proprioceptive,vnc_sensory,SNpp,MetaLN,R,chordotonal organ,,rh,proprio,cls,club,annotated,high,rh,0.629,0.759,602
810235,SNta11,mechanosensory_tactile,vnc_sensory,SNta,ADMN,R,mechanosensory bristle,,,tactile,cls,,not_leg:ADMN,high,rh,0.26,0.426,808
810236,SNta25,mechanosensory_tactile,vnc_sensory,SNta,MetaLN,L,mechanosensory bristle,,lh,tactile,cls,,annotated,high,lh,0.826,0.897,574
810243,SNta37,mechanosensory_tactile,vnc_sensory,SNta,MesoLN,R,mechanosensory bristle,,rm,tactile,cls,,annotated,high,rm,0.643,0.701,780
810252,SNpp26,mechanosensory_proprioceptive,vnc_sensory,SNpp,ADMN,R,campaniform sensilla,,,proprio,cls,campaniform,not_leg:ADMN,high,rh,0.412,0.568,832
810261,SNta06,mechanosensory_tactile,vnc_sensory,SNta,ADMN,L,mechanosensory bristle,,,tactile,cls,,not_leg:ADMN,high,lm,0.352,0.459,781
810269,SNta04,mechanosensory_tactile,vnc_sensory,SNta,ADMN,R,mechanosensory bristle,,,tactile,cls,,not_leg:ADMN,high,rm,0.288,0.448,826
810270,SNxx14,unknown_sensory,vnc_sensory,SNxx,AbN4,L,abdomen,,,unknown,none,,not_leg:AbN4,high,rh,0.397,0.779,483
810274,SNta29,mechanosensory_tactile,vnc_sensory,SNta,MesoLN,L,mechanosensory bristle,,lm,tactile,cls,,annotated,high,lm,0.854,0.875,715
810293,SNxx14,unknown_sensory,vnc_sensory,SNxx,AbN4,R,abdomen,,,unknown,none,,not_leg:AbN4,high,rh,0.522,0.767,891
810301,SNxx03,unknown_sensory,vnc_sensory,SNxx,AbN4,L,abdomen,,,unknown,none,,not_leg:AbN4,high,lm,0.435,0.549,198
810311,SNpp28,mechanosensory_proprioceptive,vnc_sensory,SNpp,ADMN,R,campaniform sensilla,,,proprio,cls,campaniform,not_leg:ADMN,high,rm,0.369,0.501,493
810321,SNxx20,unknown_sensory,vnc_sensory,SNxx,AbN4,L,abdomen,,,unknown,none,,not_leg:AbN4,high,rh,0.594,0.711,856
810349,SNxx03,unknown_sensory,vnc_sensory,SNxx,AbN4,L,abdomen,,,unknown,none,,not_leg:AbN4,high,lm,0.381,0.504,160
810360,"SNta22,SNta33",mechanosensory_tactile,vnc_sensory,SNta,MesoLN,R,mechanosensory bristle,,rm,tactile,cls,,annotated,high,rm,0.338,0.493,666
810361,SNpp21,mechanosensory_proprioceptive,vnc_sensory,SNpp,DMetaN,R,haltere,,,proprio,cls,untyped,not_leg:DMetaN,high,rh,0.344,0.525,732
810366,SNta29,mechanosensory_tactile,vnc_sensory,SNta,MesoLN,L,mechanosensory bristle,,lm,tactile,cls,,annotated,high,lm,0.847,0.871,654
810380,LgLG1a,gustatory,vnc_sensory,LgLG,MetaLN,R,leg bristle,,rh,gustatory,cls,,annotated,high,rh,0.395,0.478,751
810382,SNxx03,unknown_sensory,vnc_sensory,SNxx,AbN4,R,abdomen,,,unknown,none,,not_leg:AbN4,high,rh,0.502,0.718,433
810389,SNta21,mechanosensory_tactile,vnc_sensory,SNta,MetaLN,L,mechanosensory bristle,,lh,tactile,cls,,annotated,high,lh,0.786,0.855,426
810393,LgLG6,gustatory,vnc_sensory,LgLG,ProLN,L,leg bristle,,lf,gustatory,cls,,annotated,high,lf,0.503,0.573,523
810394,SNta42,mechanosensory_tactile,vnc_sensory,SNta,MesoLN,R,mechanosensory bristle,,rm,tactile,cls,,annotated,high,rm,0.52,0.594,774
810401,SNta29,mechanosensory_tactile,vnc_sensory,SNta,MetaLN,L,mechanosensory bristle,,lh,tactile,cls,,annotated,high,lh,0.796,0.829,786
810406,WG4,gustatory,vnc_sensory,WG,ADMN,L,wing bristle,,,gustatory,cls,,not_leg:ADMN,high,lm,0.378,0.598,659
810425,SNpp02,mechanosensory_proprioceptive,vnc_sensory,SNpp,AbN3,R,abdomen,,,proprio,cls,untyped,not_leg:AbN3,high,rh,0.334,0.496,314
810426,SNta37,mechanosensory_tactile,vnc_sensory,SNta,MetaLN,L,mechanosensory bristle,,lh,tactile,cls,,annotated,high,lh,0.548,0.607,814
810428,SNta39,mechanosensory_tactile,vnc_sensory,SNta,MetaLN,L,mechanosensory bristle,,lh,tactile,cls,,annotated,high,lh,0.767,0.811,152
810435,SNpp34,mechanosensory_proprioceptive,vnc_sensory,SNpp,DMetaN,L,haltere,,,proprio,cls,untyped,not_leg:DMetaN,high,lh,0.41,0.662,265
810439,SNta21,mechanosensory_tactile,vnc_sensory,SNta,MesoLN,L,mechanosensory bristle,,lm,tactile,cls,,annotated,high,lm,0.887,0.911,555
810444,SNxx26,unknown_sensory,vnc_sensory,SNxx,ADMN,L,wing,,,unknown,none,,not_leg:ADMN,high,lh,0.356,0.527,412
810445,SNpp39,mechanosensory_proprioceptive,vnc_sensory,SNpp,MesoLN,R,chordotonal organ,,rm,proprio,cls,hook_39,annotated,high,rm,0.792,0.844,397
810452,SNpp17,mechanosensory_proprioceptive,vnc_sensory,SNpp,ProCN,L,chordotonal organ,"MNC, Gorko Nature 2024",,proprio,cls,co_unclassified,not_leg:ProCN,high,rm,0.294,0.541,131
810456,SNta34,mechanosensory_tactile,vnc_sensory,SNta,MesoLN,L,mechanosensory bristle,,lm,tactile,cls,,annotated,high,lm,0.658,0.774,374
810461,LgLG1a,gustatory,vnc_sensory,LgLG,MesoLN,R,leg bristle,,rm,gustatory,cls,,annotated,high,rm,0.444,0.612,819
810474,SNch01,chemosensory,vnc_sensory,SNch,AbN3,R,abdomen,,,chemo,cls,,not_leg:AbN3,high,rh,0.567,0.783,716
810477,SNpp11,mechanosensory_proprioceptive,vnc_sensory,SNpp,ADMN,R,campaniform sensilla,,,proprio,cls,campaniform,not_leg:ADMN,high,lh,0.566,0.844,245
810483,SNta06,mechanosensory_tactile,vnc_sensory,SNta,ADMN,R,mechanosensory bristle,,,tactile,cls,,not_leg:ADMN,high,rm,0.378,0.478,593
810484,LgLG1a,gustatory,vnc_sensory,LgLG,MesoLN,L,leg bristle,,lm,gustatory,cls,,annotated,high,lm,0.412,0.599,812
810488,SNta26,mechanosensory_tactile,vnc_sensory,SNta,MetaLN,L,mechanosensory bristle,,lh,tactile,cls,,annotated,high,lh,0.853,0.915,420
810490,SNta18,mechanosensory_tactile,vnc_sensory,SNta,ADMN,L,mechanosensory bristle,,,tactile,cls,,not_leg:ADMN,high,lh,0.363,0.513,807
810491,SNta26,mechanosensory_tactile,vnc_sensory,SNta,MesoLN,L,mechanosensory bristle,,lm,tactile,cls,,annotated,high,lm,0.89,0.91,615
810498,SNpp14,mechanosensory_proprioceptive,vnc_sensory,SNpp,DMetaN,L,haltere,,,proprio,cls,untyped,not_leg:DMetaN,high,lh,0.631,0.85,401
810500,SNxx11,unknown_sensory,vnc_sensory,SNxx,AbNT,L,abdomen,,,unknown,none,,not_leg:AbNT,high,rh,0.314,0.61,622
810503,SNta29,mechanosensory_tactile,vnc_sensory,SNta,MesoLN,L,mechanosensory bristle,,lm,tactile,cls,,annotated,high,lm,0.811,0.839,703
810504,SNta30,mechanosensory_tactile,vnc_sensory,SNta,MesoLN,L,mechanosensory bristle,,lm,tactile,cls,,annotated,high,lm,0.852,0.877,736
810505,LgLG1a,gustatory,vnc_sensory,LgLG,MesoLN,L,leg bristle,,lm,gustatory,cls,,annotated,high,lm,0.408,0.591,756
810516,SNta18,mechanosensory_tactile,vnc_sensory,SNta,ADMN,L,mechanosensory bristle,,,tactile,cls,,not_leg:ADMN,high,lh,0.337,0.553,783
810518,SNpp07,mechanosensory_proprioceptive,vnc_sensory,SNpp,ADMN,R,campaniform sensilla,,,proprio,cls,campaniform,not_leg:ADMN,high,rh,0.313,0.556,375
810519,"SNta04,SNta11",mechanosensory_tactile,vnc_sensory,SNta,ADMN,R,mechanosensory bristle,,,tactile,cls,,not_leg:ADMN,high,rm,0.291,0.509,746
810526,SNpp39,mechanosensory_proprioceptive,vnc_sensory,SNpp,MetaLN,L,chordotonal organ,,lh,proprio,cls,hook_39,annotated,high,lh,0.753,0.797,323
810533,SNta37,mechanosensory_tactile,vnc_sensory,SNta,MetaLN,L,mechanosensory bristle,,lh,tactile,cls,,annotated,high,lh,0.536,0.592,722
810534,LgLG8,gustatory,vnc_sensory,LgLG,ProLN,L,leg bristle,,lf,gustatory,cls,,annotated,high,lf,0.646,0.747,569
810536,SNta27,mechanosensory_tactile,vnc_sensory,SNta,MetaLN,R,mechanosensory bristle,,rh,tactile,cls,,annotated,high,rh,0.892,0.956,366
810548,SNpp07,mechanosensory_proprioceptive,vnc_sensory,SNpp,ADMN,R,campaniform sensilla,,,proprio,cls,campaniform,not_leg:ADMN,high,rm,0.333,0.489,260
810549,LgLG1a,gustatory,vnc_sensory,LgLG,MesoLN,R,leg bristle,,rm,gustatory,cls,,annotated,high,rm,0.473,0.623,726
810550,LgLG4,gustatory,vnc_sensory,LgLG,MesoLN,R,leg bristle,,rm,gustatory,cls,,annotated,high,rm,0.634,0.681,558
810552,SNpp21,mechanosensory_proprioceptive,vnc_sensory,SNpp,DMetaN,L,haltere,,,proprio,cls,untyped,not_leg:DMetaN,high,lh,0.458,0.579,852
810554,SNta21,mechanosensory_tactile,vnc_sensory,SNta,MetaLN,L,mechanosensory bristle,,lh,tactile,cls,,annotated,high,lh,0.803,0.901,371
810563,WG4,gustatory,vnc_sensory,WG,ADMN,L,wing bristle,,,gustatory,cls,,not_leg:ADMN,high,lm,0.354,0.573,834
810564,SNta37,mechanosensory_tactile,vnc_sensory,SNta,MesoLN,R,mechanosensory bristle,,rm,tactile,cls,,annotated,high,rm,0.808,0.826,363
810567,SNta21,mechanosensory_tactile,vnc_sensory,SNta,MetaLN,R,mechanosensory bristle,,rh,tactile,cls,,annotated,high,rh,0.89,0.932,1266
810576,SNta20,mechanosensory_tactile,vnc_sensory,SNta,MesoLN,R,mechanosensory bristle,,rm,tactile,cls,,annotated,high,rm,0.722,0.765,730
810577,SApp,mechanosensory_proprioceptive,sensory_ascending,SApp,DMetaN,L,haltere,,,proprio,cls,untyped,not_leg:DMetaN,high,lh,0.385,0.606,391
810582,SNta04,mechanosensory_tactile,vnc_sensory,SNta,ADMN,L,mechanosensory bristle,,,tactile,cls,,not_leg:ADMN,high,lh,0.337,0.436,771
810585,SNta33,mechanosensory_tactile,vnc_sensory,SNta,DProN,L,mechanosensory bristle,,lf,tactile,cls,,annotated,low,lm,0.402,0.497,313
810590,SNta03,mechanosensory_tactile,vnc_sensory,SNta,DMetaN,R,mechanosensory bristle,,,tactile,cls,,not_leg:DMetaN,high,rh,0.736,0.886,882
810591,"SNpp29,SNpp63",mechanosensory_proprioceptive,vnc_sensory,SNpp,ADMN,R,campaniform sensilla,,,proprio,cls,campaniform,not_leg:ADMN,high,rh,0.317,0.486,530
810594,SNta32,mechanosensory_tactile,vnc_sensory,SNta,MetaLN,R,mechanosensory bristle,,rh,tactile,cls,,annotated,high,rh,0.583,0.61,276
810598,SNpp02,mechanosensory_proprioceptive,vnc_sensory,SNpp,AbN3,L,abdomen,,,proprio,cls,untyped,not_leg:AbN3,high,lh,0.382,0.5,420
810606,LgLG1a,gustatory,vnc_sensory,LgLG,MesoLN,L,leg bristle,,lm,gustatory,cls,,annotated,high,lm,0.415,0.615,706
810609,SNxx26,unknown_sensory,vnc_sensory,SNxx,ADMN,R,wing,,,unknown,none,,not_leg:ADMN,high,rm,0.288,0.492,389
810616,SNta11,mechanosensory_tactile,vnc_sensory,SNta,ADMN,R,mechanosensory bristle,,,tactile,cls,,not_leg:ADMN,high,rm,0.246,0.477,683
810621,LgLG1a,gustatory,vnc_sensory,LgLG,MetaLN,L,leg bristle,,lh,gustatory,cls,,annotated,high,lh,0.339,0.445,724
810628,SNppxx,mechanosensory_proprioceptive,vnc_sensory,SNppxx,MesoLN,L,leg,,lm,proprio,cls,untyped,annotated,high,lm,0.859,0.875,1320
810634,SNxx33,unknown_sensory,vnc_sensory,SNxx,MesoLN,R,leg,,rm,unknown,none,,annotated,high,rm,0.661,0.709,810
810643,SNpp50,mechanosensory_proprioceptive,vnc_sensory,SNpp,MetaLN,R,chordotonal organ,FeCO claw,rh,proprio,cls,claw_50,annotated,high,rh,0.891,0.94,493
810645,SNta11,mechanosensory_tactile,vnc_sensory,SNta,ADMN,L,mechanosensory bristle,,,tactile,cls,,not_leg:ADMN,high,lm,0.309,0.44,807
810648,SNta11,mechanosensory_tactile,vnc_sensory,SNta,ADMN,L,mechanosensory bristle,,,tactile,cls,,not_leg:ADMN,high,lm,0.276,0.461,701
810660,SNta26,mechanosensory_tactile,vnc_sensory,SNta,MetaLN,L,mechanosensory bristle,,lh,tactile,cls,,annotated,high,lh,0.777,0.856,444
810663,SNta20,mechanosensory_tactile,vnc_sensory,SNta,MesoLN,R,mechanosensory bristle,,rm,tactile,cls,,annotated,high,rm,0.778,0.815,799
810667,SNppxx,mechanosensory_proprioceptive,vnc_sensory,SNppxx,MetaLN,R,leg,,rh,proprio,cls,untyped,annotated,high,rh,0.835,0.87,922
810683,SNpp50,mechanosensory_proprioceptive,vnc_sensory,SNpp,MetaLN,R,chordotonal organ,FeCO claw,rh,proprio,cls,claw_50,annotated,high,rh,0.886,0.966,655
810691,SNpp35,mechanosensory_proprioceptive,vnc_sensory,SNpp,DMetaN,L,haltere,,,proprio,cls,untyped,not_leg:DMetaN,high,lh,0.503,0.782,329
810708,SNta29,mechanosensory_tactile,vnc_sensory,SNta,MesoLN,R,mechanosensory bristle,,rm,tactile,cls,,annotated,high,rm,0.878,0.894,679
810713,SNta21,mechanosensory_tactile,vnc_sensory,SNta,MetaLN,L,mechanosensory bristle,,lh,tactile,cls,,annotated,high,lh,0.824,0.944,346
810716,SNxxxx,mechanosensory_proprioceptive,vnc_sensory,SNxxxx,ProAN,L,leg,,lf,proprio,cls,untyped,annotated,medium,lf,0.774,0.791,959
810733,SNta04,mechanosensory_tactile,vnc_sensory,SNta,ADMN,L,mechanosensory bristle,,,tactile,cls,,not_leg:ADMN,high,lh,0.334,0.42,814
810738,SNta36,mechanosensory_tactile,vnc_sensory,SNta,MetaLN,L,mechanosensory bristle,,lh,tactile,cls,,annotated,high,lh,0.666,0.709,337
810741,SNta03,mechanosensory_tactile,vnc_sensory,SNta,DMetaN,L,mechanosensory bristle,,,tactile,cls,,not_leg:DMetaN,high,lh,0.656,0.825,554
810745,SNpp28,mechanosensory_proprioceptive,vnc_sensory,SNpp,ADMN,R,campaniform sensilla,,,proprio,cls,campaniform,not_leg:ADMN,high,rh,0.351,0.599,483
810754,SNta07,mechanosensory_tactile,vnc_sensory,SNta,ADMN,L,mechanosensory bristle,,,tactile,cls,,not_leg:ADMN,high,lm,0.332,0.441,740
810760,SNta06,mechanosensory_tactile,vnc_sensory,SNta,ADMN,R,mechanosensory bristle,,,tactile,cls,,not_leg:ADMN,high,rm,0.384,0.519,657
810765,SNta32,mechanosensory_tactile,vnc_sensory,SNta,MetaLN,R,mechanosensory bristle,,rh,tactile,cls,,annotated,high,rh,0.617,0.697,197
810770,SNpp23,mechanosensory_proprioceptive,vnc_sensory,SNpp,DMetaN,L,haltere,,,proprio,cls,untyped,not_leg:DMetaN,high,rh,0.587,0.758,675
810771,SNta18,mechanosensory_tactile,vnc_sensory,SNta,ADMN,L,mechanosensory bristle,,,tactile,cls,,not_leg:ADMN,high,lh,0.388,0.531,719
810775,SNta29,mechanosensory_tactile,vnc_sensory,SNta,ProLN,R,mechanosensory bristle,,rf,tactile,cls,,annotated,high,rf,0.726,0.755,188
810780,SNta25,mechanosensory_tactile,vnc_sensory,SNta,MesoLN,L,mechanosensory bristle,,lm,tactile,cls,,annotated,high,lm,0.892,0.912,546
810781,SNta11,mechanosensory_tactile,vnc_sensory,SNta,ADMN,L,mechanosensory bristle,,,tactile,cls,,not_leg:ADMN,high,lm,0.323,0.478,735
810783,SNxx02,unknown_sensory,vnc_sensory,SNxx,AbNT,R,abdomen,,,unknown,none,,not_leg:AbNT,high,rh,0.493,0.766,352
810790,SNta04,mechanosensory_tactile,vnc_sensory,SNta,ADMN,R,mechanosensory bristle,,,tactile,cls,,not_leg:ADMN,high,rh,0.323,0.459,741
810800,SNpp51,mechanosensory_proprioceptive,vnc_sensory,SNpp,MetaLN,R,chordotonal organ,,rh,proprio,cls,claw_51,annotated,high,rh,0.911,0.942,632
810808,"SNta02,SNta09",mechanosensory_tactile,vnc_sensory,SNta,PDMN,L,notum,,,tactile,cls,,not_leg:PDMN,high,lf,0.269,0.424,634
810811,LgLG4,gustatory,vnc_sensory,LgLG,MesoLN,L,leg bristle,,lm,gustatory,cls,,annotated,high,lm,0.869,0.871,518
810814,SNta29,mechanosensory_tactile,vnc_sensory,SNta,MesoLN,L,mechanosensory bristle,,lm,tactile,cls,,annotated,high,lm,0.828,0.855,663
810821,"SNpp29,SNpp63",mechanosensory_proprioceptive,vnc_sensory,SNpp,ADMN,L,campaniform sensilla,,,proprio,cls,campaniform,not_leg:ADMN,high,lm,0.261,0.478,649
810822,WG4,gustatory,vnc_sensory,WG,ADMN,L,wing bristle,,,gustatory,cls,,not_leg:ADMN,high,lm,0.376,0.593,781
810823,SNta37,mechanosensory_tactile,vnc_sensory,SNta,MetaLN,L,mechanosensory bristle,,lh,tactile,cls,,annotated,high,lh,0.529,0.592,712
810831,SNta04,mechanosensory_tactile,vnc_sensory,SNta,ADMN,R,mechanosensory bristle,,,tactile,cls,,not_leg:ADMN,high,rh,0.381,0.541,716
810832,SNxx14,unknown_sensory,vnc_sensory,SNxx,AbN4,R,abdomen,,,unknown,none,,not_leg:AbN4,high,rh,0.519,0.782,1130
810836,SNta29,mechanosensory_tactile,vnc_sensory,SNta,MesoLN,L,mechanosensory bristle,,lm,tactile,cls,,annotated,high,lm,0.817,0.846,669
810843,SNta29,mechanosensory_tactile,vnc_sensory,SNta,ProLN,L,mechanosensory bristle,,lf,tactile,cls,,annotated,high,lf,0.771,0.841,317
810846,LgLG8,gustatory,vnc_sensory,LgLG,ProLN,R,leg bristle,,rf,gustatory,cls,,annotated,medium,lf,0.55,0.886,450
810851,SNxx07,unknown_sensory,vnc_sensory,SNxx,AbNT,R,abdomen,,,unknown,none,,not_leg:AbNT,high,lm,0.26,0.386,309
810874,SNta37,mechanosensory_tactile,vnc_sensory,SNta,MetaLN,R,mechanosensory bristle,,rh,tactile,cls,,annotated,high,rh,0.822,0.878,739
810876,SNpp60,mechanosensory_proprioceptive,vnc_sensory,SNpp,MetaLN,R,chordotonal organ,FeCO club,rh,proprio,cls,club,annotated,high,rh,0.542,0.736,770
810885,SNxx07,unknown_sensory,vnc_sensory,SNxx,AbNT,R,abdomen,,,unknown,none,,not_leg:AbNT,high,lf,0.231,0.348,318
810889,SNxx33,unknown_sensory,vnc_sensory,SNxx,ProLN,L,leg,,lf,unknown,none,,annotated,high,lf,0.603,0.609,154
810894,SNxx07,unknown_sensory,vnc_sensory,SNxx,AbNT,L,abdomen,,,unknown,none,,not_leg:AbNT,high,rm,0.249,0.344,358
810901,SNta21,mechanosensory_tactile,vnc_sensory,SNta,ProLN,L,mechanosensory bristle,,lf,tactile,cls,,annotated,high,lf,0.942,0.948,256
810903,SNxx21,unknown_sensory,vnc_sensory,SNxx,AbN4,R,abdomen,,,unknown,none,,not_leg:AbN4,high,rh,0.49,0.86,601
810908,SNta38,mechanosensory_tactile,vnc_sensory,SNta,MetaLN,R,mechanosensory bristle,,rh,tactile,cls,,annotated,high,rh,0.829,0.942,186
810911,SNxx04,unknown_sensory,vnc_sensory,SNxx,AbNT,R,abdomen,,,unknown,none,,not_leg:AbNT,high,rh,0.468,0.724,407
810914,SNta03,mechanosensory_tactile,vnc_sensory,SNta,DMetaN,L,mechanosensory bristle,,,tactile,cls,,not_leg:DMetaN,high,lh,0.694,0.837,615
810919,"SNta04,SNta11",mechanosensory_tactile,vnc_sensory,SNta,ADMN,R,mechanosensory bristle,,,tactile,cls,,not_leg:ADMN,high,rm,0.31,0.498,682
810921,SNta37,mechanosensory_tactile,vnc_sensory,SNta,MetaLN,L,mechanosensory bristle,,lh,tactile,cls,,annotated,high,lh,0.674,0.734,669
810923,SNta20,mechanosensory_tactile,vnc_sensory,SNta,MetaLN,R,mechanosensory bristle,,rh,tactile,cls,,annotated,high,rh,0.59,0.676,546
810924,LgLG1a,gustatory,vnc_sensory,LgLG,MesoLN,L,leg bristle,,lm,gustatory,cls,,annotated,high,lm,0.378,0.596,853
810934,SNxx01,unknown_sensory,vnc_sensory,SNxx,AbN4,R,abdomen,,,unknown,none,,not_leg:AbN4,high,rh,0.492,0.64,488
810945,SNpp15,mechanosensory_proprioceptive,vnc_sensory,SNpp,DMetaN,L,haltere,,,proprio,cls,untyped,not_leg:DMetaN,high,lh,0.539,0.763,588
810946,SNta18,mechanosensory_tactile,vnc_sensory,SNta,ADMN,L,mechanosensory bristle,,,tactile,cls,,not_leg:ADMN,high,lh,0.34,0.524,672
810948,SNppxx,mechanosensory_proprioceptive,vnc_sensory,SNppxx,MesoLN,R,leg,,rm,proprio,cls,untyped,annotated,high,rm,0.842,0.9,2034
810957,SApp01,mechanosensory_proprioceptive,vnc_sensory,SApp,DMetaN,L,campaniform sensilla,,,proprio,cls,campaniform,not_leg:DMetaN,high,lh,0.312,0.592,153
810958,LgLG1a,gustatory,vnc_sensory,LgLG,MesoLN,L,leg bristle,,lm,gustatory,cls,,annotated,high,lm,0.362,0.599,613
810964,WG4,gustatory,vnc_sensory,WG,ADMN,L,wing bristle,,,gustatory,cls,,not_leg:ADMN,high,lm,0.364,0.568,834
810965,LgLG3,gustatory,vnc_sensory,LgLG,MetaLN,L,leg bristle,,lh,gustatory,cls,,annotated,high,lh,0.487,0.597,727
810971,LgLG1a,gustatory,vnc_sensory,LgLG,MetaLN,R,leg bristle,,rh,gustatory,cls,,annotated,high,rh,0.376,0.464,630
810972,SNpp23,mechanosensory_proprioceptive,vnc_sensory,SNpp,PDMN,R,notum,,,proprio,cls,untyped,not_leg:PDMN,high,rh,0.526,0.7,425
810973,SNpp45,mechanosensory_proprioceptive,vnc_sensory,SNpp,MetaLN,R,hair plate,,rh,proprio,cls,hair_plate_45,annotated,high,rh,0.884,0.949,507
810980,SNpp60,mechanosensory_proprioceptive,vnc_sensory,SNpp,MetaLN,R,chordotonal organ,FeCO club,rh,proprio,cls,club,annotated,high,rh,0.519,0.685,850
810987,SNxx33,unknown_sensory,vnc_sensory,SNxx,MetaLN,R,leg,,rh,unknown,none,,annotated,high,rh,0.867,0.902,492
810990,"SNpp29,SNpp63",mechanosensory_proprioceptive,vnc_sensory,SNpp,ADMN,L,campaniform sensilla,,,proprio,cls,campaniform,not_leg:ADMN,high,lm,0.244,0.481,574
811005,SNta29,mechanosensory_tactile,vnc_sensory,SNta,ProLN,R,mechanosensory bristle,,rf,tactile,cls,,annotated,high,rf,0.628,0.655,295
811008,SNpp35,mechanosensory_proprioceptive,vnc_sensory,SNpp,DMetaN,L,haltere,,,proprio,cls,untyped,not_leg:DMetaN,high,lh,0.577,0.908,474
811012,SNta29,mechanosensory_tactile,vnc_sensory,SNta,MesoLN,L,mechanosensory bristle,,lm,tactile,cls,,annotated,high,lm,0.867,0.889,802
811014,WG4,gustatory,vnc_sensory,WG,ADMN,R,wing bristle,,,gustatory,cls,,not_leg:ADMN,high,rm,0.462,0.643,546
811027,WG4,gustatory,vnc_sensory,WG,ADMN,L,wing bristle,,,gustatory,cls,,not_leg:ADMN,high,lm,0.359,0.575,817
811030,SNta18,mechanosensory_tactile,vnc_sensory,SNta,ADMN,L,mechanosensory bristle,,,tactile,cls,,not_leg:ADMN,high,lh,0.365,0.583,684
811041,SNta37,mechanosensory_tactile,vnc_sensory,SNta,MetaLN,R,mechanosensory bristle,,rh,tactile,cls,,annotated,high,rh,0.794,0.84,563
811051,SNta21,mechanosensory_tactile,vnc_sensory,SNta,MetaLN,L,mechanosensory bristle,,lh,tactile,cls,,annotated,high,lh,0.848,0.932,471
811056,SNta37,mechanosensory_tactile,vnc_sensory,SNta,MesoLN,L,mechanosensory bristle,,lm,tactile,cls,,annotated,high,lm,0.768,0.807,753
811057,SNta30,mechanosensory_tactile,vnc_sensory,SNta,MetaLN,L,mechanosensory bristle,,lh,tactile,cls,,annotated,high,lh,0.768,0.815,536
811058,SNta30,mechanosensory_tactile,vnc_sensory,SNta,MetaLN,R,mechanosensory bristle,,rh,tactile,cls,,annotated,high,rh,0.812,0.87,590
811059,SNpp14,mechanosensory_proprioceptive,vnc_sensory,SNpp,DMetaN,L,haltere,,,proprio,cls,untyped,not_leg:DMetaN,high,lh,0.738,0.914,454
811069,SNta31,mechanosensory_tactile,vnc_sensory,SNta,MetaLN,R,mechanosensory bristle,,rh,tactile,cls,,annotated,high,rh,0.608,0.667,376
811074,SNta28,mechanosensory_tactile,vnc_sensory,SNta,MesoLN,L,mechanosensory bristle,,lm,tactile,cls,,annotated,high,lm,0.873,0.913,712
811078,SNpp36,mechanosensory_proprioceptive,vnc_sensory,SNpp,ADMN,L,campaniform sensilla,,,proprio,cls,campaniform,not_leg:ADMN,high,lh,0.471,0.814,422
811087,SNta38,mechanosensory_tactile,vnc_sensory,SNta,MesoLN,L,mechanosensory bristle,,lm,tactile,cls,,annotated,high,lm,0.869,0.905,546
811089,LgLG3,gustatory,vnc_sensory,LgLG,ProLN,R,leg bristle,,rf,gustatory,cls,,annotated,high,rh,0.285,0.371,168
811090,SNta29,mechanosensory_tactile,vnc_sensory,SNta,MesoLN,R,mechanosensory bristle,,rm,tactile,cls,,annotated,high,rm,0.828,0.853,618
811101,WG4,gustatory,vnc_sensory,WG,ADMN,R,wing bristle,,,gustatory,cls,,not_leg:ADMN,high,rm,0.464,0.663,708
811105,SNta43,mechanosensory_tactile,vnc_sensory,SNta,MetaLN,L,mechanosensory bristle,,lh,tactile,cls,,annotated,high,lh,0.603,0.739,536
811106,"SNta02,SNta09",mechanosensory_tactile,vnc_sensory,SNta,PDMN,R,notum,,,tactile,cls,,not_leg:PDMN,high,rm,0.291,0.535,212
811107,SNta07,mechanosensory_tactile,vnc_sensory,SNta,ADMN,R,mechanosensory bristle,,,tactile,cls,,not_leg:ADMN,high,rm,0.306,0.418,605
811112,SNpp50,mechanosensory_proprioceptive,vnc_sensory,SNpp,MesoLN,L,chordotonal organ,,lm,proprio,cls,claw_50,annotated,high,lm,0.893,0.938,488
811117,LgLG1b,gustatory,vnc_sensory,LgLG,ProLN,R,leg bristle,,rf,gustatory,cls,,annotated,high,rm,0.34,0.485,456
811118,SNta37,mechanosensory_tactile,vnc_sensory,SNta,MesoLN,R,mechanosensory bristle,,rm,tactile,cls,,annotated,high,rm,0.84,0.861,590
811119,SNpp23,mechanosensory_proprioceptive,vnc_sensory,SNpp,PDMN,R,notum,,,proprio,cls,untyped,not_leg:PDMN,high,rh,0.427,0.769,604
811120,LgLG1a,gustatory,vnc_sensory,LgLG,MesoLN,R,leg bristle,,rm,gustatory,cls,,annotated,high,rm,0.476,0.63,656
811123,SNta29,mechanosensory_tactile,vnc_sensory,SNta,MesoLN,L,mechanosensory bristle,,lm,tactile,cls,,annotated,high,lm,0.868,0.884,686
811124,SNpp50,mechanosensory_proprioceptive,vnc_sensory,SNpp,MetaLN,L,chordotonal organ,,lh,proprio,cls,claw_50,annotated,high,lh,0.915,0.993,368
811142,SNxx14,unknown_sensory,vnc_sensory,SNxx,AbN3,L,abdomen,,,unknown,none,,not_leg:AbN3,high,rh,0.377,0.667,659
811143,SNta03,mechanosensory_tactile,vnc_sensory,SNta,DMetaN,R,mechanosensory bristle,,,tactile,cls,,not_leg:DMetaN,high,rh,0.737,0.897,772
811145,SNpp45,mechanosensory_proprioceptive,vnc_sensory,SNpp,MesoLN,R,hair plate,,rm,proprio,cls,hair_plate_45,annotated,high,rm,0.817,0.831,352
811148,SNxx02,unknown_sensory,vnc_sensory,SNxx,AbNT,L,abdomen,,,unknown,none,,not_leg:AbNT,high,rh,0.382,0.699,360
811165,SNta20,mechanosensory_tactile,vnc_sensory,SNta,MetaLN,L,mechanosensory bristle,,lh,tactile,cls,,annotated,high,lh,0.675,0.723,732
811167,SNta29,mechanosensory_tactile,vnc_sensory,SNta,MesoLN,R,mechanosensory bristle,,rm,tactile,cls,,annotated,high,rm,0.835,0.861,596
811169,SNta29,mechanosensory_tactile,vnc_sensory,SNta,MetaLN,L,mechanosensory bristle,,lh,tactile,cls,,annotated,high,lh,0.75,0.797,572
811182,SNta21,mechanosensory_tactile,vnc_sensory,SNta,MetaLN,L,mechanosensory bristle,,lh,tactile,cls,,annotated,high,lh,0.844,0.913,406
811189,SNpp44,mechanosensory_proprioceptive,vnc_sensory,SNpp,MetaLN,R,chordotonal organ,,rh,proprio,cls,co_unclassified,annotated,high,rh,0.614,0.752,550
811191,WG4,gustatory,vnc_sensory,WG,ADMN,L,wing bristle,,,gustatory,cls,,not_leg:ADMN,high,lm,0.369,0.597,758
811195,SNta30,mechanosensory_tactile,vnc_sensory,SNta,MesoLN,R,mechanosensory bristle,,rm,tactile,cls,,annotated,high,rm,0.816,0.834,647
811197,SNpp52,mechanosensory_proprioceptive,vnc_sensory,SNpp,DProN,R,hair plate,,rf,proprio,cls,hair_plate_52,annotated,medium,rf,0.971,0.979,370
811200,LgLG1a,gustatory,vnc_sensory,LgLG,MesoLN,R,leg bristle,,rm,gustatory,cls,,annotated,high,rm,0.448,0.629,785
811217,"SNta02,SNta09",mechanosensory_tactile,vnc_sensory,SNta,PDMN,R,notum,,,tactile,cls,,not_leg:PDMN,high,lm,0.277,0.549,485
811219,SNpp52,mechanosensory_proprioceptive,vnc_sensory,SNpp,MesoLN,R,leg,,rm,proprio,cls,hair_plate_52,annotated,high,rm,0.895,0.897,812
811220,SNpp37,mechanosensory_proprioceptive,vnc_sensory,SNpp,ADMN,L,campaniform sensilla,,,proprio,cls,campaniform,not_leg:ADMN,high,lm,0.365,0.466,628
811222,SNta29,mechanosensory_tactile,vnc_sensory,SNta,MesoLN,L,mechanosensory bristle,,lm,tactile,cls,,annotated,high,lm,0.825,0.853,679
811227,SNta42,mechanosensory_tactile,vnc_sensory,SNta,MetaLN,L,mechanosensory bristle,,lh,tactile,cls,,annotated,high,lh,0.67,0.795,424
811228,SNxx33,unknown_sensory,vnc_sensory,SNxx,MetaLN,L,leg,,lh,unknown,none,,annotated,high,lh,0.604,0.793,333
811230,SNxx06,unknown_sensory,vnc_sensory,SNxx,AbN3,R,abdomen,,,unknown,none,,not_leg:AbN3,high,rh,0.532,0.753,290
811237,SNta29,mechanosensory_tactile,vnc_sensory,SNta,MetaLN,R,mechanosensory bristle,,rh,tactile,cls,,annotated,high,rh,0.793,0.834,711
811240,LgLG1a,gustatory,vnc_sensory,LgLG,MesoLN,R,leg bristle,,rm,gustatory,cls,,annotated,high,rm,0.477,0.65,745
811243,SNta37,mechanosensory_tactile,vnc_sensory,SNta,MetaLN,R,mechanosensory bristle,,rh,tactile,cls,,annotated,high,rh,0.673,0.726,327
811249,SNta38,mechanosensory_tactile,vnc_sensory,SNta,MesoLN,R,mechanosensory bristle,,rm,tactile,cls,,annotated,high,rm,0.787,0.843,513
811254,SNta03,mechanosensory_tactile,vnc_sensory,SNta,DMetaN,R,mechanosensory bristle,,,tactile,cls,,not_leg:DMetaN,high,rh,0.729,0.978,702
811258,SNta03,mechanosensory_tactile,vnc_sensory,SNta,DMetaN,L,mechanosensory bristle,,,tactile,cls,,not_leg:DMetaN,high,lh,0.701,0.865,563
811259,SNxx26,unknown_sensory,vnc_sensory,SNxx,ADMN,R,wing,,,unknown,none,,not_leg:ADMN,high,rm,0.287,0.493,388
811262,"SNta27,SNta28",mechanosensory_tactile,vnc_sensory,SNta,MesoLN,L,mechanosensory bristle,,lm,tactile,cls,,annotated,high,lm,0.865,0.893,516
811266,SNpp47,mechanosensory_proprioceptive,vnc_sensory,SNpp,MetaLN,R,chordotonal organ,,rh,proprio,cls,club,annotated,high,rh,0.541,0.776,753
811271,SNpp15,mechanosensory_proprioceptive,vnc_sensory,SNpp,DMetaN,R,haltere,,,proprio,cls,untyped,not_leg:DMetaN,high,rh,0.641,0.815,589
811274,WG4,gustatory,vnc_sensory,WG,ADMN,R,wing bristle,,,gustatory,cls,,not_leg:ADMN,high,rm,0.512,0.657,725
811275,SNxx04,unknown_sensory,vnc_sensory,SNxx,AbN4,R,abdomen,,,unknown,none,,not_leg:AbN4,high,rh,0.498,0.652,168
811276,LgLG1b,gustatory,vnc_sensory,LgLG,ProLN,R,leg bristle,,rf,gustatory,cls,,annotated,high,rm,0.288,0.411,554
811280,SNxx26,unknown_sensory,vnc_sensory,SNxx,ADMN,R,wing,,,unknown,none,,not_leg:ADMN,high,rh,0.27,0.496,369
811283,"SNpp29,SNpp63",mechanosensory_proprioceptive,vnc_sensory,SNpp,ADMN,L,campaniform sensilla,,,proprio,cls,campaniform,not_leg:ADMN,high,lh,0.254,0.444,838
811286,SNta18,mechanosensory_tactile,vnc_sensory,SNta,ADMN,L,mechanosensory bristle,,,tactile,cls,,not_leg:ADMN,high,lh,0.362,0.527,724
811296,SNta37,mechanosensory_tactile,vnc_sensory,SNta,MetaLN,R,mechanosensory bristle,,rh,tactile,cls,,annotated,high,rh,0.855,0.881,219
811300,SNxx33,unknown_sensory,vnc_sensory,SNxx,MetaLN,R,leg,,rh,unknown,none,,annotated,high,rh,0.767,0.88,416
811303,SNta25,mechanosensory_tactile,vnc_sensory,SNta,MesoLN,R,mechanosensory bristle,,rm,tactile,cls,,annotated,high,rm,0.822,0.85,610
811305,SNpp19,mechanosensory_proprioceptive,vnc_sensory,SNpp,PrN,R,hair plate,,,proprio,cls,hair_plate_xx,not_leg:PrN,high,lf,0.316,0.471,453
811306,SNta03,mechanosensory_tactile,vnc_sensory,SNta,DMetaN,R,mechanosensory bristle,,,tactile,cls,,not_leg:DMetaN,high,rh,0.769,0.967,612
811312,SNta29,mechanosensory_tactile,vnc_sensory,SNta,ProLN,R,mechanosensory bristle,,rf,tactile,cls,,annotated,high,rf,0.691,0.719,253
811313,SNpp39,mechanosensory_proprioceptive,vnc_sensory,SNpp,MesoLN,R,chordotonal organ,,rm,proprio,cls,hook_39,annotated,high,rm,0.785,0.848,405
811318,SNta04,mechanosensory_tactile,vnc_sensory,SNta,ADMN,R,mechanosensory bristle,,,tactile,cls,,not_leg:ADMN,high,rh,0.352,0.518,722
811325,SNta28,mechanosensory_tactile,vnc_sensory,SNta,MesoLN,L,mechanosensory bristle,,lm,tactile,cls,,annotated,high,lm,0.825,0.848,517
811331,SNta11,mechanosensory_tactile,vnc_sensory,SNta,ADMN,R,mechanosensory bristle,,,tactile,cls,,not_leg:ADMN,high,rh,0.333,0.52,322
811334,SNta04,mechanosensory_tactile,vnc_sensory,SNta,ADMN,R,mechanosensory bristle,,,tactile,cls,,not_leg:ADMN,high,rh,0.299,0.435,649
811335,SNta34,mechanosensory_tactile,vnc_sensory,SNta,MesoLN,L,mechanosensory bristle,,lm,tactile,cls,,annotated,high,lm,0.818,0.844,362
811348,SNpp50,mechanosensory_proprioceptive,vnc_sensory,SNpp,MesoLN,L,chordotonal organ,,lm,proprio,cls,claw_50,annotated,high,lm,0.892,0.951,428
811353,SNpp19,mechanosensory_proprioceptive,vnc_sensory,SNpp,PrN,R,hair plate,,,proprio,cls,hair_plate_xx,not_leg:PrN,high,lf,0.283,0.468,436
811355,"SNta27,SNta28",mechanosensory_tactile,vnc_sensory,SNta,MesoLN,L,mechanosensory bristle,,lm,tactile,cls,,annotated,high,lm,0.832,0.864,471
811359,SNta43,mechanosensory_tactile,vnc_sensory,SNta,MetaLN,R,mechanosensory bristle,,rh,tactile,cls,,annotated,high,rh,0.747,0.805,463
811362,SNxx26,unknown_sensory,vnc_sensory,SNxx,ADMN,L,wing,,,unknown,none,,not_leg:ADMN,high,lh,0.319,0.571,370
811367,SNta30,mechanosensory_tactile,vnc_sensory,SNta,MesoLN,L,mechanosensory bristle,,lm,tactile,cls,,annotated,high,lm,0.837,0.858,516
811368,SNta21,mechanosensory_tactile,vnc_sensory,SNta,MetaLN,R,mechanosensory bristle,,rh,tactile,cls,,annotated,high,rh,0.868,0.923,416
811372,LgLG1a,gustatory,vnc_sensory,LgLG,MetaLN,L,leg bristle,,lh,gustatory,cls,,annotated,high,lh,0.285,0.444,679
811373,"SNta02,SNta09",mechanosensory_tactile,vnc_sensory,SNta,PDMN,L,notum,,,tactile,cls,,not_leg:PDMN,high,lf,0.226,0.426,640
811379,SNxx04,unknown_sensory,vnc_sensory,SNxx,AbN4,R,abdomen,,,unknown,none,,not_leg:AbN4,high,rh,0.382,0.673,444
811385,SNxx03,unknown_sensory,vnc_sensory,SNxx,AbN4,R,abdomen,,,unknown,none,,not_leg:AbN4,high,rh,0.521,0.692,218
811389,SNta25,mechanosensory_tactile,vnc_sensory,SNta,MetaLN,R,mechanosensory bristle,,rh,tactile,cls,,annotated,high,rh,0.888,0.926,453
811397,SNxx21,unknown_sensory,vnc_sensory,SNxx,AbN4,L,abdomen,,,unknown,none,,not_leg:AbN4,high,rh,0.533,0.786,630
811435,SNta42,mechanosensory_tactile,vnc_sensory,SNta,MesoLN,L,mechanosensory bristle,,lm,tactile,cls,,annotated,high,lm,0.415,0.541,454
811440,"SNta02,SNta09",mechanosensory_tactile,vnc_sensory,SNta,PDMN,L,notum,,,tactile,cls,,not_leg:PDMN,high,lf,0.287,0.413,597
811442,WG4,gustatory,vnc_sensory,WG,ADMN,L,wing bristle,,,gustatory,cls,,not_leg:ADMN,high,lm,0.408,0.604,765
811452,SNpp15,mechanosensory_proprioceptive,vnc_sensory,SNpp,DMetaN,R,haltere,,,proprio,cls,untyped,not_leg:DMetaN,high,rh,0.587,0.791,558
811456,SNpp43,mechanosensory_proprioceptive,vnc_sensory,SNpp,MesoLN,R,chordotonal organ,,rm,proprio,cls,club,annotated,high,rm,0.665,0.755,538
811463,SNta28,mechanosensory_tactile,vnc_sensory,SNta,MetaLN,R,mechanosensory bristle,,rh,tactile,cls,,annotated,high,rh,0.796,0.92,472
811464,SNta11,mechanosensory_tactile,vnc_sensory,SNta,ADMN,L,mechanosensory bristle,,,tactile,cls,,not_leg:ADMN,high,lm,0.291,0.483,682
811474,SNta30,mechanosensory_tactile,vnc_sensory,SNta,MesoLN,R,mechanosensory bristle,,rm,tactile,cls,,annotated,high,rm,0.826,0.845,620
811475,SNpp14,mechanosensory_proprioceptive,vnc_sensory,SNpp,DMetaN,R,haltere,,,proprio,cls,untyped,not_leg:DMetaN,high,rh,0.588,0.902,443
811476,WG4,gustatory,vnc_sensory,WG,ADMN,L,wing bristle,,,gustatory,cls,,not_leg:ADMN,high,lm,0.371,0.581,676
811479,SNta37,mechanosensory_tactile,vnc_sensory,SNta,MesoLN,R,mechanosensory bristle,,rm,tactile,cls,,annotated,high,rm,0.676,0.733,640
811486,SNta20,mechanosensory_tactile,vnc_sensory,SNta,MetaLN,R,mechanosensory bristle,,rh,tactile,cls,,annotated,high,rh,0.746,0.801,772
811488,SNta29,mechanosensory_tactile,vnc_sensory,SNta,MesoLN,L,mechanosensory bristle,,lm,tactile,cls,,annotated,high,lm,0.854,0.882,722
811493,SNta29,mechanosensory_tactile,vnc_sensory,SNta,MesoLN,R,mechanosensory bristle,,rm,tactile,cls,,annotated,high,rm,0.864,0.888,681
811497,SNta25,mechanosensory_tactile,vnc_sensory,SNta,MesoLN,R,mechanosensory bristle,,rm,tactile,cls,,annotated,high,rm,0.827,0.853,576
811502,SNxx03,unknown_sensory,vnc_sensory,SNxx,AbN4,L,abdomen,,,unknown,none,,not_leg:AbN4,high,lm,0.49,0.566,119
811515,LgLG1b,gustatory,vnc_sensory,LgLG,MetaLN,L,leg bristle,,lh,gustatory,cls,,annotated,high,lm,0.288,0.419,547
811516,SNpp40,mechanosensory_proprioceptive,vnc_sensory,SNpp,MetaLN,R,chordotonal organ,FeCO club,rh,proprio,cls,club,annotated,high,rh,0.583,0.715,1151
811532,SNpp49,mechanosensory_proprioceptive,vnc_sensory,SNpp,MesoLN,R,chordotonal organ,,rm,proprio,cls,co_unclassified,annotated,high,rm,0.95,0.958,667
811535,LgLG5,gustatory,vnc_sensory,LgLG,ProLN,L,leg bristle,,lf,gustatory,cls,,annotated,high,lf,0.739,0.874,636
811538,SNta11,mechanosensory_tactile,vnc_sensory,SNta,ADMN,L,mechanosensory bristle,,,tactile,cls,,not_leg:ADMN,high,lm,0.267,0.43,734
811540,SNpp58,mechanosensory_proprioceptive,vnc_sensory,SNpp,MetaLN,L,chordotonal organ,,lh,proprio,cls,club,annotated,high,lh,0.497,0.584,620
811541,SNta18,mechanosensory_tactile,vnc_sensory,SNta,ADMN,L,mechanosensory bristle,,,tactile,cls,,not_leg:ADMN,high,lh,0.369,0.502,662
811542,WG4,gustatory,vnc_sensory,WG,ADMN,R,wing bristle,,,gustatory,cls,,not_leg:ADMN,high,rm,0.42,0.61,721
811545,SNpp23,mechanosensory_proprioceptive,vnc_sensory,SNpp,PDMN,L,notum,,,proprio,cls,untyped,not_leg:PDMN,high,rh,0.415,0.729,487
811550,SNxx02,unknown_sensory,vnc_sensory,SNxx,AbNT,L,abdomen,,,unknown,none,,not_leg:AbNT,high,lh,0.422,0.735,319
811551,WG4,gustatory,vnc_sensory,WG,ADMN,L,wing bristle,,,gustatory,cls,,not_leg:ADMN,high,lm,0.364,0.604,783
811562,SNpp14,mechanosensory_proprioceptive,vnc_sensory,SNpp,DMetaN,R,haltere,,,proprio,cls,untyped,not_leg:DMetaN,high,rh,0.664,0.954,481
811565,SNta42,mechanosensory_tactile,vnc_sensory,SNta,MesoLN,L,mechanosensory bristle,,lm,tactile,cls,,annotated,high,lm,0.773,0.799,591
811575,SNta29,mechanosensory_tactile,vnc_sensory,SNta,ProLN,L,mechanosensory bristle,,lf,tactile,cls,,annotated,high,lf,0.804,0.815,353
811577,SNta43,mechanosensory_tactile,vnc_sensory,SNta,MetaLN,L,mechanosensory bristle,,lh,tactile,cls,,annotated,high,lh,0.733,0.865,503
811585,SNta26,mechanosensory_tactile,vnc_sensory,SNta,MesoLN,R,mechanosensory bristle,,rm,tactile,cls,,annotated,high,rm,0.845,0.868,539
811586,SNta18,mechanosensory_tactile,vnc_sensory,SNta,ADMN,L,mechanosensory bristle,,,tactile,cls,,not_leg:ADMN,high,lh,0.378,0.527,692
811588,SNta33,mechanosensory_tactile,vnc_sensory,SNta,DProN,L,mechanosensory bristle,,lf,tactile,cls,,annotated,medium,lf,0.31,0.422,597
811595,WG4,gustatory,vnc_sensory,WG,ADMN,R,wing bristle,,,gustatory,cls,,not_leg:ADMN,high,rm,0.465,0.636,696
811596,SNta18,mechanosensory_tactile,vnc_sensory,SNta,ADMN,R,mechanosensory bristle,,,tactile,cls,,not_leg:ADMN,high,rh,0.388,0.606,532
811597,WG4,gustatory,vnc_sensory,WG,ADMN,L,wing bristle,,,gustatory,cls,,not_leg:ADMN,high,lm,0.342,0.577,697
811599,LgLG3,gustatory,vnc_sensory,LgLG,MetaLN,R,leg bristle,,rh,gustatory,cls,,annotated,high,rh,0.583,0.695,627
811601,SNta29,mechanosensory_tactile,vnc_sensory,SNta,MesoLN,L,mechanosensory bristle,,lm,tactile,cls,,annotated,high,lm,0.781,0.819,641
811604,LgLG3,gustatory,vnc_sensory,LgLG,MesoLN,L,leg bristle,,lm,gustatory,cls,,annotated,high,lm,0.581,0.638,675
811608,SNpp51,mechanosensory_proprioceptive,vnc_sensory,SNpp,MesoLN,L,chordotonal organ,,lm,proprio,cls,claw_51,annotated,high,lm,0.914,0.936,585
811609,SNxx19,unknown_sensory,vnc_sensory,SNxx,AbN4,R,abdomen,,,unknown,none,,not_leg:AbN4,high,lh,0.463,0.899,759
811610,SNta37,mechanosensory_tactile,vnc_sensory,SNta,MesoLN,L,mechanosensory bristle,,lm,tactile,cls,,annotated,high,lm,0.824,0.851,572
811613,SNxx02,unknown_sensory,vnc_sensory,SNxx,AbNT,L,abdomen,,,unknown,none,,not_leg:AbNT,high,lh,0.377,0.685,399
811619,SNxx03,unknown_sensory,vnc_sensory,SNxx,AbN4,R,abdomen,,,unknown,none,,not_leg:AbN4,high,rh,0.487,0.669,127
811621,WG4,gustatory,vnc_sensory,WG,ADMN,L,wing bristle,,,gustatory,cls,,not_leg:ADMN,high,lm,0.37,0.577,646
811622,SNxx04,unknown_sensory,vnc_sensory,SNxx,AbN4,L,abdomen,,,unknown,none,,not_leg:AbN4,high,rh,0.352,0.646,192
811623,SNch10,,vnc_sensory,SNch,MetaLN,L,taste bristle,,lh,chemo,type,,annotated,high,lh,0.636,0.762,156
811627,SNta38,mechanosensory_tactile,vnc_sensory,SNta,MesoLN,L,mechanosensory bristle,,lm,tactile,cls,,annotated,high,lm,0.872,0.921,550
811635,WG4,gustatory,vnc_sensory,WG,ADMN,L,wing bristle,,,gustatory,cls,,not_leg:ADMN,high,lm,0.318,0.594,699
811641,LgLG1a,gustatory,vnc_sensory,LgLG,MesoLN,L,leg bristle,,lm,gustatory,cls,,annotated,high,lm,0.383,0.589,639
811643,SNpp60,mechanosensory_proprioceptive,vnc_sensory,SNpp,MetaLN,R,chordotonal organ,,rh,proprio,cls,club,annotated,high,rh,0.418,0.643,832
811644,SNta28,mechanosensory_tactile,vnc_sensory,SNta,MesoLN,R,mechanosensory bristle,,rm,tactile,cls,,annotated,high,rm,0.806,0.866,468
811655,LgLG1a,gustatory,vnc_sensory,LgLG,MetaLN,L,leg bristle,,lh,gustatory,cls,,annotated,high,lh,0.304,0.454,625
811668,SNta30,mechanosensory_tactile,vnc_sensory,SNta,MesoLN,L,mechanosensory bristle,,lm,tactile,cls,,annotated,high,lm,0.827,0.847,474
811672,SNta37,mechanosensory_tactile,vnc_sensory,SNta,MetaLN,L,mechanosensory bristle,,lh,tactile,cls,,annotated,high,lh,0.739,0.803,794
811683,SNta28,mechanosensory_tactile,vnc_sensory,SNta,MetaLN,R,mechanosensory bristle,,rh,tactile,cls,,annotated,high,rh,0.895,0.928,596
811688,SNta32,mechanosensory_tactile,vnc_sensory,SNta,MesoLN,R,mechanosensory bristle,,rm,tactile,cls,,annotated,high,rm,0.598,0.667,504
811692,SNta26,mechanosensory_tactile,vnc_sensory,SNta,MetaLN,L,mechanosensory bristle,,lh,tactile,cls,,annotated,high,lh,0.829,0.889,391
811699,SNta32,mechanosensory_tactile,vnc_sensory,SNta,MesoLN,L,mechanosensory bristle,,lm,tactile,cls,,annotated,high,lm,0.641,0.707,567
811704,SNxx14,unknown_sensory,vnc_sensory,SNxx,AbN4,L,abdomen,,,unknown,none,,not_leg:AbN4,high,rh,0.412,0.773,498
811710,SNxx02,unknown_sensory,vnc_sensory,SNxx,AbNT,R,abdomen,,,unknown,none,,not_leg:AbNT,high,rh,0.431,0.699,262
811724,SNta03,mechanosensory_tactile,vnc_sensory,SNta,DMetaN,R,mechanosensory bristle,,,tactile,cls,,not_leg:DMetaN,high,rh,0.689,0.863,524
811728,SNta11,mechanosensory_tactile,vnc_sensory,SNta,ADMN,L,mechanosensory bristle,,,tactile,cls,,not_leg:ADMN,high,lh,0.266,0.439,675
811729,SNta07,mechanosensory_tactile,vnc_sensory,SNta,ADMN,R,mechanosensory bristle,,,tactile,cls,,not_leg:ADMN,high,rh,0.276,0.459,548
811730,SNxx33,unknown_sensory,vnc_sensory,SNxx,MetaLN,R,leg,,rh,unknown,none,,annotated,high,rh,0.836,0.903,302
811732,SNta38,mechanosensory_tactile,vnc_sensory,SNta,MesoLN,L,mechanosensory bristle,,lm,tactile,cls,,annotated,high,lm,0.915,0.941,362
811737,SNta29,mechanosensory_tactile,vnc_sensory,SNta,MesoLN,L,mechanosensory bristle,,lm,tactile,cls,,annotated,high,lm,0.837,0.869,575
811739,SNta28,mechanosensory_tactile,vnc_sensory,SNta,MetaLN,R,mechanosensory bristle,,rh,tactile,cls,,annotated,high,rh,0.9,0.943,430
811741,SNpp52,mechanosensory_proprioceptive,vnc_sensory,SNpp,DProN,L,hair plate,,lf,proprio,cls,hair_plate_52,annotated,medium,lf,0.875,0.896,751
811743,LgLG1a,gustatory,vnc_sensory,LgLG,MesoLN,L,leg bristle,,lm,gustatory,cls,,annotated,high,lm,0.361,0.599,572
811746,SNta18,mechanosensory_tactile,vnc_sensory,SNta,ADMN,L,mechanosensory bristle,,,tactile,cls,,not_leg:ADMN,high,lh,0.408,0.562,595
811747,SNpp45,mechanosensory_proprioceptive,vnc_sensory,SNpp,MesoLN,L,hair plate,,lm,proprio,cls,hair_plate_45,annotated,high,lm,0.881,0.886,399
811748,SNpp21,mechanosensory_proprioceptive,vnc_sensory,SNpp,DMetaN,R,haltere,,,proprio,cls,untyped,not_leg:DMetaN,high,rh,0.348,0.466,562
811768,SNta03,mechanosensory_tactile,vnc_sensory,SNta,DMetaN,R,mechanosensory bristle,,,tactile,cls,,not_leg:DMetaN,high,rh,0.769,0.98,697
811769,SNta37,mechanosensory_tactile,vnc_sensory,SNta,MesoLN,L,mechanosensory bristle,,lm,tactile,cls,,annotated,high,lm,0.807,0.837,611
811770,"SNta02,SNta09",mechanosensory_tactile,vnc_sensory,SNta,PDMN,R,mechanosensory bristle,,,tactile,cls,,not_leg:PDMN,high,lm,0.258,0.507,497
811771,SNta29,mechanosensory_tactile,vnc_sensory,SNta,MesoLN,R,mechanosensory bristle,,rm,tactile,cls,,annotated,high,rm,0.839,0.869,589
811772,LgLG7,gustatory,vnc_sensory,LgLG,ProLN,R,leg bristle,,rf,gustatory,cls,,annotated,high,lf,0.32,0.622,271
811778,WG4,gustatory,vnc_sensory,WG,ADMN,L,wing bristle,,,gustatory,cls,,not_leg:ADMN,high,lm,0.372,0.61,720
811779,WG4,gustatory,vnc_sensory,WG,ADMN,L,wing bristle,,,gustatory,cls,,not_leg:ADMN,high,lm,0.365,0.587,706
811785,SNpp14,mechanosensory_proprioceptive,vnc_sensory,SNpp,DMetaN,R,haltere,,,proprio,cls,untyped,not_leg:DMetaN,high,rh,0.668,0.943,301
811789,SNta37,mechanosensory_tactile,vnc_sensory,SNta,MetaLN,L,mechanosensory bristle,,lh,tactile,cls,,annotated,high,lh,0.766,0.833,377
811790,SNta18,mechanosensory_tactile,vnc_sensory,SNta,ADMN,L,mechanosensory bristle,,,tactile,cls,,not_leg:ADMN,high,lh,0.364,0.57,618
811795,SNpp01,mechanosensory_proprioceptive,vnc_sensory,SNpp,AbN3,R,abdomen,,,proprio,cls,untyped,not_leg:AbN3,high,rh,0.236,0.452,272
811797,LgLG1a,gustatory,vnc_sensory,LgLG,ProLN,L,leg bristle,,lf,gustatory,cls,,annotated,high,lm,0.31,0.517,689
811801,SNta06,mechanosensory_tactile,vnc_sensory,SNta,ADMN,R,mechanosensory bristle,,,tactile,cls,,not_leg:ADMN,high,rm,0.34,0.499,482
811807,WG4,gustatory,vnc_sensory,WG,ADMN,L,wing bristle,,,gustatory,cls,,not_leg:ADMN,high,lm,0.336,0.591,719
811808,SNpp58,mechanosensory_proprioceptive,vnc_sensory,SNpp,MetaLN,R,chordotonal organ,,rh,proprio,cls,club,annotated,high,rh,0.542,0.758,638
811810,WG4,gustatory,vnc_sensory,WG,ADMN,L,wing bristle,,,gustatory,cls,,not_leg:ADMN,high,lm,0.379,0.586,715
811815,LgLG1a,gustatory,vnc_sensory,LgLG,MesoLN,R,leg bristle,,rm,gustatory,cls,,annotated,high,rm,0.447,0.629,644
811816,SNxx33,unknown_sensory,vnc_sensory,SNxx,MesoLN,R,leg,,rm,unknown,none,,annotated,high,rm,0.773,0.832,550
811819,SNxx02,unknown_sensory,vnc_sensory,SNxx,AbNT,R,abdomen,,,unknown,none,,not_leg:AbNT,high,rh,0.468,0.688,355
811820,LgLG1b,gustatory,vnc_sensory,LgLG,MesoLN,L,leg bristle,,lm,gustatory,cls,,annotated,high,lm,0.441,0.561,614
811821,WG3,gustatory,vnc_sensory,WG,ADMN,R,wing bristle,,,gustatory,cls,,not_leg:ADMN,high,rm,0.404,0.586,627
811824,SNta18,mechanosensory_tactile,vnc_sensory,SNta,ADMN,L,mechanosensory bristle,,,tactile,cls,,not_leg:ADMN,high,lh,0.349,0.528,619
811840,SNta26,mechanosensory_tactile,vnc_sensory,SNta,MetaLN,R,mechanosensory bristle,,rh,tactile,cls,,annotated,high,rh,0.91,0.949,425
811841,SNpp58,mechanosensory_proprioceptive,vnc_sensory,SNpp,MetaLN,R,chordotonal organ,,rh,proprio,cls,club,annotated,high,rh,0.526,0.764,667
811855,SNta43,mechanosensory_tactile,vnc_sensory,SNta,MesoLN,R,mechanosensory bristle,,rm,tactile,cls,,annotated,high,rm,0.665,0.688,497
811862,SNta37,mechanosensory_tactile,vnc_sensory,SNta,MetaLN,R,mechanosensory bristle,,rh,tactile,cls,,annotated,high,rh,0.775,0.85,503
811864,LgLG7,gustatory,vnc_sensory,LgLG,ProLN,L,leg bristle,,lf,gustatory,cls,,annotated,high,lf,0.634,0.695,239
811866,LgLG1a,gustatory,vnc_sensory,LgLG,MesoLN,R,leg bristle,,rm,gustatory,cls,,annotated,high,rm,0.416,0.589,625
811874,LgLG4,gustatory,vnc_sensory,LgLG,ProLN,R,leg bristle,,rf,gustatory,cls,,annotated,high,rf,0.338,0.397,61
811875,SNpp34,mechanosensory_proprioceptive,vnc_sensory,SNpp,DMetaN,L,haltere,,,proprio,cls,untyped,not_leg:DMetaN,high,lh,0.335,0.598,171
811876,SNxx33,unknown_sensory,vnc_sensory,SNxx,MesoLN,R,leg,,rm,unknown,none,,annotated,high,rm,0.742,0.806,483
811877,SNta30,mechanosensory_tactile,vnc_sensory,SNta,MesoLN,L,mechanosensory bristle,,lm,tactile,cls,,annotated,high,lm,0.794,0.818,416
811880,SNxx10,unknown_sensory,vnc_sensory,SNxx,AbNT,R,abdomen,,,unknown,none,,not_leg:AbNT,high,rh,0.335,0.573,250
811883,LgLG1a,gustatory,vnc_sensory,LgLG,MesoLN,L,leg bristle,,lm,gustatory,cls,,annotated,high,lm,0.347,0.576,621
811885,SNta37,mechanosensory_tactile,vnc_sensory,SNta,MesoLN,R,mechanosensory bristle,,rm,tactile,cls,,annotated,high,rm,0.765,0.8,478
811889,SNpp49,mechanosensory_proprioceptive,vnc_sensory,SNpp,MesoLN,L,chordotonal organ,,lm,proprio,cls,co_unclassified,annotated,high,lm,0.964,0.974,563
811890,WG3,gustatory,vnc_sensory,WG,ADMN,R,wing bristle,,,gustatory,cls,,not_leg:ADMN,high,rm,0.413,0.574,602
811900,SNta29,mechanosensory_tactile,vnc_sensory,SNta,MesoLN,R,mechanosensory bristle,,rm,tactile,cls,,annotated,high,rm,0.872,0.891,566
811913,SNta38,mechanosensory_tactile,vnc_sensory,SNta,MesoLN,R,mechanosensory bristle,,rm,tactile,cls,,annotated,high,rm,0.756,0.816,497
811915,SNta21,mechanosensory_tactile,vnc_sensory,SNta,MetaLN,L,mechanosensory bristle,,lh,tactile,cls,,annotated,high,lh,0.895,0.965,335
811918,SNpp60,mechanosensory_proprioceptive,vnc_sensory,SNpp,MetaLN,R,chordotonal organ,FeCO club,rh,proprio,cls,club,annotated,high,rh,0.457,0.659,847
811919,SNpp50,mechanosensory_proprioceptive,vnc_sensory,SNpp,MesoLN,R,chordotonal organ,,rm,proprio,cls,claw_50,annotated,high,rm,0.902,0.96,380
811921,LgLG1a,gustatory,vnc_sensory,LgLG,MesoLN,L,leg bristle,,lm,gustatory,cls,,annotated,high,lm,0.404,0.621,544
811922,SNpp19,mechanosensory_proprioceptive,vnc_sensory,SNpp,PrN,L,hair plate,,,proprio,cls,hair_plate_xx,not_leg:PrN,high,lf,0.368,0.424,342
811923,SNxx08,unknown_sensory,vnc_sensory,SNxx,AbNT,R,abdomen,,,unknown,none,,not_leg:AbNT,high,rh,0.305,0.532,466
811930,LgLG1b,gustatory,vnc_sensory,LgLG,ProLN,R,leg bristle,,rf,gustatory,cls,,annotated,high,rm,0.29,0.403,490
811931,SNta27,mechanosensory_tactile,vnc_sensory,SNta,MesoLN,R,leg,,rm,tactile,cls,,annotated,high,rm,0.78,0.826,555
811941,WG4,gustatory,vnc_sensory,WG,ADMN,R,wing bristle,,,gustatory,cls,,not_leg:ADMN,high,rm,0.474,0.655,644
811943,SApp,mechanosensory_proprioceptive,sensory_ascending,SApp,DMetaN,R,haltere,,,proprio,cls,untyped,not_leg:DMetaN,high,lh,0.374,0.609,361
811948,SNta21,mechanosensory_tactile,vnc_sensory,SNta,MesoLN,R,mechanosensory bristle,,rm,tactile,cls,,annotated,high,rm,0.866,0.903,467
811957,WG1,gustatory,vnc_sensory,WG,ADMN,L,wing bristle,,,gustatory,cls,,not_leg:ADMN,high,rm,0.229,0.419,249
811959,SNpp60,mechanosensory_proprioceptive,vnc_sensory,SNpp,MetaLN,L,chordotonal organ,,lh,proprio,cls,club,annotated,high,lh,0.487,0.662,784
811967,SNpp58,mechanosensory_proprioceptive,vnc_sensory,SNpp,MetaLN,R,chordotonal organ,,rh,proprio,cls,club,annotated,high,rh,0.511,0.748,623
811976,SNpp07,mechanosensory_proprioceptive,vnc_sensory,SNpp,ADMN,R,campaniform sensilla,,,proprio,cls,campaniform,not_leg:ADMN,high,rh,0.288,0.484,278
811977,LgLG1b,gustatory,vnc_sensory,LgLG,MetaLN,R,leg bristle,,rh,gustatory,cls,,annotated,high,rh,0.346,0.487,429
811979,SNxx20,unknown_sensory,vnc_sensory,SNxx,AbN4,R,abdomen,,,unknown,none,,not_leg:AbN4,high,rh,0.557,0.927,527
811981,WG4,gustatory,vnc_sensory,WG,ADMN,L,wing bristle,,,gustatory,cls,,not_leg:ADMN,high,lm,0.349,0.558,736
811984,WG4,gustatory,vnc_sensory,WG,ADMN,R,wing bristle,,,gustatory,cls,,not_leg:ADMN,high,rm,0.465,0.63,629
811989,WG4,gustatory,vnc_sensory,WG,ADMN,R,wing bristle,,,gustatory,cls,,not_leg:ADMN,high,rm,0.465,0.659,655
811993,SNxx02,unknown_sensory,vnc_sensory,SNxx,AbNT,L,abdomen,,,unknown,none,,not_leg:AbNT,high,lh,0.378,0.691,361
812001,LgLG1a,gustatory,vnc_sensory,LgLG,MesoLN,L,leg bristle,,lm,gustatory,cls,,annotated,high,lm,0.353,0.589,534
812002,WG4,gustatory,vnc_sensory,WG,ADMN,R,wing bristle,,,gustatory,cls,,not_leg:ADMN,high,rm,0.479,0.679,623
812003,SNta20,mechanosensory_tactile,vnc_sensory,SNta,MetaLN,R,mechanosensory bristle,,rh,tactile,cls,,annotated,high,rh,0.709,0.777,516
812007,SNta43,mechanosensory_tactile,vnc_sensory,SNta,MetaLN,L,mechanosensory bristle,,lh,tactile,cls,,annotated,high,lh,0.62,0.735,428
812010,SNta37,mechanosensory_tactile,vnc_sensory,SNta,MetaLN,L,mechanosensory bristle,,lh,tactile,cls,,annotated,high,lh,0.771,0.814,553
812011,WG4,gustatory,vnc_sensory,WG,ADMN,L,wing bristle,,,gustatory,cls,,not_leg:ADMN,high,lm,0.371,0.596,659
812018,SNxx03,unknown_sensory,vnc_sensory,SNxx,AbN4,L,abdomen,,,unknown,none,,not_leg:AbN4,high,lm,0.402,0.495,322
812020,SNxx07,unknown_sensory,vnc_sensory,SNxx,AbNT,R,abdomen,,,unknown,none,,not_leg:AbNT,high,lm,0.278,0.475,297
812025,SNxx14,unknown_sensory,vnc_sensory,SNxx,AbN4,R,abdomen,,,unknown,none,,not_leg:AbN4,high,rh,0.395,0.745,479
812026,SNxx14,unknown_sensory,vnc_sensory,SNxx,AbN4,L,abdomen,,,unknown,none,,not_leg:AbN4,high,lh,0.33,0.63,537
812037,SNta42,mechanosensory_tactile,vnc_sensory,SNta,MesoLN,R,mechanosensory bristle,,rm,tactile,cls,,annotated,high,rm,0.676,0.738,442
812038,SNxx04,unknown_sensory,vnc_sensory,SNxx,AbNT,R,abdomen,,,unknown,none,,not_leg:AbNT,high,rh,0.455,0.704,435
812043,SNta37,mechanosensory_tactile,vnc_sensory,SNta,MetaLN,L,mechanosensory bristle,,lh,tactile,cls,,annotated,high,lh,0.697,0.751,544
812046,SNta43,mechanosensory_tactile,vnc_sensory,SNta,MetaLN,R,mechanosensory bristle,,rh,tactile,cls,,annotated,high,rh,0.76,0.857,405
812047,SNxx02,unknown_sensory,vnc_sensory,SNxx,AbNT,R,abdomen,,,unknown,none,,not_leg:AbNT,high,rh,0.429,0.693,332
812049,SNpp48,mechanosensory_proprioceptive,vnc_sensory,SNpp,MetaLN,R,chordotonal organ,,rh,proprio,cls,co_unclassified,annotated,high,rh,0.951,0.962,809
812052,LgLG1b,gustatory,vnc_sensory,LgLG,ProLN,R,leg bristle,,rf,gustatory,cls,,annotated,high,rm,0.29,0.439,416
812055,"SNta02,SNta09",mechanosensory_tactile,vnc_sensory,SNta,PDMN,R,notum,,,tactile,cls,,not_leg:PDMN,high,rm,0.289,0.502,530
812057,SApp10,mechanosensory_proprioceptive,sensory_ascending,SApp,ADMN,L,campaniform sensilla,,,proprio,cls,campaniform,not_leg:ADMN,high,lh,0.296,0.557,390
812058,SNta34,mechanosensory_tactile,vnc_sensory,SNta,MesoLN,L,mechanosensory bristle,,lm,tactile,cls,,annotated,high,lm,0.694,0.768,492
812059,SNta28,mechanosensory_tactile,vnc_sensory,SNta,MetaLN,L,mechanosensory bristle,,lh,tactile,cls,,annotated,high,lh,0.714,0.844,279
812062,WG3,gustatory,vnc_sensory,WG,ADMN,L,wing bristle,,,gustatory,cls,,not_leg:ADMN,high,lm,0.38,0.582,699
812067,SNta25,mechanosensory_tactile,vnc_sensory,SNta,MetaLN,L,mechanosensory bristle,,lh,tactile,cls,,annotated,high,lh,0.76,0.847,418
812073,SNta30,mechanosensory_tactile,vnc_sensory,SNta,MesoLN,R,mechanosensory bristle,,rm,tactile,cls,,annotated,high,rm,0.852,0.869,516
812074,SNta04,mechanosensory_tactile,vnc_sensory,SNta,ADMN,L,mechanosensory bristle,,,tactile,cls,,not_leg:ADMN,high,lh,0.381,0.507,656
812075,WG4,gustatory,vnc_sensory,WG,ADMN,R,wing bristle,,,gustatory,cls,,not_leg:ADMN,high,rm,0.505,0.684,659
812080,"SNta27,SNta28",mechanosensory_tactile,vnc_sensory,SNta,MesoLN,L,mechanosensory bristle,,lm,tactile,cls,,annotated,high,lm,0.811,0.846,404
812082,SNpp15,mechanosensory_proprioceptive,vnc_sensory,SNpp,DMetaN,L,haltere,,,proprio,cls,untyped,not_leg:DMetaN,high,lh,0.521,0.764,494
812086,SNxx03,unknown_sensory,vnc_sensory,SNxx,AbN4,L,abdomen,,,unknown,none,,not_leg:AbN4,high,lm,0.423,0.504,142
812090,SNpp45,mechanosensory_proprioceptive,vnc_sensory,SNpp,MesoLN,L,hair plate,,lm,proprio,cls,hair_plate_45,annotated,high,lm,0.963,0.966,418
812092,LgLG1a,gustatory,vnc_sensory,LgLG,MesoLN,R,leg bristle,,rm,gustatory,cls,,annotated,high,rm,0.423,0.603,717
812095,SNta30,mechanosensory_tactile,vnc_sensory,SNta,MesoLN,R,mechanosensory bristle,,rm,tactile,cls,,annotated,high,rm,0.841,0.853,575
812096,LgLG1a,gustatory,vnc_sensory,LgLG,MesoLN,L,leg bristle,,lm,gustatory,cls,,annotated,high,lm,0.374,0.597,527
812105,SNta18,mechanosensory_tactile,vnc_sensory,SNta,ADMN,L,mechanosensory bristle,,,tactile,cls,,not_leg:ADMN,high,lh,0.475,0.609,538
812108,SNta37,mechanosensory_tactile,vnc_sensory,SNta,MetaLN,R,mechanosensory bristle,,rh,tactile,cls,,annotated,high,rh,0.862,0.896,416
812110,"SNta04,SNta11",mechanosensory_tactile,vnc_sensory,SNta,ADMN,R,mechanosensory bristle,,,tactile,cls,,not_leg:ADMN,high,rm,0.265,0.501,598
812112,SNxx14,unknown_sensory,vnc_sensory,SNxx,AbN4,R,abdomen,,,unknown,none,,not_leg:AbN4,high,rh,0.481,0.808,489
812114,WG4,gustatory,vnc_sensory,WG,ADMN,L,wing bristle,,,gustatory,cls,,not_leg:ADMN,high,lm,0.33,0.581,643
812117,SNpp60,mechanosensory_proprioceptive,vnc_sensory,SNpp,MetaLN,R,chordotonal organ,,rh,proprio,cls,club,annotated,high,rh,0.489,0.695,803
812118,SNta18,mechanosensory_tactile,vnc_sensory,SNta,ADMN,L,mechanosensory bristle,,,tactile,cls,,not_leg:ADMN,high,lh,0.363,0.532,615
812120,SNppxx,mechanosensory_proprioceptive,vnc_sensory,SNppxx,ProLN,L,leg,,lf,proprio,cls,untyped,annotated,high,lf,0.772,0.885,264
812121,SNta28,mechanosensory_tactile,vnc_sensory,SNta,MesoLN,L,mechanosensory bristle,,lm,tactile,cls,,annotated,high,lm,0.872,0.895,516
812122,"SNpp29,SNpp63",mechanosensory_proprioceptive,vnc_sensory,SNpp,ADMN,R,campaniform sensilla,,,proprio,cls,campaniform,not_leg:ADMN,high,rh,0.288,0.466,431
812127,SNta37,mechanosensory_tactile,vnc_sensory,SNta,MetaLN,L,mechanosensory bristle,,lh,tactile,cls,,annotated,high,lh,0.792,0.854,353
812132,WG3,gustatory,vnc_sensory,WG,ADMN,L,wing bristle,,,gustatory,cls,,not_leg:ADMN,high,lm,0.345,0.575,653
812140,SNta18,mechanosensory_tactile,vnc_sensory,SNta,ADMN,L,mechanosensory bristle,,,tactile,cls,,not_leg:ADMN,high,lh,0.42,0.555,541
812146,SNta37,mechanosensory_tactile,vnc_sensory,SNta,MetaLN,L,mechanosensory bristle,,lh,tactile,cls,,annotated,high,lh,0.772,0.817,421
812149,LgLG3,gustatory,vnc_sensory,LgLG,MetaLN,L,leg bristle,,lh,gustatory,cls,,annotated,high,lh,0.454,0.595,571
812156,SNxx03,unknown_sensory,vnc_sensory,SNxx,AbN4,L,abdomen,,,unknown,none,,not_leg:AbN4,high,rh,0.285,0.56,341
812157,SNta37,mechanosensory_tactile,vnc_sensory,SNta,MetaLN,R,mechanosensory bristle,,rh,tactile,cls,,annotated,high,rh,0.742,0.79,560
812159,LgLG8,gustatory,vnc_sensory,LgLG,ProLN,L,leg bristle,,lf,gustatory,cls,,annotated,high,lf,0.603,0.701,567
812168,SNxx02,unknown_sensory,vnc_sensory,SNxx,AbNT,R,abdomen,,,unknown,none,,not_leg:AbNT,high,rh,0.516,0.75,380
812169,WG3,gustatory,vnc_sensory,WG,ADMN,L,wing bristle,,,gustatory,cls,,not_leg:ADMN,high,lm,0.365,0.537,517
812172,SNxx03,unknown_sensory,vnc_sensory,SNxx,AbN4,L,abdomen,,,unknown,none,,not_leg:AbN4,high,lh,0.299,0.581,335
812177,SNta29,mechanosensory_tactile,vnc_sensory,SNta,MesoLN,R,mechanosensory bristle,,rm,tactile,cls,,annotated,high,rm,0.844,0.86,632
812179,SNxx33,unknown_sensory,vnc_sensory,SNxx,MesoLN,L,leg,,lm,unknown,none,,annotated,high,lm,0.682,0.712,694
812185,WG4,gustatory,vnc_sensory,WG,ADMN,L,wing bristle,,,gustatory,cls,,not_leg:ADMN,high,lm,0.35,0.602,660
812210,WG4,gustatory,vnc_sensory,WG,ADMN,L,wing bristle,,,gustatory,cls,,not_leg:ADMN,high,lm,0.353,0.589,650
812216,WG4,gustatory,vnc_sensory,WG,ADMN,R,wing bristle,,,gustatory,cls,,not_leg:ADMN,high,rm,0.512,0.665,604
812217,WG4,gustatory,vnc_sensory,WG,ADMN,L,wing bristle,,,gustatory,cls,,not_leg:ADMN,high,lm,0.328,0.57,709
812222,LgLG1a,gustatory,vnc_sensory,LgLG,MetaLN,R,leg bristle,,rh,gustatory,cls,,annotated,high,rh,0.376,0.478,483
812226,SNta29,mechanosensory_tactile,vnc_sensory,SNta,MetaLN,L,mechanosensory bristle,,lh,tactile,cls,,annotated,high,lh,0.807,0.844,418
812227,SNta42,mechanosensory_tactile,vnc_sensory,SNta,MetaLN,L,mechanosensory bristle,,lh,tactile,cls,,annotated,high,lh,0.715,0.796,426
812228,SNpp41,mechanosensory_proprioceptive,vnc_sensory,SNpp,MetaLN,R,chordotonal organ,FeCO hook,rh,proprio,cls,hook_41,annotated,high,rh,0.729,0.86,657
812231,SNta37,mechanosensory_tactile,vnc_sensory,SNta,MesoLN,R,mechanosensory bristle,,rm,tactile,cls,,annotated,high,rm,0.74,0.787,615
812233,WG4,gustatory,vnc_sensory,WG,ADMN,L,wing bristle,,,gustatory,cls,,not_leg:ADMN,high,lm,0.383,0.577,812
812236,"SNpp29,SNpp63",mechanosensory_proprioceptive,vnc_sensory,SNpp,ADMN,R,campaniform sensilla,,,proprio,cls,campaniform,not_leg:ADMN,high,lm,0.266,0.482,445
812239,SNta03,mechanosensory_tactile,vnc_sensory,SNta,DMetaN,L,mechanosensory bristle,,,tactile,cls,,not_leg:DMetaN,high,lh,0.86,0.962,692
812243,SNta42,mechanosensory_tactile,vnc_sensory,SNta,MesoLN,L,mechanosensory bristle,,lm,tactile,cls,,annotated,high,lm,0.733,0.788,448
812244,SNta42,mechanosensory_tactile,vnc_sensory,SNta,MetaLN,L,mechanosensory bristle,,lh,tactile,cls,,annotated,high,lh,0.748,0.81,469
812246,SNta43,mechanosensory_tactile,vnc_sensory,SNta,MesoLN,L,mechanosensory bristle,,lm,tactile,cls,,annotated,high,lm,0.781,0.806,431
812247,SNta30,mechanosensory_tactile,vnc_sensory,SNta,MesoLN,R,mechanosensory bristle,,rm,tactile,cls,,annotated,high,rm,0.846,0.861,591
812253,SNta37,mechanosensory_tactile,vnc_sensory,SNta,MetaLN,L,mechanosensory bristle,,lh,tactile,cls,,annotated,high,lh,0.581,0.651,751
812254,"SNta02,SNta09",mechanosensory_tactile,vnc_sensory,SNta,PDMN,R,notum,,,tactile,cls,,not_leg:PDMN,high,lm,0.269,0.49,430
812257,LgLG1a,gustatory,vnc_sensory,LgLG,MetaLN,L,leg bristle,,lh,gustatory,cls,,annotated,high,lh,0.307,0.457,592
812260,"SNta22,SNta23",mechanosensory_tactile,vnc_sensory,SNta,MesoLN,R,mechanosensory bristle,,rm,tactile,cls,,annotated,high,rm,0.544,0.625,465
812275,SNpp47,mechanosensory_proprioceptive,vnc_sensory,SNpp,MesoLN,R,chordotonal organ,,rm,proprio,cls,club,annotated,high,rm,0.641,0.803,388
812277,SNta37,mechanosensory_tactile,vnc_sensory,SNta,MesoLN,R,mechanosensory bristle,,rm,tactile,cls,,annotated,high,rm,0.757,0.8,561
812278,SNta26,mechanosensory_tactile,vnc_sensory,SNta,MesoLN,L,mechanosensory bristle,,lm,tactile,cls,,annotated,high,lm,0.853,0.888,477
812284,SNxx20,unknown_sensory,vnc_sensory,SNxx,AbN4,L,abdomen,,,unknown,none,,not_leg:AbN4,high,rh,0.543,0.939,563
812286,SNta26,mechanosensory_tactile,vnc_sensory,SNta,MesoLN,L,mechanosensory bristle,,lm,tactile,cls,,annotated,high,lm,0.839,0.864,509
812287,SNpp19,mechanosensory_proprioceptive,vnc_sensory,SNpp,PrN,R,hair plate,,,proprio,cls,hair_plate_xx,not_leg:PrN,high,lh,0.279,0.552,357
812296,SNpp23,mechanosensory_proprioceptive,vnc_sensory,SNpp,DMetaN,R,haltere,,,proprio,cls,untyped,not_leg:DMetaN,high,rh,0.625,0.789,703
812299,SNta03,mechanosensory_tactile,vnc_sensory,SNta,DMetaN,L,mechanosensory bristle,,,tactile,cls,,not_leg:DMetaN,high,lh,0.649,0.816,547
812300,SNta04,mechanosensory_tactile,vnc_sensory,SNta,ADMN,L,mechanosensory bristle,,,tactile,cls,,not_leg:ADMN,high,lh,0.346,0.46,578
812301,SNta37,mechanosensory_tactile,vnc_sensory,SNta,MetaLN,R,mechanosensory bristle,,rh,tactile,cls,,annotated,high,rh,0.781,0.824,572
812302,SNta18,mechanosensory_tactile,vnc_sensory,SNta,ADMN,L,mechanosensory bristle,,,tactile,cls,,not_leg:ADMN,high,lh,0.321,0.518,558
812306,SNxx19,unknown_sensory,vnc_sensory,SNxx,AbN3,R,abdomen,,,unknown,none,,not_leg:AbN3,high,rh,0.569,0.932,499
812321,WG4,gustatory,vnc_sensory,WG,ADMN,R,wing bristle,,,gustatory,cls,,not_leg:ADMN,high,rm,0.511,0.677,555
812326,SNxx02,unknown_sensory,vnc_sensory,SNxx,AbNT,R,abdomen,,,unknown,none,,not_leg:AbNT,high,rh,0.454,0.743,347
812331,SNta29,mechanosensory_tactile,vnc_sensory,SNta,MetaLN,L,mechanosensory bristle,,lh,tactile,cls,,annotated,high,lh,0.754,0.84,315
812338,SNxx20,unknown_sensory,vnc_sensory,SNxx,AbN4,L,abdomen,,,unknown,none,,not_leg:AbN4,high,rh,0.516,0.919,524
812342,WG2,gustatory,vnc_sensory,WG,ADMN,L,wing bristle,,,gustatory,cls,,not_leg:ADMN,high,lh,0.351,0.488,656
812345,SNta28,mechanosensory_tactile,vnc_sensory,SNta,MesoLN,R,mechanosensory bristle,,rm,tactile,cls,,annotated,high,rm,0.793,0.815,546
812346,SNta37,mechanosensory_tactile,vnc_sensory,SNta,MetaLN,R,mechanosensory bristle,,rh,tactile,cls,,annotated,high,rh,0.819,0.869,419
812348,SNta21,mechanosensory_tactile,vnc_sensory,SNta,MesoLN,R,mechanosensory bristle,,rm,tactile,cls,,annotated,high,rm,0.82,0.9,408
812349,SNta34,mechanosensory_tactile,vnc_sensory,SNta,MesoLN,L,mechanosensory bristle,,lm,tactile,cls,,annotated,high,lm,0.653,0.765,509
812350,SNxx02,unknown_sensory,vnc_sensory,SNxx,AbNT,R,abdomen,,,unknown,none,,not_leg:AbNT,high,rh,0.521,0.766,253
812353,SNxx21,unknown_sensory,vnc_sensory,SNxx,AbN4,R,abdomen,,,unknown,none,,not_leg:AbN4,high,rh,0.621,0.829,369
812356,SNta37,mechanosensory_tactile,vnc_sensory,SNta,MetaLN,L,mechanosensory bristle,,lh,tactile,cls,,annotated,high,lh,0.67,0.724,496
812360,SNxx07,unknown_sensory,vnc_sensory,SNxx,AbNT,R,abdomen,,,unknown,none,,not_leg:AbNT,high,lf,0.243,0.377,244
812364,SNta21,mechanosensory_tactile,vnc_sensory,SNta,MesoLN,R,mechanosensory bristle,,rm,tactile,cls,,annotated,high,rm,0.855,0.897,473
812366,"SNta04,SNta11",mechanosensory_tactile,vnc_sensory,SNta,ADMN,L,mechanosensory bristle,,,tactile,cls,,not_leg:ADMN,high,lh,0.313,0.442,590
812374,WG4,gustatory,vnc_sensory,WG,ADMN,R,wing bristle,,,gustatory,cls,,not_leg:ADMN,high,rm,0.492,0.648,557
812375,SNta20,mechanosensory_tactile,vnc_sensory,SNta,MesoLN,L,mechanosensory bristle,,lm,tactile,cls,,annotated,high,lm,0.816,0.843,542
812376,SNxx02,unknown_sensory,vnc_sensory,SNxx,AbNT,L,abdomen,,,unknown,none,,not_leg:AbNT,high,lh,0.359,0.657,384
812378,SNta11,mechanosensory_tactile,vnc_sensory,SNta,ADMN,L,mechanosensory bristle,,,tactile,cls,,not_leg:ADMN,high,lh,0.249,0.418,599
812380,SNta11,mechanosensory_tactile,vnc_sensory,SNta,ADMN,L,mechanosensory bristle,,,tactile,cls,,not_leg:ADMN,high,lh,0.289,0.467,658
812382,WG4,gustatory,vnc_sensory,WG,ADMN,L,wing bristle,,,gustatory,cls,,not_leg:ADMN,high,lm,0.35,0.592,624
812383,SNta07,mechanosensory_tactile,vnc_sensory,SNta,ADMN,L,mechanosensory bristle,,,tactile,cls,,not_leg:ADMN,high,lm,0.247,0.426,580
812386,SNta20,mechanosensory_tactile,vnc_sensory,SNta,MetaLN,L,mechanosensory bristle,,lh,tactile,cls,,annotated,high,lh,0.659,0.711,518
812387,SNta20,mechanosensory_tactile,vnc_sensory,SNta,MetaLN,R,mechanosensory bristle,,rh,tactile,cls,,annotated,high,rh,0.741,0.785,563
812388,LgLG3,gustatory,vnc_sensory,LgLG,MesoLN,L,leg bristle,,lm,gustatory,cls,,annotated,high,lm,0.562,0.622,685
812390,SNta38,mechanosensory_tactile,vnc_sensory,SNta,MesoLN,L,mechanosensory bristle,,lm,tactile,cls,,annotated,high,lm,0.87,0.905,368
812399,LgLG1b,gustatory,vnc_sensory,LgLG,MesoLN,L,leg bristle,,lm,gustatory,cls,,annotated,high,lm,0.42,0.554,677
812406,SNta11,mechanosensory_tactile,vnc_sensory,SNta,ADMN,R,mechanosensory bristle,,,tactile,cls,,not_leg:ADMN,high,rh,0.283,0.453,468
812411,SNta03,mechanosensory_tactile,vnc_sensory,SNta,DMetaN,L,mechanosensory bristle,,,tactile,cls,,not_leg:DMetaN,high,lh,0.786,0.934,576
812417,SNta22,mechanosensory_tactile,vnc_sensory,SNta,MesoLN,L,mechanosensory bristle,,lm,tactile,cls,,annotated,high,lm,0.612,0.673,447
812419,SNta29,mechanosensory_tactile,vnc_sensory,SNta,MesoLN,R,mechanosensory bristle,,rm,tactile,cls,,annotated,high,rm,0.863,0.875,694
812422,SNpp39,mechanosensory_proprioceptive,vnc_sensory,SNpp,MetaLN,L,chordotonal organ,,lh,proprio,cls,hook_39,annotated,high,lh,0.767,0.8,298
812423,SNta20,mechanosensory_tactile,vnc_sensory,SNta,MetaLN,L,mechanosensory bristle,,lh,tactile,cls,,annotated,high,lh,0.694,0.749,446
812426,SNta29,mechanosensory_tactile,vnc_sensory,SNta,MesoLN,L,mechanosensory bristle,,lm,tactile,cls,,annotated,high,lm,0.767,0.801,527
812427,SNta03,mechanosensory_tactile,vnc_sensory,SNta,DMetaN,R,mechanosensory bristle,,,tactile,cls,,not_leg:DMetaN,high,rh,0.774,0.969,546
812428,SNxx19,unknown_sensory,vnc_sensory,SNxx,AbN4,R,abdomen,,,unknown,none,,not_leg:AbN4,high,lh,0.42,0.806,725
812431,SNta03,mechanosensory_tactile,vnc_sensory,SNta,DMetaN,L,mechanosensory bristle,,,tactile,cls,,not_leg:DMetaN,high,lh,0.851,0.965,598
812432,LgLG1b,gustatory,vnc_sensory,LgLG,MesoLN,R,leg bristle,,rm,gustatory,cls,,annotated,high,rm,0.487,0.59,580
812433,LgLG1a,gustatory,vnc_sensory,LgLG,MesoLN,R,leg bristle,,rm,gustatory,cls,,annotated,high,rm,0.444,0.625,574
812434,SNxx21,unknown_sensory,vnc_sensory,SNxx,AbN4,R,abdomen,,,unknown,none,,not_leg:AbN4,high,rh,0.472,0.887,682
812437,SNta28,mechanosensory_tactile,vnc_sensory,SNta,MetaLN,R,mechanosensory bristle,,rh,tactile,cls,,annotated,high,rh,0.825,0.865,573
812438,WG4,gustatory,vnc_sensory,WG,ADMN,R,wing bristle,,,gustatory,cls,,not_leg:ADMN,high,rm,0.451,0.641,559
812439,LgLG1b,gustatory,vnc_sensory,LgLG,ProLN,L,leg bristle,,lf,gustatory,cls,,annotated,high,lm,0.282,0.444,485
812442,SNta22,mechanosensory_tactile,vnc_sensory,SNta,MesoLN,L,mechanosensory bristle,,lm,tactile,cls,,annotated,high,lm,0.569,0.64,488
812444,SNxx07,unknown_sensory,vnc_sensory,SNxx,AbNT,R,abdomen,,,unknown,none,,not_leg:AbNT,high,lf,0.247,0.381,226
812447,WG4,gustatory,vnc_sensory,WG,ADMN,L,wing bristle,,,gustatory,cls,,not_leg:ADMN,high,lm,0.361,0.609,657
812449,SNta20,mechanosensory_tactile,vnc_sensory,SNta,MetaLN,R,mechanosensory bristle,,rh,tactile,cls,,annotated,high,rh,0.75,0.799,592
812450,SNta37,mechanosensory_tactile,vnc_sensory,SNta,MesoLN,R,mechanosensory bristle,,rm,tactile,cls,,annotated,high,rm,0.851,0.872,664
812454,SNpp47,mechanosensory_proprioceptive,vnc_sensory,SNpp,MetaLN,L,chordotonal organ,,lh,proprio,cls,club,annotated,high,lh,0.632,0.692,564
812457,"SNta04,SNta11",mechanosensory_tactile,vnc_sensory,SNta,ADMN,R,mechanosensory bristle,,,tactile,cls,,not_leg:ADMN,high,lm,0.255,0.455,507
812471,SNta42,mechanosensory_tactile,vnc_sensory,SNta,ProLN,L,mechanosensory bristle,,lf,tactile,cls,,annotated,high,lf,0.519,0.562,135
812473,WG3,gustatory,vnc_sensory,WG,ADMN,L,wing bristle,,,gustatory,cls,,not_leg:ADMN,high,lm,0.351,0.547,640
812475,WG4,gustatory,vnc_sensory,WG,ADMN,L,wing bristle,,,gustatory,cls,,not_leg:ADMN,high,lm,0.353,0.575,652
812483,SNxx07,unknown_sensory,vnc_sensory,SNxx,AbNT,R,abdomen,,,unknown,none,,not_leg:AbNT,high,lf,0.25,0.353,219
812485,WG4,gustatory,vnc_sensory,WG,ADMN,L,wing bristle,,,gustatory,cls,,not_leg:ADMN,high,lm,0.333,0.562,672
812487,LgLG1a,gustatory,vnc_sensory,LgLG,MesoLN,R,leg bristle,,rm,gustatory,cls,,annotated,high,rm,0.436,0.631,625
812488,SNta21,mechanosensory_tactile,vnc_sensory,SNta,MesoLN,R,mechanosensory bristle,,rm,tactile,cls,,annotated,high,rm,0.857,0.91,450
812491,SNta29,mechanosensory_tactile,vnc_sensory,SNta,MetaLN,L,mechanosensory bristle,,lh,tactile,cls,,annotated,high,lh,0.799,0.871,314
812492,SApp19,mechanosensory_proprioceptive,sensory_ascending,SApp,ADMN,L,campaniform sensilla,,,proprio,cls,campaniform,not_leg:ADMN,high,rh,0.517,0.854,701
812497,WG4,gustatory,vnc_sensory,WG,ADMN,L,wing bristle,,,gustatory,cls,,not_leg:ADMN,high,lm,0.375,0.589,644
812502,WG3,gustatory,vnc_sensory,WG,ADMN,L,wing bristle,,,gustatory,cls,,not_leg:ADMN,high,lm,0.409,0.605,592
812504,WG3,gustatory,vnc_sensory,WG,ADMN,L,wing bristle,,,gustatory,cls,,not_leg:ADMN,high,lm,0.358,0.571,604
812506,"SNta27,SNta28",mechanosensory_tactile,vnc_sensory,SNta,MesoLN,R,mechanosensory bristle,,rm,tactile,cls,,annotated,high,rm,0.811,0.846,461
812509,SNta18,mechanosensory_tactile,vnc_sensory,SNta,ADMN,R,mechanosensory bristle,,,tactile,cls,,not_leg:ADMN,high,rh,0.389,0.607,520
812517,WG4,gustatory,vnc_sensory,WG,ADMN,L,wing bristle,,,gustatory,cls,,not_leg:ADMN,high,lm,0.387,0.628,661
812520,WG4,gustatory,vnc_sensory,WG,ADMN,L,wing bristle,,,gustatory,cls,,not_leg:ADMN,high,lm,0.398,0.601,585
812521,WG4,gustatory,vnc_sensory,WG,ADMN,L,wing bristle,,,gustatory,cls,,not_leg:ADMN,high,lm,0.377,0.596,670
812523,SNta28,mechanosensory_tactile,vnc_sensory,SNta,MetaLN,R,mechanosensory bristle,,rh,tactile,cls,,annotated,high,rh,0.827,0.915,459
812527,SNpp51,mechanosensory_proprioceptive,vnc_sensory,SNpp,MetaLN,R,chordotonal organ,,rh,proprio,cls,claw_51,annotated,high,rh,0.939,0.968,713
812529,SNta25,mechanosensory_tactile,vnc_sensory,SNta,MetaLN,L,mechanosensory bristle,,lh,tactile,cls,,annotated,high,lh,0.793,0.914,442
812534,SNta20,mechanosensory_tactile,vnc_sensory,SNta,MetaLN,R,mechanosensory bristle,,rh,tactile,cls,,annotated,high,rh,0.749,0.796,569
812536,SNta37,mechanosensory_tactile,vnc_sensory,SNta,MetaLN,R,mechanosensory bristle,,rh,tactile,cls,,annotated,high,rh,0.785,0.874,357
812543,SNta21,mechanosensory_tactile,vnc_sensory,SNta,MesoLN,R,mechanosensory bristle,,rm,tactile,cls,,annotated,high,rm,0.862,0.903,512
812549,"SNta02,SNta09",mechanosensory_tactile,vnc_sensory,SNta,PDMN,R,notum,,,tactile,cls,,not_leg:PDMN,high,rm,0.248,0.474,394
812551,WG4,gustatory,vnc_sensory,WG,ADMN,R,wing bristle,,,gustatory,cls,,not_leg:ADMN,high,rm,0.504,0.669,655
812552,"SNta04,SNta11",mechanosensory_tactile,vnc_sensory,SNta,ADMN,R,mechanosensory bristle,,,tactile,cls,,not_leg:ADMN,high,rh,0.289,0.45,512
812560,WG4,gustatory,vnc_sensory,WG,ADMN,L,wing bristle,,,gustatory,cls,,not_leg:ADMN,high,lm,0.381,0.61,673
812561,SNta43,mechanosensory_tactile,vnc_sensory,SNta,MesoLN,L,mechanosensory bristle,,lm,tactile,cls,,annotated,high,lm,0.733,0.752,534
812564,SNxx14,unknown_sensory,vnc_sensory,SNxx,AbN4,L,abdomen,,,unknown,none,,not_leg:AbN4,high,rh,0.395,0.755,473
812566,SNta20,mechanosensory_tactile,vnc_sensory,SNta,MesoLN,L,leg,,lm,tactile,cls,,annotated,high,lm,0.743,0.768,561
812569,"SNta02,SNta09",mechanosensory_tactile,vnc_sensory,SNta,PDMN,R,notum,,,tactile,cls,,not_leg:PDMN,high,rm,0.244,0.471,428
812571,WG2,gustatory,vnc_sensory,WG,ADMN,L,wing bristle,,,gustatory,cls,,not_leg:ADMN,high,lm,0.358,0.484,243
812572,SNta43,mechanosensory_tactile,vnc_sensory,SNta,MetaLN,L,mechanosensory bristle,,lh,tactile,cls,,annotated,high,lh,0.53,0.709,380
812578,SNta28,mechanosensory_tactile,vnc_sensory,SNta,MetaLN,L,mechanosensory bristle,,lh,tactile,cls,,annotated,high,lh,0.828,0.907,715
812579,SNta19,mechanosensory_tactile,vnc_sensory,SNta,MesoLN,R,mechanosensory bristle,,rm,tactile,cls,,annotated,high,rm,0.663,0.725,477
812583,SNta43,mechanosensory_tactile,vnc_sensory,SNta,MetaLN,R,mechanosensory bristle,,rh,tactile,cls,,annotated,high,rh,0.565,0.722,470
812584,SNta21,mechanosensory_tactile,vnc_sensory,SNta,MesoLN,L,mechanosensory bristle,,lm,tactile,cls,,annotated,high,lm,0.915,0.932,308
812588,WG4,gustatory,vnc_sensory,WG,ADMN,L,wing bristle,,,gustatory,cls,,not_leg:ADMN,high,lm,0.358,0.583,626
812589,"SNta02,SNta09",mechanosensory_tactile,vnc_sensory,SNta,PDMN,L,notum,,,tactile,cls,,not_leg:PDMN,high,lm,0.224,0.417,534
812590,SNta29,mechanosensory_tactile,vnc_sensory,SNta,MesoLN,R,mechanosensory bristle,,rm,tactile,cls,,annotated,high,rm,0.852,0.873,598
812596,SApp,mechanosensory_proprioceptive,sensory_ascending,SApp,DMetaN,L,haltere,,,proprio,cls,untyped,not_leg:DMetaN,high,rh,0.305,0.566,500
812601,LgLG8,gustatory,vnc_sensory,LgLG,ProLN,R,leg bristle,,rf,gustatory,cls,,annotated,medium,lf,0.44,0.817,311
812605,SNta28,mechanosensory_tactile,vnc_sensory,SNta,MetaLN,L,mechanosensory bristle,,lh,tactile,cls,,annotated,high,lh,0.816,0.868,365
812610,SNpp50,mechanosensory_proprioceptive,vnc_sensory,SNpp,MetaLN,L,chordotonal organ,,lh,proprio,cls,claw_50,annotated,high,lh,0.883,0.95,297
812617,LgLG3,gustatory,vnc_sensory,LgLG,ProLN,L,leg bristle,,lf,gustatory,cls,,annotated,high,lf,0.438,0.46,420
812623,SNta18,mechanosensory_tactile,vnc_sensory,SNta,ADMN,L,mechanosensory bristle,,,tactile,cls,,not_leg:ADMN,high,lh,0.379,0.539,576
812624,SNxx21,unknown_sensory,vnc_sensory,SNxx,AbN4,L,abdomen,,,unknown,none,,not_leg:AbN4,high,rh,0.481,0.771,564
812626,SNxx33,unknown_sensory,vnc_sensory,SNxx,MetaLN,R,leg,,rh,unknown,none,,annotated,high,rh,0.81,0.883,281
812627,SNta35,mechanosensory_tactile,vnc_sensory,SNta,MesoLN,R,mechanosensory bristle,,rm,tactile,cls,,annotated,high,rm,0.714,0.749,507
812630,SNta20,mechanosensory_tactile,vnc_sensory,SNta,MetaLN,L,mechanosensory bristle,,lh,tactile,cls,,annotated,high,lh,0.649,0.701,498
812635,SNta22,mechanosensory_tactile,vnc_sensory,SNta,MesoLN,L,mechanosensory bristle,,lm,tactile,cls,,annotated,high,lm,0.521,0.585,615
812636,WG4,gustatory,vnc_sensory,WG,ADMN,R,wing bristle,,,gustatory,cls,,not_leg:ADMN,high,rm,0.491,0.673,574
812639,SNxx02,unknown_sensory,vnc_sensory,SNxx,AbNT,L,abdomen,,,unknown,none,,not_leg:AbNT,high,rh,0.344,0.683,328
812640,SNta43,mechanosensory_tactile,vnc_sensory,SNta,MesoLN,R,mechanosensory bristle,,rm,tactile,cls,,annotated,high,rm,0.725,0.759,559
812642,SNta21,mechanosensory_tactile,vnc_sensory,SNta,MetaLN,L,mechanosensory bristle,,lh,tactile,cls,,annotated,high,lh,0.834,0.939,326
812643,SNta37,mechanosensory_tactile,vnc_sensory,SNta,MetaLN,L,mechanosensory bristle,,lh,tactile,cls,,annotated,high,lh,0.588,0.643,657
812653,WG4,gustatory,vnc_sensory,WG,ADMN,L,wing bristle,,,gustatory,cls,,not_leg:ADMN,high,lm,0.372,0.613,661
812656,WG4,gustatory,vnc_sensory,WG,ADMN,R,wing bristle,,,gustatory,cls,,not_leg:ADMN,high,rm,0.449,0.635,555
812657,SNta29,mechanosensory_tactile,vnc_sensory,SNta,MetaLN,L,mechanosensory bristle,,lh,tactile,cls,,annotated,high,lh,0.723,0.775,518
812658,"SNta19,SNta37",mechanosensory_tactile,vnc_sensory,SNta,MetaLN,R,mechanosensory bristle,,rh,tactile,cls,,annotated,high,rh,0.701,0.757,516
812659,SNpp60,mechanosensory_proprioceptive,vnc_sensory,SNpp,MetaLN,R,chordotonal organ,FeCO club,rh,proprio,cls,club,annotated,high,rh,0.466,0.671,679
812661,WG4,gustatory,vnc_sensory,WG,ADMN,R,wing bristle,,,gustatory,cls,,not_leg:ADMN,high,rm,0.494,0.654,558
812662,"SNta04,SNta11",mechanosensory_tactile,vnc_sensory,SNta,ADMN,R,mechanosensory bristle,,,tactile,cls,,not_leg:ADMN,high,rh,0.375,0.533,534
812664,SNta25,mechanosensory_tactile,vnc_sensory,SNta,MetaLN,L,mechanosensory bristle,,lh,tactile,cls,,annotated,high,lh,0.76,0.839,445
812667,SApp08,mechanosensory_proprioceptive,sensory_ascending,SApp,DMetaN,L,campaniform sensilla,,,proprio,cls,campaniform,not_leg:DMetaN,high,lh,0.426,0.848,253
812670,SNta37,mechanosensory_tactile,vnc_sensory,SNta,MetaLN,L,mechanosensory bristle,,lh,tactile,cls,,annotated,high,lh,0.743,0.799,335
812671,LgLG1a,gustatory,vnc_sensory,LgLG,MetaLN,L,leg bristle,,lh,gustatory,cls,,annotated,high,lh,0.307,0.448,612
812675,SNta03,mechanosensory_tactile,vnc_sensory,SNta,DMetaN,R,mechanosensory bristle,,,tactile,cls,,not_leg:DMetaN,high,rh,0.74,0.976,614
812676,SNta29,mechanosensory_tactile,vnc_sensory,SNta,MesoLN,R,mechanosensory bristle,,rm,tactile,cls,,annotated,high,rm,0.774,0.813,486
812680,SNta29,mechanosensory_tactile,vnc_sensory,SNta,MesoLN,L,mechanosensory bristle,,lm,tactile,cls,,annotated,high,lm,0.784,0.821,544
812683,SNta38,mechanosensory_tactile,vnc_sensory,SNta,MetaLN,L,mechanosensory bristle,,lh,tactile,cls,,annotated,high,lh,0.886,0.94,178
812684,WG4,gustatory,vnc_sensory,WG,ADMN,R,wing bristle,,,gustatory,cls,,not_leg:ADMN,high,rm,0.472,0.658,567
812687,LgLG1a,gustatory,vnc_sensory,LgLG,MesoLN,L,leg bristle,,lm,gustatory,cls,,annotated,high,lm,0.416,0.599,597
812688,SNxx03,unknown_sensory,vnc_sensory,SNxx,AbN4,R,abdomen,,,unknown,none,,not_leg:AbN4,high,rh,0.483,0.7,549
812689,SNta29,mechanosensory_tactile,vnc_sensory,SNta,MesoLN,L,mechanosensory bristle,,lm,tactile,cls,,annotated,high,lm,0.82,0.844,469
812691,SNta29,mechanosensory_tactile,vnc_sensory,SNta,MesoLN,L,leg,,lm,tactile,cls,,annotated,high,lm,0.714,0.75,435
812694,SNta26,mechanosensory_tactile,vnc_sensory,SNta,MetaLN,R,mechanosensory bristle,,rh,tactile,cls,,annotated,high,rh,0.909,0.945,379
812696,WG3,gustatory,vnc_sensory,WG,ADMN,L,wing bristle,,,gustatory,cls,,not_leg:ADMN,high,lm,0.412,0.567,591
812697,"SNta22,SNta23",mechanosensory_tactile,vnc_sensory,SNta,MesoLN,R,mechanosensory bristle,,rm,tactile,cls,,annotated,high,rm,0.605,0.662,490
812701,SNpp15,mechanosensory_proprioceptive,vnc_sensory,SNpp,DMetaN,R,haltere,,,proprio,cls,untyped,not_leg:DMetaN,high,rh,0.632,0.796,473
812703,WG4,gustatory,vnc_sensory,WG,ADMN,R,wing bristle,,,gustatory,cls,,not_leg:ADMN,high,rm,0.463,0.645,628
812705,SNpp60,mechanosensory_proprioceptive,vnc_sensory,SNpp,MesoLN,L,chordotonal organ,,lm,proprio,cls,club,annotated,high,lm,0.461,0.521,638
812707,SNta40,mechanosensory_tactile,vnc_sensory,SNta,ProLN,R,mechanosensory bristle,,rf,tactile,cls,,annotated,high,rf,0.587,0.618,38
812713,WG3,gustatory,vnc_sensory,WG,ADMN,L,wing bristle,,,gustatory,cls,,not_leg:ADMN,high,lm,0.309,0.524,613
812716,SNxx02,unknown_sensory,vnc_sensory,SNxx,AbNT,R,abdomen,,,unknown,none,,not_leg:AbNT,high,rh,0.581,0.764,282
812719,LgLG3,gustatory,vnc_sensory,LgLG,MesoLN,L,leg bristle,,lm,gustatory,cls,,annotated,high,lm,0.587,0.633,634
812722,SNta37,mechanosensory_tactile,vnc_sensory,SNta,MetaLN,R,mechanosensory bristle,,rh,tactile,cls,,annotated,high,rh,0.64,0.723,588
812725,WG3,gustatory,vnc_sensory,WG,ADMN,L,wing bristle,,,gustatory,cls,,not_leg:ADMN,high,lm,0.357,0.56,557
812727,SNta18,mechanosensory_tactile,vnc_sensory,SNta,ADMN,L,mechanosensory bristle,,,tactile,cls,,not_leg:ADMN,high,lh,0.343,0.506,591
812729,SNta18,mechanosensory_tactile,vnc_sensory,SNta,ADMN,L,mechanosensory bristle,,,tactile,cls,,not_leg:ADMN,high,lh,0.365,0.528,608
812731,SNxx02,unknown_sensory,vnc_sensory,SNxx,AbNT,R,abdomen,,,unknown,none,,not_leg:AbNT,high,rh,0.5,0.775,348
812732,SNxx04,unknown_sensory,vnc_sensory,SNxx,AbNT,L,abdomen,,,unknown,none,,not_leg:AbNT,high,lh,0.429,0.727,373
812735,LgLG1a,gustatory,vnc_sensory,LgLG,MetaLN,L,leg bristle,,lh,gustatory,cls,,annotated,high,lh,0.291,0.467,520
812736,WG3,gustatory,vnc_sensory,WG,ADMN,L,wing bristle,,,gustatory,cls,,not_leg:ADMN,high,lm,0.343,0.532,618
812739,WG3,gustatory,vnc_sensory,WG,ADMN,L,wing bristle,,,gustatory,cls,,not_leg:ADMN,high,lm,0.385,0.571,576
812741,SNta26,mechanosensory_tactile,vnc_sensory,SNta,MesoLN,R,mechanosensory bristle,,rm,tactile,cls,,annotated,high,rm,0.753,0.781,414
812742,SNta21,mechanosensory_tactile,vnc_sensory,SNta,MesoLN,R,mechanosensory bristle,,rm,tactile,cls,,annotated,high,rm,0.883,0.937,380
812744,SNpp58,mechanosensory_proprioceptive,vnc_sensory,SNpp,MesoLN,L,chordotonal organ,,lm,proprio,cls,club,annotated,high,lm,0.667,0.723,586
812755,SNpp34,mechanosensory_proprioceptive,vnc_sensory,SNpp,DMetaN,L,haltere,,,proprio,cls,untyped,not_leg:DMetaN,high,lh,0.488,0.753,219
812758,SNxx14,unknown_sensory,vnc_sensory,SNxx,AbN4,R,abdomen,,,unknown,none,,not_leg:AbN4,high,rh,0.517,0.748,638
812760,LgLG1a,gustatory,vnc_sensory,LgLG,MesoLN,R,leg bristle,,rm,gustatory,cls,,annotated,high,rm,0.449,0.61,544
812761,LgLG1a,gustatory,vnc_sensory,LgLG,MesoLN,R,leg bristle,,rm,gustatory,cls,,annotated,high,rm,0.427,0.614,598
812763,"SNta19,SNta37",mechanosensory_tactile,vnc_sensory,SNta,MetaLN,R,mechanosensory bristle,,rh,tactile,cls,,annotated,high,rh,0.6,0.666,424
812772,SNta29,mechanosensory_tactile,vnc_sensory,SNta,MesoLN,R,mechanosensory bristle,,rm,tactile,cls,,annotated,high,rm,0.743,0.783,606
812776,"SNta02,SNta09",mechanosensory_tactile,vnc_sensory,SNta,PDMN,L,notum,,,tactile,cls,,not_leg:PDMN,high,lf,0.229,0.407,542
812778,LgLG1b,gustatory,vnc_sensory,LgLG,ProLN,R,leg bristle,,rf,gustatory,cls,,annotated,high,rh,0.329,0.434,407
812781,WG4,gustatory,vnc_sensory,WG,ADMN,L,wing bristle,,,gustatory,cls,,not_leg:ADMN,high,lm,0.34,0.579,581
812782,SNta07,mechanosensory_tactile,vnc_sensory,SNta,ADMN,L,mechanosensory bristle,,,tactile,cls,,not_leg:ADMN,high,lh,0.253,0.41,553
812784,SNta29,mechanosensory_tactile,vnc_sensory,SNta,ProLN,L,mechanosensory bristle,,lf,tactile,cls,,annotated,high,lf,0.789,0.835,287
812788,WG4,gustatory,vnc_sensory,WG,ADMN,L,wing bristle,,,gustatory,cls,,not_leg:ADMN,high,lm,0.329,0.581,628
812791,"SNta19,SNta37",mechanosensory_tactile,vnc_sensory,SNta,MetaLN,L,mechanosensory bristle,,lh,tactile,cls,,annotated,high,lh,0.549,0.616,446
812794,SNxx03,unknown_sensory,vnc_sensory,SNxx,AbN4,L,abdomen,,,unknown,none,,not_leg:AbN4,high,lm,0.434,0.543,130
812801,WG3,gustatory,vnc_sensory,WG,ADMN,L,wing bristle,,,gustatory,cls,,not_leg:ADMN,high,lm,0.384,0.591,550
812802,SNta18,mechanosensory_tactile,vnc_sensory,SNta,ADMN,R,mechanosensory bristle,,,tactile,cls,,not_leg:ADMN,high,rh,0.379,0.58,480
812805,WG3,gustatory,vnc_sensory,WG,ADMN,R,wing bristle,,,gustatory,cls,,not_leg:ADMN,high,rm,0.414,0.575,544
812806,SNta38,mechanosensory_tactile,vnc_sensory,SNta,MesoLN,R,mechanosensory bristle,,rm,tactile,cls,,annotated,high,rm,0.765,0.824,493
812809,LgLG1a,gustatory,vnc_sensory,LgLG,ProLN,L,leg bristle,,lf,gustatory,cls,,annotated,high,lm,0.336,0.586,338
812812,SNta37,mechanosensory_tactile,vnc_sensory,SNta,MetaLN,R,mechanosensory bristle,,rh,tactile,cls,,annotated,high,rh,0.852,0.894,305
812817,SNta07,mechanosensory_tactile,vnc_sensory,SNta,ADMN,L,mechanosensory bristle,,,tactile,cls,,not_leg:ADMN,high,lm,0.266,0.4,540
812828,WG1,gustatory,vnc_sensory,WG,ADMN,R,wing bristle,,,gustatory,cls,,not_leg:ADMN,high,rm,0.285,0.438,328
812833,WG3,gustatory,vnc_sensory,WG,ADMN,R,wing bristle,,,gustatory,cls,,not_leg:ADMN,high,rm,0.444,0.583,544
812834,SNta03,mechanosensory_tactile,vnc_sensory,SNta,DMetaN,L,mechanosensory bristle,,,tactile,cls,,not_leg:DMetaN,high,lh,0.861,0.963,573
812836,WG3,gustatory,vnc_sensory,WG,ADMN,L,wing bristle,,,gustatory,cls,,not_leg:ADMN,high,lm,0.362,0.577,484
812845,SNta29,mechanosensory_tactile,vnc_sensory,SNta,MesoLN,R,mechanosensory bristle,,rm,tactile,cls,,annotated,high,rm,0.671,0.725,392
812846,WG3,gustatory,vnc_sensory,WG,ADMN,L,wing bristle,,,gustatory,cls,,not_leg:ADMN,high,lm,0.385,0.598,587
812847,SNpp45,mechanosensory_proprioceptive,vnc_sensory,SNpp,MesoLN,R,hair plate,,rm,proprio,cls,hair_plate_45,annotated,high,rm,0.915,0.928,713
812848,SNpp39,mechanosensory_proprioceptive,vnc_sensory,SNpp,MetaLN,R,chordotonal organ,FeCO hook,rh,proprio,cls,hook_39,annotated,high,rh,0.732,0.741,492
812857,SNta37,mechanosensory_tactile,vnc_sensory,SNta,MetaLN,L,mechanosensory bristle,,lh,tactile,cls,,annotated,high,lh,0.678,0.735,555
812859,SNta11,mechanosensory_tactile,vnc_sensory,SNta,ADMN,L,mechanosensory bristle,,,tactile,cls,,not_leg:ADMN,high,lh,0.272,0.441,562
812860,SNta34,mechanosensory_tactile,vnc_sensory,SNta,MetaLN,R,mechanosensory bristle,,rh,tactile,cls,,annotated,high,rh,0.633,0.69,628
812862,SNta18,mechanosensory_tactile,vnc_sensory,SNta,ADMN,R,mechanosensory bristle,,,tactile,cls,,not_leg:ADMN,high,rh,0.4,0.577,465
812863,SNxx33,unknown_sensory,vnc_sensory,SNxx,MetaLN,R,leg,,rh,unknown,none,,annotated,high,rh,0.75,0.876,356
812865,WG4,gustatory,vnc_sensory,WG,ADMN,R,wing bristle,,,gustatory,cls,,not_leg:ADMN,high,rm,0.485,0.665,599
812866,"SNta02,SNta09",mechanosensory_tactile,vnc_sensory,SNta,PDMN,L,notum,,,tactile,cls,,not_leg:PDMN,high,lh,0.258,0.427,512
812868,SNxx19,unknown_sensory,vnc_sensory,SNxx,AbN2,R,abdomen,,,unknown,none,,not_leg:AbN2,high,lh,0.534,0.932,417
812869,SNpp50,mechanosensory_proprioceptive,vnc_sensory,SNpp,MetaLN,R,chordotonal organ,FeCO claw,rh,proprio,cls,claw_50,annotated,high,rh,0.895,0.969,409
812871,SNpp60,mechanosensory_proprioceptive,vnc_sensory,SNpp,MetaLN,R,chordotonal organ,,rh,proprio,cls,club,annotated,high,rh,0.524,0.731,653
812876,SNxx33,unknown_sensory,vnc_sensory,SNxx,MetaLN,L,leg,,lh,unknown,none,,annotated,high,lh,0.767,0.875,234
812879,LgLG3,gustatory,vnc_sensory,LgLG,MesoLN,R,leg bristle,,rm,gustatory,cls,,annotated,high,rm,0.677,0.73,577
812888,SNta28,mechanosensory_tactile,vnc_sensory,SNta,MesoLN,R,mechanosensory bristle,,rm,tactile,cls,,annotated,high,rm,0.8,0.822,506
812891,LgLG1b,gustatory,vnc_sensory,LgLG,MetaLN,R,leg bristle,,rh,gustatory,cls,,annotated,high,rh,0.38,0.488,481
812892,"SNta04,SNta11",mechanosensory_tactile,vnc_sensory,SNta,ADMN,L,mechanosensory bristle,,,tactile,cls,,not_leg:ADMN,high,lh,0.306,0.457,581
812893,LgLG3,gustatory,vnc_sensory,LgLG,MetaLN,R,leg bristle,,rh,gustatory,cls,,annotated,high,rh,0.6,0.706,607
812896,SNta29,mechanosensory_tactile,vnc_sensory,SNta,MesoLN,L,leg,,lm,tactile,cls,,annotated,high,lm,0.715,0.752,510
812897,SNta43,mechanosensory_tactile,vnc_sensory,SNta,MetaLN,L,mechanosensory bristle,,lh,tactile,cls,,annotated,high,lh,0.63,0.724,344
812898,LgLG4,gustatory,vnc_sensory,LgLG,MetaLN,R,leg bristle,,rh,gustatory,cls,,annotated,high,rh,0.694,0.791,454
812904,SNta43,mechanosensory_tactile,vnc_sensory,SNta,MesoLN,L,mechanosensory bristle,,lm,tactile,cls,,annotated,high,lm,0.755,0.786,487
812905,SNta25,mechanosensory_tactile,vnc_sensory,SNta,MetaLN,R,mechanosensory bristle,,rh,tactile,cls,,annotated,high,rh,0.812,0.904,410
812908,SNpp45,mechanosensory_proprioceptive,vnc_sensory,SNpp,MetaLN,L,hair plate,,lh,proprio,cls,hair_plate_45,annotated,high,lh,0.822,0.899,1157
812913,SNta37,mechanosensory_tactile,vnc_sensory,SNta,MesoLN,R,mechanosensory bristle,,rm,tactile,cls,,annotated,high,rm,0.762,0.806,495
812914,SApp,mechanosensory_proprioceptive,sensory_ascending,SApp,DMetaN,R,haltere,,,proprio,cls,untyped,not_leg:DMetaN,high,rh,0.411,0.686,254
812917,SNta20,mechanosensory_tactile,vnc_sensory,SNta,MesoLN,R,mechanosensory bristle,,rm,tactile,cls,,annotated,high,rm,0.664,0.725,481
812919,WG4,gustatory,vnc_sensory,WG,ADMN,R,wing bristle,,,gustatory,cls,,not_leg:ADMN,high,rm,0.47,0.692,563
812921,SNta29,mechanosensory_tactile,vnc_sensory,SNta,ProLN,R,mechanosensory bristle,,rf,tactile,cls,,annotated,high,rf,0.579,0.631,318
812922,SNta34,mechanosensory_tactile,vnc_sensory,SNta,MetaLN,L,mechanosensory bristle,,lh,tactile,cls,,annotated,high,lh,0.539,0.6,387
812923,SNta04,mechanosensory_tactile,vnc_sensory,SNta,ADMN,L,mechanosensory bristle,,,tactile,cls,,not_leg:ADMN,high,lh,0.391,0.511,617
812928,SNpp50,mechanosensory_proprioceptive,vnc_sensory,SNpp,MetaLN,R,chordotonal organ,,rh,proprio,cls,claw_50,annotated,high,rh,0.862,0.96,414
812933,WG3,gustatory,vnc_sensory,WG,ADMN,R,wing bristle,,,gustatory,cls,,not_leg:ADMN,high,rm,0.378,0.532,486
812934,SNpp60,mechanosensory_proprioceptive,vnc_sensory,SNpp,MetaLN,L,chordotonal organ,,lh,proprio,cls,club,annotated,high,lh,0.504,0.667,650
812935,SNpp37,mechanosensory_proprioceptive,vnc_sensory,SNpp,ADMN,R,campaniform sensilla,,,proprio,cls,campaniform,not_leg:ADMN,high,rm,0.5,0.551,380
812947,SNta28,mechanosensory_tactile,vnc_sensory,SNta,MetaLN,L,mechanosensory bristle,,lh,tactile,cls,,annotated,high,lh,0.776,0.82,293
812948,WG4,gustatory,vnc_sensory,WG,ADMN,R,wing bristle,,,gustatory,cls,,not_leg:ADMN,high,rm,0.498,0.653,512
812951,SNpp60,mechanosensory_proprioceptive,vnc_sensory,SNpp,MesoLN,L,chordotonal organ,,lm,proprio,cls,club,annotated,high,lm,0.373,0.421,611
812955,"SNta02,SNta09",mechanosensory_tactile,vnc_sensory,SNta,PDMN,R,notum,,,tactile,cls,,not_leg:PDMN,high,rm,0.261,0.512,391
812958,SNpp14,mechanosensory_proprioceptive,vnc_sensory,SNpp,DMetaN,L,haltere,,,proprio,cls,untyped,not_leg:DMetaN,high,lh,0.754,0.917,323
812966,SNta29,mechanosensory_tactile,vnc_sensory,SNta,MesoLN,L,mechanosensory bristle,,lm,tactile,cls,,annotated,high,lm,0.721,0.763,467
812970,SNta03,mechanosensory_tactile,vnc_sensory,SNta,DMetaN,R,mechanosensory bristle,,,tactile,cls,,not_leg:DMetaN,high,rh,0.709,0.97,537
812971,SNpp25,mechanosensory_proprioceptive,vnc_sensory,SNpp,DMetaN,L,haltere,,,proprio,cls,untyped,not_leg:DMetaN,high,lm,0.419,0.581,169
812973,WG3,gustatory,vnc_sensory,WG,ADMN,R,wing bristle,,,gustatory,cls,,not_leg:ADMN,high,rm,0.372,0.54,597
812974,WG4,gustatory,vnc_sensory,WG,ADMN,R,wing bristle,,,gustatory,cls,,not_leg:ADMN,high,rm,0.47,0.651,565
812976,LgLG1a,gustatory,vnc_sensory,LgLG,MesoLN,R,leg bristle,,rm,gustatory,cls,,annotated,high,rm,0.43,0.602,598
812979,SNxx02,unknown_sensory,vnc_sensory,SNxx,AbNT,R,abdomen,,,unknown,none,,not_leg:AbNT,high,rh,0.521,0.72,270
812980,SNta29,mechanosensory_tactile,vnc_sensory,SNta,MetaLN,R,mechanosensory bristle,,rh,tactile,cls,,annotated,high,rh,0.814,0.863,608
812984,SNpp47,mechanosensory_proprioceptive,vnc_sensory,SNpp,MetaLN,L,chordotonal organ,,lh,proprio,cls,club,annotated,high,lh,0.64,0.736,252
812990,SNta28,mechanosensory_tactile,vnc_sensory,SNta,MetaLN,R,mechanosensory bristle,,rh,tactile,cls,,annotated,high,rh,0.915,0.946,391
812991,SNta28,mechanosensory_tactile,vnc_sensory,SNta,MesoLN,R,mechanosensory bristle,,rm,tactile,cls,,annotated,high,rm,0.729,0.813,441
812992,"SNta04,SNta11",mechanosensory_tactile,vnc_sensory,SNta,ADMN,L,mechanosensory bristle,,,tactile,cls,,not_leg:ADMN,high,lh,0.331,0.48,505
812994,SNta42,mechanosensory_tactile,vnc_sensory,SNta,MetaLN,L,mechanosensory bristle,,lh,tactile,cls,,annotated,high,lh,0.716,0.767,399
812995,"SNta02,SNta09",mechanosensory_tactile,vnc_sensory,SNta,PDMN,R,notum,,,tactile,cls,,not_leg:PDMN,high,rm,0.286,0.544,422
812997,WG4,gustatory,vnc_sensory,WG,ADMN,R,wing bristle,,,gustatory,cls,,not_leg:ADMN,high,rm,0.414,0.624,540
812999,"SNta04,SNta11",mechanosensory_tactile,vnc_sensory,SNta,ADMN,L,mechanosensory bristle,,,tactile,cls,,not_leg:ADMN,high,lh,0.396,0.504,502
813000,WG3,gustatory,vnc_sensory,WG,ADMN,L,wing bristle,,,gustatory,cls,,not_leg:ADMN,high,lm,0.383,0.579,608
813002,SNxx04,unknown_sensory,vnc_sensory,SNxx,AbN4,R,abdomen,,,unknown,none,,not_leg:AbN4,high,rh,0.455,0.621,117
813009,SNpp60,mechanosensory_proprioceptive,vnc_sensory,SNpp,MesoLN,L,chordotonal organ,,lm,proprio,cls,club,annotated,high,lm,0.317,0.425,634
813010,"SNta02,SNta09",mechanosensory_tactile,vnc_sensory,SNta,PDMN,L,notum,,,tactile,cls,,not_leg:PDMN,high,lf,0.262,0.436,431
813011,SNpp50,mechanosensory_proprioceptive,vnc_sensory,SNpp,MetaLN,R,chordotonal organ,FeCO claw,rh,proprio,cls,claw_50,annotated,high,rh,0.857,0.953,515
813013,SNpp01,mechanosensory_proprioceptive,vnc_sensory,SNpp,AbN3,L,abdomen,,,proprio,cls,untyped,not_leg:AbN3,high,lh,0.341,0.57,317
813014,SNta30,mechanosensory_tactile,vnc_sensory,SNta,MesoLN,L,mechanosensory bristle,,lm,tactile,cls,,annotated,high,lm,0.831,0.86,423
813016,WG4,gustatory,vnc_sensory,WG,ADMN,R,wing bristle,,,gustatory,cls,,not_leg:ADMN,high,rm,0.487,0.664,570
813017,SNta28,mechanosensory_tactile,vnc_sensory,SNta,MetaLN,R,mechanosensory bristle,,rh,tactile,cls,,annotated,high,rh,0.882,0.934,322
813023,SNta29,mechanosensory_tactile,vnc_sensory,SNta,MesoLN,L,mechanosensory bristle,,lm,tactile,cls,,annotated,high,lm,0.786,0.816,461
813030,SNxx21,unknown_sensory,vnc_sensory,SNxx,AbN4,L,abdomen,,,unknown,none,,not_leg:AbN4,high,rh,0.54,0.799,463
813033,"SNta02,SNta09",mechanosensory_tactile,vnc_sensory,SNta,PDMN,R,notum,,,tactile,cls,,not_leg:PDMN,high,rm,0.296,0.516,436
813037,SNta29,mechanosensory_tactile,vnc_sensory,SNta,MesoLN,L,mechanosensory bristle,,lm,tactile,cls,,annotated,high,lm,0.827,0.864,459
813040,SNta37,mechanosensory_tactile,vnc_sensory,SNta,MetaLN,R,mechanosensory bristle,,rh,tactile,cls,,annotated,high,rh,0.8,0.841,544
813045,SNta19,mechanosensory_tactile,vnc_sensory,SNta,MesoLN,R,mechanosensory bristle,,rm,tactile,cls,,annotated,high,rm,0.589,0.656,407
813048,SNta20,mechanosensory_tactile,vnc_sensory,SNta,MetaLN,L,mechanosensory bristle,,lh,tactile,cls,,annotated,high,lh,0.659,0.701,425
813050,"SNta02,SNta09",mechanosensory_tactile,vnc_sensory,SNta,PDMN,L,mechanosensory bristle,,,tactile,cls,,not_leg:PDMN,high,lm,0.308,0.456,474
813051,SNta37,mechanosensory_tactile,vnc_sensory,SNta,MesoLN,L,mechanosensory bristle,,lm,tactile,cls,,annotated,high,lm,0.855,0.873,458
813052,WG3,gustatory,vnc_sensory,WG,ADMN,L,wing bristle,,,gustatory,cls,,not_leg:ADMN,high,lm,0.389,0.585,570
813053,SNta44,mechanosensory_tactile,vnc_sensory,SNta,MesoLN,L,mechanosensory bristle,,lm,tactile,cls,,annotated,high,lm,0.814,0.839,537
813054,SNta27,mechanosensory_tactile,vnc_sensory,SNta,MetaLN,R,mechanosensory bristle,,rh,tactile,cls,,annotated,high,rh,0.932,0.963,377
813055,SNta04,mechanosensory_tactile,vnc_sensory,SNta,ADMN,L,mechanosensory bristle,,,tactile,cls,,not_leg:ADMN,high,lh,0.355,0.482,568
813056,WG3,gustatory,vnc_sensory,WG,ADMN,L,wing bristle,,,gustatory,cls,,not_leg:ADMN,high,lm,0.341,0.551,527
813059,"SNta27,SNta28",mechanosensory_tactile,vnc_sensory,SNta,MesoLN,L,mechanosensory bristle,,lm,tactile,cls,,annotated,high,lm,0.892,0.908,426
813060,WG3,gustatory,vnc_sensory,WG,ADMN,R,wing bristle,,,gustatory,cls,,not_leg:ADMN,high,rm,0.363,0.551,521
813061,SNta29,mechanosensory_tactile,vnc_sensory,SNta,MesoLN,R,mechanosensory bristle,,rm,tactile,cls,,annotated,high,rm,0.846,0.87,421
813068,LgLG3,gustatory,vnc_sensory,LgLG,MesoLN,L,leg bristle,,lm,gustatory,cls,,annotated,high,lm,0.52,0.59,620
813071,SNxx02,unknown_sensory,vnc_sensory,SNxx,AbNT,L,abdomen,,,unknown,none,,not_leg:AbNT,high,rh,0.394,0.714,285
813074,SNta30,mechanosensory_tactile,vnc_sensory,SNta,MesoLN,L,mechanosensory bristle,,lm,tactile,cls,,annotated,high,lm,0.803,0.826,415
813078,WG4,gustatory,vnc_sensory,WG,ADMN,R,wing bristle,,,gustatory,cls,,not_leg:ADMN,high,rm,0.45,0.642,569
813081,SNpp20,mechanosensory_proprioceptive,vnc_sensory,SNpp,DMetaN,R,haltere,,,proprio,cls,untyped,not_leg:DMetaN,high,lh,0.438,0.725,379
813082,SNta11,mechanosensory_tactile,vnc_sensory,SNta,ADMN,L,mechanosensory bristle,,,tactile,cls,,not_leg:ADMN,high,lh,0.301,0.503,560
813083,SNpp45,mechanosensory_proprioceptive,vnc_sensory,SNpp,VProN,L,hair plate,,lf,proprio,cls,hair_plate_45,annotated,medium,lf,0.922,0.958,788
813086,SNta34,mechanosensory_tactile,vnc_sensory,SNta,MesoLN,R,mechanosensory bristle,,rm,tactile,cls,,annotated,high,rm,0.628,0.677,412
813092,SNta28,mechanosensory_tactile,vnc_sensory,SNta,MetaLN,R,mechanosensory bristle,,rh,tactile,cls,,annotated,high,rh,0.848,0.893,448
813094,WG3,gustatory,vnc_sensory,WG,ADMN,L,wing bristle,,,gustatory,cls,,not_leg:ADMN,high,lm,0.361,0.557,528
813095,SNta28,mechanosensory_tactile,vnc_sensory,SNta,MetaLN,R,mechanosensory bristle,,rh,tactile,cls,,annotated,high,rh,0.857,0.899,441
813097,WG3,gustatory,vnc_sensory,WG,ADMN,L,wing bristle,,,gustatory,cls,,not_leg:ADMN,high,lm,0.352,0.575,584
813099,SNta20,mechanosensory_tactile,vnc_sensory,SNta,MesoLN,R,leg,,rm,tactile,cls,,annotated,high,rm,0.672,0.736,478
813101,SNta20,mechanosensory_tactile,vnc_sensory,SNta,MetaLN,R,mechanosensory bristle,,rh,tactile,cls,,annotated,high,rh,0.731,0.782,494
813105,SNta37,mechanosensory_tactile,vnc_sensory,SNta,MetaLN,R,mechanosensory bristle,,rh,tactile,cls,,annotated,high,rh,0.774,0.881,374
813107,SNta04,mechanosensory_tactile,vnc_sensory,SNta,ADMN,L,mechanosensory bristle,,,tactile,cls,,not_leg:ADMN,high,lh,0.384,0.514,602
813109,SNta11,mechanosensory_tactile,vnc_sensory,SNta,ADMN,L,mechanosensory bristle,,,tactile,cls,,not_leg:ADMN,high,lh,0.297,0.482,558
813113,SNpp35,mechanosensory_proprioceptive,vnc_sensory,SNpp,DMetaN,L,haltere,,,proprio,cls,untyped,not_leg:DMetaN,high,lh,0.644,0.869,422
813117,SNta38,mechanosensory_tactile,vnc_sensory,SNta,MesoLN,R,mechanosensory bristle,,rm,tactile,cls,,annotated,high,rm,0.757,0.807,408
813121,SNta20,mechanosensory_tactile,vnc_sensory,SNta,MesoLN,L,leg,,lm,tactile,cls,,annotated,high,lm,0.735,0.766,462
813122,SNta43,mechanosensory_tactile,vnc_sensory,SNta,MetaLN,L,mechanosensory bristle,,lh,tactile,cls,,annotated,high,lh,0.846,0.888,362
813126,SNpp60,mechanosensory_proprioceptive,vnc_sensory,SNpp,MesoLN,L,chordotonal organ,,lm,proprio,cls,club,annotated,high,lm,0.38,0.444,585
813129,SNta29,mechanosensory_tactile,vnc_sensory,SNta,ProLN,R,mechanosensory bristle,,rf,tactile,cls,,annotated,high,rf,0.69,0.736,262
813131,SNxx33,unknown_sensory,vnc_sensory,SNxx,MetaLN,R,leg,,rh,unknown,none,,annotated,high,rh,0.875,0.934,334
813134,SNxx14,unknown_sensory,vnc_sensory,SNxx,AbN4,L,abdomen,,,unknown,none,,not_leg:AbN4,high,lh,0.402,0.737,385
813135,SNta37,mechanosensory_tactile,vnc_sensory,SNta,MesoLN,L,mechanosensory bristle,,lm,tactile,cls,,annotated,high,lm,0.793,0.827,516
813136,SNxx14,unknown_sensory,vnc_sensory,SNxx,AbN4,L,abdomen,,,unknown,none,,not_leg:AbN4,high,rh,0.391,0.686,418
813144,SNta38,mechanosensory_tactile,vnc_sensory,SNta,MesoLN,L,mechanosensory bristle,,lm,tactile,cls,,annotated,high,lm,0.871,0.907,330
813145,SNta18,mechanosensory_tactile,vnc_sensory,SNta,ADMN,R,mechanosensory bristle,,,tactile,cls,,not_leg:ADMN,high,rh,0.384,0.559,408
813147,SNpp41,mechanosensory_proprioceptive,vnc_sensory,SNpp,MetaLN,R,chordotonal organ,,rh,proprio,cls,hook_41,annotated,high,rh,0.765,0.88,653
813152,SNta38,mechanosensory_tactile,vnc_sensory,SNta,MesoLN,R,mechanosensory bristle,,rm,tactile,cls,,annotated,high,rm,0.705,0.778,472
813154,LgLG1b,gustatory,vnc_sensory,LgLG,MesoLN,L,leg bristle,,lm,gustatory,cls,,annotated,high,lm,0.396,0.527,495
813158,LgLG3,gustatory,vnc_sensory,LgLG,MesoLN,R,leg bristle,,rm,gustatory,cls,,annotated,high,rm,0.48,0.55,605
813160,WG4,gustatory,vnc_sensory,WG,ADMN,R,wing bristle,,,gustatory,cls,,not_leg:ADMN,high,rm,0.45,0.649,512
813161,SNta29,mechanosensory_tactile,vnc_sensory,SNta,MetaLN,R,mechanosensory bristle,,rh,tactile,cls,,annotated,high,rh,0.824,0.865,392
813166,SNta29,mechanosensory_tactile,vnc_sensory,SNta,MesoLN,R,mechanosensory bristle,,rm,tactile,cls,,annotated,high,rm,0.786,0.821,449
813168,SNta04,mechanosensory_tactile,vnc_sensory,SNta,ADMN,L,mechanosensory bristle,,,tactile,cls,,not_leg:ADMN,high,lh,0.36,0.476,513
813172,SNpp47,mechanosensory_proprioceptive,vnc_sensory,SNpp,MetaLN,R,chordotonal organ,,rh,proprio,cls,club,annotated,high,rh,0.638,0.849,581
813176,SNta37,mechanosensory_tactile,vnc_sensory,SNta,MesoLN,R,mechanosensory bristle,,rm,tactile,cls,,annotated,high,rm,0.756,0.802,495
813178,SNta37,mechanosensory_tactile,vnc_sensory,SNta,MetaLN,R,mechanosensory bristle,,rh,tactile,cls,,annotated,high,rh,0.751,0.806,404
813180,SNta38,mechanosensory_tactile,vnc_sensory,SNta,MetaLN,R,mechanosensory bristle,,rh,tactile,cls,,annotated,high,rh,0.838,0.955,442
813182,SNta28,mechanosensory_tactile,vnc_sensory,SNta,MetaLN,R,mechanosensory bristle,,rh,tactile,cls,,annotated,high,rh,0.846,0.886,454
813185,SNpp60,mechanosensory_proprioceptive,vnc_sensory,SNpp,MetaLN,R,chordotonal organ,,rh,proprio,cls,club,annotated,high,rh,0.465,0.683,713
813187,SNta28,mechanosensory_tactile,vnc_sensory,SNta,MetaLN,R,mechanosensory bristle,,rh,tactile,cls,,annotated,high,rh,0.916,0.961,726
813189,SNxx14,unknown_sensory,vnc_sensory,SNxx,AbN4,L,abdomen,,,unknown,none,,not_leg:AbN4,high,rh,0.414,0.773,367
813195,SNta21,mechanosensory_tactile,vnc_sensory,SNta,MetaLN,L,mechanosensory bristle,,lh,tactile,cls,,annotated,high,lh,0.868,0.96,211
813196,SNta37,mechanosensory_tactile,vnc_sensory,SNta,MesoLN,L,mechanosensory bristle,,lm,tactile,cls,,annotated,high,lm,0.677,0.743,498
813197,WG3,gustatory,vnc_sensory,WG,ADMN,R,wing bristle,,,gustatory,cls,,not_leg:ADMN,high,rm,0.338,0.488,513
813203,SNta04,mechanosensory_tactile,vnc_sensory,SNta,ADMN,L,mechanosensory bristle,,,tactile,cls,,not_leg:ADMN,high,lh,0.38,0.508,505
813210,"SNta02,SNta09",mechanosensory_tactile,vnc_sensory,SNta,PDMN,L,mechanosensory bristle,,,tactile,cls,,not_leg:PDMN,high,lm,0.342,0.518,504
813215,SNta29,mechanosensory_tactile,vnc_sensory,SNta,MetaLN,L,mechanosensory bristle,,lh,tactile,cls,,annotated,high,lh,0.754,0.823,391
813225,"SNta02,SNta09",mechanosensory_tactile,vnc_sensory,SNta,PDMN,L,notum,,,tactile,cls,,not_leg:PDMN,high,lm,0.318,0.471,483
813226,WG3,gustatory,vnc_sensory,WG,ADMN,R,wing bristle,,,gustatory,cls,,not_leg:ADMN,high,rm,0.371,0.54,496
813227,WG2,gustatory,vnc_sensory,WG,ADMN,R,wing bristle,,,gustatory,cls,,not_leg:ADMN,high,rh,0.352,0.501,552
813228,SNta11,mechanosensory_tactile,vnc_sensory,SNta,ADMN,L,mechanosensory bristle,,,tactile,cls,,not_leg:ADMN,high,lh,0.305,0.443,522
813230,"SNta02,SNta09",mechanosensory_tactile,vnc_sensory,SNta,PDMN,L,mechanosensory bristle,,,tactile,cls,,not_leg:PDMN,high,lm,0.328,0.463,505
813233,SNta30,mechanosensory_tactile,vnc_sensory,SNta,MesoLN,R,mechanosensory bristle,,rm,tactile,cls,,annotated,high,rm,0.796,0.81,508
813234,SNta33,mechanosensory_tactile,vnc_sensory,SNta,DProN,R,mechanosensory bristle,,rf,tactile,cls,,annotated,low,rm,0.403,0.542,413
813235,WG3,gustatory,vnc_sensory,WG,ADMN,R,wing bristle,,,gustatory,cls,,not_leg:ADMN,high,rm,0.339,0.506,558
813242,SNta25,mechanosensory_tactile,vnc_sensory,SNta,MesoLN,R,mechanosensory bristle,,rm,tactile,cls,,annotated,high,rm,0.788,0.831,426
813244,SNta45,mechanosensory_tactile,vnc_sensory,SNta,MesoLN,R,mechanosensory bristle,,rm,tactile,cls,,annotated,high,rm,0.79,0.815,371
813248,SNxx02,unknown_sensory,vnc_sensory,SNxx,AbNT,L,abdomen,,,unknown,none,,not_leg:AbNT,high,rh,0.375,0.706,307
813254,"SNta04,SNta11",mechanosensory_tactile,vnc_sensory,SNta,ADMN,L,mechanosensory bristle,,,tactile,cls,,not_leg:ADMN,high,lh,0.342,0.466,542
813256,LgLG1a,gustatory,vnc_sensory,LgLG,MesoLN,R,leg bristle,,rm,gustatory,cls,,annotated,high,rm,0.38,0.59,492
813260,SNta29,mechanosensory_tactile,vnc_sensory,SNta,MesoLN,L,mechanosensory bristle,,lm,tactile,cls,,annotated,high,lm,0.873,0.89,601
813265,WG2,gustatory,vnc_sensory,WG,ADMN,R,wing bristle,,,gustatory,cls,,not_leg:ADMN,high,rh,0.392,0.548,534
813268,SNxx29,unknown_sensory,vnc_sensory,SNxx,ProLN,R,leg,,rf,unknown,none,,annotated,high,rf,0.676,0.7,408
813270,SNxx03,unknown_sensory,vnc_sensory,SNxx,AbN4,L,abdomen,,,unknown,none,,not_leg:AbN4,high,lm,0.402,0.507,206
813279,SNta20,mechanosensory_tactile,vnc_sensory,SNta,ProLN,L,mechanosensory bristle,,lf,tactile,cls,,annotated,high,lf,0.804,0.818,305
813280,SNxx04,unknown_sensory,vnc_sensory,SNxx,AbNT,L,abdomen,,,unknown,none,,not_leg:AbNT,high,lh,0.391,0.691,346
813284,SNta42,mechanosensory_tactile,vnc_sensory,SNta,MesoLN,L,mechanosensory bristle,,lm,tactile,cls,,annotated,high,lm,0.845,0.87,343
813285,SNta18,mechanosensory_tactile,vnc_sensory,SNta,ADMN,R,mechanosensory bristle,,,tactile,cls,,not_leg:ADMN,high,rh,0.354,0.552,458
813286,SNpp50,mechanosensory_proprioceptive,vnc_sensory,SNpp,MetaLN,R,chordotonal organ,FeCO claw,rh,proprio,cls,claw_50,annotated,high,rh,0.846,0.941,622
813293,SNta28,mechanosensory_tactile,vnc_sensory,SNta,MetaLN,R,mechanosensory bristle,,rh,tactile,cls,,annotated,high,rh,0.868,0.963,309
813296,LgLG3,gustatory,vnc_sensory,LgLG,MesoLN,L,leg bristle,,lm,gustatory,cls,,annotated,high,lm,0.588,0.646,506
813297,SNta11,mechanosensory_tactile,vnc_sensory,SNta,ADMN,L,mechanosensory bristle,,,tactile,cls,,not_leg:ADMN,high,lh,0.292,0.436,522
813298,SNta18,mechanosensory_tactile,vnc_sensory,SNta,ADMN,R,mechanosensory bristle,,,tactile,cls,,not_leg:ADMN,high,rh,0.377,0.567,463
813299,SNpp15,mechanosensory_proprioceptive,vnc_sensory,SNpp,DMetaN,L,haltere,,,proprio,cls,untyped,not_leg:DMetaN,high,lh,0.553,0.753,526
813300,SNta38,mechanosensory_tactile,vnc_sensory,SNta,MesoLN,R,mechanosensory bristle,,rm,tactile,cls,,annotated,high,rm,0.766,0.825,542
813305,SNxx33,unknown_sensory,vnc_sensory,SNxx,MetaLN,L,leg,,lh,unknown,none,,annotated,high,lh,0.742,0.895,377
813316,SNxx02,unknown_sensory,vnc_sensory,SNxx,AbNT,R,abdomen,,,unknown,none,,not_leg:AbNT,high,rh,0.454,0.757,206
813319,SNta29,mechanosensory_tactile,vnc_sensory,SNta,MesoLN,R,mechanosensory bristle,,rm,tactile,cls,,annotated,high,rm,0.845,0.871,507
813321,SNta37,mechanosensory_tactile,vnc_sensory,SNta,MesoLN,L,mechanosensory bristle,,lm,tactile,cls,,annotated,high,lm,0.758,0.812,519
813327,SNta18,mechanosensory_tactile,vnc_sensory,SNta,ADMN,R,mechanosensory bristle,,,tactile,cls,,not_leg:ADMN,high,rh,0.321,0.506,356
813329,SNta18,mechanosensory_tactile,vnc_sensory,SNta,ADMN,R,mechanosensory bristle,,,tactile,cls,,not_leg:ADMN,high,rh,0.352,0.547,400
813331,WG2,gustatory,vnc_sensory,WG,ADMN,L,wing bristle,,,gustatory,cls,,not_leg:ADMN,high,lh,0.323,0.44,527
813335,LgLG1b,gustatory,vnc_sensory,LgLG,MesoLN,R,leg bristle,,rm,gustatory,cls,,annotated,high,rm,0.476,0.608,553
813337,SNta28,mechanosensory_tactile,vnc_sensory,SNta,MetaLN,R,mechanosensory bristle,,rh,tactile,cls,,annotated,high,rh,0.889,0.944,370
813339,SNta20,mechanosensory_tactile,vnc_sensory,SNta,MetaLN,L,mechanosensory bristle,,lh,tactile,cls,,annotated,high,lh,0.673,0.725,402
813340,SNta11,mechanosensory_tactile,vnc_sensory,SNta,ADMN,L,mechanosensory bristle,,,tactile,cls,,not_leg:ADMN,high,lm,0.309,0.487,582
813341,"SNta04,SNta11",mechanosensory_tactile,vnc_sensory,SNta,ADMN,L,mechanosensory bristle,,,tactile,cls,,not_leg:ADMN,high,lh,0.316,0.452,496
813348,SNxxxx,mechanosensory_proprioceptive,vnc_sensory,SNxxxx,MetaLN,L,leg,,lh,proprio,cls,untyped,annotated,high,lh,0.857,0.911,401
813349,SNpp60,mechanosensory_proprioceptive,vnc_sensory,SNpp,MesoLN,L,chordotonal organ,,lm,proprio,cls,club,annotated,high,lm,0.347,0.428,612
813351,SNta21,mechanosensory_tactile,vnc_sensory,SNta,MetaLN,R,mechanosensory bristle,,rh,tactile,cls,,annotated,high,rh,0.852,0.933,328
813354,SNta20,mechanosensory_tactile,vnc_sensory,SNta,MetaLN,R,mechanosensory bristle,,rh,tactile,cls,,annotated,high,rh,0.712,0.792,541
813356,SNxx14,unknown_sensory,vnc_sensory,SNxx,AbN4,R,abdomen,,,unknown,none,,not_leg:AbN4,high,rh,0.415,0.725,414
813359,WG4,gustatory,vnc_sensory,WG,ADMN,R,wing bristle,,,gustatory,cls,,not_leg:ADMN,high,rm,0.458,0.649,560
813361,SNta18,mechanosensory_tactile,vnc_sensory,SNta,ADMN,R,mechanosensory bristle,,,tactile,cls,,not_leg:ADMN,high,rh,0.399,0.628,504
813362,SNxx02,unknown_sensory,vnc_sensory,SNxx,AbNT,R,abdomen,,,unknown,none,,not_leg:AbNT,high,rh,0.433,0.712,294
813367,SNxx14,unknown_sensory,vnc_sensory,SNxx,AbN4,L,abdomen,,,unknown,none,,not_leg:AbN4,high,rh,0.364,0.675,425
813368,SNxx04,unknown_sensory,vnc_sensory,SNxx,AbN4,L,abdomen,,,unknown,none,,not_leg:AbN4,high,lm,0.347,0.503,97
813370,"SNta02,SNta09",mechanosensory_tactile,vnc_sensory,SNta,PDMN,R,notum,,,tactile,cls,,not_leg:PDMN,high,lm,0.315,0.534,376
813371,SNxx21,unknown_sensory,vnc_sensory,SNxx,AbN4,L,abdomen,,,unknown,none,,not_leg:AbN4,high,rh,0.442,0.789,338
813373,"SNta25,SNta30",mechanosensory_tactile,vnc_sensory,SNta,MesoLN,R,mechanosensory bristle,,rm,tactile,cls,,annotated,high,rm,0.817,0.826,459
813376,SNta42,mechanosensory_tactile,vnc_sensory,SNta,MesoLN,R,mechanosensory bristle,,rm,tactile,cls,,annotated,high,rm,0.446,0.58,362
813379,SNta25,mechanosensory_tactile,vnc_sensory,SNta,MesoLN,R,mechanosensory bristle,,rm,tactile,cls,,annotated,high,rm,0.829,0.848,430
813381,SNta44,mechanosensory_tactile,vnc_sensory,SNta,MesoLN,L,mechanosensory bristle,,lm,tactile,cls,,annotated,high,lm,0.847,0.87,374
813383,SNta04,mechanosensory_tactile,vnc_sensory,SNta,ADMN,L,mechanosensory bristle,,,tactile,cls,,not_leg:ADMN,high,lh,0.367,0.485,537
813386,WG3,gustatory,vnc_sensory,WG,ADMN,R,wing bristle,,,gustatory,cls,,not_leg:ADMN,high,rm,0.314,0.519,495
813387,SNta37,mechanosensory_tactile,vnc_sensory,SNta,MesoLN,R,mechanosensory bristle,,rm,tactile,cls,,annotated,high,rm,0.773,0.813,440
813393,WG3,gustatory,vnc_sensory,WG,ADMN,R,wing bristle,,,gustatory,cls,,not_leg:ADMN,high,rm,0.349,0.545,510
813396,WG3,gustatory,vnc_sensory,WG,ADMN,L,wing bristle,,,gustatory,cls,,not_leg:ADMN,high,lm,0.319,0.524,501
813397,WG3,gustatory,vnc_sensory,WG,ADMN,L,wing bristle,,,gustatory,cls,,not_leg:ADMN,high,lm,0.34,0.522,520
813398,SNta23,mechanosensory_tactile,vnc_sensory,SNta,MetaLN,L,mechanosensory bristle,,lh,tactile,cls,,annotated,medium,lm,0.475,0.503,331
813400,SNta04,mechanosensory_tactile,vnc_sensory,SNta,ADMN,L,mechanosensory bristle,,,tactile,cls,,not_leg:ADMN,high,lh,0.367,0.496,486
813401,SNta28,mechanosensory_tactile,vnc_sensory,SNta,MesoLN,R,mechanosensory bristle,,rm,tactile,cls,,annotated,high,rm,0.795,0.813,558
813402,WG4,gustatory,vnc_sensory,WG,ADMN,R,wing bristle,,,gustatory,cls,,not_leg:ADMN,high,rm,0.466,0.647,490
813407,SNta18,mechanosensory_tactile,vnc_sensory,SNta,ADMN,R,mechanosensory bristle,,,tactile,cls,,not_leg:ADMN,high,rh,0.365,0.582,464
813408,SNxx01,unknown_sensory,vnc_sensory,SNxx,AbN4,R,abdomen,,,unknown,none,,not_leg:AbN4,high,rh,0.446,0.613,526
813412,"SNta02,SNta09",mechanosensory_tactile,vnc_sensory,SNta,PDMN,R,notum,,,tactile,cls,,not_leg:PDMN,high,lm,0.272,0.504,415
813415,SNta30,mechanosensory_tactile,vnc_sensory,SNta,MetaLN,L,mechanosensory bristle,,lh,tactile,cls,,annotated,high,lh,0.705,0.776,312
813417,SNpp58,mechanosensory_proprioceptive,vnc_sensory,SNpp,MesoLN,R,chordotonal organ,,rm,proprio,cls,club,annotated,high,rm,0.485,0.651,478
813419,WG3,gustatory,vnc_sensory,WG,ADMN,L,wing bristle,,,gustatory,cls,,not_leg:ADMN,high,lm,0.332,0.523,599
813420,SNta43,mechanosensory_tactile,vnc_sensory,SNta,MesoLN,R,mechanosensory bristle,,rm,tactile,cls,,annotated,high,rm,0.536,0.562,380
813421,SNta11,mechanosensory_tactile,vnc_sensory,SNta,ADMN,L,mechanosensory bristle,,,tactile,cls,,not_leg:ADMN,high,lh,0.304,0.433,474
813426,LgLG1b,gustatory,vnc_sensory,LgLG,MesoLN,R,leg bristle,,rm,gustatory,cls,,annotated,high,rm,0.514,0.613,523
813431,WG4,gustatory,vnc_sensory,WG,ADMN,R,wing bristle,,,gustatory,cls,,not_leg:ADMN,high,rm,0.479,0.66,519
813437,SNta38,mechanosensory_tactile,vnc_sensory,SNta,MesoLN,R,mechanosensory bristle,,rm,tactile,cls,,annotated,high,rm,0.741,0.815,409
813438,WG4,gustatory,vnc_sensory,WG,ADMN,R,wing bristle,,,gustatory,cls,,not_leg:ADMN,high,rm,0.509,0.681,502
813446,"SNta02,SNta09",mechanosensory_tactile,vnc_sensory,SNta,PDMN,L,notum,,,tactile,cls,,not_leg:PDMN,high,lf,0.255,0.409,379
813447,WG4,gustatory,vnc_sensory,WG,ADMN,L,wing bristle,,,gustatory,cls,,not_leg:ADMN,high,lm,0.37,0.604,626
813448,SNta25,mechanosensory_tactile,vnc_sensory,SNta,MetaLN,L,mechanosensory bristle,,lh,tactile,cls,,annotated,high,lh,0.774,0.885,416
813450,SNpp50,mechanosensory_proprioceptive,vnc_sensory,SNpp,MetaLN,L,chordotonal organ,,lh,proprio,cls,claw_50,annotated,high,lh,0.859,0.989,222
813451,SNpp36,mechanosensory_proprioceptive,vnc_sensory,SNpp,ADMN,R,campaniform sensilla,,,proprio,cls,campaniform,not_leg:ADMN,high,lh,0.35,0.694,170
813454,SNta29,mechanosensory_tactile,vnc_sensory,SNta,MesoLN,L,mechanosensory bristle,,lm,tactile,cls,,annotated,high,lm,0.845,0.866,505
813459,SNta37,mechanosensory_tactile,vnc_sensory,SNta,MesoLN,R,mechanosensory bristle,,rm,tactile,cls,,annotated,high,rm,0.815,0.845,474
813461,WG3,gustatory,vnc_sensory,WG,ADMN,L,wing bristle,,,gustatory,cls,,not_leg:ADMN,high,lm,0.367,0.603,544
813468,LgLG1a,gustatory,vnc_sensory,LgLG,MetaLN,L,leg bristle,,lh,gustatory,cls,,annotated,high,lh,0.299,0.446,671
813471,LgLG5,gustatory,vnc_sensory,LgLG,ProLN,R,leg bristle,,rf,gustatory,cls,,annotated,medium,lf,0.521,0.799,371
813476,WG3,gustatory,vnc_sensory,WG,ADMN,L,wing bristle,,,gustatory,cls,,not_leg:ADMN,high,lm,0.329,0.521,641
813477,"SNta27,SNta28",mechanosensory_tactile,vnc_sensory,SNta,MesoLN,L,mechanosensory bristle,,lm,tactile,cls,,annotated,high,lm,0.861,0.886,408
813478,SNtaxx,mechanosensory_tactile,vnc_sensory,SNtaxx,MesoLN,L,leg,,lm,tactile,cls,,annotated,high,lm,0.73,0.731,283
813479,"SNta04,SNta11",mechanosensory_tactile,vnc_sensory,SNta,ADMN,L,mechanosensory bristle,,,tactile,cls,,not_leg:ADMN,high,lh,0.322,0.436,488
813484,SNxx14,unknown_sensory,vnc_sensory,SNxx,AbN3,L,abdomen,,,unknown,none,,not_leg:AbN3,high,lh,0.315,0.618,389
813486,LgLG1b,gustatory,vnc_sensory,LgLG,MetaLN,L,leg bristle,,lh,gustatory,cls,,annotated,high,lh,0.348,0.445,530
813487,LgLG1b,gustatory,vnc_sensory,LgLG,MetaLN,R,leg bristle,,rh,gustatory,cls,,annotated,high,rh,0.388,0.507,400
813492,SNta19,mechanosensory_tactile,vnc_sensory,SNta,MesoLN,R,mechanosensory bristle,,rm,tactile,cls,,annotated,high,rm,0.623,0.681,432
813493,WG3,gustatory,vnc_sensory,WG,ADMN,L,wing bristle,,,gustatory,cls,,not_leg:ADMN,high,lm,0.399,0.607,569
813494,SNxx32,unknown_sensory,vnc_sensory,SNxx,MesoLN,R,leg,,rm,unknown,none,,annotated,medium,lh,0.512,0.994,1170
813500,SNpp48,mechanosensory_proprioceptive,vnc_sensory,SNpp,MesoLN,L,chordotonal organ,,lm,proprio,cls,co_unclassified,annotated,high,lm,0.985,0.99,688
813501,SNta11,mechanosensory_tactile,vnc_sensory,SNta,ADMN,R,mechanosensory bristle,,,tactile,cls,,not_leg:ADMN,high,rh,0.332,0.462,362
813503,WG3,gustatory,vnc_sensory,WG,ADMN,L,wing bristle,,,gustatory,cls,,not_leg:ADMN,high,lm,0.356,0.559,579
813504,SNta18,mechanosensory_tactile,vnc_sensory,SNta,ADMN,R,mechanosensory bristle,,,tactile,cls,,not_leg:ADMN,high,rh,0.38,0.556,460
813508,SNta04,mechanosensory_tactile,vnc_sensory,SNta,ADMN,L,mechanosensory bristle,,,tactile,cls,,not_leg:ADMN,high,lh,0.357,0.472,501
813509,SNta29,mechanosensory_tactile,vnc_sensory,SNta,MesoLN,R,mechanosensory bristle,,rm,tactile,cls,,annotated,high,rm,0.813,0.845,401
813510,SNta29,mechanosensory_tactile,vnc_sensory,SNta,ProLN,L,mechanosensory bristle,,lf,tactile,cls,,annotated,high,lf,0.804,0.821,376
813512,SNta37,mechanosensory_tactile,vnc_sensory,SNta,MetaLN,R,mechanosensory bristle,,rh,tactile,cls,,annotated,high,rh,0.763,0.859,385
813513,SNta20,mechanosensory_tactile,vnc_sensory,SNta,MesoLN,R,leg,,rm,tactile,cls,,annotated,high,rm,0.697,0.753,472
813514,"SNta02,SNta09",mechanosensory_tactile,vnc_sensory,SNta,PDMN,L,notum,,,tactile,cls,,not_leg:PDMN,high,lm,0.238,0.431,452
813516,SNpp50,mechanosensory_proprioceptive,vnc_sensory,SNpp,MesoLN,R,chordotonal organ,,rm,proprio,cls,claw_50,annotated,high,rm,0.986,0.99,159
813517,WG3,gustatory,vnc_sensory,WG,ADMN,L,wing bristle,,,gustatory,cls,,not_leg:ADMN,high,lm,0.419,0.59,541
813519,SNta20,mechanosensory_tactile,vnc_sensory,SNta,MesoLN,R,leg,,rm,tactile,cls,,annotated,high,rm,0.697,0.761,441
813521,SNta37,mechanosensory_tactile,vnc_sensory,SNta,MetaLN,R,mechanosensory bristle,,rh,tactile,cls,,annotated,high,rh,0.814,0.919,317
813526,LgLG1b,gustatory,vnc_sensory,LgLG,MesoLN,R,leg bristle,,rm,gustatory,cls,,annotated,high,rm,0.442,0.576,509
813527,SNta22,mechanosensory_tactile,vnc_sensory,SNta,MesoLN,L,mechanosensory bristle,,lm,tactile,cls,,annotated,high,lm,0.544,0.606,529
813529,SNta20,mechanosensory_tactile,vnc_sensory,SNta,MetaLN,L,mechanosensory bristle,,lh,tactile,cls,,annotated,high,lh,0.61,0.666,387
813532,SNta04,mechanosensory_tactile,vnc_sensory,SNta,ADMN,R,mechanosensory bristle,,,tactile,cls,,not_leg:ADMN,high,rh,0.344,0.525,420
813534,SNta29,mechanosensory_tactile,vnc_sensory,SNta,ProLN,L,mechanosensory bristle,,lf,tactile,cls,,annotated,high,lf,0.846,0.859,211
813537,SNta28,mechanosensory_tactile,vnc_sensory,SNta,MesoLN,R,mechanosensory bristle,,rm,tactile,cls,,annotated,high,rm,0.764,0.784,397
813541,WG4,gustatory,vnc_sensory,WG,ADMN,R,wing bristle,,,gustatory,cls,,not_leg:ADMN,high,rm,0.463,0.647,473
813545,SNta45,mechanosensory_tactile,vnc_sensory,SNta,MesoLN,R,mechanosensory bristle,,rm,tactile,cls,,annotated,high,rm,0.863,0.886,426
813548,SNta29,mechanosensory_tactile,vnc_sensory,SNta,MetaLN,L,mechanosensory bristle,,lh,tactile,cls,,annotated,high,lh,0.718,0.763,306
813549,SNta25,mechanosensory_tactile,vnc_sensory,SNta,MesoLN,R,mechanosensory bristle,,rm,tactile,cls,,annotated,high,rm,0.798,0.835,415
813551,"SNta02,SNta09",mechanosensory_tactile,vnc_sensory,SNta,PDMN,R,notum,,,tactile,cls,,not_leg:PDMN,high,rm,0.374,0.556,202
813554,SNta04,mechanosensory_tactile,vnc_sensory,SNta,ADMN,L,mechanosensory bristle,,,tactile,cls,,not_leg:ADMN,high,lh,0.387,0.504,443
813558,SNta31,mechanosensory_tactile,vnc_sensory,SNta,MetaLN,L,mechanosensory bristle,,lh,tactile,cls,,annotated,high,lh,0.616,0.675,316
813562,WG3,gustatory,vnc_sensory,WG,ADMN,R,wing bristle,,,gustatory,cls,,not_leg:ADMN,high,rm,0.337,0.511,500
813563,SNta04,mechanosensory_tactile,vnc_sensory,SNta,ADMN,L,mechanosensory bristle,,,tactile,cls,,not_leg:ADMN,high,lh,0.371,0.485,536
813567,LgLG1b,gustatory,vnc_sensory,LgLG,MesoLN,L,leg bristle,,lm,gustatory,cls,,annotated,high,lm,0.431,0.618,409
813569,LgLG1b,gustatory,vnc_sensory,LgLG,MesoLN,R,leg bristle,,rm,gustatory,cls,,annotated,high,rm,0.452,0.583,569
813570,SNta18,mechanosensory_tactile,vnc_sensory,SNta,ADMN,R,mechanosensory bristle,,,tactile,cls,,not_leg:ADMN,high,rh,0.382,0.543,424
813572,SNta25,mechanosensory_tactile,vnc_sensory,SNta,MesoLN,R,mechanosensory bristle,,rm,tactile,cls,,annotated,high,rm,0.751,0.779,371
813573,WG4,gustatory,vnc_sensory,WG,ADMN,R,wing bristle,,,gustatory,cls,,not_leg:ADMN,high,rm,0.455,0.631,527
813574,SNta20,mechanosensory_tactile,vnc_sensory,SNta,MesoLN,R,mechanosensory bristle,,rm,tactile,cls,,annotated,high,rm,0.779,0.804,514
813579,SNta04,mechanosensory_tactile,vnc_sensory,SNta,ADMN,L,mechanosensory bristle,,,tactile,cls,,not_leg:ADMN,high,lh,0.405,0.525,530
813581,SNta37,mechanosensory_tactile,vnc_sensory,SNta,MetaLN,L,mechanosensory bristle,,lh,tactile,cls,,annotated,high,lh,0.684,0.74,356
813582,SNta34,mechanosensory_tactile,vnc_sensory,SNta,MesoLN,L,mechanosensory bristle,,lm,tactile,cls,,annotated,high,lm,0.593,0.703,401
813585,WG3,gustatory,vnc_sensory,WG,ADMN,L,wing bristle,,,gustatory,cls,,not_leg:ADMN,high,lm,0.35,0.567,516
813590,SNta25,mechanosensory_tactile,vnc_sensory,SNta,MesoLN,L,mechanosensory bristle,,lm,tactile,cls,,annotated,high,lm,0.852,0.884,281
813591,SNta07,mechanosensory_tactile,vnc_sensory,SNta,ADMN,R,mechanosensory bristle,,,tactile,cls,,not_leg:ADMN,high,rm,0.338,0.536,446
813592,SNta35,mechanosensory_tactile,vnc_sensory,SNta,MesoLN,L,mechanosensory bristle,,lm,tactile,cls,,annotated,high,lm,0.679,0.721,451
813597,SNta20,mechanosensory_tactile,vnc_sensory,SNta,MesoLN,L,leg,,lm,tactile,cls,,annotated,high,lm,0.806,0.836,473
813599,WG3,gustatory,vnc_sensory,WG,ADMN,L,wing bristle,,,gustatory,cls,,not_leg:ADMN,high,lm,0.378,0.572,463
813600,SNta20,mechanosensory_tactile,vnc_sensory,SNta,MetaLN,R,mechanosensory bristle,,rh,tactile,cls,,annotated,high,rh,0.781,0.815,536
813601,SNta29,mechanosensory_tactile,vnc_sensory,SNta,MesoLN,R,mechanosensory bristle,,rm,tactile,cls,,annotated,high,rm,0.749,0.789,432
813604,LgLG1b,gustatory,vnc_sensory,LgLG,MesoLN,L,leg bristle,,lm,gustatory,cls,,annotated,high,lm,0.388,0.551,451
813607,WG3,gustatory,vnc_sensory,WG,ADMN,R,wing bristle,,,gustatory,cls,,not_leg:ADMN,high,rm,0.331,0.525,446
813609,"SNta02,SNta09",mechanosensory_tactile,vnc_sensory,SNta,PDMN,L,notum,,,tactile,cls,,not_leg:PDMN,high,lm,0.331,0.505,449
813611,WG3,gustatory,vnc_sensory,WG,ADMN,R,wing bristle,,,gustatory,cls,,not_leg:ADMN,high,rm,0.424,0.623,522
813618,WG4,gustatory,vnc_sensory,WG,ADMN,R,wing bristle,,,gustatory,cls,,not_leg:ADMN,high,rm,0.475,0.66,498
813622,SNta34,mechanosensory_tactile,vnc_sensory,SNta,MesoLN,L,mechanosensory bristle,,lm,tactile,cls,,annotated,high,lm,0.678,0.76,397
813623,WG3,gustatory,vnc_sensory,WG,ADMN,R,wing bristle,,,gustatory,cls,,not_leg:ADMN,high,rm,0.346,0.531,495
813624,SNta30,mechanosensory_tactile,vnc_sensory,SNta,MesoLN,L,mechanosensory bristle,,lm,tactile,cls,,annotated,high,lm,0.844,0.862,384
813627,SNta21,mechanosensory_tactile,vnc_sensory,SNta,MetaLN,L,mechanosensory bristle,,lh,tactile,cls,,annotated,high,lh,0.858,0.933,300
813630,"SNta02,SNta09",mechanosensory_tactile,vnc_sensory,SNta,PDMN,R,notum,,,tactile,cls,,not_leg:PDMN,high,rm,0.261,0.473,373
813631,"SNta02,SNta09",mechanosensory_tactile,vnc_sensory,SNta,PDMN,L,mechanosensory bristle,,,tactile,cls,,not_leg:PDMN,high,lf,0.302,0.413,460
813635,SNxx20,unknown_sensory,vnc_sensory,SNxx,AbN4,L,abdomen,,,unknown,none,,not_leg:AbN4,high,rh,0.463,0.891,385
813636,LgLG1a,gustatory,vnc_sensory,LgLG,ProLN,L,leg bristle,,lf,gustatory,cls,,annotated,high,lm,0.303,0.522,497
813640,SNta38,mechanosensory_tactile,vnc_sensory,SNta,MesoLN,R,mechanosensory bristle,,rm,tactile,cls,,annotated,high,rm,0.69,0.776,375
813644,SNpp41,mechanosensory_proprioceptive,vnc_sensory,SNpp,MetaLN,L,chordotonal organ,,lh,proprio,cls,hook_41,annotated,high,lh,0.59,0.767,451
813646,WG2,gustatory,vnc_sensory,WG,ADMN,R,wing bristle,,,gustatory,cls,,not_leg:ADMN,high,rh,0.394,0.542,527
813649,WG4,gustatory,vnc_sensory,WG,ADMN,R,wing bristle,,,gustatory,cls,,not_leg:ADMN,high,rm,0.49,0.667,502
813652,SNta44,mechanosensory_tactile,vnc_sensory,SNta,MesoLN,L,mechanosensory bristle,,lm,tactile,cls,,annotated,high,lm,0.797,0.824,440
813653,SNta20,mechanosensory_tactile,vnc_sensory,SNta,MesoLN,L,mechanosensory bristle,,lm,tactile,cls,,annotated,high,lm,0.809,0.832,513
813656,LgLG1b,gustatory,vnc_sensory,LgLG,MesoLN,R,leg bristle,,rm,gustatory,cls,,annotated,high,rm,0.494,0.616,544
813657,SNta18,mechanosensory_tactile,vnc_sensory,SNta,ADMN,R,mechanosensory bristle,,,tactile,cls,,not_leg:ADMN,high,rh,0.395,0.589,403
813659,SNxx03,unknown_sensory,vnc_sensory,SNxx,AbN4,L,abdomen,,,unknown,none,,not_leg:AbN4,high,lm,0.387,0.51,236
813662,WG3,gustatory,vnc_sensory,WG,ADMN,R,wing bristle,,,gustatory,cls,,not_leg:ADMN,high,rm,0.337,0.518,502
813663,SNta28,mechanosensory_tactile,vnc_sensory,SNta,MesoLN,R,mechanosensory bristle,,rm,tactile,cls,,annotated,high,rm,0.795,0.813,472
813665,SNxx04,unknown_sensory,vnc_sensory,SNxx,AbN4,L,abdomen,,,unknown,none,,not_leg:AbN4,high,lm,0.292,0.562,278
813667,SNta38,mechanosensory_tactile,vnc_sensory,SNta,MesoLN,R,mechanosensory bristle,,rm,tactile,cls,,annotated,high,rm,0.746,0.816,374
813668,LgLG3,gustatory,vnc_sensory,LgLG,MetaLN,L,leg bristle,,lh,gustatory,cls,,annotated,high,lh,0.447,0.571,491
813670,WG3,gustatory,vnc_sensory,WG,ADMN,R,wing bristle,,,gustatory,cls,,not_leg:ADMN,high,rm,0.344,0.512,481
813672,SNta20,mechanosensory_tactile,vnc_sensory,SNta,MetaLN,R,mechanosensory bristle,,rh,tactile,cls,,annotated,high,rh,0.708,0.782,457
813679,SNta29,mechanosensory_tactile,vnc_sensory,SNta,MetaLN,L,mechanosensory bristle,,lh,tactile,cls,,annotated,high,lh,0.781,0.815,382
813692,WG3,gustatory,vnc_sensory,WG,ADMN,R,wing bristle,,,gustatory,cls,,not_leg:ADMN,high,rm,0.326,0.501,479
813693,SNpp58,mechanosensory_proprioceptive,vnc_sensory,SNpp,MetaLN,L,chordotonal organ,,lh,proprio,cls,club,annotated,high,lh,0.501,0.57,493
813699,SNxx21,unknown_sensory,vnc_sensory,SNxx,AbN4,R,abdomen,,,unknown,none,,not_leg:AbN4,high,rh,0.577,0.85,276
813700,WG3,gustatory,vnc_sensory,WG,ADMN,L,wing bristle,,,gustatory,cls,,not_leg:ADMN,high,lm,0.413,0.567,500
813701,SNta37,mechanosensory_tactile,vnc_sensory,SNta,MetaLN,L,mechanosensory bristle,,lh,tactile,cls,,annotated,high,lh,0.675,0.725,331
813704,LgLG5,gustatory,vnc_sensory,LgLG,ProLN,R,leg bristle,,rf,gustatory,cls,,annotated,medium,lf,0.464,0.885,351
813707,SNta07,mechanosensory_tactile,vnc_sensory,SNta,ADMN,L,mechanosensory bristle,,,tactile,cls,,not_leg:ADMN,high,lm,0.28,0.409,470
813708,"SNta04,SNta11",mechanosensory_tactile,vnc_sensory,SNta,ADMN,R,mechanosensory bristle,,,tactile,cls,,not_leg:ADMN,high,rh,0.37,0.552,397
813710,SNta20,mechanosensory_tactile,vnc_sensory,SNta,MesoLN,R,mechanosensory bristle,,rm,tactile,cls,,annotated,high,rm,0.753,0.792,504
813711,LgLG3,gustatory,vnc_sensory,LgLG,MetaLN,R,leg bristle,,rh,gustatory,cls,,annotated,high,rh,0.586,0.671,467
813713,SNta29,mechanosensory_tactile,vnc_sensory,SNta,MesoLN,R,mechanosensory bristle,,rm,tactile,cls,,annotated,high,rm,0.671,0.734,478
813714,SApp,mechanosensory_proprioceptive,sensory_ascending,SApp,DMetaN,R,haltere,,,proprio,cls,untyped,not_leg:DMetaN,high,lh,0.386,0.633,201
813715,SNta11,mechanosensory_tactile,vnc_sensory,SNta,ADMN,R,mechanosensory bristle,,,tactile,cls,,not_leg:ADMN,high,rm,0.286,0.478,436
813716,SNta29,mechanosensory_tactile,vnc_sensory,SNta,MesoLN,R,mechanosensory bristle,,rm,tactile,cls,,annotated,high,rm,0.774,0.818,395
813718,WG2,gustatory,vnc_sensory,WG,ADMN,L,wing bristle,,,gustatory,cls,,not_leg:ADMN,high,lh,0.331,0.471,570
813719,SNta37,mechanosensory_tactile,vnc_sensory,SNta,MetaLN,R,mechanosensory bristle,,rh,tactile,cls,,annotated,high,rh,0.816,0.89,345
813720,SNta07,mechanosensory_tactile,vnc_sensory,SNta,ADMN,L,mechanosensory bristle,,,tactile,cls,,not_leg:ADMN,high,lh,0.265,0.434,482
813729,SNta29,mechanosensory_tactile,vnc_sensory,SNta,ProLN,L,mechanosensory bristle,,lf,tactile,cls,,annotated,high,lf,0.837,0.855,235
813730,SNpp01,mechanosensory_proprioceptive,vnc_sensory,SNpp,AbN3,L,abdomen,,,proprio,cls,untyped,not_leg:AbN3,high,lm,0.326,0.417,403
813731,SNta11,mechanosensory_tactile,vnc_sensory,SNta,ADMN,L,mechanosensory bristle,,,tactile,cls,,not_leg:ADMN,high,lm,0.262,0.417,501
813732,WG3,gustatory,vnc_sensory,WG,ADMN,L,wing bristle,,,gustatory,cls,,not_leg:ADMN,high,lm,0.345,0.559,563
813734,SApp,mechanosensory_proprioceptive,sensory_ascending,SApp,DMetaN,L,haltere,,,proprio,cls,untyped,not_leg:DMetaN,high,lh,0.379,0.687,257
813743,SNta11,mechanosensory_tactile,vnc_sensory,SNta,ADMN,L,mechanosensory bristle,,,tactile,cls,,not_leg:ADMN,high,lh,0.322,0.459,452
813752,SNta23,mechanosensory_tactile,vnc_sensory,SNta,MetaLN,R,mechanosensory bristle,,rh,tactile,cls,,annotated,high,rh,0.597,0.683,501
813753,SNta11,mechanosensory_tactile,vnc_sensory,SNta,ADMN,L,mechanosensory bristle,,,tactile,cls,,not_leg:ADMN,high,lm,0.24,0.416,491
813754,SNpp19,mechanosensory_proprioceptive,vnc_sensory,SNpp,PrN,R,hair plate,,,proprio,cls,hair_plate_xx,not_leg:PrN,high,lh,0.245,0.48,380
813756,SNta20,mechanosensory_tactile,vnc_sensory,SNta,MesoLN,R,leg,,rm,tactile,cls,,annotated,high,rm,0.72,0.773,456
813759,SNta19,mechanosensory_tactile,vnc_sensory,SNta,MesoLN,L,mechanosensory bristle,,lm,tactile,cls,,annotated,high,lm,0.73,0.786,399
813762,"SNta02,SNta09",mechanosensory_tactile,vnc_sensory,SNta,PDMN,L,notum,,,tactile,cls,,not_leg:PDMN,high,lf,0.26,0.473,417
813764,WG3,gustatory,vnc_sensory,WG,ADMN,L,wing bristle,,,gustatory,cls,,not_leg:ADMN,high,lm,0.315,0.523,492
813771,WG3,gustatory,vnc_sensory,WG,ADMN,R,wing bristle,,,gustatory,cls,,not_leg:ADMN,high,rm,0.312,0.498,480
813776,"SNta02,SNta09",mechanosensory_tactile,vnc_sensory,SNta,PDMN,L,notum,,,tactile,cls,,not_leg:PDMN,high,lm,0.26,0.464,398
813781,SNta45,mechanosensory_tactile,vnc_sensory,SNta,MesoLN,R,mechanosensory bristle,,rm,tactile,cls,,annotated,high,rm,0.847,0.868,380
813785,LgLG1a,gustatory,vnc_sensory,LgLG,MetaLN,L,leg bristle,,lh,gustatory,cls,,annotated,high,lh,0.291,0.461,539
813789,"SNta02,SNta09",mechanosensory_tactile,vnc_sensory,SNta,PDMN,R,notum,,,tactile,cls,,not_leg:PDMN,high,rm,0.262,0.473,389
813793,"SNta02,SNta09",mechanosensory_tactile,vnc_sensory,SNta,PDMN,L,mechanosensory bristle,,,tactile,cls,,not_leg:PDMN,high,lf,0.288,0.417,487
813794,SNta38,mechanosensory_tactile,vnc_sensory,SNta,MetaLN,R,mechanosensory bristle,,rh,tactile,cls,,annotated,high,rh,0.847,0.955,324
813795,"SNpp34,SApp16",mechanosensory_proprioceptive,vnc_sensory,SNpp,DMetaN,R,campaniform sensilla,,,proprio,cls,campaniform,not_leg:DMetaN,high,rh,0.424,0.755,128
813797,SNta28,mechanosensory_tactile,vnc_sensory,SNta,MetaLN,R,mechanosensory bristle,,rh,tactile,cls,,annotated,high,rh,0.86,0.936,364
813801,SNta27,mechanosensory_tactile,vnc_sensory,SNta,MesoLN,R,leg,,rm,tactile,cls,,annotated,high,rm,0.813,0.858,394
813802,"SNta02,SNta09",mechanosensory_tactile,vnc_sensory,SNta,PDMN,L,notum,,,tactile,cls,,not_leg:PDMN,high,rm,0.244,0.457,352
813805,"SNta28,SNta44",mechanosensory_tactile,vnc_sensory,SNta,MesoLN,R,mechanosensory bristle,,rm,tactile,cls,,annotated,high,rm,0.811,0.831,413
813806,SNta27,mechanosensory_tactile,vnc_sensory,SNta,MetaLN,R,mechanosensory bristle,,rh,tactile,cls,,annotated,high,rh,0.943,0.967,400
813810,SNta45,mechanosensory_tactile,vnc_sensory,SNta,MetaLN,L,mechanosensory bristle,,lh,tactile,cls,,annotated,high,lh,0.91,0.931,276
813811,"SNta02,SNta09",mechanosensory_tactile,vnc_sensory,SNta,PDMN,L,notum,,,tactile,cls,,not_leg:PDMN,high,lf,0.273,0.409,400
813812,"SNta19,SNta37",mechanosensory_tactile,vnc_sensory,SNta,MetaLN,L,mechanosensory bristle,,lh,tactile,cls,,annotated,high,lh,0.543,0.607,405
813813,SNta20,mechanosensory_tactile,vnc_sensory,SNta,MesoLN,L,leg,,lm,tactile,cls,,annotated,high,lm,0.813,0.837,470
813815,SNta20,mechanosensory_tactile,vnc_sensory,SNta,MesoLN,R,leg,,rm,tactile,cls,,annotated,high,rm,0.769,0.826,481
813818,SNxx03,unknown_sensory,vnc_sensory,SNxx,AbN4,R,abdomen,,,unknown,none,,not_leg:AbN4,high,rh,0.487,0.747,292
813825,WG4,gustatory,vnc_sensory,WG,ADMN,R,wing bristle,,,gustatory,cls,,not_leg:ADMN,high,rm,0.484,0.642,468
813827,SNta30,mechanosensory_tactile,vnc_sensory,SNta,ProLN,R,mechanosensory bristle,,rf,tactile,cls,,annotated,high,rf,0.667,0.7,117
813828,SNta37,mechanosensory_tactile,vnc_sensory,SNta,MesoLN,R,mechanosensory bristle,,rm,tactile,cls,,annotated,high,rm,0.638,0.698,437
813830,"SNta02,SNta09",mechanosensory_tactile,vnc_sensory,SNta,PDMN,L,notum,,,tactile,cls,,not_leg:PDMN,high,lf,0.239,0.392,422
813831,SNta25,mechanosensory_tactile,vnc_sensory,SNta,MetaLN,L,mechanosensory bristle,,lh,tactile,cls,,annotated,high,lh,0.801,0.853,313
813834,WG3,gustatory,vnc_sensory,WG,ADMN,R,wing bristle,,,gustatory,cls,,not_leg:ADMN,high,rm,0.346,0.518,491
813837,"SNta02,SNta09",mechanosensory_tactile,vnc_sensory,SNta,PDMN,L,notum,,,tactile,cls,,not_leg:PDMN,high,lm,0.346,0.501,406
813838,SNta04,mechanosensory_tactile,vnc_sensory,SNta,ADMN,L,mechanosensory bristle,,,tactile,cls,,not_leg:ADMN,high,lh,0.367,0.5,506
813839,WG3,gustatory,vnc_sensory,WG,ADMN,R,wing bristle,,,gustatory,cls,,not_leg:ADMN,high,rm,0.312,0.52,434
813840,"SNta04,SNta11",mechanosensory_tactile,vnc_sensory,SNta,ADMN,L,mechanosensory bristle,,,tactile,cls,,not_leg:ADMN,high,lh,0.362,0.475,460
813847,SNta07,mechanosensory_tactile,vnc_sensory,SNta,ADMN,L,mechanosensory bristle,,,tactile,cls,,not_leg:ADMN,high,lm,0.33,0.461,440
813848,"SNta25,SNta30",mechanosensory_tactile,vnc_sensory,SNta,MesoLN,L,mechanosensory bristle,,lm,tactile,cls,,annotated,high,lm,0.8,0.825,367
813850,SNpp49,mechanosensory_proprioceptive,vnc_sensory,SNpp,MesoLN,L,chordotonal organ,,lm,proprio,cls,co_unclassified,annotated,high,lm,0.971,0.983,559
813853,SNta21,mechanosensory_tactile,vnc_sensory,SNta,MetaLN,L,mechanosensory bristle,,lh,tactile,cls,,annotated,high,lh,0.861,0.932,191
813855,SNta23,mechanosensory_tactile,vnc_sensory,SNta,MetaLN,R,mechanosensory bristle,,rh,tactile,cls,,annotated,high,rh,0.48,0.563,419
813859,SNta30,mechanosensory_tactile,vnc_sensory,SNta,MesoLN,R,mechanosensory bristle,,rm,tactile,cls,,annotated,high,rm,0.838,0.852,448
813862,SNxx03,unknown_sensory,vnc_sensory,SNxx,AbN4,L,abdomen,,,unknown,none,,not_leg:AbN4,high,lm,0.349,0.517,315
813863,WG3,gustatory,vnc_sensory,WG,ADMN,R,wing bristle,,,gustatory,cls,,not_leg:ADMN,high,rm,0.365,0.524,441
813865,"SNta02,SNta09",mechanosensory_tactile,vnc_sensory,SNta,PDMN,R,notum,,,tactile,cls,,not_leg:PDMN,high,rm,0.26,0.506,345
813875,SNxx14,unknown_sensory,vnc_sensory,SNxx,AbN4,L,abdomen,,,unknown,none,,not_leg:AbN4,high,rh,0.465,0.79,346
813882,"SNta04,SNta11",mechanosensory_tactile,vnc_sensory,SNta,ADMN,R,mechanosensory bristle,,,tactile,cls,,not_leg:ADMN,high,rh,0.343,0.511,462
813885,SNta11,mechanosensory_tactile,vnc_sensory,SNta,ADMN,R,mechanosensory bristle,,,tactile,cls,,not_leg:ADMN,high,rh,0.402,0.554,369
813889,SNta37,mechanosensory_tactile,vnc_sensory,SNta,MetaLN,R,mechanosensory bristle,,rh,tactile,cls,,annotated,high,rh,0.782,0.83,390
813895,SNta20,mechanosensory_tactile,vnc_sensory,SNta,MesoLN,R,leg,,rm,tactile,cls,,annotated,high,rm,0.754,0.793,540
813897,WG3,gustatory,vnc_sensory,WG,ADMN,L,wing bristle,,,gustatory,cls,,not_leg:ADMN,high,lm,0.34,0.552,523
813901,SNta37,mechanosensory_tactile,vnc_sensory,SNta,MetaLN,L,mechanosensory bristle,,lh,tactile,cls,,annotated,high,lh,0.697,0.76,457
813906,SNxx14,unknown_sensory,vnc_sensory,SNxx,AbN4,L,abdomen,,,unknown,none,,not_leg:AbN4,high,rh,0.434,0.722,357
813907,SNpp40,mechanosensory_proprioceptive,vnc_sensory,SNpp,ProLN,L,leg,,lf,proprio,cls,club,annotated,high,lf,0.429,0.436,437
813908,"SNta25,SNta30",mechanosensory_tactile,vnc_sensory,SNta,MesoLN,L,mechanosensory bristle,,lm,tactile,cls,,annotated,high,lm,0.824,0.844,354
813909,SNta21,mechanosensory_tactile,vnc_sensory,SNta,MetaLN,L,mechanosensory bristle,,lh,tactile,cls,,annotated,high,lh,0.841,0.928,340
813911,SNpp39,mechanosensory_proprioceptive,vnc_sensory,SNpp,MetaLN,L,chordotonal organ,,lh,proprio,cls,hook_39,annotated,high,lh,0.693,0.743,394
813912,LgLG3,gustatory,vnc_sensory,LgLG,ProLN,L,leg bristle,,lf,gustatory,cls,,annotated,high,lf,0.289,0.344,321
813913,LgLG1a,gustatory,vnc_sensory,LgLG,MetaLN,L,leg bristle,,lh,gustatory,cls,,annotated,high,lh,0.316,0.468,112
813915,WG2,gustatory,vnc_sensory,WG,ADMN,L,wing bristle,,,gustatory,cls,,not_leg:ADMN,high,lh,0.33,0.478,531
813918,SNta02,mechanosensory_tactile,vnc_sensory,SNta,PDMN,R,mechanosensory bristle,,,tactile,cls,,not_leg:PDMN,high,rm,0.4,0.514,426
813919,SNta07,mechanosensory_tactile,vnc_sensory,SNta,ADMN,L,mechanosensory bristle,,,tactile,cls,,not_leg:ADMN,high,lm,0.302,0.447,476
813921,SNta22,mechanosensory_tactile,vnc_sensory,SNta,MesoLN,L,mechanosensory bristle,,lm,tactile,cls,,annotated,high,lm,0.539,0.605,344
813922,SNxx04,unknown_sensory,vnc_sensory,SNxx,AbN4,R,abdomen,,,unknown,none,,not_leg:AbN4,high,rh,0.337,0.607,224
813923,SNxx04,unknown_sensory,vnc_sensory,SNxx,AbN4,L,abdomen,,,unknown,none,,not_leg:AbN4,high,lm,0.335,0.501,335
813924,SNta29,mechanosensory_tactile,vnc_sensory,SNta,MesoLN,R,mechanosensory bristle,,rm,tactile,cls,,annotated,high,rm,0.756,0.798,435
813933,"SNta04,SNta11",mechanosensory_tactile,vnc_sensory,SNta,ADMN,L,mechanosensory bristle,,,tactile,cls,,not_leg:ADMN,high,lh,0.328,0.441,496
813934,"SNta04,SNta11",mechanosensory_tactile,vnc_sensory,SNta,ADMN,L,mechanosensory bristle,,,tactile,cls,,not_leg:ADMN,high,lh,0.369,0.49,444
813935,SNta38,mechanosensory_tactile,vnc_sensory,SNta,MesoLN,L,mechanosensory bristle,,lm,tactile,cls,,annotated,high,lm,0.851,0.902,298
813939,"SNta04,SNta11",mechanosensory_tactile,vnc_sensory,SNta,ADMN,R,mechanosensory bristle,,,tactile,cls,,not_leg:ADMN,high,rh,0.344,0.501,417
813940,"SNta02,SNta09",mechanosensory_tactile,vnc_sensory,SNta,PDMN,L,notum,,,tactile,cls,,not_leg:PDMN,high,lf,0.275,0.424,423
813941,"SNta02,SNta09",mechanosensory_tactile,vnc_sensory,SNta,PDMN,L,notum,,,tactile,cls,,not_leg:PDMN,high,lm,0.239,0.427,382
813946,SNta04,mechanosensory_tactile,vnc_sensory,SNta,ADMN,L,mechanosensory bristle,,,tactile,cls,,not_leg:ADMN,high,lh,0.383,0.503,517
813952,SNta29,mechanosensory_tactile,vnc_sensory,SNta,ProLN,R,mechanosensory bristle,,rf,tactile,cls,,annotated,high,rf,0.64,0.678,254
813959,SNpp28,mechanosensory_proprioceptive,vnc_sensory,SNpp,ADMN,L,campaniform sensilla,,,proprio,cls,campaniform,not_leg:ADMN,high,lm,0.384,0.51,720
813961,"SNta02,SNta09",mechanosensory_tactile,vnc_sensory,SNta,PDMN,R,mechanosensory bristle,,,tactile,cls,,not_leg:PDMN,high,rm,0.296,0.525,378
813962,WG4,gustatory,vnc_sensory,WG,ADMN,R,wing bristle,,,gustatory,cls,,not_leg:ADMN,high,rm,0.509,0.674,472
813963,LgLG3,gustatory,vnc_sensory,LgLG,MesoLN,R,leg bristle,,rm,gustatory,cls,,annotated,high,rm,0.653,0.714,528
813967,"SNta04,SNta11",mechanosensory_tactile,vnc_sensory,SNta,ADMN,L,mechanosensory bristle,,,tactile,cls,,not_leg:ADMN,high,lh,0.365,0.486,383
813968,SNta29,mechanosensory_tactile,vnc_sensory,SNta,MesoLN,R,mechanosensory bristle,,rm,tactile,cls,,annotated,high,rm,0.696,0.748,421
813969,SNta42,mechanosensory_tactile,vnc_sensory,SNta,MesoLN,L,mechanosensory bristle,,lm,tactile,cls,,annotated,high,lm,0.775,0.807,456
813972,SNta38,mechanosensory_tactile,vnc_sensory,SNta,MetaLN,R,mechanosensory bristle,,rh,tactile,cls,,annotated,high,rh,0.825,0.961,293
813975,SNta20,mechanosensory_tactile,vnc_sensory,SNta,MesoLN,R,leg,,rm,tactile,cls,,annotated,high,rm,0.651,0.713,418
813976,SNta20,mechanosensory_tactile,vnc_sensory,SNta,MetaLN,R,mechanosensory bristle,,rh,tactile,cls,,annotated,high,rh,0.586,0.672,357
813977,LgLG1b,gustatory,vnc_sensory,LgLG,MesoLN,R,leg bristle,,rm,gustatory,cls,,annotated,high,rm,0.465,0.611,510
813983,SNpp52,mechanosensory_proprioceptive,vnc_sensory,SNpp,MetaLN,R,hair plate,,rh,proprio,cls,hair_plate_52,annotated,high,rh,0.913,0.916,1011
813984,"SNta04,SNta11",mechanosensory_tactile,vnc_sensory,SNta,ADMN,L,mechanosensory bristle,,,tactile,cls,,not_leg:ADMN,high,lh,0.371,0.484,426
813985,LgLG1b,gustatory,vnc_sensory,LgLG,MetaLN,R,leg bristle,,rh,gustatory,cls,,annotated,high,rh,0.441,0.536,516
813989,SNpp34,mechanosensory_proprioceptive,vnc_sensory,SNpp,DMetaN,R,haltere,,,proprio,cls,untyped,not_leg:DMetaN,high,lh,0.331,0.624,152
813992,WG3,gustatory,vnc_sensory,WG,ADMN,L,wing bristle,,,gustatory,cls,,not_leg:ADMN,high,lm,0.336,0.551,458
813995,SNta04,mechanosensory_tactile,vnc_sensory,SNta,ADMN,R,mechanosensory bristle,,,tactile,cls,,not_leg:ADMN,high,rh,0.352,0.502,374
813996,WG3,gustatory,vnc_sensory,WG,ADMN,L,wing bristle,,,gustatory,cls,,not_leg:ADMN,high,lm,0.405,0.593,482
813997,"SNta02,SNta09",mechanosensory_tactile,vnc_sensory,SNta,PDMN,L,notum,,,tactile,cls,,not_leg:PDMN,high,lm,0.251,0.462,450
813999,"SNta02,SNta09",mechanosensory_tactile,vnc_sensory,SNta,PDMN,R,notum,,,tactile,cls,,not_leg:PDMN,high,rm,0.286,0.558,345
814001,"SNta02,SNta09",mechanosensory_tactile,vnc_sensory,SNta,PDMN,L,notum,,,tactile,cls,,not_leg:PDMN,high,lf,0.237,0.428,395
814002,SNta25,mechanosensory_tactile,vnc_sensory,SNta,MetaLN,R,mechanosensory bristle,,rh,tactile,cls,,annotated,high,rh,0.859,0.889,369
814003,SNta28,mechanosensory_tactile,vnc_sensory,SNta,MetaLN,R,mechanosensory bristle,,rh,tactile,cls,,annotated,high,rh,0.88,0.926,438
814011,SNta31,mechanosensory_tactile,vnc_sensory,SNta,MetaLN,L,mechanosensory bristle,,lh,tactile,cls,,annotated,high,lh,0.445,0.593,322
814012,"SNta02,SNta09",mechanosensory_tactile,vnc_sensory,SNta,PDMN,R,notum,,,tactile,cls,,not_leg:PDMN,high,rm,0.268,0.483,326
814013,"SNta02,SNta09",mechanosensory_tactile,vnc_sensory,SNta,PDMN,R,notum,,,tactile,cls,,not_leg:PDMN,high,rm,0.288,0.499,333
814014,SNta03,mechanosensory_tactile,vnc_sensory,SNta,DMetaN,L,mechanosensory bristle,,,tactile,cls,,not_leg:DMetaN,high,lh,0.849,0.959,437
814015,SNta11,mechanosensory_tactile,vnc_sensory,SNta,ADMN,R,mechanosensory bristle,,,tactile,cls,,not_leg:ADMN,high,rh,0.289,0.497,367
814016,SNta04,mechanosensory_tactile,vnc_sensory,SNta,ADMN,R,mechanosensory bristle,,,tactile,cls,,not_leg:ADMN,high,rh,0.388,0.554,401
814017,SNta29,mechanosensory_tactile,vnc_sensory,SNta,MetaLN,R,mechanosensory bristle,,rh,tactile,cls,,annotated,high,rh,0.826,0.861,483
814019,WG3,gustatory,vnc_sensory,WG,ADMN,R,wing bristle,,,gustatory,cls,,not_leg:ADMN,high,rm,0.368,0.56,499
814020,LgLG1a,gustatory,vnc_sensory,LgLG,ProLN,R,leg bristle,,rf,gustatory,cls,,annotated,high,rm,0.369,0.551,391
814024,WG3,gustatory,vnc_sensory,WG,ADMN,R,wing bristle,,,gustatory,cls,,not_leg:ADMN,high,rm,0.327,0.528,462
814026,LgLG1b,gustatory,vnc_sensory,LgLG,ProLN,R,leg bristle,,rf,gustatory,cls,,annotated,high,rm,0.287,0.468,329
814028,SNta43,mechanosensory_tactile,vnc_sensory,SNta,MetaLN,R,mechanosensory bristle,,rh,tactile,cls,,annotated,high,rh,0.734,0.85,382
814029,WG3,gustatory,vnc_sensory,WG,ADMN,R,wing bristle,,,gustatory,cls,,not_leg:ADMN,high,rm,0.311,0.478,462
814030,WG3,gustatory,vnc_sensory,WG,ADMN,R,wing bristle,,,gustatory,cls,,not_leg:ADMN,high,rm,0.382,0.541,472
814037,SNxxxx,mechanosensory_proprioceptive,vnc_sensory,SNxxxx,MetaLN,L,leg,,lh,proprio,cls,untyped,annotated,high,lh,0.924,0.953,225
814040,SNxx04,unknown_sensory,vnc_sensory,SNxx,AbN4,R,abdomen,,,unknown,none,,not_leg:AbN4,high,rh,0.497,0.666,121
814044,SNta34,mechanosensory_tactile,vnc_sensory,SNta,MesoLN,R,mechanosensory bristle,,rm,tactile,cls,,annotated,high,rm,0.655,0.714,360
814045,SNta29,mechanosensory_tactile,vnc_sensory,SNta,ProLN,R,mechanosensory bristle,,rf,tactile,cls,,annotated,high,rf,0.677,0.71,209
814047,SNta43,mechanosensory_tactile,vnc_sensory,SNta,MesoLN,L,mechanosensory bristle,,lm,tactile,cls,,annotated,high,lm,0.71,0.742,278
814048,WG4,gustatory,vnc_sensory,WG,ADMN,R,wing bristle,,,gustatory,cls,,not_leg:ADMN,high,rm,0.488,0.654,457
814049,SNta23,mechanosensory_tactile,vnc_sensory,SNta,MesoLN,R,mechanosensory bristle,,rm,tactile,cls,,annotated,high,rm,0.796,0.829,89
814051,"SNta28,SNta44",mechanosensory_tactile,vnc_sensory,SNta,MesoLN,R,mechanosensory bristle,,rm,tactile,cls,,annotated,high,rm,0.794,0.821,430
814054,SNta44,mechanosensory_tactile,vnc_sensory,SNta,MesoLN,L,mechanosensory bristle,,lm,tactile,cls,,annotated,high,lm,0.825,0.837,286
814055,LgLG3,gustatory,vnc_sensory,LgLG,MetaLN,L,leg bristle,,lh,gustatory,cls,,annotated,high,lh,0.415,0.532,406
814057,"SNta04,SNta11",mechanosensory_tactile,vnc_sensory,SNta,ADMN,L,mechanosensory bristle,,,tactile,cls,,not_leg:ADMN,high,lh,0.345,0.501,418
814070,SNta37,mechanosensory_tactile,vnc_sensory,SNta,MetaLN,L,mechanosensory bristle,,lh,tactile,cls,,annotated,high,lh,0.564,0.632,376
814071,"SNta02,SNta09",mechanosensory_tactile,vnc_sensory,SNta,PDMN,L,notum,,,tactile,cls,,not_leg:PDMN,high,lf,0.228,0.415,414
814074,SNta28,mechanosensory_tactile,vnc_sensory,SNta,MesoLN,L,mechanosensory bristle,,lm,tactile,cls,,annotated,high,lm,0.797,0.828,405
814077,"SNta04,SNta11",mechanosensory_tactile,vnc_sensory,SNta,ADMN,R,mechanosensory bristle,,,tactile,cls,,not_leg:ADMN,high,rh,0.322,0.513,377
814083,SNta42,mechanosensory_tactile,vnc_sensory,SNta,MetaLN,L,mechanosensory bristle,,lh,tactile,cls,,annotated,high,lh,0.688,0.771,455
814088,LgLG3,gustatory,vnc_sensory,LgLG,MesoLN,L,leg bristle,,lm,gustatory,cls,,annotated,high,lm,0.507,0.573,531
814094,WG3,gustatory,vnc_sensory,WG,ADMN,R,wing bristle,,,gustatory,cls,,not_leg:ADMN,high,rm,0.316,0.5,481
814095,SNta19,mechanosensory_tactile,vnc_sensory,SNta,MesoLN,L,mechanosensory bristle,,lm,tactile,cls,,annotated,high,lm,0.642,0.702,404
814096,"SNta02,SNta09",mechanosensory_tactile,vnc_sensory,SNta,PDMN,L,notum,,,tactile,cls,,not_leg:PDMN,high,lm,0.289,0.515,407
814097,SNta37,mechanosensory_tactile,vnc_sensory,SNta,MetaLN,L,mechanosensory bristle,,lh,tactile,cls,,annotated,high,lh,0.755,0.82,507
814098,"SNta02,SNta09",mechanosensory_tactile,vnc_sensory,SNta,PDMN,L,mechanosensory bristle,,,tactile,cls,,not_leg:PDMN,high,lf,0.249,0.396,381
814099,WG3,gustatory,vnc_sensory,WG,ADMN,R,wing bristle,,,gustatory,cls,,not_leg:ADMN,high,rm,0.464,0.624,531
814101,SNta37,mechanosensory_tactile,vnc_sensory,SNta,MesoLN,R,mechanosensory bristle,,rm,tactile,cls,,annotated,high,rm,0.671,0.733,392
814108,SNpp50,mechanosensory_proprioceptive,vnc_sensory,SNpp,MesoLN,R,chordotonal organ,,rm,proprio,cls,claw_50,annotated,high,rm,0.964,0.967,196
814112,SNxx03,unknown_sensory,vnc_sensory,SNxx,AbN4,L,abdomen,,,unknown,none,,not_leg:AbN4,high,lm,0.382,0.498,329
814116,SNta29,mechanosensory_tactile,vnc_sensory,SNta,MesoLN,R,mechanosensory bristle,,rm,tactile,cls,,annotated,high,rm,0.866,0.891,292
814118,SNta29,mechanosensory_tactile,vnc_sensory,SNta,MesoLN,R,mechanosensory bristle,,rm,tactile,cls,,annotated,high,rm,0.694,0.742,341
814123,SNta27,mechanosensory_tactile,vnc_sensory,SNta,MetaLN,R,mechanosensory bristle,,rh,tactile,cls,,annotated,high,rh,0.942,0.97,312
814124,SNxx14,unknown_sensory,vnc_sensory,SNxx,AbN4,R,abdomen,,,unknown,none,,not_leg:AbN4,high,rh,0.543,0.856,368
814125,LgLG1b,gustatory,vnc_sensory,LgLG,MesoLN,R,leg bristle,,rm,gustatory,cls,,annotated,high,rm,0.356,0.501,495
814126,WG2,gustatory,vnc_sensory,WG,ADMN,R,wing bristle,,,gustatory,cls,,not_leg:ADMN,high,rh,0.389,0.508,476
814129,"SNta04,SNta11",mechanosensory_tactile,vnc_sensory,SNta,ADMN,R,mechanosensory bristle,,,tactile,cls,,not_leg:ADMN,high,rh,0.428,0.563,393
814134,WG3,gustatory,vnc_sensory,WG,ADMN,L,wing bristle,,,gustatory,cls,,not_leg:ADMN,high,lm,0.365,0.573,540
814135,SNta04,mechanosensory_tactile,vnc_sensory,SNta,ADMN,L,mechanosensory bristle,,,tactile,cls,,not_leg:ADMN,high,lh,0.379,0.487,444
814139,LgLG1a,gustatory,vnc_sensory,LgLG,MetaLN,R,leg bristle,,rh,gustatory,cls,,annotated,high,rm,0.306,0.512,480
814141,SNta11,mechanosensory_tactile,vnc_sensory,SNta,ADMN,L,mechanosensory bristle,,,tactile,cls,,not_leg:ADMN,high,lh,0.287,0.483,406
814145,SNxx20,unknown_sensory,vnc_sensory,SNxx,AbN4,R,abdomen,,,unknown,none,,not_leg:AbN4,high,rh,0.614,0.9,431
814146,SNta04,mechanosensory_tactile,vnc_sensory,SNta,ADMN,L,mechanosensory bristle,,,tactile,cls,,not_leg:ADMN,high,lh,0.37,0.488,480
814147,"SNta02,SNta09",mechanosensory_tactile,vnc_sensory,SNta,PDMN,R,notum,,,tactile,cls,,not_leg:PDMN,high,lm,0.277,0.529,321
814148,SNta21,mechanosensory_tactile,vnc_sensory,SNta,MesoLN,R,mechanosensory bristle,,rm,tactile,cls,,annotated,high,rm,0.79,0.842,447
814149,LgLG1a,gustatory,vnc_sensory,LgLG,MetaLN,R,leg bristle,,rh,gustatory,cls,,annotated,high,rh,0.414,0.496,693
814153,SNta20,mechanosensory_tactile,vnc_sensory,SNta,MesoLN,R,leg,,rm,tactile,cls,,annotated,high,rm,0.721,0.778,421
814154,SNta29,mechanosensory_tactile,vnc_sensory,SNta,ProLN,L,mechanosensory bristle,,lf,tactile,cls,,annotated,high,lf,0.732,0.805,344
814157,SNta38,mechanosensory_tactile,vnc_sensory,SNta,MesoLN,R,mechanosensory bristle,,rm,tactile,cls,,annotated,high,rm,0.774,0.853,339
814159,LgLG5,gustatory,vnc_sensory,LgLG,ProLN,R,leg bristle,,rf,gustatory,cls,,annotated,high,rf,0.381,0.654,374
814160,SNta37,mechanosensory_tactile,vnc_sensory,SNta,MesoLN,L,mechanosensory bristle,,lm,tactile,cls,,annotated,high,lm,0.853,0.877,287
814161,WG3,gustatory,vnc_sensory,WG,ADMN,R,wing bristle,,,gustatory,cls,,not_leg:ADMN,high,rm,0.334,0.514,531
814165,SNxx03,unknown_sensory,vnc_sensory,SNxx,AbN4,R,abdomen,,,unknown,none,,not_leg:AbN4,high,rh,0.437,0.594,129
814172,"SNta02,SNta09",mechanosensory_tactile,vnc_sensory,SNta,PDMN,R,notum,,,tactile,cls,,not_leg:PDMN,high,rm,0.371,0.536,336
814173,SNxx01,unknown_sensory,vnc_sensory,SNxx,AbN4,R,abdomen,,,unknown,none,,not_leg:AbN4,high,rh,0.483,0.65,244
814180,SNta11,mechanosensory_tactile,vnc_sensory,SNta,ADMN,R,mechanosensory bristle,,,tactile,cls,,not_leg:ADMN,high,rm,0.263,0.458,360
814185,SNta27,mechanosensory_tactile,vnc_sensory,SNta,MetaLN,L,mechanosensory bristle,,lh,tactile,cls,,annotated,high,lh,0.78,0.873,251
814187,SNta23,mechanosensory_tactile,vnc_sensory,SNta,MesoLN,L,mechanosensory bristle,,lm,tactile,cls,,annotated,high,lm,0.649,0.711,367
814188,SNpp45,mechanosensory_proprioceptive,vnc_sensory,SNpp,MesoLN,R,hair plate,,rm,proprio,cls,hair_plate_45,annotated,high,rm,0.867,0.916,1001
814189,LgLG3,gustatory,vnc_sensory,LgLG,ProLN,L,leg bristle,,lf,gustatory,cls,,annotated,high,lf,0.269,0.36,318
814190,WG3,gustatory,vnc_sensory,WG,ADMN,L,wing bristle,,,gustatory,cls,,not_leg:ADMN,high,lm,0.367,0.564,495
814191,SNta37,mechanosensory_tactile,vnc_sensory,SNta,MesoLN,L,mechanosensory bristle,,lm,tactile,cls,,annotated,high,lm,0.784,0.814,351
814193,SNta20,mechanosensory_tactile,vnc_sensory,SNta,MetaLN,L,mechanosensory bristle,,lh,tactile,cls,,annotated,high,lh,0.769,0.817,591
814194,SNta29,mechanosensory_tactile,vnc_sensory,SNta,ProLN,R,mechanosensory bristle,,rf,tactile,cls,,annotated,high,rf,0.673,0.705,266
814196,SNta18,mechanosensory_tactile,vnc_sensory,SNta,ADMN,R,mechanosensory bristle,,,tactile,cls,,not_leg:ADMN,high,rh,0.418,0.605,420
814197,WG3,gustatory,vnc_sensory,WG,ADMN,R,wing bristle,,,gustatory,cls,,not_leg:ADMN,high,rm,0.394,0.557,503
814198,"SNta02,SNta09",mechanosensory_tactile,vnc_sensory,SNta,PDMN,R,notum,,,tactile,cls,,not_leg:PDMN,high,rm,0.312,0.481,305
814202,SNta20,mechanosensory_tactile,vnc_sensory,SNta,MetaLN,R,mechanosensory bristle,,rh,tactile,cls,,annotated,high,rh,0.689,0.755,456
814204,SNta28,mechanosensory_tactile,vnc_sensory,SNta,MetaLN,L,mechanosensory bristle,,lh,tactile,cls,,annotated,high,lh,0.74,0.81,276
814205,SNxx22,unknown_sensory,vnc_sensory,SNxx,AbN2,L,abdomen,,,unknown,none,,not_leg:AbN2,high,lh,0.363,0.551,192
814214,WG3,gustatory,vnc_sensory,WG,ADMN,R,wing bristle,,,gustatory,cls,,not_leg:ADMN,high,rm,0.449,0.6,509
814215,SNta20,mechanosensory_tactile,vnc_sensory,SNta,MesoLN,R,leg,,rm,tactile,cls,,annotated,high,rm,0.651,0.698,400
814216,SNta18,mechanosensory_tactile,vnc_sensory,SNta,ADMN,R,mechanosensory bristle,,,tactile,cls,,not_leg:ADMN,high,rh,0.366,0.583,404
814221,SNpp56,mechanosensory_proprioceptive,vnc_sensory,SNpp,MesoLN,R,chordotonal organ,,rm,proprio,cls,club,annotated,high,lh,0.335,0.511,520
814226,"SNta02,SNta09",mechanosensory_tactile,vnc_sensory,SNta,PDMN,R,mechanosensory bristle,,,tactile,cls,,not_leg:PDMN,high,rm,0.265,0.478,314
814230,SNta45,mechanosensory_tactile,vnc_sensory,SNta,MesoLN,R,mechanosensory bristle,,rm,tactile,cls,,annotated,high,rm,0.912,0.938,330
814236,SNta37,mechanosensory_tactile,vnc_sensory,SNta,MesoLN,R,mechanosensory bristle,,rm,tactile,cls,,annotated,high,rm,0.677,0.736,372
814237,SNta42,mechanosensory_tactile,vnc_sensory,SNta,MetaLN,L,mechanosensory bristle,,lh,tactile,cls,,annotated,high,lh,0.605,0.659,259
814241,SNtaxx,mechanosensory_tactile,vnc_sensory,SNtaxx,MetaLN,L,leg,,lh,tactile,cls,,annotated,high,lh,0.901,0.976,271
814242,SNta37,mechanosensory_tactile,vnc_sensory,SNta,MetaLN,R,mechanosensory bristle,,rh,tactile,cls,,annotated,high,rh,0.772,0.865,637
814245,SNta34,mechanosensory_tactile,vnc_sensory,SNta,MetaLN,R,mechanosensory bristle,,rh,tactile,cls,,annotated,high,rh,0.491,0.551,415
814246,WG3,gustatory,vnc_sensory,WG,ADMN,L,wing bristle,,,gustatory,cls,,not_leg:ADMN,high,lm,0.308,0.496,477
814248,SNta11,mechanosensory_tactile,vnc_sensory,SNta,ADMN,R,mechanosensory bristle,,,tactile,cls,,not_leg:ADMN,high,rh,0.251,0.46,342
814249,SNta11,mechanosensory_tactile,vnc_sensory,SNta,ADMN,L,mechanosensory bristle,,,tactile,cls,,not_leg:ADMN,high,lh,0.31,0.466,400
814250,SNxx03,unknown_sensory,vnc_sensory,SNxx,AbN4,L,abdomen,,,unknown,none,,not_leg:AbN4,high,lm,0.398,0.518,252
814251,SNpp47,mechanosensory_proprioceptive,vnc_sensory,SNpp,MesoLN,L,chordotonal organ,,lm,proprio,cls,club,annotated,high,lm,0.883,0.892,489
814253,SNta28,mechanosensory_tactile,vnc_sensory,SNta,MetaLN,L,mechanosensory bristle,,lh,tactile,cls,,annotated,high,lh,0.789,0.913,244
814256,"SNta02,SNta09",mechanosensory_tactile,vnc_sensory,SNta,PDMN,R,notum,,,tactile,cls,,not_leg:PDMN,high,rm,0.273,0.525,325
814257,"SNta02,SNta09",mechanosensory_tactile,vnc_sensory,SNta,PDMN,L,notum,,,tactile,cls,,not_leg:PDMN,high,rm,0.227,0.452,360
814259,SNta21,mechanosensory_tactile,vnc_sensory,SNta,MesoLN,R,mechanosensory bristle,,rm,tactile,cls,,annotated,high,rm,0.848,0.902,390
814262,SNxx14,unknown_sensory,vnc_sensory,SNxx,AbN4,L,abdomen,,,unknown,none,,not_leg:AbN4,high,rh,0.384,0.753,411
814266,SNta04,mechanosensory_tactile,vnc_sensory,SNta,ADMN,R,mechanosensory bristle,,,tactile,cls,,not_leg:ADMN,high,rh,0.372,0.503,399
814268,LgLG1b,gustatory,vnc_sensory,LgLG,MesoLN,L,leg bristle,,lm,gustatory,cls,,annotated,high,lm,0.462,0.644,433
814273,WG3,gustatory,vnc_sensory,WG,ADMN,L,wing bristle,,,gustatory,cls,,not_leg:ADMN,high,lm,0.379,0.588,515
814274,WG3,gustatory,vnc_sensory,WG,ADMN,R,wing bristle,,,gustatory,cls,,not_leg:ADMN,high,rh,0.317,0.48,501
814275,"SNta04,SNta11",mechanosensory_tactile,vnc_sensory,SNta,ADMN,R,mechanosensory bristle,,,tactile,cls,,not_leg:ADMN,high,rh,0.359,0.558,429
814279,SNta27,mechanosensory_tactile,vnc_sensory,SNta,MetaLN,R,mechanosensory bristle,,rh,tactile,cls,,annotated,high,rh,0.872,0.926,300
814280,WG3,gustatory,vnc_sensory,WG,ADMN,R,wing bristle,,,gustatory,cls,,not_leg:ADMN,high,rm,0.362,0.515,486
814282,SNta21,mechanosensory_tactile,vnc_sensory,SNta,MesoLN,L,mechanosensory bristle,,lm,tactile,cls,,annotated,high,lm,0.933,0.948,462
814283,SNpp11,mechanosensory_proprioceptive,vnc_sensory,SNpp,ADMN,R,campaniform sensilla,,,proprio,cls,campaniform,not_leg:ADMN,high,lh,0.561,0.795,192
814285,LgLG3,gustatory,vnc_sensory,LgLG,MetaLN,L,leg bristle,,lh,gustatory,cls,,annotated,high,lh,0.449,0.554,502
814286,SNta33,mechanosensory_tactile,vnc_sensory,SNta,DProN,L,mechanosensory bristle,,lf,tactile,cls,,annotated,medium,lm,0.365,0.505,393
814289,SNta45,mechanosensory_tactile,vnc_sensory,SNta,MesoLN,L,mechanosensory bristle,,lm,tactile,cls,,annotated,high,lm,0.92,0.928,259
814292,WG3,gustatory,vnc_sensory,WG,ADMN,L,wing bristle,,,gustatory,cls,,not_leg:ADMN,high,lm,0.365,0.549,552
814293,SNta11,mechanosensory_tactile,vnc_sensory,SNta,ADMN,L,mechanosensory bristle,,,tactile,cls,,not_leg:ADMN,high,lh,0.25,0.428,467
814297,SNpp60,mechanosensory_proprioceptive,vnc_sensory,SNpp,MesoLN,R,chordotonal organ,,rm,proprio,cls,club,annotated,high,rm,0.3,0.407,431
814300,SNta20,mechanosensory_tactile,vnc_sensory,SNta,MetaLN,R,mechanosensory bristle,,rh,tactile,cls,,annotated,high,rh,0.695,0.751,429
814301,SNta04,mechanosensory_tactile,vnc_sensory,SNta,ADMN,R,mechanosensory bristle,,,tactile,cls,,not_leg:ADMN,high,rh,0.348,0.511,434
814302,WG3,gustatory,vnc_sensory,WG,ADMN,R,wing bristle,,,gustatory,cls,,not_leg:ADMN,high,rm,0.307,0.511,401
814303,SNta41,mechanosensory_tactile,vnc_sensory,SNta,ProLN,L,mechanosensory bristle,,lf,tactile,cls,,annotated,high,lf,0.81,0.82,164
814304,LgLG3,gustatory,vnc_sensory,LgLG,MesoLN,L,leg bristle,,lm,gustatory,cls,,annotated,high,lm,0.43,0.498,396
814307,SNta37,mechanosensory_tactile,vnc_sensory,SNta,MetaLN,R,mechanosensory bristle,,rh,tactile,cls,,annotated,high,rh,0.8,0.848,437
814308,SNta44,mechanosensory_tactile,vnc_sensory,SNta,MesoLN,L,mechanosensory bristle,,lm,tactile,cls,,annotated,high,lm,0.871,0.888,540
814311,SNta29,mechanosensory_tactile,vnc_sensory,SNta,MesoLN,L,leg,,lm,tactile,cls,,annotated,high,lm,0.669,0.714,369
814313,WG2,gustatory,vnc_sensory,WG,ADMN,L,wing bristle,,,gustatory,cls,,not_leg:ADMN,high,lh,0.292,0.443,480
814315,SNta29,mechanosensory_tactile,vnc_sensory,SNta,MesoLN,L,mechanosensory bristle,,lm,tactile,cls,,annotated,high,lm,0.741,0.788,382
814316,SNta27,mechanosensory_tactile,vnc_sensory,SNta,MetaLN,L,mechanosensory bristle,,lh,tactile,cls,,annotated,high,lh,0.873,0.903,264
814317,LgLG1b,gustatory,vnc_sensory,LgLG,MesoLN,L,leg bristle,,lm,gustatory,cls,,annotated,high,lm,0.38,0.56,391
814319,SNta44,mechanosensory_tactile,vnc_sensory,SNta,MesoLN,R,mechanosensory bristle,,rm,tactile,cls,,annotated,high,rm,0.859,0.875,387
814320,"SNta02,SNta09",mechanosensory_tactile,vnc_sensory,SNta,PDMN,R,notum,,,tactile,cls,,not_leg:PDMN,high,rm,0.412,0.567,329
814322,SNta30,mechanosensory_tactile,vnc_sensory,SNta,ProLN,R,mechanosensory bristle,,rf,tactile,cls,,annotated,high,rf,0.554,0.603,71
814324,SNta37,mechanosensory_tactile,vnc_sensory,SNta,MesoLN,R,mechanosensory bristle,,rm,tactile,cls,,annotated,high,rm,0.779,0.794,381
814326,SNppxx,mechanosensory_proprioceptive,vnc_sensory,SNppxx,ProLN,L,leg,,lf,proprio,cls,untyped,annotated,high,lf,0.771,0.856,116
814328,SNxx03,unknown_sensory,vnc_sensory,SNxx,AbN4,R,abdomen,,,unknown,none,,not_leg:AbN4,high,rh,0.455,0.709,251
814331,SNta20,mechanosensory_tactile,vnc_sensory,SNta,MetaLN,L,mechanosensory bristle,,lh,tactile,cls,,annotated,high,lh,0.684,0.727,371
814332,LgLG1b,gustatory,vnc_sensory,LgLG,MesoLN,L,leg bristle,,lm,gustatory,cls,,annotated,high,lm,0.403,0.609,423
814333,SNxx21,unknown_sensory,vnc_sensory,SNxx,AbN4,R,abdomen,,,unknown,none,,not_leg:AbN4,high,rh,0.449,0.872,425
814335,SNpp44,mechanosensory_proprioceptive,vnc_sensory,SNpp,MesoLN,L,chordotonal organ,,lm,proprio,cls,co_unclassified,annotated,high,lm,0.685,0.763,357
814336,LgLG4,gustatory,vnc_sensory,LgLG,ProLN,L,leg bristle,,lf,gustatory,cls,,annotated,high,lf,0.713,0.734,171
814342,SNpp58,mechanosensory_proprioceptive,vnc_sensory,SNpp,MesoLN,R,chordotonal organ,,rm,proprio,cls,club,annotated,high,rm,0.408,0.596,510
814343,"SNta02,SNta09",mechanosensory_tactile,vnc_sensory,SNta,PDMN,R,notum,,,tactile,cls,,not_leg:PDMN,high,rh,0.252,0.44,296
814344,SNta27,mechanosensory_tactile,vnc_sensory,SNta,MetaLN,R,mechanosensory bristle,,rh,tactile,cls,,annotated,high,rh,0.793,0.854,361
814345,"SApp06,SApp15",mechanosensory_proprioceptive,sensory_ascending,SApp,DMetaN,R,campaniform sensilla,,,proprio,cls,campaniform,not_leg:DMetaN,high,lh,0.379,0.663,159
814349,"SNta25,SNta30",mechanosensory_tactile,vnc_sensory,SNta,MesoLN,R,mechanosensory bristle,,rm,tactile,cls,,annotated,high,rm,0.831,0.842,426
814350,SNta23,mechanosensory_tactile,vnc_sensory,SNta,MetaLN,L,mechanosensory bristle,,lh,tactile,cls,,annotated,high,lh,0.51,0.664,292
814353,SNch10,,vnc_sensory,SNch,MetaLN,R,taste bristle,,rh,chemo,type,,annotated,high,rh,0.811,0.883,236
814354,"SNta04,SNta11",mechanosensory_tactile,vnc_sensory,SNta,ADMN,L,mechanosensory bristle,,,tactile,cls,,not_leg:ADMN,high,lh,0.325,0.461,427
814358,SNta43,mechanosensory_tactile,vnc_sensory,SNta,MesoLN,L,mechanosensory bristle,,lm,tactile,cls,,annotated,high,lm,0.724,0.755,343
814362,LgLG4,gustatory,vnc_sensory,LgLG,MetaLN,R,leg bristle,,rh,gustatory,cls,,annotated,high,rh,0.692,0.79,232
814363,SNta37,mechanosensory_tactile,vnc_sensory,SNta,MesoLN,R,mechanosensory bristle,,rm,tactile,cls,,annotated,high,rm,0.79,0.822,387
814370,SNta19,mechanosensory_tactile,vnc_sensory,SNta,MesoLN,L,mechanosensory bristle,,lm,tactile,cls,,annotated,high,lm,0.678,0.733,430
814375,SNta04,mechanosensory_tactile,vnc_sensory,SNta,ADMN,R,mechanosensory bristle,,,tactile,cls,,not_leg:ADMN,high,rh,0.358,0.544,464
814379,SNxxxx,mechanosensory_proprioceptive,vnc_sensory,SNxxxx,MetaLN,R,leg,,rh,proprio,cls,untyped,annotated,high,rh,0.954,0.965,696
814381,SNxx03,unknown_sensory,vnc_sensory,SNxx,AbN4,R,abdomen,,,unknown,none,,not_leg:AbN4,high,rh,0.496,0.703,239
814383,SNta20,mechanosensory_tactile,vnc_sensory,SNta,MesoLN,L,leg,,lm,tactile,cls,,annotated,high,lm,0.786,0.816,412
814386,"SNta02,SNta09",mechanosensory_tactile,vnc_sensory,SNta,PDMN,L,mechanosensory bristle,,,tactile,cls,,not_leg:PDMN,high,lf,0.291,0.409,397
814387,SNxx33,unknown_sensory,vnc_sensory,SNxx,MesoLN,L,leg,,lm,unknown,none,,annotated,high,lm,0.808,0.829,302
814390,SNta04,mechanosensory_tactile,vnc_sensory,SNta,ADMN,L,mechanosensory bristle,,,tactile,cls,,not_leg:ADMN,high,lh,0.383,0.511,459
814392,SApp10,mechanosensory_proprioceptive,sensory_ascending,SApp,ADMN,L,campaniform sensilla,,,proprio,cls,campaniform,not_leg:ADMN,high,rh,0.332,0.655,600
814397,SNta37,mechanosensory_tactile,vnc_sensory,SNta,MetaLN,L,mechanosensory bristle,,lh,tactile,cls,,annotated,high,lh,0.652,0.708,349
814398,SNta20,mechanosensory_tactile,vnc_sensory,SNta,MesoLN,R,leg,,rm,tactile,cls,,annotated,high,rm,0.709,0.762,406
814400,SNta28,mechanosensory_tactile,vnc_sensory,SNta,MetaLN,L,mechanosensory bristle,,lh,tactile,cls,,annotated,high,lh,0.81,0.866,228
814405,"SNta02,SNta09",mechanosensory_tactile,vnc_sensory,SNta,PDMN,L,notum,,,tactile,cls,,not_leg:PDMN,high,lf,0.272,0.409,316
814407,LgLG6,gustatory,vnc_sensory,LgLG,ProLN,L,leg bristle,,lf,gustatory,cls,,annotated,high,lf,0.504,0.567,373
814409,SNta29,mechanosensory_tactile,vnc_sensory,SNta,MesoLN,L,mechanosensory bristle,,lm,tactile,cls,,annotated,high,lm,0.801,0.823,425
814415,SNta37,mechanosensory_tactile,vnc_sensory,SNta,MetaLN,L,mechanosensory bristle,,lh,tactile,cls,,annotated,high,lh,0.781,0.874,265
814416,SNta25,mechanosensory_tactile,vnc_sensory,SNta,MesoLN,R,mechanosensory bristle,,rm,tactile,cls,,annotated,high,rm,0.733,0.778,383
814417,SNta38,mechanosensory_tactile,vnc_sensory,SNta,MetaLN,R,mechanosensory bristle,,rh,tactile,cls,,annotated,high,rh,0.809,0.949,256
814418,SNta41,mechanosensory_tactile,vnc_sensory,SNta,ProLN,R,leg,,rf,tactile,cls,,annotated,high,rf,0.598,0.655,55
814420,WG3,gustatory,vnc_sensory,WG,ADMN,R,wing bristle,,,gustatory,cls,,not_leg:ADMN,high,rm,0.422,0.564,413
814423,"SNta02,SNta09",mechanosensory_tactile,vnc_sensory,SNta,PDMN,L,mechanosensory bristle,,,tactile,cls,,not_leg:PDMN,high,lf,0.237,0.442,371
814425,SNta45,mechanosensory_tactile,vnc_sensory,SNta,MesoLN,R,mechanosensory bristle,,rm,tactile,cls,,annotated,high,rm,0.828,0.845,330
814429,SNta37,mechanosensory_tactile,vnc_sensory,SNta,MesoLN,R,mechanosensory bristle,,rm,tactile,cls,,annotated,high,rm,0.82,0.847,365
814437,WG3,gustatory,vnc_sensory,WG,ADMN,L,wing bristle,,,gustatory,cls,,not_leg:ADMN,high,lm,0.355,0.565,464
814439,"SNta02,SNta09",mechanosensory_tactile,vnc_sensory,SNta,PDMN,L,notum,,,tactile,cls,,not_leg:PDMN,high,lf,0.246,0.398,377
814440,WG3,gustatory,vnc_sensory,WG,ADMN,R,wing bristle,,,gustatory,cls,,not_leg:ADMN,high,rm,0.437,0.59,447
814441,SNxx33,unknown_sensory,vnc_sensory,SNxx,MetaLN,R,leg,,rh,unknown,none,,annotated,high,rh,0.852,0.895,323
814443,SNta34,mechanosensory_tactile,vnc_sensory,SNta,MesoLN,R,mechanosensory bristle,,rm,tactile,cls,,annotated,high,rm,0.617,0.664,365
814447,"SNta02,SNta09",mechanosensory_tactile,vnc_sensory,SNta,PDMN,L,mechanosensory bristle,,,tactile,cls,,not_leg:PDMN,high,lm,0.348,0.505,410
814449,"SNta02,SNta09",mechanosensory_tactile,vnc_sensory,SNta,PDMN,R,notum,,,tactile,cls,,not_leg:PDMN,high,rm,0.389,0.542,370
814452,SNta11,mechanosensory_tactile,vnc_sensory,SNta,ADMN,R,mechanosensory bristle,,,tactile,cls,,not_leg:ADMN,high,rm,0.308,0.49,370
814458,SNta11,mechanosensory_tactile,vnc_sensory,SNta,ADMN,L,mechanosensory bristle,,,tactile,cls,,not_leg:ADMN,high,lh,0.284,0.421,426
814464,WG3,gustatory,vnc_sensory,WG,ADMN,R,wing bristle,,,gustatory,cls,,not_leg:ADMN,high,rm,0.366,0.545,459
814466,SNpp57,mechanosensory_proprioceptive,vnc_sensory,SNpp,MesoLN,R,chordotonal organ,,rm,proprio,cls,club,annotated,high,rm,0.276,0.397,358
814467,SNta29,mechanosensory_tactile,vnc_sensory,SNta,ProLN,L,mechanosensory bristle,,lf,tactile,cls,,annotated,high,lf,0.789,0.823,185
814472,"SNta02,SNta09",mechanosensory_tactile,vnc_sensory,SNta,PDMN,L,notum,,,tactile,cls,,not_leg:PDMN,high,lm,0.29,0.48,394
814476,"SNta04,SNta11",mechanosensory_tactile,vnc_sensory,SNta,ADMN,L,mechanosensory bristle,,,tactile,cls,,not_leg:ADMN,high,lh,0.31,0.442,517
814479,LgLG8,gustatory,vnc_sensory,LgLG,ProLN,R,leg bristle,,rf,gustatory,cls,,annotated,medium,lf,0.405,0.777,382
814481,SNta28,mechanosensory_tactile,vnc_sensory,SNta,MetaLN,R,mechanosensory bristle,,rh,tactile,cls,,annotated,high,rh,0.863,0.901,317
814484,SNpp50,mechanosensory_proprioceptive,vnc_sensory,SNpp,MetaLN,L,chordotonal organ,,lh,proprio,cls,claw_50,annotated,high,lh,0.903,0.99,300
814485,SNta38,mechanosensory_tactile,vnc_sensory,SNta,MesoLN,L,mechanosensory bristle,,lm,tactile,cls,,annotated,high,lm,0.894,0.928,280
814486,"SApp23,SNpp56",mechanosensory_proprioceptive,vnc_sensory,SApp,MetaLN,R,chordotonal organ,,rh,proprio,cls,club,annotated,high,rh,0.308,0.506,613
814492,LgLG1b,gustatory,vnc_sensory,LgLG,MesoLN,R,leg bristle,,rm,gustatory,cls,,annotated,high,rm,0.331,0.45,404
814493,SNta32,mechanosensory_tactile,vnc_sensory,SNta,MetaLN,R,mechanosensory bristle,,rh,tactile,cls,,annotated,high,rh,0.618,0.683,224
814494,SNta25,mechanosensory_tactile,vnc_sensory,SNta,MetaLN,R,mechanosensory bristle,,rh,tactile,cls,,annotated,high,rh,0.851,0.932,306
814495,SNpp02,mechanosensory_proprioceptive,vnc_sensory,SNpp,AbN3,R,abdomen,,,proprio,cls,untyped,not_leg:AbN3,high,rh,0.504,0.611,268
814496,LgLG1b,gustatory,vnc_sensory,LgLG,MetaLN,L,leg bristle,,lh,gustatory,cls,,annotated,high,lm,0.263,0.461,315
814497,SNta27,mechanosensory_tactile,vnc_sensory,SNta,MetaLN,L,mechanosensory bristle,,lh,tactile,cls,,annotated,high,lh,0.814,0.877,274
814498,SNpp56,mechanosensory_proprioceptive,vnc_sensory,SNpp,MetaLN,R,leg,,rh,proprio,cls,club,annotated,high,rh,0.41,0.721,601
814501,SNpp25,mechanosensory_proprioceptive,vnc_sensory,SNpp,DMetaN,R,haltere,,,proprio,cls,untyped,not_leg:DMetaN,high,lh,0.513,0.661,149
814503,SNta37,mechanosensory_tactile,vnc_sensory,SNta,MesoLN,L,mechanosensory bristle,,lm,tactile,cls,,annotated,high,lm,0.842,0.861,295
814507,SNxx33,unknown_sensory,vnc_sensory,SNxx,MetaLN,R,leg,,rh,unknown,none,,annotated,high,rh,0.765,0.848,524
814509,SNta38,mechanosensory_tactile,vnc_sensory,SNta,MesoLN,R,mechanosensory bristle,,rm,tactile,cls,,annotated,high,rm,0.808,0.875,362
814510,SNxx14,unknown_sensory,vnc_sensory,SNxx,AbN4,L,abdomen,,,unknown,none,,not_leg:AbN4,high,rh,0.419,0.81,366
814511,SNta31,mechanosensory_tactile,vnc_sensory,SNta,MetaLN,R,mechanosensory bristle,,rh,tactile,cls,,annotated,high,rh,0.476,0.582,370
814512,"SNta02,SNta09",mechanosensory_tactile,vnc_sensory,SNta,PDMN,R,notum,,,tactile,cls,,not_leg:PDMN,high,rm,0.297,0.513,345
814513,SNta34,mechanosensory_tactile,vnc_sensory,SNta,MesoLN,L,mechanosensory bristle,,lm,tactile,cls,,annotated,high,lm,0.665,0.761,339
814514,SNpp23,mechanosensory_proprioceptive,vnc_sensory,SNpp,PDMN,L,notum,,,proprio,cls,untyped,not_leg:PDMN,high,lf,0.455,0.455,187
814517,SNta43,mechanosensory_tactile,vnc_sensory,SNta,MetaLN,R,mechanosensory bristle,,rh,tactile,cls,,annotated,high,rh,0.886,0.954,286
814518,SNta23,mechanosensory_tactile,vnc_sensory,SNta,MesoLN,R,mechanosensory bristle,,rm,tactile,cls,,annotated,high,rm,0.767,0.795,246
814519,SNta04,mechanosensory_tactile,vnc_sensory,SNta,ADMN,R,mechanosensory bristle,,,tactile,cls,,not_leg:ADMN,high,rh,0.357,0.501,367
814520,"SNta02,SNta09",mechanosensory_tactile,vnc_sensory,SNta,PDMN,R,notum,,,tactile,cls,,not_leg:PDMN,high,rm,0.29,0.524,264
814524,SNta07,mechanosensory_tactile,vnc_sensory,SNta,ADMN,L,mechanosensory bristle,,,tactile,cls,,not_leg:ADMN,high,lm,0.305,0.439,381
814525,LgLG3,gustatory,vnc_sensory,LgLG,MesoLN,R,leg bristle,,rm,gustatory,cls,,annotated,high,rm,0.521,0.584,462
814526,SNxx04,unknown_sensory,vnc_sensory,SNxx,AbN4,R,abdomen,,,unknown,none,,not_leg:AbN4,high,rh,0.376,0.637,210
814527,SNpp20,mechanosensory_proprioceptive,vnc_sensory,SNpp,DMetaN,R,haltere,,,proprio,cls,untyped,not_leg:DMetaN,high,lh,0.437,0.731,187
814528,SNta04,mechanosensory_tactile,vnc_sensory,SNta,ADMN,R,mechanosensory bristle,,,tactile,cls,,not_leg:ADMN,high,rh,0.361,0.5,395
814533,SNta43,mechanosensory_tactile,vnc_sensory,SNta,MetaLN,R,mechanosensory bristle,,rh,tactile,cls,,annotated,high,rh,0.77,0.846,323
814536,SNta25,mechanosensory_tactile,vnc_sensory,SNta,MesoLN,L,mechanosensory bristle,,lm,tactile,cls,,annotated,high,lm,0.869,0.895,246
814537,SNta37,mechanosensory_tactile,vnc_sensory,SNta,MesoLN,R,mechanosensory bristle,,rm,tactile,cls,,annotated,high,rm,0.771,0.786,382
814544,LgLG1a,gustatory,vnc_sensory,LgLG,ProLN,R,leg bristle,,rf,gustatory,cls,,annotated,medium,rm,0.411,0.611,255
814546,WG2,gustatory,vnc_sensory,WG,ADMN,R,wing bristle,,,gustatory,cls,,not_leg:ADMN,high,rh,0.369,0.486,440
814547,LgLG3,gustatory,vnc_sensory,LgLG,MesoLN,R,leg bristle,,rm,gustatory,cls,,annotated,high,rm,0.478,0.555,351
814548,"SNta02,SNta09",mechanosensory_tactile,vnc_sensory,SNta,PDMN,L,mechanosensory bristle,,,tactile,cls,,not_leg:PDMN,high,lm,0.309,0.464,414
814553,SNxx14,unknown_sensory,vnc_sensory,SNxx,AbN4,R,abdomen,,,unknown,none,,not_leg:AbN4,high,rh,0.466,0.793,362
814557,LgLG1a,gustatory,vnc_sensory,LgLG,MetaLN,L,leg bristle,,lh,gustatory,cls,,annotated,high,lh,0.353,0.456,638
814558,LgLG1a,gustatory,vnc_sensory,LgLG,MetaLN,L,leg bristle,,lh,gustatory,cls,,annotated,high,lh,0.27,0.479,531
814560,SNxx10,unknown_sensory,vnc_sensory,SNxx,AbNT,R,abdomen,,,unknown,none,,not_leg:AbNT,high,rh,0.327,0.512,155
814563,"SNta04,SNta11",mechanosensory_tactile,vnc_sensory,SNta,ADMN,L,mechanosensory bristle,,,tactile,cls,,not_leg:ADMN,high,lh,0.337,0.483,394
814564,SNxx03,unknown_sensory,vnc_sensory,SNxx,AbN4,L,abdomen,,,unknown,none,,not_leg:AbN4,high,lm,0.399,0.502,252
814571,WG4,gustatory,vnc_sensory,WG,ADMN,R,wing bristle,,,gustatory,cls,,not_leg:ADMN,high,rm,0.52,0.679,391
814573,"SNta02,SNta09",mechanosensory_tactile,vnc_sensory,SNta,PDMN,R,notum,,,tactile,cls,,not_leg:PDMN,high,rm,0.285,0.509,323
814575,SNxx03,unknown_sensory,vnc_sensory,SNxx,AbN4,R,abdomen,,,unknown,none,,not_leg:AbN4,high,rh,0.519,0.709,266
814577,"SNta04,SNta11",mechanosensory_tactile,vnc_sensory,SNta,ADMN,R,mechanosensory bristle,,,tactile,cls,,not_leg:ADMN,high,rh,0.362,0.531,374
814578,"SNta02,SNta09",mechanosensory_tactile,vnc_sensory,SNta,PDMN,L,notum,,,tactile,cls,,not_leg:PDMN,high,lm,0.239,0.464,431
814579,SNxx03,unknown_sensory,vnc_sensory,SNxx,AbN4,L,abdomen,,,unknown,none,,not_leg:AbN4,high,lm,0.402,0.494,297
814580,"SNta02,SNta09",mechanosensory_tactile,vnc_sensory,SNta,PDMN,R,notum,,,tactile,cls,,not_leg:PDMN,high,rh,0.279,0.448,352
814582,WG3,gustatory,vnc_sensory,WG,ADMN,R,wing bristle,,,gustatory,cls,,not_leg:ADMN,high,rh,0.322,0.499,447
814586,WG2,gustatory,vnc_sensory,WG,ADMN,L,wing bristle,,,gustatory,cls,,not_leg:ADMN,high,lm,0.305,0.436,456
814593,"SNta28,SNta44",mechanosensory_tactile,vnc_sensory,SNta,MesoLN,R,mechanosensory bristle,,rm,tactile,cls,,annotated,high,rm,0.863,0.877,385
814596,SNxx33,unknown_sensory,vnc_sensory,SNxx,MesoLN,L,leg,,lm,unknown,none,,annotated,high,lm,0.834,0.885,537
814599,LgLG1b,gustatory,vnc_sensory,LgLG,MesoLN,R,leg bristle,,rm,gustatory,cls,,annotated,high,rm,0.382,0.552,438
814600,WG3,gustatory,vnc_sensory,WG,ADMN,L,wing bristle,,,gustatory,cls,,not_leg:ADMN,high,lm,0.313,0.537,421
814605,WG2,gustatory,vnc_sensory,WG,ADMN,L,wing bristle,,,gustatory,cls,,not_leg:ADMN,high,lh,0.338,0.448,484
814609,"SNta02,SNta09",mechanosensory_tactile,vnc_sensory,SNta,PDMN,R,notum,,,tactile,cls,,not_leg:PDMN,high,rm,0.366,0.508,289
814610,WG3,gustatory,vnc_sensory,WG,ADMN,R,wing bristle,,,gustatory,cls,,not_leg:ADMN,high,rm,0.313,0.496,404
814612,SNpp60,mechanosensory_proprioceptive,vnc_sensory,SNpp,MesoLN,L,chordotonal organ,,lm,proprio,cls,club,annotated,high,lm,0.324,0.422,415
814613,SNta21,mechanosensory_tactile,vnc_sensory,SNta,MetaLN,R,mechanosensory bristle,,rh,tactile,cls,,annotated,high,rh,0.896,0.926,324
814615,SNta32,mechanosensory_tactile,vnc_sensory,SNta,MetaLN,L,mechanosensory bristle,,lh,tactile,cls,,annotated,high,lh,0.595,0.679,310
814617,"SNta02,SNta09",mechanosensory_tactile,vnc_sensory,SNta,PDMN,L,notum,,,tactile,cls,,not_leg:PDMN,high,lm,0.245,0.42,349
814620,"SNta02,SNta09",mechanosensory_tactile,vnc_sensory,SNta,PDMN,R,notum,,,tactile,cls,,not_leg:PDMN,high,lm,0.272,0.491,274
814621,"SNta04,SNta11",mechanosensory_tactile,vnc_sensory,SNta,ADMN,R,wing,,,tactile,cls,,not_leg:ADMN,high,rh,0.373,0.519,342
814623,SNta34,mechanosensory_tactile,vnc_sensory,SNta,MetaLN,L,mechanosensory bristle,,lh,tactile,cls,,annotated,high,lh,0.649,0.712,484
814624,SNta29,mechanosensory_tactile,vnc_sensory,SNta,MetaLN,R,mechanosensory bristle,,rh,tactile,cls,,annotated,high,rh,0.716,0.772,394
814627,SNta11,mechanosensory_tactile,vnc_sensory,SNta,ADMN,R,mechanosensory bristle,,,tactile,cls,,not_leg:ADMN,high,rh,0.36,0.496,309
814628,SNpp41,mechanosensory_proprioceptive,vnc_sensory,SNpp,MetaLN,L,chordotonal organ,,lh,proprio,cls,hook_41,annotated,high,lh,0.565,0.754,401
814635,"SNta02,SNta09",mechanosensory_tactile,vnc_sensory,SNta,PDMN,L,notum,,,tactile,cls,,not_leg:PDMN,high,lm,0.248,0.417,367
814639,LgLG3,gustatory,vnc_sensory,LgLG,ProLN,L,leg bristle,,lf,gustatory,cls,,annotated,high,lf,0.304,0.363,251
814642,"SNta02,SNta09",mechanosensory_tactile,vnc_sensory,SNta,PDMN,L,notum,,,tactile,cls,,not_leg:PDMN,high,lf,0.286,0.43,438
814644,SNta45,mechanosensory_tactile,vnc_sensory,SNta,MetaLN,L,mechanosensory bristle,,lh,tactile,cls,,annotated,high,lh,0.893,0.922,273
814647,SNpp25,mechanosensory_proprioceptive,vnc_sensory,SNpp,DMetaN,L,haltere,,,proprio,cls,untyped,not_leg:DMetaN,high,rh,0.402,0.548,143
814648,"SNta02,SNta09",mechanosensory_tactile,vnc_sensory,SNta,PDMN,L,notum,,,tactile,cls,,not_leg:PDMN,high,lm,0.262,0.455,313
814650,SNta42,mechanosensory_tactile,vnc_sensory,SNta,MetaLN,R,mechanosensory bristle,,rh,tactile,cls,,annotated,high,rh,0.651,0.728,327
814651,SNta04,mechanosensory_tactile,vnc_sensory,SNta,ADMN,R,mechanosensory bristle,,,tactile,cls,,not_leg:ADMN,high,rh,0.339,0.487,370
814653,SNta31,mechanosensory_tactile,vnc_sensory,SNta,MetaLN,R,mechanosensory bristle,,rh,tactile,cls,,annotated,high,rh,0.682,0.757,305
814654,SNta43,mechanosensory_tactile,vnc_sensory,SNta,MesoLN,L,mechanosensory bristle,,lm,tactile,cls,,annotated,high,lm,0.757,0.778,587
814657,"SNta02,SNta09",mechanosensory_tactile,vnc_sensory,SNta,PDMN,L,notum,,,tactile,cls,,not_leg:PDMN,high,lm,0.248,0.434,326
814658,SNpp40,mechanosensory_proprioceptive,vnc_sensory,SNpp,MetaLN,R,chordotonal organ,FeCO club,rh,proprio,cls,club,annotated,high,rh,0.781,0.868,1017
814659,"SNta04,SNta11",mechanosensory_tactile,vnc_sensory,SNta,ADMN,R,mechanosensory bristle,,,tactile,cls,,not_leg:ADMN,high,rh,0.322,0.519,346
814662,SNta37,mechanosensory_tactile,vnc_sensory,SNta,MesoLN,L,mechanosensory bristle,,lm,tactile,cls,,annotated,high,lm,0.745,0.783,380
814666,SNta20,mechanosensory_tactile,vnc_sensory,SNta,MesoLN,L,mechanosensory bristle,,lm,tactile,cls,,annotated,high,lm,0.79,0.822,386
814668,SNta43,mechanosensory_tactile,vnc_sensory,SNta,MesoLN,R,mechanosensory bristle,,rm,tactile,cls,,annotated,high,rm,0.686,0.71,381
814669,LgLG7,gustatory,vnc_sensory,LgLG,ProLN,L,leg bristle,,lf,gustatory,cls,,annotated,high,lf,0.627,0.707,235
814670,LgLG3,gustatory,vnc_sensory,LgLG,MesoLN,L,leg bristle,,lm,gustatory,cls,,annotated,high,lm,0.529,0.586,470
814671,SNta29,mechanosensory_tactile,vnc_sensory,SNta,ProLN,L,mechanosensory bristle,,lf,tactile,cls,,annotated,high,lf,0.776,0.799,281
814674,SNta11,mechanosensory_tactile,vnc_sensory,SNta,ADMN,R,mechanosensory bristle,,,tactile,cls,,not_leg:ADMN,high,rh,0.351,0.54,361
814676,SNxx25,unknown_sensory,vnc_sensory,SNxx,DMetaN,L,haltere,,,unknown,none,,not_leg:DMetaN,high,rh,0.475,0.858,637
814678,SNta04,mechanosensory_tactile,vnc_sensory,SNta,ADMN,R,mechanosensory bristle,,,tactile,cls,,not_leg:ADMN,high,rh,0.363,0.532,377
814679,SNpp01,mechanosensory_proprioceptive,vnc_sensory,SNpp,AbN3,L,abdomen,,,proprio,cls,untyped,not_leg:AbN3,high,lm,0.311,0.422,398
814681,"SNta04,SNta11",mechanosensory_tactile,vnc_sensory,SNta,ADMN,R,mechanosensory bristle,,,tactile,cls,,not_leg:ADMN,high,rh,0.369,0.54,331
814682,SNta04,mechanosensory_tactile,vnc_sensory,SNta,ADMN,R,mechanosensory bristle,,,tactile,cls,,not_leg:ADMN,high,rh,0.337,0.497,400
814684,"SApp09,SApp22",mechanosensory_proprioceptive,sensory_ascending,SApp,DMetaN,R,campaniform sensilla,,,proprio,cls,campaniform,not_leg:DMetaN,high,lh,0.579,0.819,100
814687,SNta37,mechanosensory_tactile,vnc_sensory,SNta,MesoLN,L,mechanosensory bristle,,lm,tactile,cls,,annotated,high,lm,0.893,0.914,334
814688,SNxx14,unknown_sensory,vnc_sensory,SNxx,AbN4,R,abdomen,,,unknown,none,,not_leg:AbN4,high,rh,0.55,0.862,340
814691,SNxx04,unknown_sensory,vnc_sensory,SNxx,AbN4,R,abdomen,,,unknown,none,,not_leg:AbN4,high,rh,0.431,0.598,243
814695,WG3,gustatory,vnc_sensory,WG,ADMN,R,wing bristle,,,gustatory,cls,,not_leg:ADMN,high,rm,0.343,0.512,391
814697,"SNta02,SNta09",mechanosensory_tactile,vnc_sensory,SNta,PDMN,L,notum,,,tactile,cls,,not_leg:PDMN,high,lm,0.25,0.468,373
814699,SNpp58,mechanosensory_proprioceptive,vnc_sensory,SNpp,MesoLN,R,chordotonal organ,,rm,proprio,cls,club,annotated,high,rm,0.423,0.639,426
814701,SNta29,mechanosensory_tactile,vnc_sensory,SNta,MesoLN,R,mechanosensory bristle,,rm,tactile,cls,,annotated,high,rm,0.772,0.804,408
814702,SNxx04,unknown_sensory,vnc_sensory,SNxx,AbN4,L,abdomen,,,unknown,none,,not_leg:AbN4,high,lh,0.334,0.667,207
814704,SNta42,mechanosensory_tactile,vnc_sensory,SNta,MesoLN,R,mechanosensory bristle,,rm,tactile,cls,,annotated,high,rm,0.636,0.672,350
814706,SNta29,mechanosensory_tactile,vnc_sensory,SNta,MesoLN,R,mechanosensory bristle,,rm,tactile,cls,,annotated,high,rm,0.843,0.862,456
814708,SNpp01,mechanosensory_proprioceptive,vnc_sensory,SNpp,AbN3,L,abdomen,,,proprio,cls,untyped,not_leg:AbN3,high,lh,0.362,0.567,259
814710,LgLG1a,gustatory,vnc_sensory,LgLG,ProLN,R,leg bristle,,rf,gustatory,cls,,annotated,medium,rm,0.449,0.653,251
814712,SNxx04,unknown_sensory,vnc_sensory,SNxx,AbN4,R,abdomen,,,unknown,none,,not_leg:AbN4,high,rh,0.386,0.608,229
814715,SNta07,mechanosensory_tactile,vnc_sensory,SNta,ADMN,R,mechanosensory bristle,,,tactile,cls,,not_leg:ADMN,high,rm,0.286,0.47,369
814716,SNta45,mechanosensory_tactile,vnc_sensory,SNta,MetaLN,R,mechanosensory bristle,,rh,tactile,cls,,annotated,high,rh,0.919,0.943,328
814726,"SNta02,SNta09",mechanosensory_tactile,vnc_sensory,SNta,PDMN,R,notum,,,tactile,cls,,not_leg:PDMN,high,rm,0.26,0.497,318
814727,SNta25,mechanosensory_tactile,vnc_sensory,SNta,MetaLN,R,mechanosensory bristle,,rh,tactile,cls,,annotated,high,rh,0.847,0.884,411
814728,SNta21,mechanosensory_tactile,vnc_sensory,SNta,MetaLN,L,mechanosensory bristle,,lh,tactile,cls,,annotated,high,lh,0.797,0.93,222
814732,SNta37,mechanosensory_tactile,vnc_sensory,SNta,MetaLN,R,mechanosensory bristle,,rh,tactile,cls,,annotated,high,rh,0.797,0.877,321
814736,LgLG3,gustatory,vnc_sensory,LgLG,MesoLN,R,leg bristle,,rm,gustatory,cls,,annotated,high,rm,0.602,0.649,368
814737,SNpp01,mechanosensory_proprioceptive,vnc_sensory,SNpp,AbN3,R,abdomen,,,proprio,cls,untyped,not_leg:AbN3,high,rh,0.323,0.511,236
814742,SNpp51,mechanosensory_proprioceptive,vnc_sensory,SNpp,MesoLN,R,chordotonal organ,,rm,proprio,cls,claw_51,annotated,high,rm,0.948,0.96,616
814743,"SNta19,SNta37",mechanosensory_tactile,vnc_sensory,SNta,MetaLN,R,mechanosensory bristle,,rh,tactile,cls,,annotated,high,rh,0.691,0.751,367
814745,"SNta04,SNta11",mechanosensory_tactile,vnc_sensory,SNta,ADMN,R,mechanosensory bristle,,,tactile,cls,,not_leg:ADMN,high,rh,0.354,0.505,352
814749,WG2,gustatory,vnc_sensory,WG,ADMN,R,wing bristle,,,gustatory,cls,,not_leg:ADMN,high,rh,0.391,0.508,386
814750,LgLG7,gustatory,vnc_sensory,LgLG,ProLN,R,leg bristle,,rf,gustatory,cls,,annotated,medium,lf,0.417,0.781,255
814754,SNta29,mechanosensory_tactile,vnc_sensory,SNta,ProLN,L,mechanosensory bristle,,lf,tactile,cls,,annotated,high,lf,0.778,0.799,214
814756,"SNta02,SNta09",mechanosensory_tactile,vnc_sensory,SNta,PDMN,R,mechanosensory bristle,,,tactile,cls,,not_leg:PDMN,high,rm,0.36,0.531,352
814757,"SNta02,SNta09",mechanosensory_tactile,vnc_sensory,SNta,PDMN,L,mechanosensory bristle,,,tactile,cls,,not_leg:PDMN,high,lm,0.331,0.467,421
814759,SNta27,mechanosensory_tactile,vnc_sensory,SNta,MetaLN,R,mechanosensory bristle,,rh,tactile,cls,,annotated,high,rh,0.952,0.972,311
814760,"SNta02,SNta09",mechanosensory_tactile,vnc_sensory,SNta,PDMN,L,mechanosensory bristle,,,tactile,cls,,not_leg:PDMN,high,lm,0.29,0.449,353
814762,SNta41,mechanosensory_tactile,vnc_sensory,SNta,MesoLN,L,mechanosensory bristle,,lm,tactile,cls,,annotated,high,lm,0.803,0.822,317
814763,SNppxx,mechanosensory_proprioceptive,vnc_sensory,SNppxx,ProAN,R,leg,,rf,proprio,cls,untyped,annotated,medium,rf,0.788,0.849,442
814764,SNxx11,unknown_sensory,vnc_sensory,SNxx,AbNT,L,abdomen,,,unknown,none,,not_leg:AbNT,high,rh,0.364,0.508,157
814767,SNta11,mechanosensory_tactile,vnc_sensory,SNta,ADMN,L,mechanosensory bristle,,,tactile,cls,,not_leg:ADMN,high,lm,0.253,0.443,369
814768,SNta30,mechanosensory_tactile,vnc_sensory,SNta,MesoLN,R,mechanosensory bristle,,rm,tactile,cls,,annotated,high,rm,0.851,0.861,289
814770,SNta37,mechanosensory_tactile,vnc_sensory,SNta,MesoLN,R,mechanosensory bristle,,rm,tactile,cls,,annotated,high,rm,0.62,0.687,314
814771,SNpp02,mechanosensory_proprioceptive,vnc_sensory,SNpp,AbN3,L,abdomen,,,proprio,cls,untyped,not_leg:AbN3,high,lm,0.282,0.433,379
814772,SNta19,mechanosensory_tactile,vnc_sensory,SNta,ProLN,L,mechanosensory bristle,,lf,tactile,cls,,annotated,high,lf,0.478,0.546,196
814775,SNpp58,mechanosensory_proprioceptive,vnc_sensory,SNpp,MesoLN,L,chordotonal organ,,lm,proprio,cls,club,annotated,high,lm,0.786,0.834,445
814776,"SNta02,SNta09",mechanosensory_tactile,vnc_sensory,SNta,PDMN,L,notum,,,tactile,cls,,not_leg:PDMN,high,lm,0.276,0.476,384
814777,SNxx03,unknown_sensory,vnc_sensory,SNxx,AbN4,R,abdomen,,,unknown,none,,not_leg:AbN4,high,rh,0.518,0.723,291
814778,WG3,gustatory,vnc_sensory,WG,ADMN,R,wing bristle,,,gustatory,cls,,not_leg:ADMN,high,rm,0.345,0.55,411
814789,SNpp02,mechanosensory_proprioceptive,vnc_sensory,SNpp,AbN3,R,abdomen,,,proprio,cls,untyped,not_leg:AbN3,high,rh,0.441,0.609,287
814792,LgLG7,gustatory,vnc_sensory,LgLG,ProLN,L,leg bristle,,lf,gustatory,cls,,annotated,high,lf,0.714,0.796,227
814793,LgLG3,gustatory,vnc_sensory,LgLG,MesoLN,R,leg bristle,,rm,gustatory,cls,,annotated,high,rm,0.651,0.712,392
814796,"SNta04,SNta11",mechanosensory_tactile,vnc_sensory,SNta,ADMN,R,mechanosensory bristle,,,tactile,cls,,not_leg:ADMN,high,rh,0.359,0.513,333
814797,"SNta02,SNta09",mechanosensory_tactile,vnc_sensory,SNta,PDMN,L,notum,,,tactile,cls,,not_leg:PDMN,high,lm,0.248,0.489,396
814798,SNta37,mechanosensory_tactile,vnc_sensory,SNta,MesoLN,R,mechanosensory bristle,,rm,tactile,cls,,annotated,high,rm,0.674,0.721,398
814799,"SNta02,SNta09",mechanosensory_tactile,vnc_sensory,SNta,PDMN,L,notum,,,tactile,cls,,not_leg:PDMN,high,lm,0.227,0.422,346
814800,SNta37,mechanosensory_tactile,vnc_sensory,SNta,MesoLN,L,mechanosensory bristle,,lm,tactile,cls,,annotated,high,lm,0.853,0.87,319
814801,SNta34,mechanosensory_tactile,vnc_sensory,SNta,MetaLN,R,mechanosensory bristle,,rh,tactile,cls,,annotated,high,rh,0.584,0.662,329
814806,SNpp57,mechanosensory_proprioceptive,vnc_sensory,SNpp,MetaLN,R,chordotonal organ,,rh,proprio,cls,club,annotated,high,rh,0.472,0.716,474
814813,"SNta02,SNta09",mechanosensory_tactile,vnc_sensory,SNta,PDMN,R,notum,,,tactile,cls,,not_leg:PDMN,high,lm,0.259,0.466,312
814822,SNta32,mechanosensory_tactile,vnc_sensory,SNta,MetaLN,L,mechanosensory bristle,,lh,tactile,cls,,annotated,high,lh,0.697,0.733,347
814823,SNxx03,unknown_sensory,vnc_sensory,SNxx,AbN4,R,abdomen,,,unknown,none,,not_leg:AbN4,high,rh,0.508,0.664,231
814825,SNpp20,mechanosensory_proprioceptive,vnc_sensory,SNpp,DMetaN,L,haltere,,,proprio,cls,untyped,not_leg:DMetaN,high,lh,0.367,0.642,228
814826,SNta36,mechanosensory_tactile,vnc_sensory,SNta,MetaLN,L,mechanosensory bristle,,lh,tactile,cls,,annotated,high,lh,0.61,0.672,389
814829,"SNta02,SNta09",mechanosensory_tactile,vnc_sensory,SNta,PDMN,R,notum,,,tactile,cls,,not_leg:PDMN,high,rm,0.309,0.52,308
814832,SNta25,mechanosensory_tactile,vnc_sensory,SNta,MesoLN,R,mechanosensory bristle,,rm,tactile,cls,,annotated,high,rm,0.759,0.804,341
814839,SNta37,mechanosensory_tactile,vnc_sensory,SNta,MetaLN,R,mechanosensory bristle,,rh,tactile,cls,,annotated,high,rh,0.811,0.85,359
814843,SNpp57,mechanosensory_proprioceptive,vnc_sensory,SNpp,MetaLN,R,chordotonal organ,,rh,proprio,cls,club,annotated,high,rh,0.461,0.843,486
814847,WG3,gustatory,vnc_sensory,WG,ADMN,R,wing bristle,,,gustatory,cls,,not_leg:ADMN,high,rm,0.349,0.521,379
814851,"SNta02,SNta09",mechanosensory_tactile,vnc_sensory,SNta,PDMN,L,notum,,,tactile,cls,,not_leg:PDMN,high,lf,0.261,0.421,369
814856,SNta31,mechanosensory_tactile,vnc_sensory,SNta,MetaLN,L,mechanosensory bristle,,lh,tactile,cls,,annotated,high,lh,0.442,0.578,278
814857,SNta31,mechanosensory_tactile,vnc_sensory,SNta,MesoLN,L,leg,,lm,tactile,cls,,annotated,high,lm,0.79,0.839,284
814858,SNta26,mechanosensory_tactile,vnc_sensory,SNta,MesoLN,L,mechanosensory bristle,,lm,tactile,cls,,annotated,high,lm,0.789,0.836,323
814860,"SNta04,SNta11",mechanosensory_tactile,vnc_sensory,SNta,ADMN,R,mechanosensory bristle,,,tactile,cls,,not_leg:ADMN,high,rh,0.431,0.581,341
814862,SNta29,mechanosensory_tactile,vnc_sensory,SNta,ProLN,L,mechanosensory bristle,,lf,tactile,cls,,annotated,high,lf,0.883,0.893,254
814863,SNta20,mechanosensory_tactile,vnc_sensory,SNta,MesoLN,R,mechanosensory bristle,,rm,tactile,cls,,annotated,high,rm,0.826,0.851,452
814864,LgLG1b,gustatory,vnc_sensory,LgLG,ProLN,L,leg bristle,,lf,gustatory,cls,,annotated,high,lm,0.315,0.474,353
814866,SNta31,mechanosensory_tactile,vnc_sensory,SNta,MetaLN,R,mechanosensory bristle,,rh,tactile,cls,,annotated,high,rh,0.626,0.668,298
814868,SNta25,mechanosensory_tactile,vnc_sensory,SNta,MesoLN,R,mechanosensory bristle,,rm,tactile,cls,,annotated,high,rm,0.799,0.831,387
814871,SNta44,mechanosensory_tactile,vnc_sensory,SNta,MetaLN,R,mechanosensory bristle,,rh,tactile,cls,,annotated,high,rh,0.899,0.937,366
814876,SNta37,mechanosensory_tactile,vnc_sensory,SNta,MesoLN,L,mechanosensory bristle,,lm,tactile,cls,,annotated,high,lm,0.827,0.853,346
814877,"SNta02,SNta09",mechanosensory_tactile,vnc_sensory,SNta,PDMN,L,mechanosensory bristle,,,tactile,cls,,not_leg:PDMN,high,lm,0.255,0.447,358
814878,SNta29,mechanosensory_tactile,vnc_sensory,SNta,ProLN,R,mechanosensory bristle,,rf,tactile,cls,,annotated,high,rf,0.742,0.771,233
814879,WG3,gustatory,vnc_sensory,WG,ADMN,R,wing bristle,,,gustatory,cls,,not_leg:ADMN,high,rh,0.312,0.489,386
814880,"SNta02,SNta09",mechanosensory_tactile,vnc_sensory,SNta,PDMN,R,notum,,,tactile,cls,,not_leg:PDMN,high,lm,0.28,0.553,316
814881,SNpp39,mechanosensory_proprioceptive,vnc_sensory,SNpp,MetaLN,R,chordotonal organ,,rh,proprio,cls,hook_39,annotated,high,rh,0.847,0.87,441
814882,LgLG3,gustatory,vnc_sensory,LgLG,ProLN,L,leg bristle,,lf,gustatory,cls,,annotated,high,lf,0.394,0.414,218
814883,SNta43,mechanosensory_tactile,vnc_sensory,SNta,MesoLN,R,mechanosensory bristle,,rm,tactile,cls,,annotated,high,rm,0.688,0.716,390
814885,"SNta02,SNta09",mechanosensory_tactile,vnc_sensory,SNta,PDMN,L,notum,,,tactile,cls,,not_leg:PDMN,high,lf,0.26,0.414,355
814888,WG3,gustatory,vnc_sensory,WG,ADMN,R,wing bristle,,,gustatory,cls,,not_leg:ADMN,high,rm,0.415,0.572,379
814891,LgLG3,gustatory,vnc_sensory,LgLG,MetaLN,R,leg bristle,,rh,gustatory,cls,,annotated,high,rh,0.572,0.673,595
814893,SNta33,mechanosensory_tactile,vnc_sensory,SNta,DProN,L,mechanosensory bristle,,lf,tactile,cls,,annotated,low,lm,0.429,0.531,419
814896,SNta20,mechanosensory_tactile,vnc_sensory,SNta,MesoLN,L,mechanosensory bristle,,lm,tactile,cls,,annotated,high,lm,0.772,0.801,411
814897,SNta29,mechanosensory_tactile,vnc_sensory,SNta,MesoLN,R,mechanosensory bristle,,rm,tactile,cls,,annotated,high,rm,0.684,0.733,390
814898,SNta04,mechanosensory_tactile,vnc_sensory,SNta,ADMN,R,mechanosensory bristle,,,tactile,cls,,not_leg:ADMN,high,rh,0.35,0.534,381
814899,SNta37,mechanosensory_tactile,vnc_sensory,SNta,MesoLN,L,mechanosensory bristle,,lm,tactile,cls,,annotated,high,lm,0.684,0.739,419
814900,SNta42,mechanosensory_tactile,vnc_sensory,SNta,ProLN,L,mechanosensory bristle,,lf,tactile,cls,,annotated,high,lf,0.414,0.48,136
814904,LgLG1b,gustatory,vnc_sensory,LgLG,MetaLN,R,leg bristle,,rh,gustatory,cls,,annotated,high,rh,0.359,0.46,547
814905,SNpp39,mechanosensory_proprioceptive,vnc_sensory,SNpp,MesoLN,L,chordotonal organ,,lm,proprio,cls,hook_39,annotated,high,lm,0.848,0.903,490
814906,LgLG1a,gustatory,vnc_sensory,LgLG,MetaLN,R,leg bristle,,rh,gustatory,cls,,annotated,high,rh,0.321,0.493,454
814908,SNta38,mechanosensory_tactile,vnc_sensory,SNta,MetaLN,R,mechanosensory bristle,,rh,tactile,cls,,annotated,high,rh,0.74,0.954,244
814911,SNta29,mechanosensory_tactile,vnc_sensory,SNta,ProLN,R,mechanosensory bristle,,rf,tactile,cls,,annotated,high,rf,0.683,0.722,181
814912,SNta25,mechanosensory_tactile,vnc_sensory,SNta,MetaLN,R,mechanosensory bristle,,rh,tactile,cls,,annotated,high,rh,0.897,0.962,221
814914,LgLG1b,gustatory,vnc_sensory,LgLG,ProLN,R,leg bristle,,rf,gustatory,cls,,annotated,high,rh,0.302,0.477,112
814917,SNpp02,mechanosensory_proprioceptive,vnc_sensory,SNpp,AbN3,R,abdomen,,,proprio,cls,untyped,not_leg:AbN3,high,rh,0.478,0.602,316
814918,SNxx14,unknown_sensory,vnc_sensory,SNxx,AbN4,L,abdomen,,,unknown,none,,not_leg:AbN4,high,rh,0.422,0.817,294
814922,LgLG1b,gustatory,vnc_sensory,LgLG,MesoLN,R,leg bristle,,rm,gustatory,cls,,annotated,high,rm,0.383,0.55,543
814924,SNta27,mechanosensory_tactile,vnc_sensory,SNta,MetaLN,L,mechanosensory bristle,,lh,tactile,cls,,annotated,high,lh,0.859,0.896,269
814926,SNxx04,unknown_sensory,vnc_sensory,SNxx,AbN4,R,abdomen,,,unknown,none,,not_leg:AbN4,high,rh,0.379,0.727,234
814927,SNpp23,mechanosensory_proprioceptive,vnc_sensory,SNpp,PDMN,R,notum,,,proprio,cls,untyped,not_leg:PDMN,high,lh,0.564,1.0,164
814929,SNta38,mechanosensory_tactile,vnc_sensory,SNta,MetaLN,L,mechanosensory bristle,,lh,tactile,cls,,annotated,high,lh,0.614,0.905,204
814930,"SNta04,SNta11",mechanosensory_tactile,vnc_sensory,SNta,ADMN,R,mechanosensory bristle,,,tactile,cls,,not_leg:ADMN,high,rh,0.37,0.522,366
814934,SNta38,mechanosensory_tactile,vnc_sensory,SNta,MetaLN,R,mechanosensory bristle,,rh,tactile,cls,,annotated,high,rh,0.828,0.923,294
814937,SNta11,mechanosensory_tactile,vnc_sensory,SNta,ADMN,R,mechanosensory bristle,,,tactile,cls,,not_leg:ADMN,high,rh,0.341,0.474,302
814940,SNpp01,mechanosensory_proprioceptive,vnc_sensory,SNpp,AbN3,R,abdomen,,,proprio,cls,untyped,not_leg:AbN3,high,rh,0.249,0.47,311
814944,LgLG1a,gustatory,vnc_sensory,LgLG,MesoLN,L,leg bristle,,lm,gustatory,cls,,annotated,high,lm,0.433,0.609,856
814947,SNta31,mechanosensory_tactile,vnc_sensory,SNta,MetaLN,R,mechanosensory bristle,,rh,tactile,cls,,annotated,high,rh,0.492,0.631,294
814948,SNta42,mechanosensory_tactile,vnc_sensory,SNta,MesoLN,R,mechanosensory bristle,,rm,tactile,cls,,annotated,high,rm,0.487,0.586,329
814949,SNpp50,mechanosensory_proprioceptive,vnc_sensory,SNpp,MesoLN,L,chordotonal organ,,lm,proprio,cls,claw_50,annotated,high,lm,0.853,0.93,536
814950,SNta23,mechanosensory_tactile,vnc_sensory,SNta,MetaLN,L,mechanosensory bristle,,lh,tactile,cls,,annotated,high,lh,0.432,0.522,274
814955,SNta45,mechanosensory_tactile,vnc_sensory,SNta,MetaLN,R,mechanosensory bristle,,rh,tactile,cls,,annotated,high,rh,0.941,0.962,303
814960,SNta20,mechanosensory_tactile,vnc_sensory,SNta,MesoLN,L,leg,,lm,tactile,cls,,annotated,high,lm,0.749,0.783,414
814961,SNta44,mechanosensory_tactile,vnc_sensory,SNta,MetaLN,L,mechanosensory bristle,,lh,tactile,cls,,annotated,high,lh,0.787,0.899,264
814962,SNta37,mechanosensory_tactile,vnc_sensory,SNta,MesoLN,L,mechanosensory bristle,,lm,tactile,cls,,annotated,high,lm,0.779,0.801,292
814964,SNta25,mechanosensory_tactile,vnc_sensory,SNta,MesoLN,R,mechanosensory bristle,,rm,tactile,cls,,annotated,high,rm,0.687,0.726,339
814968,WG3,gustatory,vnc_sensory,WG,ADMN,R,wing bristle,,,gustatory,cls,,not_leg:ADMN,high,rm,0.42,0.605,372
814970,SNta37,mechanosensory_tactile,vnc_sensory,SNta,MetaLN,R,mechanosensory bristle,,rh,tactile,cls,,annotated,high,rh,0.904,0.927,218
814971,SNta28,mechanosensory_tactile,vnc_sensory,SNta,MesoLN,R,mechanosensory bristle,,rm,tactile,cls,,annotated,high,rm,0.798,0.814,367
814976,"SNta02,SNta09",mechanosensory_tactile,vnc_sensory,SNta,PDMN,R,notum,,,tactile,cls,,not_leg:PDMN,high,rm,0.234,0.462,309
814977,SNta34,mechanosensory_tactile,vnc_sensory,SNta,MesoLN,R,mechanosensory bristle,,rm,tactile,cls,,annotated,high,rm,0.715,0.753,287
814978,SNta38,mechanosensory_tactile,vnc_sensory,SNta,MesoLN,R,mechanosensory bristle,,rm,tactile,cls,,annotated,high,rm,0.784,0.867,310
814980,SNpp52,mechanosensory_proprioceptive,vnc_sensory,SNpp,MetaLN,R,hair plate,,rh,proprio,cls,hair_plate_52,annotated,high,rh,0.917,0.921,502
814986,SNta30,mechanosensory_tactile,vnc_sensory,SNta,ProLN,R,mechanosensory bristle,,rf,tactile,cls,,annotated,high,rf,0.329,0.395,219
814991,LgLG3,gustatory,vnc_sensory,LgLG,ProLN,R,leg bristle,,rf,gustatory,cls,,annotated,high,rh,0.297,0.384,206
814992,"SNta02,SNta09",mechanosensory_tactile,vnc_sensory,SNta,PDMN,L,notum,,,tactile,cls,,not_leg:PDMN,high,lf,0.27,0.393,291
814993,SNta45,mechanosensory_tactile,vnc_sensory,SNta,MesoLN,R,mechanosensory bristle,,rm,tactile,cls,,annotated,high,rm,0.934,0.952,262
814995,SNta44,mechanosensory_tactile,vnc_sensory,SNta,MetaLN,R,mechanosensory bristle,,rh,tactile,cls,,annotated,high,rh,0.894,0.924,314
814996,SNta38,mechanosensory_tactile,vnc_sensory,SNta,MetaLN,R,mechanosensory bristle,,rh,tactile,cls,,annotated,high,rh,0.832,0.965,247
815002,SNxx02,unknown_sensory,vnc_sensory,SNxx,AbNT,R,abdomen,,,unknown,none,,not_leg:AbNT,high,rh,0.489,0.735,165
815004,SNta11,mechanosensory_tactile,vnc_sensory,SNta,ADMN,R,mechanosensory bristle,,,tactile,cls,,not_leg:ADMN,high,rh,0.359,0.519,315
815006,"SNta02,SNta09",mechanosensory_tactile,vnc_sensory,SNta,PDMN,L,notum,,,tactile,cls,,not_leg:PDMN,high,rm,0.286,0.475,342
815011,LgLG1b,gustatory,vnc_sensory,LgLG,MesoLN,R,leg bristle,,rm,gustatory,cls,,annotated,high,rm,0.524,0.646,502
815013,SNta04,mechanosensory_tactile,vnc_sensory,SNta,ADMN,R,mechanosensory bristle,,,tactile,cls,,not_leg:ADMN,high,rh,0.335,0.512,364
815014,SNta23,mechanosensory_tactile,vnc_sensory,SNta,MesoLN,L,mechanosensory bristle,,lm,tactile,cls,,annotated,high,lm,0.642,0.674,318
815015,SNta20,mechanosensory_tactile,vnc_sensory,SNta,MesoLN,L,leg,,lm,tactile,cls,,annotated,high,lm,0.765,0.815,487
815017,SNta37,mechanosensory_tactile,vnc_sensory,SNta,MesoLN,R,mechanosensory bristle,,rm,tactile,cls,,annotated,high,rm,0.85,0.863,348
815020,SNta38,mechanosensory_tactile,vnc_sensory,SNta,MetaLN,R,mechanosensory bristle,,rh,tactile,cls,,annotated,high,rh,0.877,0.967,221
815023,"SNta02,SNta09",mechanosensory_tactile,vnc_sensory,SNta,PDMN,L,notum,,,tactile,cls,,not_leg:PDMN,high,lf,0.249,0.402,339
815024,SNta04,mechanosensory_tactile,vnc_sensory,SNta,ADMN,R,mechanosensory bristle,,,tactile,cls,,not_leg:ADMN,high,rh,0.349,0.49,368
815025,SNxx04,unknown_sensory,vnc_sensory,SNxx,AbN4,R,abdomen,,,unknown,none,,not_leg:AbN4,high,rh,0.416,0.581,183
815026,SNta34,mechanosensory_tactile,vnc_sensory,SNta,MesoLN,L,mechanosensory bristle,,lm,tactile,cls,,annotated,high,lm,0.759,0.808,332
815027,SNta34,mechanosensory_tactile,vnc_sensory,SNta,MesoLN,L,mechanosensory bristle,,lm,tactile,cls,,annotated,high,lm,0.733,0.761,286
815028,"SNta02,SNta09",mechanosensory_tactile,vnc_sensory,SNta,PDMN,L,notum,,,tactile,cls,,not_leg:PDMN,high,lm,0.352,0.472,393
815030,"SNta04,SNta11",mechanosensory_tactile,vnc_sensory,SNta,ADMN,R,mechanosensory bristle,,,tactile,cls,,not_leg:ADMN,high,rh,0.372,0.507,363
815034,SNta37,mechanosensory_tactile,vnc_sensory,SNta,MesoLN,L,mechanosensory bristle,,lm,tactile,cls,,annotated,high,lm,0.857,0.876,308
815037,SNta19,mechanosensory_tactile,vnc_sensory,SNta,MesoLN,L,mechanosensory bristle,,lm,tactile,cls,,annotated,high,lm,0.69,0.741,400
815047,SNxx03,unknown_sensory,vnc_sensory,SNxx,AbN4,R,abdomen,,,unknown,none,,not_leg:AbN4,high,rh,0.509,0.685,177
815049,"SNta19,SNta37",mechanosensory_tactile,vnc_sensory,SNta,MetaLN,R,mechanosensory bristle,,rh,tactile,cls,,annotated,high,rh,0.706,0.77,472
815051,SNxx03,unknown_sensory,vnc_sensory,SNxx,AbN4,R,abdomen,,,unknown,none,,not_leg:AbN4,high,rh,0.562,0.738,240
815052,"SNta04,SNta11",mechanosensory_tactile,vnc_sensory,SNta,ADMN,L,mechanosensory bristle,,,tactile,cls,,not_leg:ADMN,high,lh,0.281,0.417,385
815055,"SNta02,SNta09",mechanosensory_tactile,vnc_sensory,SNta,PDMN,R,notum,,,tactile,cls,,not_leg:PDMN,high,rm,0.307,0.516,267
815062,SNta42,mechanosensory_tactile,vnc_sensory,SNta,MetaLN,L,mechanosensory bristle,,lh,tactile,cls,,annotated,high,lh,0.518,0.703,322
815064,SNch10,,vnc_sensory,SNch,MetaLN,R,taste bristle,,rh,chemo,type,,annotated,high,rh,0.695,0.801,137
815071,LgLG3,gustatory,vnc_sensory,LgLG,ProLN,R,leg bristle,,rf,gustatory,cls,,annotated,high,rh,0.365,0.43,132
815077,"SNta04,SNta11",mechanosensory_tactile,vnc_sensory,SNta,ADMN,R,mechanosensory bristle,,,tactile,cls,,not_leg:ADMN,high,rh,0.366,0.506,423
815080,WG2,gustatory,vnc_sensory,WG,ADMN,L,wing bristle,,,gustatory,cls,,not_leg:ADMN,high,lm,0.305,0.441,457
815082,SNta27,mechanosensory_tactile,vnc_sensory,SNta,MetaLN,L,mechanosensory bristle,,lh,tactile,cls,,annotated,high,lh,0.852,0.888,344
815090,SNta41,mechanosensory_tactile,vnc_sensory,SNta,ProLN,R,mechanosensory bristle,,rf,tactile,cls,,annotated,high,rf,0.625,0.652,129
815091,LgLG1a,gustatory,vnc_sensory,LgLG,ProLN,L,leg bristle,,lf,gustatory,cls,,annotated,high,lm,0.302,0.508,243
815092,SNta42,mechanosensory_tactile,vnc_sensory,SNta,MesoLN,R,mechanosensory bristle,,rm,tactile,cls,,annotated,high,rm,0.62,0.675,327
815098,SNta07,mechanosensory_tactile,vnc_sensory,SNta,ADMN,L,mechanosensory bristle,,,tactile,cls,,not_leg:ADMN,high,lm,0.265,0.479,416
815099,WG2,gustatory,vnc_sensory,WG,ADMN,R,wing bristle,,,gustatory,cls,,not_leg:ADMN,high,rh,0.347,0.461,395
815103,WG1,gustatory,vnc_sensory,WG,ADMN,L,wing bristle,,,gustatory,cls,,not_leg:ADMN,high,rm,0.23,0.419,453
815106,"SNta02,SNta09",mechanosensory_tactile,vnc_sensory,SNta,PDMN,R,notum,,,tactile,cls,,not_leg:PDMN,high,rm,0.304,0.55,239
815107,SNxx04,unknown_sensory,vnc_sensory,SNxx,AbN4,R,abdomen,,,unknown,none,,not_leg:AbN4,high,rh,0.365,0.661,182
815109,LgLG1b,gustatory,vnc_sensory,LgLG,MetaLN,R,leg bristle,,rh,gustatory,cls,,annotated,high,rh,0.392,0.485,539
815110,LgLG1a,gustatory,vnc_sensory,LgLG,ProLN,L,leg bristle,,lf,gustatory,cls,,annotated,high,lm,0.28,0.487,372
815111,SNta29,mechanosensory_tactile,vnc_sensory,SNta,ProLN,R,mechanosensory bristle,,rf,tactile,cls,,annotated,high,rf,0.615,0.64,213
815117,SNxx14,unknown_sensory,vnc_sensory,SNxx,AbN4,L,abdomen,,,unknown,none,,not_leg:AbN4,high,lh,0.397,0.733,337
815119,SNpp02,mechanosensory_proprioceptive,vnc_sensory,SNpp,AbN3,R,abdomen,,,proprio,cls,untyped,not_leg:AbN3,high,rh,0.387,0.511,380
815120,SNta37,mechanosensory_tactile,vnc_sensory,SNta,MesoLN,L,mechanosensory bristle,,lm,tactile,cls,,annotated,high,lm,0.737,0.783,456
815124,SNta21,mechanosensory_tactile,vnc_sensory,SNta,MetaLN,R,mechanosensory bristle,,rh,tactile,cls,,annotated,high,rh,0.885,0.916,244
815125,WG2,gustatory,vnc_sensory,WG,ADMN,L,wing bristle,,,gustatory,cls,,not_leg:ADMN,high,lm,0.338,0.464,363
815131,LgLG3,gustatory,vnc_sensory,LgLG,MesoLN,R,leg bristle,,rm,gustatory,cls,,annotated,high,rm,0.588,0.644,350
815137,"SNta02,SNta09",mechanosensory_tactile,vnc_sensory,SNta,PDMN,L,notum,,,tactile,cls,,not_leg:PDMN,high,lf,0.276,0.422,293
815143,SNta29,mechanosensory_tactile,vnc_sensory,SNta,MesoLN,R,mechanosensory bristle,,rm,tactile,cls,,annotated,high,rm,0.779,0.815,426
815144,SNta23,mechanosensory_tactile,vnc_sensory,SNta,MesoLN,R,mechanosensory bristle,,rm,tactile,cls,,annotated,high,rm,0.677,0.728,305
815145,LgLG3,gustatory,vnc_sensory,LgLG,ProLN,L,leg bristle,,lf,gustatory,cls,,annotated,high,lf,0.422,0.431,243
815147,SNta41,mechanosensory_tactile,vnc_sensory,SNta,MesoLN,R,mechanosensory bristle,,rm,tactile,cls,,annotated,high,rm,0.742,0.769,260
815148,SNta11,mechanosensory_tactile,vnc_sensory,SNta,ADMN,R,mechanosensory bristle,,,tactile,cls,,not_leg:ADMN,high,rh,0.338,0.522,262
815150,SNta33,mechanosensory_tactile,vnc_sensory,SNta,DProN,L,mechanosensory bristle,,lf,tactile,cls,,annotated,medium,lm,0.391,0.492,375
815152,LgLG2,gustatory,vnc_sensory,LgLG,MetaLN,L,leg bristle,,lh,gustatory,cls,,annotated,high,rm,0.293,0.491,41
815153,SNta37,mechanosensory_tactile,vnc_sensory,SNta,MesoLN,R,mechanosensory bristle,,rm,tactile,cls,,annotated,high,rm,0.752,0.786,295
815154,LgLG1b,gustatory,vnc_sensory,LgLG,MetaLN,L,leg bristle,,lh,gustatory,cls,,annotated,high,lm,0.302,0.486,351
815155,WG2,gustatory,vnc_sensory,WG,ADMN,L,wing bristle,,,gustatory,cls,,not_leg:ADMN,high,lm,0.317,0.446,381
815156,LgLG1b,gustatory,vnc_sensory,LgLG,MetaLN,L,leg bristle,,lh,gustatory,cls,,annotated,high,lm,0.314,0.494,377
815158,LgLG1b,gustatory,vnc_sensory,LgLG,MesoLN,L,leg bristle,,lm,gustatory,cls,,annotated,high,lm,0.393,0.577,481
815164,SNxx14,unknown_sensory,vnc_sensory,SNxx,AbN4,L,abdomen,,,unknown,none,,not_leg:AbN4,high,rh,0.368,0.678,309
815165,SNxx04,unknown_sensory,vnc_sensory,SNxx,AbN4,R,abdomen,,,unknown,none,,not_leg:AbN4,high,rh,0.378,0.629,233
815166,"SNta02,SNta09",mechanosensory_tactile,vnc_sensory,SNta,PDMN,R,notum,,,tactile,cls,,not_leg:PDMN,high,rm,0.318,0.519,269
815168,SNppxx,mechanosensory_proprioceptive,vnc_sensory,SNppxx,MetaLN,L,leg,,lh,proprio,cls,untyped,annotated,high,lh,0.847,0.94,159
815169,"SNta02,SNta09",mechanosensory_tactile,vnc_sensory,SNta,PDMN,R,notum,,,tactile,cls,,not_leg:PDMN,high,lm,0.246,0.489,287
815170,SNta11,mechanosensory_tactile,vnc_sensory,SNta,ADMN,R,mechanosensory bristle,,,tactile,cls,,not_leg:ADMN,high,rh,0.308,0.453,387
815173,SNta37,mechanosensory_tactile,vnc_sensory,SNta,MesoLN,L,mechanosensory bristle,,lm,tactile,cls,,annotated,high,lm,0.884,0.902,277
815175,"SNta02,SNta09",mechanosensory_tactile,vnc_sensory,SNta,PDMN,R,notum,,,tactile,cls,,not_leg:PDMN,high,rm,0.354,0.545,298
815176,SNta20,mechanosensory_tactile,vnc_sensory,SNta,MesoLN,L,leg,,lm,tactile,cls,,annotated,high,lm,0.682,0.776,298
815177,SNta20,mechanosensory_tactile,vnc_sensory,SNta,MetaLN,R,mechanosensory bristle,,rh,tactile,cls,,annotated,high,rh,0.676,0.733,403
815179,SNxx04,unknown_sensory,vnc_sensory,SNxx,AbN4,L,abdomen,,,unknown,none,,not_leg:AbN4,high,lm,0.309,0.539,233
815181,LgLG1b,gustatory,vnc_sensory,LgLG,ProLN,L,leg bristle,,lf,gustatory,cls,,annotated,high,lm,0.328,0.491,244
815186,SNta11,mechanosensory_tactile,vnc_sensory,SNta,ADMN,R,mechanosensory bristle,,,tactile,cls,,not_leg:ADMN,high,rh,0.338,0.502,332
815188,LgLG3,gustatory,vnc_sensory,LgLG,MesoLN,R,leg bristle,,rm,gustatory,cls,,annotated,high,rm,0.686,0.729,400
815189,SNta37,mechanosensory_tactile,vnc_sensory,SNta,MetaLN,R,mechanosensory bristle,,rh,tactile,cls,,annotated,high,rh,0.848,0.898,441
815191,"SNta02,SNta09",mechanosensory_tactile,vnc_sensory,SNta,PDMN,L,notum,,,tactile,cls,,not_leg:PDMN,high,lf,0.249,0.393,336
815193,SNpp01,mechanosensory_proprioceptive,vnc_sensory,SNpp,AbN3,L,abdomen,,,proprio,cls,untyped,not_leg:AbN3,high,lm,0.417,0.502,379
815194,SNta38,mechanosensory_tactile,vnc_sensory,SNta,MetaLN,L,mechanosensory bristle,,lh,tactile,cls,,annotated,high,lh,0.867,0.949,286
815195,SNta21,mechanosensory_tactile,vnc_sensory,SNta,MetaLN,L,mechanosensory bristle,,lh,tactile,cls,,annotated,high,lh,0.819,0.891,225
815196,SNta34,mechanosensory_tactile,vnc_sensory,SNta,MesoLN,R,mechanosensory bristle,,rm,tactile,cls,,annotated,high,rm,0.671,0.723,300
815197,"SNta19,SNta37",mechanosensory_tactile,vnc_sensory,SNta,MetaLN,R,mechanosensory bristle,,rh,tactile,cls,,annotated,high,rh,0.698,0.763,311
815200,SNta44,mechanosensory_tactile,vnc_sensory,SNta,MetaLN,R,mechanosensory bristle,,rh,tactile,cls,,annotated,high,rh,0.902,0.939,420
815202,"SNta02,SNta09",mechanosensory_tactile,vnc_sensory,SNta,PDMN,R,notum,,,tactile,cls,,not_leg:PDMN,high,rm,0.298,0.594,283
815210,SNta38,mechanosensory_tactile,vnc_sensory,SNta,MetaLN,R,mechanosensory bristle,,rh,tactile,cls,,annotated,high,rh,0.785,0.961,283
815212,"SNta02,SNta09",mechanosensory_tactile,vnc_sensory,SNta,PDMN,R,notum,,,tactile,cls,,not_leg:PDMN,high,rm,0.354,0.512,306
815213,SNta20,mechanosensory_tactile,vnc_sensory,SNta,MetaLN,L,mechanosensory bristle,,lh,tactile,cls,,annotated,high,lh,0.697,0.737,370
815217,SNta37,mechanosensory_tactile,vnc_sensory,SNta,MetaLN,L,mechanosensory bristle,,lh,tactile,cls,,annotated,high,lh,0.597,0.668,354
815218,"SNta02,SNta09",mechanosensory_tactile,vnc_sensory,SNta,PDMN,L,notum,,,tactile,cls,,not_leg:PDMN,high,lm,0.323,0.529,273
815221,SNta07,mechanosensory_tactile,vnc_sensory,SNta,ADMN,R,mechanosensory bristle,,,tactile,cls,,not_leg:ADMN,high,rm,0.307,0.451,392
815222,"SNta28,SNta44",mechanosensory_tactile,vnc_sensory,SNta,MesoLN,R,mechanosensory bristle,,rm,tactile,cls,,annotated,high,rm,0.874,0.886,345
815225,SNxx04,unknown_sensory,vnc_sensory,SNxx,AbN4,L,abdomen,,,unknown,none,,not_leg:AbN4,high,lh,0.351,0.554,239
815233,SNta43,mechanosensory_tactile,vnc_sensory,SNta,MetaLN,L,mechanosensory bristle,,lh,tactile,cls,,annotated,high,lh,0.785,0.851,278
815235,WG2,gustatory,vnc_sensory,WG,ADMN,R,wing bristle,,,gustatory,cls,,not_leg:ADMN,high,rh,0.344,0.507,350
815236,LgLG3,gustatory,vnc_sensory,LgLG,MetaLN,R,leg bristle,,rh,gustatory,cls,,annotated,high,rh,0.635,0.713,690
815237,SNta37,mechanosensory_tactile,vnc_sensory,SNta,MesoLN,R,mechanosensory bristle,,rm,tactile,cls,,annotated,high,rm,0.816,0.836,396
815244,"SNta02,SNta09",mechanosensory_tactile,vnc_sensory,SNta,PDMN,R,notum,,,tactile,cls,,not_leg:PDMN,high,lm,0.273,0.511,304
815247,SNpp02,mechanosensory_proprioceptive,vnc_sensory,SNpp,AbN3,R,abdomen,,,proprio,cls,untyped,not_leg:AbN3,high,rh,0.333,0.546,391
815248,SNta29,mechanosensory_tactile,vnc_sensory,SNta,MesoLN,R,mechanosensory bristle,,rm,tactile,cls,,annotated,high,rm,0.816,0.839,328
815249,SNxx15,unknown_sensory,vnc_sensory,SNxx,AbN2,L,abdomen,,,unknown,none,,not_leg:AbN2,high,rh,0.491,0.873,1350
815250,SNtaxx,mechanosensory_tactile,vnc_sensory,SNtaxx,MetaLN,L,leg,,lh,tactile,cls,,annotated,high,lh,0.814,0.888,268
815254,SNta28,mechanosensory_tactile,vnc_sensory,SNta,MesoLN,L,mechanosensory bristle,,lm,tactile,cls,,annotated,high,lm,0.833,0.862,282
815259,SNta04,mechanosensory_tactile,vnc_sensory,SNta,ADMN,R,mechanosensory bristle,,,tactile,cls,,not_leg:ADMN,high,rh,0.373,0.554,339
815260,LgLG8,gustatory,vnc_sensory,LgLG,ProLN,R,leg bristle,,rf,gustatory,cls,,annotated,medium,lf,0.459,0.787,403
815263,SNta37,mechanosensory_tactile,vnc_sensory,SNta,MesoLN,R,mechanosensory bristle,,rm,tactile,cls,,annotated,high,rm,0.749,0.786,402
815265,SNxx03,unknown_sensory,vnc_sensory,SNxx,AbN4,R,abdomen,,,unknown,none,,not_leg:AbN4,high,rh,0.427,0.621,138
815266,"SNta02,SNta09",mechanosensory_tactile,vnc_sensory,SNta,PDMN,R,notum,,,tactile,cls,,not_leg:PDMN,high,rm,0.28,0.545,259
815267,LgLG4,gustatory,vnc_sensory,LgLG,ProLN,R,leg bristle,,rf,gustatory,cls,,annotated,high,rf,0.34,0.398,98
815273,SNta27,mechanosensory_tactile,vnc_sensory,SNta,MetaLN,L,mechanosensory bristle,,lh,tactile,cls,,annotated,high,lh,0.808,0.886,181
815275,"SNta02,SNta09",mechanosensory_tactile,vnc_sensory,SNta,PDMN,L,notum,,,tactile,cls,,not_leg:PDMN,high,lm,0.277,0.477,338
815277,SNta04,mechanosensory_tactile,vnc_sensory,SNta,ADMN,R,mechanosensory bristle,,,tactile,cls,,not_leg:ADMN,high,rh,0.314,0.49,326
815279,SNta28,mechanosensory_tactile,vnc_sensory,SNta,MetaLN,L,mechanosensory bristle,,lh,tactile,cls,,annotated,high,lh,0.803,0.846,296
815282,SNta32,mechanosensory_tactile,vnc_sensory,SNta,MesoLN,R,mechanosensory bristle,,rm,tactile,cls,,annotated,high,rm,0.824,0.835,265
815283,SNxx03,unknown_sensory,vnc_sensory,SNxx,AbN4,L,abdomen,,,unknown,none,,not_leg:AbN4,high,lm,0.495,0.565,242
815287,SNta11,mechanosensory_tactile,vnc_sensory,SNta,ADMN,R,mechanosensory bristle,,,tactile,cls,,not_leg:ADMN,high,rm,0.312,0.44,370
815289,SNta37,mechanosensory_tactile,vnc_sensory,SNta,MesoLN,R,mechanosensory bristle,,rm,tactile,cls,,annotated,high,rm,0.612,0.672,318
815295,SNta37,mechanosensory_tactile,vnc_sensory,SNta,MetaLN,L,mechanosensory bristle,,lh,tactile,cls,,annotated,high,lh,0.655,0.709,458
815298,SNta25,mechanosensory_tactile,vnc_sensory,SNta,MesoLN,R,mechanosensory bristle,,rm,tactile,cls,,annotated,high,rm,0.761,0.784,320
815300,SNta25,mechanosensory_tactile,vnc_sensory,SNta,MetaLN,R,mechanosensory bristle,,rh,tactile,cls,,annotated,high,rh,0.855,0.895,288
815301,SNta37,mechanosensory_tactile,vnc_sensory,SNta,MetaLN,R,mechanosensory bristle,,rh,tactile,cls,,annotated,high,rh,0.79,0.827,272
815303,SNxx14,unknown_sensory,vnc_sensory,SNxx,AbN4,L,abdomen,,,unknown,none,,not_leg:AbN4,high,rh,0.485,0.848,340
815305,SNxx16,unknown_sensory,vnc_sensory,SNxx,AbN4,R,abdomen,,,unknown,none,,not_leg:AbN4,high,rh,0.646,0.874,389
815312,SNxx06,unknown_sensory,vnc_sensory,SNxx,AbN3,R,abdomen,,,unknown,none,,not_leg:AbN3,high,rh,0.494,0.727,335
815318,SNxx03,unknown_sensory,vnc_sensory,SNxx,AbN4,L,abdomen,,,unknown,none,,not_leg:AbN4,high,lm,0.306,0.554,211
815319,SNta38,mechanosensory_tactile,vnc_sensory,SNta,MesoLN,R,mechanosensory bristle,,rm,tactile,cls,,annotated,high,rm,0.789,0.838,367
815320,SNta43,mechanosensory_tactile,vnc_sensory,SNta,MesoLN,L,mechanosensory bristle,,lm,tactile,cls,,annotated,high,lm,0.529,0.555,281
815324,SNta27,mechanosensory_tactile,vnc_sensory,SNta,MetaLN,L,mechanosensory bristle,,lh,tactile,cls,,annotated,high,lh,0.905,0.93,267
815325,SNpp47,mechanosensory_proprioceptive,vnc_sensory,SNpp,MesoLN,L,chordotonal organ,,lm,proprio,cls,club,annotated,high,lm,0.847,0.872,445
815329,SNppxx,mechanosensory_proprioceptive,vnc_sensory,SNppxx,ProLN,L,leg,,lf,proprio,cls,untyped,annotated,high,lf,0.793,0.871,108
815338,SNxx14,unknown_sensory,vnc_sensory,SNxx,AbN4,R,abdomen,,,unknown,none,,not_leg:AbN4,high,rh,0.496,0.783,368
815340,"SNta04,SNta11",mechanosensory_tactile,vnc_sensory,SNta,ADMN,R,mechanosensory bristle,,,tactile,cls,,not_leg:ADMN,high,rh,0.328,0.491,301
815346,SNta26,mechanosensory_tactile,vnc_sensory,SNta,MesoLN,R,mechanosensory bristle,,rm,tactile,cls,,annotated,high,rm,0.779,0.821,313
815351,SNta04,mechanosensory_tactile,vnc_sensory,SNta,ADMN,R,mechanosensory bristle,,,tactile,cls,,not_leg:ADMN,high,rh,0.399,0.562,340
815352,SNta29,mechanosensory_tactile,vnc_sensory,SNta,MesoLN,R,mechanosensory bristle,,rm,tactile,cls,,annotated,high,rm,0.849,0.867,531
815354,SNta07,mechanosensory_tactile,vnc_sensory,SNta,ADMN,L,mechanosensory bristle,,,tactile,cls,,not_leg:ADMN,high,lm,0.297,0.488,332
815356,SNta42,mechanosensory_tactile,vnc_sensory,SNta,MesoLN,R,mechanosensory bristle,,rm,tactile,cls,,annotated,high,rm,0.829,0.851,392
815361,"SNta02,SNta09",mechanosensory_tactile,vnc_sensory,SNta,PDMN,L,notum,,,tactile,cls,,not_leg:PDMN,high,lm,0.222,0.418,358
815365,SNta37,mechanosensory_tactile,vnc_sensory,SNta,MetaLN,R,mechanosensory bristle,,rh,tactile,cls,,annotated,high,rh,0.701,0.765,336
815367,LgLG1b,gustatory,vnc_sensory,LgLG,MesoLN,L,leg bristle,,lm,gustatory,cls,,annotated,high,lm,0.392,0.522,387
815368,SNta34,mechanosensory_tactile,vnc_sensory,SNta,MetaLN,L,mechanosensory bristle,,lh,tactile,cls,,annotated,high,lh,0.53,0.606,272
815369,SNta37,mechanosensory_tactile,vnc_sensory,SNta,MesoLN,R,mechanosensory bristle,,rm,tactile,cls,,annotated,high,rm,0.76,0.776,365
815371,WG4,gustatory,vnc_sensory,WG,ADMN,R,wing bristle,,,gustatory,cls,,not_leg:ADMN,high,rm,0.46,0.632,424
815377,WG2,gustatory,vnc_sensory,WG,ADMN,L,wing bristle,,,gustatory,cls,,not_leg:ADMN,high,lh,0.364,0.476,358
815379,SNta43,mechanosensory_tactile,vnc_sensory,SNta,MetaLN,R,mechanosensory bristle,,rh,tactile,cls,,annotated,high,rh,0.915,0.969,244
815380,SNta38,mechanosensory_tactile,vnc_sensory,SNta,MetaLN,R,mechanosensory bristle,,rh,tactile,cls,,annotated,high,rh,0.876,0.927,187
815381,SNta19,mechanosensory_tactile,vnc_sensory,SNta,MesoLN,L,mechanosensory bristle,,lm,tactile,cls,,annotated,high,lm,0.618,0.685,361
815382,"SNta02,SNta09",mechanosensory_tactile,vnc_sensory,SNta,PDMN,R,notum,,,tactile,cls,,not_leg:PDMN,high,rm,0.28,0.492,285
815385,SNxx06,unknown_sensory,vnc_sensory,SNxx,AbN4,R,abdomen,,,unknown,none,,not_leg:AbN4,high,rh,0.514,0.707,217
815386,SNta29,mechanosensory_tactile,vnc_sensory,SNta,MetaLN,L,mechanosensory bristle,,lh,tactile,cls,,annotated,high,lh,0.742,0.802,525
815393,SNta45,mechanosensory_tactile,vnc_sensory,SNta,MesoLN,R,mechanosensory bristle,,rm,tactile,cls,,annotated,high,rm,0.832,0.863,263
815396,SNpp27,mechanosensory_proprioceptive,vnc_sensory,SNpp,ADMN,R,campaniform sensilla,,,proprio,cls,campaniform,not_leg:ADMN,high,rh,0.664,0.814,377
815402,SNta23,mechanosensory_tactile,vnc_sensory,SNta,MesoLN,R,mechanosensory bristle,,rm,tactile,cls,,annotated,high,rm,0.743,0.813,224
815404,LgLG1b,gustatory,vnc_sensory,LgLG,ProLN,L,leg bristle,,lf,gustatory,cls,,annotated,high,lm,0.327,0.479,229
815405,SNxx03,unknown_sensory,vnc_sensory,SNxx,AbN4,L,abdomen,,,unknown,none,,not_leg:AbN4,high,lm,0.325,0.536,211
815408,SNta25,mechanosensory_tactile,vnc_sensory,SNta,MesoLN,R,mechanosensory bristle,,rm,tactile,cls,,annotated,high,rm,0.817,0.839,316
815410,WG4,gustatory,vnc_sensory,WG,ADMN,R,wing bristle,,,gustatory,cls,,not_leg:ADMN,high,rm,0.502,0.671,542
815413,SNta40,mechanosensory_tactile,vnc_sensory,SNta,ProLN,L,mechanosensory bristle,,lf,tactile,cls,,annotated,high,lf,0.855,0.948,120
815416,SNta34,mechanosensory_tactile,vnc_sensory,SNta,MesoLN,R,mechanosensory bristle,,rm,tactile,cls,,annotated,high,rm,0.707,0.746,319
815419,SNpp27,mechanosensory_proprioceptive,vnc_sensory,SNpp,ADMN,L,campaniform sensilla,,,proprio,cls,campaniform,not_leg:ADMN,high,rh,0.398,0.599,493
815421,SNxx22,unknown_sensory,vnc_sensory,SNxx,AbN2,R,abdomen,,,unknown,none,,not_leg:AbN2,high,rh,0.519,0.698,337
815423,"SApp23,SNpp56",mechanosensory_proprioceptive,vnc_sensory,SApp,MetaLN,L,chordotonal organ,,lh,proprio,cls,club,annotated,high,lh,0.384,0.618,496
815424,SNta34,mechanosensory_tactile,vnc_sensory,SNta,MetaLN,R,mechanosensory bristle,,rh,tactile,cls,,annotated,high,rh,0.576,0.672,351
815431,SNta20,mechanosensory_tactile,vnc_sensory,SNta,MetaLN,R,mechanosensory bristle,,rh,tactile,cls,,annotated,high,rh,0.83,0.86,441
815434,"SNta02,SNta09",mechanosensory_tactile,vnc_sensory,SNta,PDMN,R,notum,,,tactile,cls,,not_leg:PDMN,high,rm,0.319,0.561,298
815438,"SNta02,SNta09",mechanosensory_tactile,vnc_sensory,SNta,PDMN,R,notum,,,tactile,cls,,not_leg:PDMN,high,rm,0.29,0.52,251
815439,SNxx33,unknown_sensory,vnc_sensory,SNxx,ProLN,L,leg,,lf,unknown,none,,annotated,high,lf,0.665,0.67,52
815441,"SNta02,SNta09",mechanosensory_tactile,vnc_sensory,SNta,PDMN,R,notum,,,tactile,cls,,not_leg:PDMN,high,rm,0.339,0.555,217
815446,SNta37,mechanosensory_tactile,vnc_sensory,SNta,MetaLN,L,mechanosensory bristle,,lh,tactile,cls,,annotated,high,lh,0.823,0.861,310
815448,SNpp02,mechanosensory_proprioceptive,vnc_sensory,SNpp,AbN3,L,abdomen,,,proprio,cls,untyped,not_leg:AbN3,high,lh,0.391,0.522,457
815449,SNpp52,mechanosensory_proprioceptive,vnc_sensory,SNpp,MesoLN,L,hair plate,,lm,proprio,cls,hair_plate_52,annotated,high,lm,0.904,0.909,959
815450,"SNpp20,SApp02",mechanosensory_proprioceptive,vnc_sensory,SNpp,DMetaN,L,campaniform sensilla,,,proprio,cls,campaniform,not_leg:DMetaN,high,rh,0.392,0.69,161
815452,SNta37,mechanosensory_tactile,vnc_sensory,SNta,MesoLN,L,mechanosensory bristle,,lm,tactile,cls,,annotated,high,lm,0.801,0.828,549
815453,SNta26,mechanosensory_tactile,vnc_sensory,SNta,MesoLN,L,mechanosensory bristle,,lm,tactile,cls,,annotated,high,lm,0.815,0.851,281
815459,"SNta02,SNta09",mechanosensory_tactile,vnc_sensory,SNta,PDMN,R,notum,,,tactile,cls,,not_leg:PDMN,high,rm,0.279,0.485,223
815460,SNta38,mechanosensory_tactile,vnc_sensory,SNta,MetaLN,R,mechanosensory bristle,,rh,tactile,cls,,annotated,high,rh,0.933,0.982,262
815461,SNta34,mechanosensory_tactile,vnc_sensory,SNta,MetaLN,R,mechanosensory bristle,,rh,tactile,cls,,annotated,high,rh,0.702,0.762,448
815463,SNxx30,unknown_sensory,vnc_sensory,SNxx,ProLN,L,leg,,lf,unknown,none,,annotated,high,lf,0.862,0.869,288
815466,LgLG3,gustatory,vnc_sensory,LgLG,MetaLN,R,leg bristle,,rh,gustatory,cls,,annotated,high,rh,0.566,0.649,396
815467,SNta37,mechanosensory_tactile,vnc_sensory,SNta,MetaLN,L,mechanosensory bristle,,lh,tactile,cls,,annotated,high,lh,0.709,0.79,378
815475,SNxx04,unknown_sensory,vnc_sensory,SNxx,AbN4,R,abdomen,,,unknown,none,,not_leg:AbN4,high,rh,0.391,0.659,197
815482,SNta35,mechanosensory_tactile,vnc_sensory,SNta,MesoLN,R,mechanosensory bristle,,rm,tactile,cls,,annotated,high,rm,0.675,0.718,325
815488,SNta37,mechanosensory_tactile,vnc_sensory,SNta,MetaLN,R,mechanosensory bristle,,rh,tactile,cls,,annotated,high,rh,0.79,0.823,248
815489,SNxx03,unknown_sensory,vnc_sensory,SNxx,AbN4,R,abdomen,,,unknown,none,,not_leg:AbN4,high,rh,0.536,0.731,237
815494,SNxx03,unknown_sensory,vnc_sensory,SNxx,AbN4,L,abdomen,,,unknown,none,,not_leg:AbN4,high,lm,0.347,0.5,204
815496,SNxx03,unknown_sensory,vnc_sensory,SNxx,AbN4,R,abdomen,,,unknown,none,,not_leg:AbN4,high,rh,0.482,0.672,230
815497,"SApp23,SNpp56",mechanosensory_proprioceptive,vnc_sensory,SApp,MetaLN,R,chordotonal organ,,rh,proprio,cls,club,annotated,high,rh,0.337,0.503,451
815502,SNta07,mechanosensory_tactile,vnc_sensory,SNta,ADMN,R,mechanosensory bristle,,,tactile,cls,,not_leg:ADMN,high,rh,0.306,0.477,312
815505,SNpp01,mechanosensory_proprioceptive,vnc_sensory,SNpp,AbN3,R,abdomen,,,proprio,cls,untyped,not_leg:AbN3,high,lh,0.24,0.476,395
815506,SNxx03,unknown_sensory,vnc_sensory,SNxx,AbN4,L,abdomen,,,unknown,none,,not_leg:AbN4,high,lh,0.399,0.559,224
815507,SNxx03,unknown_sensory,vnc_sensory,SNxx,AbN4,L,abdomen,,,unknown,none,,not_leg:AbN4,high,lm,0.48,0.6,102
815509,SNpp34,mechanosensory_proprioceptive,vnc_sensory,SNpp,DMetaN,R,haltere,,,proprio,cls,untyped,not_leg:DMetaN,high,rm,0.481,0.536,126
815512,SNta37,mechanosensory_tactile,vnc_sensory,SNta,MesoLN,L,mechanosensory bristle,,lm,tactile,cls,,annotated,high,lm,0.672,0.729,372
815519,LgLG2,gustatory,vnc_sensory,LgLG,ProLN,L,leg bristle,,lf,gustatory,cls,,annotated,high,lf,0.4,0.431,269
815521,SNxx04,unknown_sensory,vnc_sensory,SNxx,AbN4,L,abdomen,,,unknown,none,,not_leg:AbN4,high,lh,0.357,0.55,272
815526,SNta31,mechanosensory_tactile,vnc_sensory,SNta,MetaLN,L,mechanosensory bristle,,lh,tactile,cls,,annotated,high,lh,0.662,0.747,238
815529,SNpp34,mechanosensory_proprioceptive,vnc_sensory,SNpp,DMetaN,R,haltere,,,proprio,cls,untyped,not_leg:DMetaN,high,rh,0.434,0.729,115
815530,"SNta02,SNta09",mechanosensory_tactile,vnc_sensory,SNta,PDMN,L,notum,,,tactile,cls,,not_leg:PDMN,high,lm,0.244,0.412,266
815531,LgLG1b,gustatory,vnc_sensory,LgLG,MesoLN,L,leg bristle,,lm,gustatory,cls,,annotated,high,lm,0.395,0.542,383
815532,SNta41,mechanosensory_tactile,vnc_sensory,SNta,MesoLN,R,mechanosensory bristle,,rm,tactile,cls,,annotated,high,rm,0.787,0.808,277
815533,"SNta28,SNta44",mechanosensory_tactile,vnc_sensory,SNta,MesoLN,L,mechanosensory bristle,,lm,tactile,cls,,annotated,high,lm,0.804,0.832,431
815534,SNta29,mechanosensory_tactile,vnc_sensory,SNta,ProLN,R,mechanosensory bristle,,rf,tactile,cls,,annotated,high,rf,0.526,0.606,211
815536,SNta04,mechanosensory_tactile,vnc_sensory,SNta,ADMN,R,mechanosensory bristle,,,tactile,cls,,not_leg:ADMN,high,rh,0.357,0.504,367
815537,SNta27,mechanosensory_tactile,vnc_sensory,SNta,MetaLN,R,mechanosensory bristle,,rh,tactile,cls,,annotated,high,rh,0.937,0.966,303
815538,SNta34,mechanosensory_tactile,vnc_sensory,SNta,MetaLN,L,mechanosensory bristle,,lh,tactile,cls,,annotated,high,lh,0.583,0.637,254
815541,SNta28,mechanosensory_tactile,vnc_sensory,SNta,MetaLN,L,mechanosensory bristle,,lh,tactile,cls,,annotated,high,lh,0.822,0.888,280
815544,SNta32,mechanosensory_tactile,vnc_sensory,SNta,MetaLN,L,mechanosensory bristle,,lh,tactile,cls,,annotated,high,lh,0.677,0.727,232
815545,SNta33,mechanosensory_tactile,vnc_sensory,SNta,DProN,R,mechanosensory bristle,,rf,tactile,cls,,annotated,medium,rm,0.395,0.521,285
815546,SNxx04,unknown_sensory,vnc_sensory,SNxx,AbN4,R,abdomen,,,unknown,none,,not_leg:AbN4,high,rh,0.433,0.653,190
815549,SNta33,mechanosensory_tactile,vnc_sensory,SNta,DProN,L,mechanosensory bristle,,lf,tactile,cls,,annotated,medium,lm,0.318,0.406,540
815550,"SNta02,SNta09",mechanosensory_tactile,vnc_sensory,SNta,PDMN,L,notum,,,tactile,cls,,not_leg:PDMN,high,lm,0.278,0.51,256
815551,WG3,gustatory,vnc_sensory,WG,ADMN,R,wing bristle,,,gustatory,cls,,not_leg:ADMN,high,rm,0.332,0.535,392
815553,SNxx14,unknown_sensory,vnc_sensory,SNxx,AbN3,L,abdomen,,,unknown,none,,not_leg:AbN3,high,rh,0.405,0.637,235
815554,SNpp02,mechanosensory_proprioceptive,vnc_sensory,SNpp,AbN3,L,abdomen,,,proprio,cls,untyped,not_leg:AbN3,high,lf,0.23,0.436,445
815555,SNxx33,unknown_sensory,vnc_sensory,SNxx,MetaLN,L,leg,,lh,unknown,none,,annotated,high,lh,0.729,0.875,404
815559,SNta20,mechanosensory_tactile,vnc_sensory,SNta,MesoLN,L,leg,,lm,tactile,cls,,annotated,high,lm,0.71,0.744,314
815561,LgLG1b,gustatory,vnc_sensory,LgLG,MesoLN,R,leg bristle,,rm,gustatory,cls,,annotated,high,rm,0.491,0.587,410
815563,SNta31,mechanosensory_tactile,vnc_sensory,SNta,MetaLN,L,mechanosensory bristle,,lh,tactile,cls,,annotated,high,lh,0.515,0.639,200
815566,LgLG3,gustatory,vnc_sensory,LgLG,ProLN,L,leg bristle,,lf,gustatory,cls,,annotated,high,lf,0.401,0.422,355
815567,SNta29,mechanosensory_tactile,vnc_sensory,SNta,MetaLN,L,mechanosensory bristle,,lh,tactile,cls,,annotated,high,lh,0.77,0.853,233
815568,SNxx03,unknown_sensory,vnc_sensory,SNxx,AbN4,L,abdomen,,,unknown,none,,not_leg:AbN4,high,lm,0.493,0.597,182
815569,SNpp39,mechanosensory_proprioceptive,vnc_sensory,SNpp,ProLN,L,chordotonal organ,,lf,proprio,cls,hook_39,annotated,high,lf,0.71,0.717,238
815570,SNpp20,mechanosensory_proprioceptive,vnc_sensory,SNpp,DMetaN,L,haltere,,,proprio,cls,untyped,not_leg:DMetaN,high,lh,0.393,0.719,172
815572,SNta45,mechanosensory_tactile,vnc_sensory,SNta,MesoLN,R,mechanosensory bristle,,rm,tactile,cls,,annotated,high,rm,0.835,0.846,281
815578,LgLG1b,gustatory,vnc_sensory,LgLG,MesoLN,R,leg bristle,,rm,gustatory,cls,,annotated,high,rm,0.49,0.593,385
815579,SNta07,mechanosensory_tactile,vnc_sensory,SNta,ADMN,R,mechanosensory bristle,,,tactile,cls,,not_leg:ADMN,high,rm,0.362,0.523,292
815583,"SNta02,SNta09",mechanosensory_tactile,vnc_sensory,SNta,PDMN,R,notum,,,tactile,cls,,not_leg:PDMN,high,rm,0.326,0.53,242
815586,LgLG3,gustatory,vnc_sensory,LgLG,MetaLN,L,leg bristle,,lh,gustatory,cls,,annotated,high,lh,0.433,0.56,411
815589,LgLG6,gustatory,vnc_sensory,LgLG,ProLN,R,leg bristle,,rf,gustatory,cls,,annotated,high,lf,0.37,0.575,529
815598,LgLG1b,gustatory,vnc_sensory,LgLG,ProLN,L,leg bristle,,lf,gustatory,cls,,annotated,medium,lm,0.412,0.578,173
815604,SNta44,mechanosensory_tactile,vnc_sensory,SNta,ProLN,L,mechanosensory bristle,,lf,tactile,cls,,annotated,high,lf,0.882,0.909,116
815611,"SNta02,SNta09",mechanosensory_tactile,vnc_sensory,SNta,PDMN,R,notum,,,tactile,cls,,not_leg:PDMN,high,lm,0.239,0.477,218
815614,LgLG1a,gustatory,vnc_sensory,LgLG,MetaLN,R,leg bristle,,rh,gustatory,cls,,annotated,high,rh,0.409,0.48,823
815615,SNta35,mechanosensory_tactile,vnc_sensory,SNta,MesoLN,L,mechanosensory bristle,,lm,tactile,cls,,annotated,high,lm,0.72,0.751,272
815618,"SNta02,SNta09",mechanosensory_tactile,vnc_sensory,SNta,PDMN,L,notum,,,tactile,cls,,not_leg:PDMN,high,lm,0.244,0.455,269
815621,SNxx14,unknown_sensory,vnc_sensory,SNxx,AbN4,R,abdomen,,,unknown,none,,not_leg:AbN4,high,rh,0.492,0.825,310
815623,SNta21,mechanosensory_tactile,vnc_sensory,SNta,MesoLN,L,mechanosensory bristle,,lm,tactile,cls,,annotated,high,lm,0.884,0.908,431
815627,SNta35,mechanosensory_tactile,vnc_sensory,SNta,MesoLN,L,mechanosensory bristle,,lm,tactile,cls,,annotated,high,lm,0.561,0.608,328
815629,SNta28,mechanosensory_tactile,vnc_sensory,SNta,MesoLN,R,mechanosensory bristle,,rm,tactile,cls,,annotated,high,rm,0.825,0.855,296
815631,SNta41,mechanosensory_tactile,vnc_sensory,SNta,ProLN,L,mechanosensory bristle,,lf,tactile,cls,,annotated,high,lf,0.894,0.899,107
815632,SNxx03,unknown_sensory,vnc_sensory,SNxx,AbN4,R,abdomen,,,unknown,none,,not_leg:AbN4,high,rh,0.452,0.622,197
815634,SNta31,mechanosensory_tactile,vnc_sensory,SNta,MetaLN,R,mechanosensory bristle,,rh,tactile,cls,,annotated,high,rh,0.482,0.551,276
815635,WG2,gustatory,vnc_sensory,WG,ADMN,L,wing bristle,,,gustatory,cls,,not_leg:ADMN,high,lm,0.332,0.466,363
815638,"SNta02,SNta09",mechanosensory_tactile,vnc_sensory,SNta,PDMN,L,notum,,,tactile,cls,,not_leg:PDMN,high,rm,0.258,0.492,247
815642,SNta20,mechanosensory_tactile,vnc_sensory,SNta,ProLN,R,mechanosensory bristle,,rf,tactile,cls,,annotated,high,rf,0.609,0.654,192
815644,SNta20,mechanosensory_tactile,vnc_sensory,SNta,MesoLN,R,leg,,rm,tactile,cls,,annotated,high,rm,0.697,0.735,399
815646,LgLG1a,gustatory,vnc_sensory,LgLG,MetaLN,R,leg bristle,,rh,gustatory,cls,,annotated,high,rm,0.324,0.511,441
815647,SNta35,mechanosensory_tactile,vnc_sensory,SNta,MesoLN,R,mechanosensory bristle,,rm,tactile,cls,,annotated,high,rm,0.769,0.788,301
815652,SNta30,mechanosensory_tactile,vnc_sensory,SNta,MesoLN,R,mechanosensory bristle,,rm,tactile,cls,,annotated,high,rm,0.83,0.843,376
815653,SNxx03,unknown_sensory,vnc_sensory,SNxx,AbN4,L,abdomen,,,unknown,none,,not_leg:AbN4,high,lm,0.417,0.518,199
815658,SNxx04,unknown_sensory,vnc_sensory,SNxx,AbN4,R,abdomen,,,unknown,none,,not_leg:AbN4,high,rh,0.358,0.622,198
815659,SNta44,mechanosensory_tactile,vnc_sensory,SNta,MetaLN,L,mechanosensory bristle,,lh,tactile,cls,,annotated,high,lh,0.867,0.904,309
815665,SNta29,mechanosensory_tactile,vnc_sensory,SNta,ProLN,R,mechanosensory bristle,,rf,tactile,cls,,annotated,high,rf,0.523,0.583,93
815668,SNxx03,unknown_sensory,vnc_sensory,SNxx,AbN4,R,abdomen,,,unknown,none,,not_leg:AbN4,high,rh,0.523,0.703,260
815670,SNpp02,mechanosensory_proprioceptive,vnc_sensory,SNpp,AbN3,L,abdomen,,,proprio,cls,untyped,not_leg:AbN3,high,lm,0.279,0.425,415
815674,SNpp02,mechanosensory_proprioceptive,vnc_sensory,SNpp,AbN3,R,abdomen,,,proprio,cls,untyped,not_leg:AbN3,high,rh,0.315,0.504,420
815675,SNta41,mechanosensory_tactile,vnc_sensory,SNta,ProLN,R,mechanosensory bristle,,rf,tactile,cls,,annotated,high,rf,0.664,0.701,105
815676,SNta20,mechanosensory_tactile,vnc_sensory,SNta,ProLN,L,mechanosensory bristle,,lf,tactile,cls,,annotated,high,lf,0.716,0.734,215
815677,SNta45,mechanosensory_tactile,vnc_sensory,SNta,MesoLN,L,mechanosensory bristle,,lm,tactile,cls,,annotated,high,lm,0.845,0.857,183
815679,SNta43,mechanosensory_tactile,vnc_sensory,SNta,MesoLN,L,mechanosensory bristle,,lm,tactile,cls,,annotated,high,lm,0.5,0.54,304
815689,LgLG1b,gustatory,vnc_sensory,LgLG,MesoLN,L,leg bristle,,lm,gustatory,cls,,annotated,high,lm,0.469,0.616,338
815697,SNpp48,mechanosensory_proprioceptive,vnc_sensory,SNpp,MetaLN,L,chordotonal organ,,lh,proprio,cls,co_unclassified,annotated,high,lh,0.962,0.972,553
815703,"SNta02,SNta09",mechanosensory_tactile,vnc_sensory,SNta,PDMN,R,notum,,,tactile,cls,,not_leg:PDMN,high,rm,0.301,0.553,228
815704,SNta31,mechanosensory_tactile,vnc_sensory,SNta,MetaLN,R,mechanosensory bristle,,rh,tactile,cls,,annotated,high,rh,0.618,0.717,271
815705,SNpp45,mechanosensory_proprioceptive,vnc_sensory,SNpp,VProN,R,hair plate,,rf,proprio,cls,hair_plate_45,annotated,medium,rf,0.916,0.961,255
815706,SNxx04,unknown_sensory,vnc_sensory,SNxx,AbN4,L,abdomen,,,unknown,none,,not_leg:AbN4,high,lh,0.346,0.58,178
815709,SNta11,mechanosensory_tactile,vnc_sensory,SNta,ADMN,R,mechanosensory bristle,,,tactile,cls,,not_leg:ADMN,high,rm,0.282,0.438,294
815710,SNta35,mechanosensory_tactile,vnc_sensory,SNta,MesoLN,R,mechanosensory bristle,,rm,tactile,cls,,annotated,high,rm,0.681,0.721,368
815711,SNpp25,mechanosensory_proprioceptive,vnc_sensory,SNpp,DMetaN,R,haltere,,,proprio,cls,untyped,not_leg:DMetaN,high,,0.0,0.0,86
815712,"SNta02,SNta09",mechanosensory_tactile,vnc_sensory,SNta,PDMN,R,notum,,,tactile,cls,,not_leg:PDMN,high,rm,0.301,0.49,263
815715,SNta07,mechanosensory_tactile,vnc_sensory,SNta,ADMN,R,mechanosensory bristle,,,tactile,cls,,not_leg:ADMN,high,rm,0.346,0.524,373
815717,SNta41,mechanosensory_tactile,vnc_sensory,SNta,ProLN,L,mechanosensory bristle,,lf,tactile,cls,,annotated,high,lf,0.803,0.813,187
815720,SNxx03,unknown_sensory,vnc_sensory,SNxx,AbN4,L,abdomen,,,unknown,none,,not_leg:AbN4,high,lm,0.419,0.508,209
815723,SNta21,mechanosensory_tactile,vnc_sensory,SNta,ProLN,L,mechanosensory bristle,,lf,tactile,cls,,annotated,high,lf,0.942,0.975,56
815724,SNta31,mechanosensory_tactile,vnc_sensory,SNta,MetaLN,L,mechanosensory bristle,,lh,tactile,cls,,annotated,high,lh,0.705,0.749,226
815725,"SNta28,SNta44",mechanosensory_tactile,vnc_sensory,SNta,MesoLN,L,mechanosensory bristle,,lm,tactile,cls,,annotated,high,lm,0.824,0.841,345
815726,"SNta02,SNta09",mechanosensory_tactile,vnc_sensory,SNta,PDMN,L,notum,,,tactile,cls,,not_leg:PDMN,high,lm,0.313,0.46,254
815728,LgLG3,gustatory,vnc_sensory,LgLG,MetaLN,R,leg bristle,,rh,gustatory,cls,,annotated,high,rh,0.611,0.699,546
815733,SNta37,mechanosensory_tactile,vnc_sensory,SNta,MesoLN,L,mechanosensory bristle,,lm,tactile,cls,,annotated,high,lm,0.834,0.851,213
815735,SNta38,mechanosensory_tactile,vnc_sensory,SNta,MesoLN,L,mechanosensory bristle,,lm,tactile,cls,,annotated,high,lm,0.88,0.91,311
815736,SNta29,mechanosensory_tactile,vnc_sensory,SNta,MesoLN,L,mechanosensory bristle,,lm,tactile,cls,,annotated,high,lm,0.824,0.846,467
815737,SNta39,mechanosensory_tactile,vnc_sensory,SNta,MetaLN,R,mechanosensory bristle,,rh,tactile,cls,,annotated,high,rh,0.949,0.995,232
815738,"SNta02,SNta09",mechanosensory_tactile,vnc_sensory,SNta,PDMN,R,mechanosensory bristle,,,tactile,cls,,not_leg:PDMN,high,rm,0.34,0.501,253
815739,SNta37,mechanosensory_tactile,vnc_sensory,SNta,MesoLN,R,mechanosensory bristle,,rm,tactile,cls,,annotated,high,rm,0.745,0.761,329
815740,"SNta02,SNta09",mechanosensory_tactile,vnc_sensory,SNta,PDMN,R,notum,,,tactile,cls,,not_leg:PDMN,high,rm,0.342,0.577,223
815743,SNxx03,unknown_sensory,vnc_sensory,SNxx,AbN4,R,abdomen,,,unknown,none,,not_leg:AbN4,high,rh,0.587,0.738,212
815748,LgLG3,gustatory,vnc_sensory,LgLG,ProLN,R,leg bristle,,rf,gustatory,cls,,annotated,high,rh,0.309,0.382,197
815749,LgLG4,gustatory,vnc_sensory,LgLG,ProLN,L,leg bristle,,lf,gustatory,cls,,annotated,high,lf,0.633,0.633,179
815750,SNta31,mechanosensory_tactile,vnc_sensory,SNta,MetaLN,L,mechanosensory bristle,,lh,tactile,cls,,annotated,high,lh,0.503,0.592,272
815751,SNpp02,mechanosensory_proprioceptive,vnc_sensory,SNpp,AbN3,R,abdomen,,,proprio,cls,untyped,not_leg:AbN3,high,rh,0.42,0.563,428
815753,LgLG1b,gustatory,vnc_sensory,LgLG,MetaLN,R,leg bristle,,rh,gustatory,cls,,annotated,high,rh,0.343,0.466,353
815755,"SNta02,SNta09",mechanosensory_tactile,vnc_sensory,SNta,PDMN,L,notum,,,tactile,cls,,not_leg:PDMN,high,lm,0.36,0.582,275
815757,SNxx03,unknown_sensory,vnc_sensory,SNxx,AbN4,R,abdomen,,,unknown,none,,not_leg:AbN4,high,rh,0.514,0.743,228
815761,LgLG1b,gustatory,vnc_sensory,LgLG,MetaLN,L,leg bristle,,lh,gustatory,cls,,annotated,high,lm,0.324,0.512,349
815762,SNta31,mechanosensory_tactile,vnc_sensory,SNta,MetaLN,R,mechanosensory bristle,,rh,tactile,cls,,annotated,high,rh,0.494,0.58,357
815764,SNta27,mechanosensory_tactile,vnc_sensory,SNta,MetaLN,R,mechanosensory bristle,,rh,tactile,cls,,annotated,high,rh,0.85,0.919,308
815765,"SNta02,SNta09",mechanosensory_tactile,vnc_sensory,SNta,PDMN,R,notum,,,tactile,cls,,not_leg:PDMN,high,rm,0.281,0.523,255
815766,SNpp57,mechanosensory_proprioceptive,vnc_sensory,SNpp,MesoLN,R,chordotonal organ,,rm,proprio,cls,club,annotated,high,lh,0.366,0.561,304
815770,SNta37,mechanosensory_tactile,vnc_sensory,SNta,MesoLN,L,mechanosensory bristle,,lm,tactile,cls,,annotated,high,lm,0.867,0.885,271
815771,"SNta02,SNta09",mechanosensory_tactile,vnc_sensory,SNta,PDMN,R,notum,,,tactile,cls,,not_leg:PDMN,high,rm,0.318,0.468,232
815772,LgLG1a,gustatory,vnc_sensory,LgLG,MetaLN,R,leg bristle,,rh,gustatory,cls,,annotated,high,rm,0.327,0.516,506
815773,SNxx04,unknown_sensory,vnc_sensory,SNxx,AbN4,L,abdomen,,,unknown,none,,not_leg:AbN4,high,lm,0.336,0.507,224
815775,"SNta02,SNta09",mechanosensory_tactile,vnc_sensory,SNta,PDMN,L,notum,,,tactile,cls,,not_leg:PDMN,high,lm,0.306,0.449,351
815778,SNxx03,unknown_sensory,vnc_sensory,SNxx,AbN4,L,abdomen,,,unknown,none,,not_leg:AbN4,high,lm,0.336,0.531,198
815779,"SNta02,SNta09",mechanosensory_tactile,vnc_sensory,SNta,PDMN,R,notum,,,tactile,cls,,not_leg:PDMN,high,rm,0.393,0.536,232
815783,SNxx21,unknown_sensory,vnc_sensory,SNxx,AbN4,R,abdomen,,,unknown,none,,not_leg:AbN4,high,rh,0.56,0.864,278
815784,SNxx04,unknown_sensory,vnc_sensory,SNxx,AbN4,R,abdomen,,,unknown,none,,not_leg:AbN4,high,rh,0.401,0.644,226
815789,SNta35,mechanosensory_tactile,vnc_sensory,SNta,MesoLN,R,mechanosensory bristle,,rm,tactile,cls,,annotated,high,rm,0.686,0.717,337
815791,WG1,gustatory,vnc_sensory,WG,ADMN,L,wing bristle,,,gustatory,cls,,not_leg:ADMN,high,rm,0.26,0.46,318
815792,LgLG1a,gustatory,vnc_sensory,LgLG,MetaLN,L,leg bristle,,lh,gustatory,cls,,annotated,high,lh,0.34,0.459,485
815793,SNta31,mechanosensory_tactile,vnc_sensory,SNta,MetaLN,L,mechanosensory bristle,,lh,tactile,cls,,annotated,high,lh,0.548,0.681,224
815796,SNta35,mechanosensory_tactile,vnc_sensory,SNta,MesoLN,R,mechanosensory bristle,,rm,tactile,cls,,annotated,high,rm,0.728,0.757,324
815798,SNpp47,mechanosensory_proprioceptive,vnc_sensory,SNpp,MesoLN,R,chordotonal organ,,rm,proprio,cls,club,annotated,high,rm,0.64,0.799,339
815799,SNta35,mechanosensory_tactile,vnc_sensory,SNta,MesoLN,R,mechanosensory bristle,,rm,tactile,cls,,annotated,high,rm,0.7,0.737,291
815800,SNxx03,unknown_sensory,vnc_sensory,SNxx,AbN4,R,abdomen,,,unknown,none,,not_leg:AbN4,high,rh,0.439,0.615,214
815801,WG2,gustatory,vnc_sensory,WG,ADMN,L,wing bristle,,,gustatory,cls,,not_leg:ADMN,high,lh,0.311,0.439,344
815805,SNta42,mechanosensory_tactile,vnc_sensory,SNta,MetaLN,R,mechanosensory bristle,,rh,tactile,cls,,annotated,high,rh,0.585,0.719,354
815807,"SNta02,SNta09",mechanosensory_tactile,vnc_sensory,SNta,PDMN,R,notum,,,tactile,cls,,not_leg:PDMN,high,lm,0.309,0.528,247
815808,SNta37,mechanosensory_tactile,vnc_sensory,SNta,MetaLN,R,mechanosensory bristle,,rh,tactile,cls,,annotated,high,rh,0.857,0.902,302
815810,SNta32,mechanosensory_tactile,vnc_sensory,SNta,MesoLN,R,mechanosensory bristle,,rm,tactile,cls,,annotated,high,rm,0.679,0.71,442
815814,SNta23,mechanosensory_tactile,vnc_sensory,SNta,MesoLN,R,mechanosensory bristle,,rm,tactile,cls,,annotated,high,rm,0.726,0.763,240
815815,"SNta02,SNta09",mechanosensory_tactile,vnc_sensory,SNta,PDMN,L,notum,,,tactile,cls,,not_leg:PDMN,high,lm,0.281,0.426,282
815816,SNta34,mechanosensory_tactile,vnc_sensory,SNta,MetaLN,R,mechanosensory bristle,,rh,tactile,cls,,annotated,high,rh,0.492,0.582,280
815817,SNxx04,unknown_sensory,vnc_sensory,SNxx,AbN4,L,abdomen,,,unknown,none,,not_leg:AbN4,high,lm,0.374,0.514,181
815820,SNta04,mechanosensory_tactile,vnc_sensory,SNta,ADMN,R,mechanosensory bristle,,,tactile,cls,,not_leg:ADMN,high,rh,0.352,0.509,326
815822,SNta28,mechanosensory_tactile,vnc_sensory,SNta,MesoLN,R,mechanosensory bristle,,rm,tactile,cls,,annotated,high,rm,0.759,0.788,352
815825,SNta31,mechanosensory_tactile,vnc_sensory,SNta,MetaLN,L,mechanosensory bristle,,lh,tactile,cls,,annotated,high,lh,0.572,0.712,243
815826,SNppxx,mechanosensory_proprioceptive,vnc_sensory,SNppxx,MesoLN,R,leg,,rm,proprio,cls,untyped,annotated,high,rm,0.884,0.898,265
815827,"SApp02,SApp03",mechanosensory_proprioceptive,vnc_sensory,SApp,DMetaN,L,campaniform sensilla,,,proprio,cls,campaniform,not_leg:DMetaN,high,lh,0.371,0.662,165
815830,SNta37,mechanosensory_tactile,vnc_sensory,SNta,MesoLN,L,mechanosensory bristle,,lm,tactile,cls,,annotated,high,lm,0.723,0.763,323
815832,LgLG3,gustatory,vnc_sensory,LgLG,MesoLN,R,leg bristle,,rm,gustatory,cls,,annotated,high,rm,0.576,0.633,318
815837,SNta34,mechanosensory_tactile,vnc_sensory,SNta,MesoLN,R,leg,,rm,tactile,cls,,annotated,high,rm,0.626,0.673,301
815842,SNta19,mechanosensory_tactile,vnc_sensory,SNta,MesoLN,L,mechanosensory bristle,,lm,tactile,cls,,annotated,high,lm,0.679,0.733,412
815843,SNpp51,mechanosensory_proprioceptive,vnc_sensory,SNpp,ProLN,L,chordotonal organ,,lf,proprio,cls,claw_51,annotated,high,lf,0.928,0.931,1101
815844,"SNta02,SNta09",mechanosensory_tactile,vnc_sensory,SNta,PDMN,L,mechanosensory bristle,,,tactile,cls,,not_leg:PDMN,high,lf,0.263,0.447,294
815850,LgLG1b,gustatory,vnc_sensory,LgLG,MesoLN,L,leg bristle,,lm,gustatory,cls,,annotated,high,lm,0.383,0.54,334
815853,SNta45,mechanosensory_tactile,vnc_sensory,SNta,MesoLN,L,mechanosensory bristle,,lm,tactile,cls,,annotated,high,lm,0.928,0.933,227
815860,SNxx03,unknown_sensory,vnc_sensory,SNxx,AbN4,R,abdomen,,,unknown,none,,not_leg:AbN4,high,rh,0.467,0.649,213
815864,SNpp56,mechanosensory_proprioceptive,vnc_sensory,SNpp,MetaLN,R,chordotonal organ,FeCO club,rh,proprio,cls,club,annotated,high,rh,0.442,0.798,468
815865,"SNta02,SNta09",mechanosensory_tactile,vnc_sensory,SNta,PDMN,L,notum,,,tactile,cls,,not_leg:PDMN,high,lm,0.3,0.458,288
815866,SNta31,mechanosensory_tactile,vnc_sensory,SNta,ProLN,R,mechanosensory bristle,,rf,tactile,cls,,annotated,high,rf,0.441,0.552,117
815867,SNpp20,mechanosensory_proprioceptive,vnc_sensory,SNpp,DMetaN,R,haltere,,,proprio,cls,untyped,not_leg:DMetaN,high,rh,0.363,0.64,148
815868,WG2,gustatory,vnc_sensory,WG,ADMN,L,wing bristle,,,gustatory,cls,,not_leg:ADMN,high,lh,0.295,0.42,324
815870,SNta32,mechanosensory_tactile,vnc_sensory,SNta,MetaLN,L,mechanosensory bristle,,lh,tactile,cls,,annotated,high,lh,0.667,0.775,147
815871,SNta23,mechanosensory_tactile,vnc_sensory,SNta,MetaLN,R,mechanosensory bristle,,rh,tactile,cls,,annotated,high,rh,0.435,0.503,422
815872,LgLG4,gustatory,vnc_sensory,LgLG,MesoLN,L,leg bristle,,lm,gustatory,cls,,annotated,high,lm,0.805,0.809,234
815874,SNta29,mechanosensory_tactile,vnc_sensory,SNta,MesoLN,R,mechanosensory bristle,,rm,tactile,cls,,annotated,high,rm,0.841,0.859,448
815877,LgLG3,gustatory,vnc_sensory,LgLG,MetaLN,R,leg bristle,,rh,gustatory,cls,,annotated,high,rh,0.528,0.663,527
815882,WG2,gustatory,vnc_sensory,WG,ADMN,L,wing bristle,,,gustatory,cls,,not_leg:ADMN,high,lh,0.346,0.468,456
815883,SNta29,mechanosensory_tactile,vnc_sensory,SNta,ProLN,L,mechanosensory bristle,,lf,tactile,cls,,annotated,high,lf,0.793,0.805,206
815884,SNxx33,unknown_sensory,vnc_sensory,SNxx,MetaLN,L,leg,,lh,unknown,none,,annotated,high,lh,0.756,0.863,323
815886,SNxx14,unknown_sensory,vnc_sensory,SNxx,AbN3,L,abdomen,,,unknown,none,,not_leg:AbN3,high,lm,0.368,0.538,264
815888,"SNta02,SNta09",mechanosensory_tactile,vnc_sensory,SNta,PDMN,L,notum,,,tactile,cls,,not_leg:PDMN,high,lm,0.313,0.473,293
815889,WG3,gustatory,vnc_sensory,WG,ADMN,R,wing bristle,,,gustatory,cls,,not_leg:ADMN,high,rm,0.378,0.577,409
815890,SNta27,mechanosensory_tactile,vnc_sensory,SNta,MetaLN,L,mechanosensory bristle,,lh,tactile,cls,,annotated,high,lh,0.888,0.918,231
815891,SNta26,mechanosensory_tactile,vnc_sensory,SNta,MetaLN,R,mechanosensory bristle,,rh,tactile,cls,,annotated,high,rh,0.883,0.916,224
815892,"SNta02,SNta09",mechanosensory_tactile,vnc_sensory,SNta,PDMN,R,notum,,,tactile,cls,,not_leg:PDMN,high,rm,0.271,0.516,232
815901,LgLG1b,gustatory,vnc_sensory,LgLG,MesoLN,R,leg bristle,,rm,gustatory,cls,,annotated,high,rm,0.456,0.577,342
815902,SNta37,mechanosensory_tactile,vnc_sensory,SNta,MetaLN,L,mechanosensory bristle,,lh,tactile,cls,,annotated,high,lh,0.713,0.757,255
815903,SNpp02,mechanosensory_proprioceptive,vnc_sensory,SNpp,AbN3,L,abdomen,,,proprio,cls,untyped,not_leg:AbN3,high,lf,0.352,0.429,389
815904,"SNta02,SNta09",mechanosensory_tactile,vnc_sensory,SNta,PDMN,R,notum,,,tactile,cls,,not_leg:PDMN,high,lm,0.246,0.469,257
815905,SNta27,mechanosensory_tactile,vnc_sensory,SNta,MetaLN,R,mechanosensory bristle,,rh,tactile,cls,,annotated,high,rh,0.915,0.942,219
815907,SNxx04,unknown_sensory,vnc_sensory,SNxx,AbN4,L,abdomen,,,unknown,none,,not_leg:AbN4,high,rh,0.373,0.676,229
815914,SNta21,mechanosensory_tactile,vnc_sensory,SNta,ProLN,L,mechanosensory bristle,,lf,tactile,cls,,annotated,high,lf,0.931,0.939,75
815917,SNta20,mechanosensory_tactile,vnc_sensory,SNta,MetaLN,L,mechanosensory bristle,,lh,tactile,cls,,annotated,high,lh,0.692,0.74,262
815918,SNta30,mechanosensory_tactile,vnc_sensory,SNta,ProLN,R,mechanosensory bristle,,rf,tactile,cls,,annotated,high,rf,0.49,0.544,135
815920,"SNta02,SNta09",mechanosensory_tactile,vnc_sensory,SNta,PDMN,L,notum,,,tactile,cls,,not_leg:PDMN,high,lm,0.28,0.433,363
815923,SNxx04,unknown_sensory,vnc_sensory,SNxx,AbN4,R,abdomen,,,unknown,none,,not_leg:AbN4,high,rh,0.476,0.676,187
815925,"SNta02,SNta09",mechanosensory_tactile,vnc_sensory,SNta,PDMN,L,notum,,,tactile,cls,,not_leg:PDMN,high,lm,0.291,0.47,266
815926,SNpp56,mechanosensory_proprioceptive,vnc_sensory,SNpp,MetaLN,L,chordotonal organ,,lh,proprio,cls,club,annotated,high,lh,0.472,0.73,484
815927,LgLG3,gustatory,vnc_sensory,LgLG,ProLN,L,leg bristle,,lf,gustatory,cls,,annotated,high,lf,0.319,0.343,238
815930,WG2,gustatory,vnc_sensory,WG,ADMN,L,wing bristle,,,gustatory,cls,,not_leg:ADMN,high,lm,0.368,0.487,352
815931,WG2,gustatory,vnc_sensory,WG,ADMN,L,wing bristle,,,gustatory,cls,,not_leg:ADMN,high,lh,0.317,0.431,376
815934,LgLG3,gustatory,vnc_sensory,LgLG,MesoLN,R,leg bristle,,rm,gustatory,cls,,annotated,high,rm,0.575,0.651,334
815937,SNta37,mechanosensory_tactile,vnc_sensory,SNta,MesoLN,R,mechanosensory bristle,,rm,tactile,cls,,annotated,high,rm,0.623,0.685,366
815939,SNta21,mechanosensory_tactile,vnc_sensory,SNta,MesoLN,L,mechanosensory bristle,,lm,tactile,cls,,annotated,high,lm,0.959,0.967,244
815942,LgLG8,gustatory,vnc_sensory,LgLG,ProLN,L,leg bristle,,lf,gustatory,cls,,annotated,high,lf,0.648,0.787,351
815943,SNpp02,mechanosensory_proprioceptive,vnc_sensory,SNpp,AbN3,L,abdomen,,,proprio,cls,untyped,not_leg:AbN3,high,lh,0.309,0.483,360
815944,WG2,gustatory,vnc_sensory,WG,ADMN,L,wing bristle,,,gustatory,cls,,not_leg:ADMN,high,lm,0.368,0.496,329
815947,SNta29,mechanosensory_tactile,vnc_sensory,SNta,ProLN,L,mechanosensory bristle,,lf,tactile,cls,,annotated,high,lf,0.838,0.855,96
815949,SNpp47,mechanosensory_proprioceptive,vnc_sensory,SNpp,MetaLN,R,chordotonal organ,FeCO club,rh,proprio,cls,club,annotated,high,rh,0.553,0.787,647
815950,SNta11,mechanosensory_tactile,vnc_sensory,SNta,ADMN,R,mechanosensory bristle,,,tactile,cls,,not_leg:ADMN,high,rh,0.3,0.496,293
815955,WG2,gustatory,vnc_sensory,WG,ADMN,R,wing bristle,,,gustatory,cls,,not_leg:ADMN,high,rm,0.328,0.452,313
815959,SNppxx,mechanosensory_proprioceptive,vnc_sensory,SNppxx,MesoLN,R,leg,,rm,proprio,cls,untyped,annotated,high,rm,0.803,0.869,907
815960,LgLG1b,gustatory,vnc_sensory,LgLG,MesoLN,L,leg bristle,,lm,gustatory,cls,,annotated,high,lm,0.447,0.605,287
815961,SNxx21,unknown_sensory,vnc_sensory,SNxx,AbN4,R,abdomen,,,unknown,none,,not_leg:AbN4,high,rh,0.446,0.832,436
815963,SNta31,mechanosensory_tactile,vnc_sensory,SNta,MetaLN,R,mechanosensory bristle,,rh,tactile,cls,,annotated,high,rh,0.594,0.626,283
815967,SNta29,mechanosensory_tactile,vnc_sensory,SNta,MesoLN,L,mechanosensory bristle,,lm,tactile,cls,,annotated,high,lm,0.816,0.844,500
815968,"SNta02,SNta09",mechanosensory_tactile,vnc_sensory,SNta,PDMN,R,notum,,,tactile,cls,,not_leg:PDMN,high,rm,0.283,0.507,218
815971,SNta38,mechanosensory_tactile,vnc_sensory,SNta,MetaLN,L,mechanosensory bristle,,lh,tactile,cls,,annotated,high,lh,0.747,0.913,188
815973,"SNta02,SNta09",mechanosensory_tactile,vnc_sensory,SNta,PDMN,R,notum,,,tactile,cls,,not_leg:PDMN,high,rm,0.34,0.558,246
815974,SNpp56,mechanosensory_proprioceptive,vnc_sensory,SNpp,MetaLN,L,chordotonal organ,,lh,proprio,cls,club,annotated,high,lh,0.518,0.725,464
815975,SNxx33,unknown_sensory,vnc_sensory,SNxx,MetaLN,R,leg,,rh,unknown,none,,annotated,high,rh,0.84,0.911,445
815977,SNxx03,unknown_sensory,vnc_sensory,SNxx,AbN4,L,abdomen,,,unknown,none,,not_leg:AbN4,high,lm,0.423,0.524,175
815978,SNta37,mechanosensory_tactile,vnc_sensory,SNta,MetaLN,L,mechanosensory bristle,,lh,tactile,cls,,annotated,high,lh,0.746,0.799,318
815980,"SNta02,SNta09",mechanosensory_tactile,vnc_sensory,SNta,PDMN,R,notum,,,tactile,cls,,not_leg:PDMN,high,rm,0.266,0.461,230
815983,SNxx05,unknown_sensory,vnc_sensory,SNxx,AbN4,R,abdomen,,,unknown,none,,not_leg:AbN4,high,rh,0.458,0.618,249
815984,SNta26,mechanosensory_tactile,vnc_sensory,SNta,MesoLN,R,mechanosensory bristle,,rm,tactile,cls,,annotated,high,rm,0.785,0.831,335
815986,SApp,mechanosensory_proprioceptive,sensory_ascending,SApp,DMetaN,L,haltere,,,proprio,cls,untyped,not_leg:DMetaN,high,lh,0.389,0.678,178
815988,SNta38,mechanosensory_tactile,vnc_sensory,SNta,MetaLN,L,mechanosensory bristle,,lh,tactile,cls,,annotated,high,lh,0.778,0.899,192
815989,LgLG4,gustatory,vnc_sensory,LgLG,MetaLN,R,leg bristle,,rh,gustatory,cls,,annotated,high,rh,0.732,0.746,263
815992,SNta11,mechanosensory_tactile,vnc_sensory,SNta,ADMN,R,mechanosensory bristle,,,tactile,cls,,not_leg:ADMN,high,rm,0.285,0.489,206
815994,SNta33,mechanosensory_tactile,vnc_sensory,SNta,DProN,L,mechanosensory bristle,,lf,tactile,cls,,annotated,medium,lm,0.362,0.467,288
815996,WG1,gustatory,vnc_sensory,WG,ADMN,L,wing bristle,,,gustatory,cls,,not_leg:ADMN,high,rm,0.244,0.409,346
815998,LgLG1b,gustatory,vnc_sensory,LgLG,ProLN,L,leg bristle,,lf,gustatory,cls,,annotated,high,lm,0.333,0.507,202
816001,SNta29,mechanosensory_tactile,vnc_sensory,SNta,MetaLN,L,mechanosensory bristle,,lh,tactile,cls,,annotated,high,lh,0.654,0.733,191
816004,SNpp18,mechanosensory_proprioceptive,vnc_sensory,SNpp,ProCN,L,chordotonal organ,,,proprio,cls,co_unclassified,not_leg:ProCN,high,lm,0.311,0.47,459
816008,LgLG1b,gustatory,vnc_sensory,LgLG,MetaLN,L,leg bristle,,lh,gustatory,cls,,annotated,high,lm,0.316,0.481,275
816016,SNta26,mechanosensory_tactile,vnc_sensory,SNta,MesoLN,L,leg,,lm,tactile,cls,,annotated,high,lm,0.84,0.867,221
816017,SNxx33,unknown_sensory,vnc_sensory,SNxx,MetaLN,L,leg,,lh,unknown,none,,annotated,high,lh,0.704,0.865,304
816019,LgLG3,gustatory,vnc_sensory,LgLG,MesoLN,L,leg bristle,,lm,gustatory,cls,,annotated,high,lm,0.39,0.503,230
816028,SNxx14,unknown_sensory,vnc_sensory,SNxx,AbN4,L,abdomen,,,unknown,none,,not_leg:AbN4,high,rh,0.325,0.638,266
816029,SNpp02,mechanosensory_proprioceptive,vnc_sensory,SNpp,AbN3,R,abdomen,,,proprio,cls,untyped,not_leg:AbN3,high,lf,0.343,0.457,373
816031,"SNta02,SNta09",mechanosensory_tactile,vnc_sensory,SNta,PDMN,R,notum,,,tactile,cls,,not_leg:PDMN,high,rm,0.289,0.512,215
816032,SNta26,mechanosensory_tactile,vnc_sensory,SNta,MesoLN,L,mechanosensory bristle,,lm,tactile,cls,,annotated,high,lm,0.857,0.892,317
816034,SNta07,mechanosensory_tactile,vnc_sensory,SNta,ADMN,R,mechanosensory bristle,,,tactile,cls,,not_leg:ADMN,high,rh,0.3,0.53,277
816035,SNxx03,unknown_sensory,vnc_sensory,SNxx,AbN4,L,abdomen,,,unknown,none,,not_leg:AbN4,high,lm,0.381,0.484,199
816040,"SNta02,SNta09",mechanosensory_tactile,vnc_sensory,SNta,PDMN,R,notum,,,tactile,cls,,not_leg:PDMN,high,rm,0.292,0.533,273
816044,"SNta21,SNta38",mechanosensory_tactile,vnc_sensory,SNta,MetaLN,L,mechanosensory bristle,,lh,tactile,cls,,annotated,high,lh,0.86,0.952,479
816047,SNta37,mechanosensory_tactile,vnc_sensory,SNta,MesoLN,R,mechanosensory bristle,,rm,tactile,cls,,annotated,high,rm,0.731,0.783,346
816049,SNta31,mechanosensory_tactile,vnc_sensory,SNta,MetaLN,L,mechanosensory bristle,,lh,tactile,cls,,annotated,high,lh,0.502,0.635,252
816052,SNta38,mechanosensory_tactile,vnc_sensory,SNta,MetaLN,R,mechanosensory bristle,,rh,tactile,cls,,annotated,high,rh,0.948,0.973,154
816053,SNta31,mechanosensory_tactile,vnc_sensory,SNta,MetaLN,R,mechanosensory bristle,,rh,tactile,cls,,annotated,high,rh,0.533,0.592,215
816056,"SNta19,SNta37",mechanosensory_tactile,vnc_sensory,SNta,MetaLN,L,mechanosensory bristle,,lh,tactile,cls,,annotated,high,lh,0.558,0.616,321
816057,SNxx04,unknown_sensory,vnc_sensory,SNxx,AbN4,L,abdomen,,,unknown,none,,not_leg:AbN4,high,lm,0.333,0.51,173
816062,SNxx04,unknown_sensory,vnc_sensory,SNxx,AbN4,R,abdomen,,,unknown,none,,not_leg:AbN4,high,rh,0.386,0.599,155
816063,SApp,mechanosensory_proprioceptive,sensory_ascending,SApp,DMetaN,R,haltere,,,proprio,cls,untyped,not_leg:DMetaN,high,lh,0.324,0.411,73
816065,SNta04,mechanosensory_tactile,vnc_sensory,SNta,ADMN,R,mechanosensory bristle,,,tactile,cls,,not_leg:ADMN,high,rh,0.336,0.492,267
816066,SNta31,mechanosensory_tactile,vnc_sensory,SNta,MetaLN,L,mechanosensory bristle,,lh,tactile,cls,,annotated,high,lh,0.557,0.672,227
816072,"SApp06,SApp15",mechanosensory_proprioceptive,sensory_ascending,SApp,DMetaN,R,campaniform sensilla,,,proprio,cls,campaniform,not_leg:DMetaN,high,lh,0.473,0.627,360
816073,SNta35,mechanosensory_tactile,vnc_sensory,SNta,MesoLN,L,mechanosensory bristle,,lm,tactile,cls,,annotated,high,lm,0.597,0.652,270
816074,SApp,mechanosensory_proprioceptive,sensory_ascending,SApp,DMetaN,L,haltere,,,proprio,cls,untyped,not_leg:DMetaN,high,lh,0.326,0.582,176
816075,SNta43,mechanosensory_tactile,vnc_sensory,SNta,MesoLN,L,mechanosensory bristle,,lm,tactile,cls,,annotated,high,lm,0.712,0.739,286
816077,WG2,gustatory,vnc_sensory,WG,ADMN,R,wing bristle,,,gustatory,cls,,not_leg:ADMN,high,rh,0.364,0.483,360
816080,SNta41,mechanosensory_tactile,vnc_sensory,SNta,ProLN,R,mechanosensory bristle,,rf,tactile,cls,,annotated,high,rf,0.615,0.644,151
816082,SNta28,mechanosensory_tactile,vnc_sensory,SNta,MesoLN,L,mechanosensory bristle,,lm,tactile,cls,,annotated,high,lm,0.776,0.822,325
816083,LgLG2,gustatory,vnc_sensory,LgLG,ProLN,L,leg bristle,,lf,gustatory,cls,,annotated,high,lf,0.307,0.403,285
816084,SNxx04,unknown_sensory,vnc_sensory,SNxx,AbN4,R,abdomen,,,unknown,none,,not_leg:AbN4,high,rh,0.368,0.676,215
816085,WG1,gustatory,vnc_sensory,WG,ADMN,L,wing bristle,,,gustatory,cls,,not_leg:ADMN,high,rm,0.247,0.448,365
816086,"SNta02,SNta09",mechanosensory_tactile,vnc_sensory,SNta,PDMN,R,notum,,,tactile,cls,,not_leg:PDMN,high,rm,0.427,0.623,223
816091,SNta38,mechanosensory_tactile,vnc_sensory,SNta,MetaLN,R,mechanosensory bristle,,rh,tactile,cls,,annotated,high,rh,0.83,0.934,267
816092,"SNta02,SNta09",mechanosensory_tactile,vnc_sensory,SNta,PDMN,L,notum,,,tactile,cls,,not_leg:PDMN,high,lm,0.289,0.452,256
816096,SNta20,mechanosensory_tactile,vnc_sensory,SNta,MetaLN,R,mechanosensory bristle,,rh,tactile,cls,,annotated,high,rh,0.712,0.777,384
816097,"SNta02,SNta09",mechanosensory_tactile,vnc_sensory,SNta,PDMN,L,notum,,,tactile,cls,,not_leg:PDMN,high,lm,0.29,0.453,287
816102,SNta29,mechanosensory_tactile,vnc_sensory,SNta,ProLN,L,mechanosensory bristle,,lf,tactile,cls,,annotated,high,lf,0.877,0.933,136
816104,SNxx22,unknown_sensory,vnc_sensory,SNxx,AbN2,L,abdomen,,,unknown,none,,not_leg:AbN2,high,lh,0.451,0.643,279
816105,"SNta02,SNta09",mechanosensory_tactile,vnc_sensory,SNta,PDMN,R,mechanosensory bristle,,,tactile,cls,,not_leg:PDMN,high,rm,0.311,0.472,268
816106,WG2,gustatory,vnc_sensory,WG,ADMN,L,wing bristle,,,gustatory,cls,,not_leg:ADMN,high,lm,0.382,0.519,296
816107,"SNta02,SNta09",mechanosensory_tactile,vnc_sensory,SNta,PDMN,R,notum,,,tactile,cls,,not_leg:PDMN,high,rm,0.269,0.466,285
816108,SNta43,mechanosensory_tactile,vnc_sensory,SNta,MetaLN,R,mechanosensory bristle,,rh,tactile,cls,,annotated,high,rh,0.701,0.765,278
816109,LgLG3,gustatory,vnc_sensory,LgLG,MesoLN,R,leg bristle,,rm,gustatory,cls,,annotated,high,rm,0.603,0.658,265
816110,LgLG7,gustatory,vnc_sensory,LgLG,ProLN,L,leg bristle,,lf,gustatory,cls,,annotated,high,lf,0.707,0.828,308
816111,SNta34,mechanosensory_tactile,vnc_sensory,SNta,MetaLN,L,mechanosensory bristle,,lh,tactile,cls,,annotated,high,lh,0.557,0.626,207
816113,SNch10,,vnc_sensory,SNch,MetaLN,R,taste bristle,,rh,chemo,type,,annotated,high,rh,0.666,0.818,125
816114,"SNta02,SNta09",mechanosensory_tactile,vnc_sensory,SNta,PDMN,R,notum,,,tactile,cls,,not_leg:PDMN,high,lm,0.284,0.518,192
816116,"SNta02,SNta09",mechanosensory_tactile,vnc_sensory,SNta,PDMN,L,notum,,,tactile,cls,,not_leg:PDMN,high,lm,0.347,0.481,234
816117,WG1,gustatory,vnc_sensory,WG,ADMN,R,wing bristle,,,gustatory,cls,,not_leg:ADMN,high,rm,0.259,0.432,398
816118,LgLG3,gustatory,vnc_sensory,LgLG,MesoLN,L,leg bristle,,lm,gustatory,cls,,annotated,high,lm,0.494,0.566,298
816123,SNxx04,unknown_sensory,vnc_sensory,SNxx,AbN4,R,abdomen,,,unknown,none,,not_leg:AbN4,high,rh,0.411,0.656,174
816125,SNpp02,mechanosensory_proprioceptive,vnc_sensory,SNpp,AbN3,L,abdomen,,,proprio,cls,untyped,not_leg:AbN3,high,lh,0.361,0.512,372
816129,SNxx22,unknown_sensory,vnc_sensory,SNxx,AbN2,L,abdomen,,,unknown,none,,not_leg:AbN2,high,lh,0.355,0.55,214
816130,SNxx14,unknown_sensory,vnc_sensory,SNxx,AbN4,L,abdomen,,,unknown,none,,not_leg:AbN4,high,rh,0.412,0.746,217
816131,SNta31,mechanosensory_tactile,vnc_sensory,SNta,MesoLN,L,leg,,lm,tactile,cls,,annotated,high,lm,0.822,0.844,373
816133,WG1,gustatory,vnc_sensory,WG,ADMN,R,wing bristle,,,gustatory,cls,,not_leg:ADMN,high,rm,0.244,0.396,352
816134,SNpp52,mechanosensory_proprioceptive,vnc_sensory,SNpp,MetaLN,R,hair plate,,rh,proprio,cls,hair_plate_52,annotated,high,rh,0.918,0.928,510
816135,"SNta02,SNta09",mechanosensory_tactile,vnc_sensory,SNta,PDMN,R,notum,,,tactile,cls,,not_leg:PDMN,high,lm,0.252,0.498,179
816142,WG2,gustatory,vnc_sensory,WG,ADMN,L,wing bristle,,,gustatory,cls,,not_leg:ADMN,high,lh,0.346,0.412,241
816144,SNpp02,mechanosensory_proprioceptive,vnc_sensory,SNpp,AbN3,R,abdomen,,,proprio,cls,untyped,not_leg:AbN3,high,rh,0.323,0.485,313
816146,SNxx03,unknown_sensory,vnc_sensory,SNxx,AbN4,R,abdomen,,,unknown,none,,not_leg:AbN4,high,rh,0.535,0.69,168
816151,LgLG4,gustatory,vnc_sensory,LgLG,MetaLN,L,leg bristle,,lh,gustatory,cls,,annotated,high,lh,0.74,0.752,190
816157,SNpp25,mechanosensory_proprioceptive,vnc_sensory,SNpp,DMetaN,R,haltere,,,proprio,cls,untyped,not_leg:DMetaN,high,lh,0.581,0.687,141
816158,SNta29,mechanosensory_tactile,vnc_sensory,SNta,MesoLN,R,mechanosensory bristle,,rm,tactile,cls,,annotated,high,rm,0.761,0.803,264
816163,LgLG3,gustatory,vnc_sensory,LgLG,ProLN,L,leg bristle,,lf,gustatory,cls,,annotated,high,lf,0.304,0.372,242
816164,SNxx04,unknown_sensory,vnc_sensory,SNxx,AbN4,R,abdomen,,,unknown,none,,not_leg:AbN4,high,rh,0.344,0.557,158
816168,SNta20,mechanosensory_tactile,vnc_sensory,SNta,MetaLN,R,mechanosensory bristle,,rh,tactile,cls,,annotated,high,rh,0.705,0.771,507
816169,SNta36,mechanosensory_tactile,vnc_sensory,SNta,MetaLN,L,mechanosensory bristle,,lh,tactile,cls,,annotated,high,lh,0.608,0.667,272
816170,SNxx03,unknown_sensory,vnc_sensory,SNxx,AbN4,R,abdomen,,,unknown,none,,not_leg:AbN4,high,rh,0.516,0.71,223
816176,SNta39,mechanosensory_tactile,vnc_sensory,SNta,MetaLN,R,mechanosensory bristle,,rh,tactile,cls,,annotated,high,rh,0.939,0.975,205
816181,WG2,gustatory,vnc_sensory,WG,ADMN,L,wing bristle,,,gustatory,cls,,not_leg:ADMN,high,lh,0.302,0.44,326
816185,SNta37,mechanosensory_tactile,vnc_sensory,SNta,MesoLN,R,mechanosensory bristle,,rm,tactile,cls,,annotated,high,rm,0.769,0.787,314
816194,SNxx21,unknown_sensory,vnc_sensory,SNxx,AbN3,R,abdomen,,,unknown,none,,not_leg:AbN3,high,lh,0.591,0.915,232
816197,SNta11,mechanosensory_tactile,vnc_sensory,SNta,ADMN,R,mechanosensory bristle,,,tactile,cls,,not_leg:ADMN,high,rh,0.276,0.437,338
816204,"SNta02,SNta09",mechanosensory_tactile,vnc_sensory,SNta,PDMN,L,notum,,,tactile,cls,,not_leg:PDMN,high,lm,0.321,0.466,207
816205,SNta34,mechanosensory_tactile,vnc_sensory,SNta,MesoLN,R,mechanosensory bristle,,rm,tactile,cls,,annotated,high,rm,0.677,0.729,296
816210,SNta04,mechanosensory_tactile,vnc_sensory,SNta,ADMN,R,mechanosensory bristle,,,tactile,cls,,not_leg:ADMN,high,rh,0.356,0.508,291
816213,SNxx33,unknown_sensory,vnc_sensory,SNxx,MetaLN,R,leg,,rh,unknown,none,,annotated,high,rh,0.794,0.883,485
816214,LgLG1b,gustatory,vnc_sensory,LgLG,MetaLN,L,leg bristle,,lh,gustatory,cls,,annotated,high,lh,0.291,0.429,369
816217,SNta37,mechanosensory_tactile,vnc_sensory,SNta,MesoLN,R,mechanosensory bristle,,rm,tactile,cls,,annotated,high,rm,0.874,0.891,294
816218,SNta37,mechanosensory_tactile,vnc_sensory,SNta,MesoLN,L,mechanosensory bristle,,lm,tactile,cls,,annotated,high,lm,0.852,0.875,436
816221,SNxx04,unknown_sensory,vnc_sensory,SNxx,AbN4,L,abdomen,,,unknown,none,,not_leg:AbN4,high,lh,0.321,0.625,199
816224,SNta34,mechanosensory_tactile,vnc_sensory,SNta,MesoLN,R,mechanosensory bristle,,rm,tactile,cls,,annotated,high,rm,0.694,0.742,279
816234,SNpp45,mechanosensory_proprioceptive,vnc_sensory,SNpp,VProN,L,hair plate,,lf,proprio,cls,hair_plate_45,annotated,medium,lf,0.898,0.957,612
816240,WG2,gustatory,vnc_sensory,WG,ADMN,L,wing bristle,,,gustatory,cls,,not_leg:ADMN,high,lm,0.344,0.472,322
816244,SNta43,mechanosensory_tactile,vnc_sensory,SNta,MetaLN,R,mechanosensory bristle,,rh,tactile,cls,,annotated,high,rh,0.763,0.819,158
816245,"SNta02,SNta09",mechanosensory_tactile,vnc_sensory,SNta,PDMN,L,notum,,,tactile,cls,,not_leg:PDMN,high,lm,0.287,0.5,212
816248,SNxx02,unknown_sensory,vnc_sensory,SNxx,AbNT,L,abdomen,,,unknown,none,,not_leg:AbNT,high,lh,0.385,0.731,284
816249,SNta40,mechanosensory_tactile,vnc_sensory,SNta,ProLN,R,mechanosensory bristle,,rf,tactile,cls,,annotated,high,rf,0.595,0.614,117
816250,WG2,gustatory,vnc_sensory,WG,ADMN,R,wing bristle,,,gustatory,cls,,not_leg:ADMN,high,rh,0.377,0.51,310
816254,WG2,gustatory,vnc_sensory,WG,ADMN,L,wing bristle,,,gustatory,cls,,not_leg:ADMN,high,lh,0.299,0.425,355
816255,LgLG1b,gustatory,vnc_sensory,LgLG,MetaLN,R,leg bristle,,rh,gustatory,cls,,annotated,high,rh,0.447,0.527,347
816258,SNxx22,unknown_sensory,vnc_sensory,SNxx,AbN2,R,abdomen,,,unknown,none,,not_leg:AbN2,high,rh,0.52,0.684,199
816259,"SNta02,SNta09",mechanosensory_tactile,vnc_sensory,SNta,PDMN,R,notum,,,tactile,cls,,not_leg:PDMN,high,rm,0.307,0.509,175
816260,SNxx21,unknown_sensory,vnc_sensory,SNxx,AbN4,L,abdomen,,,unknown,none,,not_leg:AbN4,high,rh,0.451,0.858,236
816261,"SNta02,SNta09",mechanosensory_tactile,vnc_sensory,SNta,PDMN,R,notum,,,tactile,cls,,not_leg:PDMN,high,lm,0.285,0.55,188
816267,SNta20,mechanosensory_tactile,vnc_sensory,SNta,ProLN,L,mechanosensory bristle,,lf,tactile,cls,,annotated,high,lf,0.8,0.822,211
816268,"SNta02,SNta09",mechanosensory_tactile,vnc_sensory,SNta,PDMN,R,mechanosensory bristle,,,tactile,cls,,not_leg:PDMN,high,rm,0.401,0.543,257
816271,SNpp02,mechanosensory_proprioceptive,vnc_sensory,SNpp,AbN3,R,abdomen,,,proprio,cls,untyped,not_leg:AbN3,high,rh,0.472,0.53,228
816272,LgLG1b,gustatory,vnc_sensory,LgLG,MetaLN,R,leg bristle,,rh,gustatory,cls,,annotated,high,rh,0.324,0.462,401
816273,LgLG1a,gustatory,vnc_sensory,LgLG,ProLN,L,leg bristle,,lf,gustatory,cls,,annotated,high,lm,0.309,0.539,345
816275,SNta23,mechanosensory_tactile,vnc_sensory,SNta,MesoLN,R,mechanosensory bristle,,rm,tactile,cls,,annotated,high,rm,0.754,0.808,241
816278,SNxx22,unknown_sensory,vnc_sensory,SNxx,AbN2,L,abdomen,,,unknown,none,,not_leg:AbN2,high,lh,0.514,0.665,283
816279,LgLG3,gustatory,vnc_sensory,LgLG,MesoLN,R,leg bristle,,rm,gustatory,cls,,annotated,high,rm,0.608,0.668,241
816282,SNta29,mechanosensory_tactile,vnc_sensory,SNta,ProLN,R,mechanosensory bristle,,rf,tactile,cls,,annotated,high,rf,0.623,0.659,128
816283,SNta43,mechanosensory_tactile,vnc_sensory,SNta,MetaLN,L,mechanosensory bristle,,lh,tactile,cls,,annotated,high,lh,0.819,0.957,262
816285,LgLG2,gustatory,vnc_sensory,LgLG,ProLN,L,leg bristle,,lf,gustatory,cls,,annotated,high,rm,0.265,0.478,244
816287,LgLG3,gustatory,vnc_sensory,LgLG,MesoLN,L,leg bristle,,lm,gustatory,cls,,annotated,high,lm,0.479,0.588,253
816289,SNta31,mechanosensory_tactile,vnc_sensory,SNta,MesoLN,L,leg,,lm,tactile,cls,,annotated,high,lm,0.8,0.829,282
816294,SNta19,mechanosensory_tactile,vnc_sensory,SNta,MesoLN,L,mechanosensory bristle,,lm,tactile,cls,,annotated,high,lm,0.523,0.62,247
816295,SNta20,mechanosensory_tactile,vnc_sensory,SNta,MetaLN,R,mechanosensory bristle,,rh,tactile,cls,,annotated,high,rh,0.727,0.778,416
816300,"SNta02,SNta09",mechanosensory_tactile,vnc_sensory,SNta,PDMN,R,notum,,,tactile,cls,,not_leg:PDMN,high,rm,0.264,0.518,158
816301,SNxx14,unknown_sensory,vnc_sensory,SNxx,AbN4,R,abdomen,,,unknown,none,,not_leg:AbN4,high,rh,0.497,0.791,244
816303,SNta31,mechanosensory_tactile,vnc_sensory,SNta,MetaLN,R,mechanosensory bristle,,rh,tactile,cls,,annotated,high,rh,0.495,0.579,166
816304,SNpp51,mechanosensory_proprioceptive,vnc_sensory,SNpp,MesoLN,R,chordotonal organ,,rm,proprio,cls,claw_51,annotated,high,rm,0.94,0.956,277
816307,SNta25,mechanosensory_tactile,vnc_sensory,SNta,MetaLN,L,mechanosensory bristle,,lh,tactile,cls,,annotated,high,lh,0.758,0.843,318
816309,SNta20,mechanosensory_tactile,vnc_sensory,SNta,MesoLN,R,mechanosensory bristle,,rm,tactile,cls,,annotated,high,rm,0.806,0.836,357
816312,"SNta02,SNta09",mechanosensory_tactile,vnc_sensory,SNta,PDMN,L,notum,,,tactile,cls,,not_leg:PDMN,high,lm,0.259,0.429,261
816320,SNta18,mechanosensory_tactile,vnc_sensory,SNta,ADMN,L,mechanosensory bristle,,,tactile,cls,,not_leg:ADMN,high,lh,0.334,0.532,931
816323,SNch10,,vnc_sensory,SNch,MetaLN,R,taste bristle,,rh,chemo,type,,annotated,high,rh,0.627,0.833,154
816328,SNxx33,unknown_sensory,vnc_sensory,SNxx,MesoLN,L,leg,,lm,unknown,none,,annotated,high,lm,0.873,0.888,236
816329,LgLG1b,gustatory,vnc_sensory,LgLG,MetaLN,R,leg bristle,,rh,gustatory,cls,,annotated,high,rh,0.365,0.472,327
816330,SNxx22,unknown_sensory,vnc_sensory,SNxx,AbN2,R,abdomen,,,unknown,none,,not_leg:AbN2,high,rh,0.588,0.708,252
816331,SNta31,mechanosensory_tactile,vnc_sensory,SNta,ProLN,L,mechanosensory bristle,,lf,tactile,cls,,annotated,high,lf,0.86,0.873,187
816333,SNta35,mechanosensory_tactile,vnc_sensory,SNta,MesoLN,R,leg,,rm,tactile,cls,,annotated,high,rm,0.704,0.742,364
816335,SNxx04,unknown_sensory,vnc_sensory,SNxx,AbN4,L,abdomen,,,unknown,none,,not_leg:AbN4,high,lm,0.359,0.483,166
816336,SNta29,mechanosensory_tactile,vnc_sensory,SNta,MetaLN,R,mechanosensory bristle,,rh,tactile,cls,,annotated,high,rh,0.769,0.824,302
816338,SNta44,mechanosensory_tactile,vnc_sensory,SNta,MetaLN,R,mechanosensory bristle,,rh,tactile,cls,,annotated,high,rh,0.947,0.972,136
816340,SNpp20,mechanosensory_proprioceptive,vnc_sensory,SNpp,DMetaN,L,haltere,,,proprio,cls,untyped,not_leg:DMetaN,high,rh,0.377,0.621,229
816348,SNta28,mechanosensory_tactile,vnc_sensory,SNta,MesoLN,L,mechanosensory bristle,,lm,tactile,cls,,annotated,high,lm,0.809,0.834,263
816355,SNta39,mechanosensory_tactile,vnc_sensory,SNta,MetaLN,L,mechanosensory bristle,,lh,tactile,cls,,annotated,high,lh,0.968,0.975,212
816357,SNta20,mechanosensory_tactile,vnc_sensory,SNta,MetaLN,R,mechanosensory bristle,,rh,tactile,cls,,annotated,high,rh,0.85,0.878,282
816362,SNpp41,mechanosensory_proprioceptive,vnc_sensory,SNpp,MesoLN,R,chordotonal organ,,rm,proprio,cls,hook_41,annotated,high,rm,0.736,0.853,236
816365,WG1,gustatory,vnc_sensory,WG,ADMN,R,wing bristle,,,gustatory,cls,,not_leg:ADMN,high,rm,0.233,0.401,339
816366,SNppxx,mechanosensory_proprioceptive,vnc_sensory,SNppxx,MetaLN,R,leg,,rh,proprio,cls,untyped,annotated,high,rh,0.994,0.999,145
816373,SNta40,mechanosensory_tactile,vnc_sensory,SNta,ProLN,L,mechanosensory bristle,,lf,tactile,cls,,annotated,high,lf,0.724,0.968,55
816377,LgLG3,gustatory,vnc_sensory,LgLG,MetaLN,L,leg bristle,,lh,gustatory,cls,,annotated,high,lh,0.399,0.472,286
816378,SNta42,mechanosensory_tactile,vnc_sensory,SNta,MesoLN,R,mechanosensory bristle,,rm,tactile,cls,,annotated,high,rm,0.663,0.707,444
816379,SNta21,mechanosensory_tactile,vnc_sensory,SNta,MesoLN,R,mechanosensory bristle,,rm,tactile,cls,,annotated,high,rm,0.886,0.952,220
816380,WG2,gustatory,vnc_sensory,WG,ADMN,L,wing bristle,,,gustatory,cls,,not_leg:ADMN,high,lh,0.32,0.415,296
816382,LgLG3,gustatory,vnc_sensory,LgLG,MesoLN,L,leg bristle,,lm,gustatory,cls,,annotated,high,lm,0.57,0.624,317
816385,SNxx33,unknown_sensory,vnc_sensory,SNxx,MesoLN,L,leg,,lm,unknown,none,,annotated,high,lm,0.803,0.874,301
816387,SNta38,mechanosensory_tactile,vnc_sensory,SNta,MetaLN,L,mechanosensory bristle,,lh,tactile,cls,,annotated,high,lh,0.843,0.931,394
816388,SNpp39,mechanosensory_proprioceptive,vnc_sensory,SNpp,MetaLN,L,chordotonal organ,,lh,proprio,cls,hook_39,annotated,high,lh,0.712,0.746,274
816390,"SNta02,SNta09",mechanosensory_tactile,vnc_sensory,SNta,PDMN,L,notum,,,tactile,cls,,not_leg:PDMN,high,lm,0.29,0.524,216
816393,WG2,gustatory,vnc_sensory,WG,ADMN,R,wing bristle,,,gustatory,cls,,not_leg:ADMN,high,rh,0.328,0.441,256
816396,LgLG4,gustatory,vnc_sensory,LgLG,MesoLN,L,leg bristle,,lm,gustatory,cls,,annotated,high,lm,0.85,0.856,215
816399,WG1,gustatory,vnc_sensory,WG,ADMN,L,wing bristle,,,gustatory,cls,,not_leg:ADMN,high,rm,0.255,0.429,324
816403,SNxx03,unknown_sensory,vnc_sensory,SNxx,AbN4,R,abdomen,,,unknown,none,,not_leg:AbN4,high,rh,0.502,0.682,144
816407,SNta23,mechanosensory_tactile,vnc_sensory,SNta,MetaLN,L,mechanosensory bristle,,lh,tactile,cls,,annotated,high,lh,0.505,0.594,280
816408,SNxx03,unknown_sensory,vnc_sensory,SNxx,AbN4,R,abdomen,,,unknown,none,,not_leg:AbN4,high,rh,0.457,0.62,169
816409,SNxx03,unknown_sensory,vnc_sensory,SNxx,AbN4,R,abdomen,,,unknown,none,,not_leg:AbN4,high,rh,0.467,0.631,126
816410,SNta31,mechanosensory_tactile,vnc_sensory,SNta,MesoLN,R,leg,,rm,tactile,cls,,annotated,high,rm,0.715,0.762,316
816413,SNxx03,unknown_sensory,vnc_sensory,SNxx,AbN4,L,abdomen,,,unknown,none,,not_leg:AbN4,high,lh,0.42,0.606,153
816414,SNta41,mechanosensory_tactile,vnc_sensory,SNta,ProLN,L,mechanosensory bristle,,lf,tactile,cls,,annotated,high,lf,0.737,0.747,201
816417,"SNta04,SNta11",mechanosensory_tactile,vnc_sensory,SNta,ADMN,R,mechanosensory bristle,,,tactile,cls,,not_leg:ADMN,high,rh,0.34,0.514,287
816421,LgLG3,gustatory,vnc_sensory,LgLG,MetaLN,L,leg bristle,,lh,gustatory,cls,,annotated,high,lh,0.53,0.607,328
816423,WG2,gustatory,vnc_sensory,WG,ADMN,R,wing bristle,,,gustatory,cls,,not_leg:ADMN,high,rm,0.351,0.476,314
816426,LgLG3,gustatory,vnc_sensory,LgLG,MesoLN,L,leg bristle,,lm,gustatory,cls,,annotated,high,lm,0.427,0.548,190
816427,SNpp01,mechanosensory_proprioceptive,vnc_sensory,SNpp,AbN3,L,abdomen,,,proprio,cls,untyped,not_leg:AbN3,high,lm,0.388,0.419,352
816428,"SNta02,SNta09",mechanosensory_tactile,vnc_sensory,SNta,PDMN,R,notum,,,tactile,cls,,not_leg:PDMN,high,lm,0.264,0.506,305
816429,SApp08,mechanosensory_proprioceptive,sensory_ascending,SApp,DMetaN,L,campaniform sensilla,,,proprio,cls,campaniform,not_leg:DMetaN,high,lh,0.453,0.637,168
816432,SNta31,mechanosensory_tactile,vnc_sensory,SNta,MesoLN,L,leg,,lm,tactile,cls,,annotated,high,lm,0.755,0.785,275
816434,SNpp17,mechanosensory_proprioceptive,vnc_sensory,SNpp,ProCN,L,chordotonal organ,"MNC, Gorko Nature 2024",,proprio,cls,co_unclassified,not_leg:ProCN,high,lh,0.336,0.606,186
816439,SNch10,,vnc_sensory,SNch,MetaLN,R,taste bristle,,rh,chemo,type,,annotated,high,rh,0.662,0.807,172
816440,SNpp23,mechanosensory_proprioceptive,vnc_sensory,SNpp,PDMN,L,notum,,,proprio,cls,untyped,not_leg:PDMN,high,rh,0.588,0.964,165
816447,LgLG1a,gustatory,vnc_sensory,LgLG,ProLN,R,leg bristle,,rf,gustatory,cls,,annotated,medium,rm,0.408,0.606,265
816452,WG2,gustatory,vnc_sensory,WG,ADMN,L,wing bristle,,,gustatory,cls,,not_leg:ADMN,high,lm,0.335,0.463,313
816454,SNta35,mechanosensory_tactile,vnc_sensory,SNta,MesoLN,R,mechanosensory bristle,,rm,tactile,cls,,annotated,high,rm,0.745,0.771,235
816456,SNta32,mechanosensory_tactile,vnc_sensory,SNta,MetaLN,L,mechanosensory bristle,,lh,tactile,cls,,annotated,high,lh,0.608,0.657,359
816461,SNxx22,unknown_sensory,vnc_sensory,SNxx,AbN2,L,abdomen,,,unknown,none,,not_leg:AbN2,high,lh,0.411,0.541,242
816463,SNxx29,unknown_sensory,vnc_sensory,SNxx,MesoLN,L,leg,,lm,unknown,none,,annotated,high,lm,0.566,0.609,581
816471,WG2,gustatory,vnc_sensory,WG,ADMN,R,wing bristle,,,gustatory,cls,,not_leg:ADMN,high,rh,0.322,0.44,250
816473,SNta36,mechanosensory_tactile,vnc_sensory,SNta,MetaLN,L,mechanosensory bristle,,lh,tactile,cls,,annotated,high,lh,0.672,0.729,195
816478,SNta29,mechanosensory_tactile,vnc_sensory,SNta,MesoLN,R,mechanosensory bristle,,rm,tactile,cls,,annotated,high,rm,0.833,0.842,304
816480,SNta21,mechanosensory_proprioceptive,vnc_sensory,SNta,MesoLN,R,leg,,rm,proprio,cls,untyped,annotated,high,rm,0.853,0.876,641
816485,LgLG1b,gustatory,vnc_sensory,LgLG,MesoLN,L,leg bristle,,lm,gustatory,cls,,annotated,high,lm,0.408,0.589,334
816486,SNta38,mechanosensory_tactile,vnc_sensory,SNta,MetaLN,R,mechanosensory bristle,,rh,tactile,cls,,annotated,high,rh,0.85,0.954,185
816488,SNta20,mechanosensory_tactile,vnc_sensory,SNta,MesoLN,R,mechanosensory bristle,,rm,tactile,cls,,annotated,high,rm,0.777,0.796,237
816491,SNxx06,unknown_sensory,vnc_sensory,SNxx,AbN3,R,abdomen,,,unknown,none,,not_leg:AbN3,high,rh,0.589,0.725,217
816494,LgLG8,gustatory,vnc_sensory,LgLG,ProLN,R,leg bristle,,rf,gustatory,cls,,annotated,medium,lf,0.436,0.763,444
816495,SNta41,mechanosensory_tactile,vnc_sensory,SNta,ProLN,L,mechanosensory bristle,,lf,tactile,cls,,annotated,high,lf,0.914,0.921,123
816496,SNta23,mechanosensory_tactile,vnc_sensory,SNta,MetaLN,R,mechanosensory bristle,,rh,tactile,cls,,annotated,high,rh,0.651,0.725,256
816498,SNpp60,mechanosensory_proprioceptive,vnc_sensory,SNpp,MetaLN,L,chordotonal organ,,lh,proprio,cls,club,annotated,high,lh,0.543,0.687,540
816499,SNxx03,unknown_sensory,vnc_sensory,SNxx,AbN4,L,abdomen,,,unknown,none,,not_leg:AbN4,high,lm,0.36,0.516,136
816500,WG1,gustatory,vnc_sensory,WG,ADMN,L,wing bristle,,,gustatory,cls,,not_leg:ADMN,high,rm,0.26,0.457,358
816503,WG2,gustatory,vnc_sensory,WG,ADMN,R,wing bristle,,,gustatory,cls,,not_leg:ADMN,high,rh,0.398,0.508,266
816507,WG2,gustatory,vnc_sensory,WG,ADMN,R,wing bristle,,,gustatory,cls,,not_leg:ADMN,high,rm,0.365,0.476,195
816508,SNta42,mechanosensory_tactile,vnc_sensory,SNta,MesoLN,L,mechanosensory bristle,,lm,tactile,cls,,annotated,high,lm,0.722,0.768,237
816509,"SNta02,SNta09",mechanosensory_tactile,vnc_sensory,SNta,PDMN,R,notum,,,tactile,cls,,not_leg:PDMN,high,rm,0.337,0.506,258
816511,WG1,gustatory,vnc_sensory,WG,ADMN,L,wing bristle,,,gustatory,cls,,not_leg:ADMN,high,lh,0.209,0.394,338
816515,SNta38,mechanosensory_tactile,vnc_sensory,SNta,MetaLN,R,mechanosensory bristle,,rh,tactile,cls,,annotated,high,rh,0.9,0.921,147
816519,SNxx03,unknown_sensory,vnc_sensory,SNxx,AbN4,R,abdomen,,,unknown,none,,not_leg:AbN4,high,rh,0.489,0.678,161
816522,WG2,gustatory,vnc_sensory,WG,ADMN,L,wing bristle,,,gustatory,cls,,not_leg:ADMN,high,lh,0.326,0.412,259
816525,"SNta02,SNta09",mechanosensory_tactile,vnc_sensory,SNta,PDMN,L,notum,,,tactile,cls,,not_leg:PDMN,high,lf,0.316,0.445,237
816526,"SNta02,SNta09",mechanosensory_tactile,vnc_sensory,SNta,PDMN,L,notum,,,tactile,cls,,not_leg:PDMN,high,lf,0.282,0.438,246
816528,"SNta02,SNta09",mechanosensory_tactile,vnc_sensory,SNta,PDMN,R,notum,,,tactile,cls,,not_leg:PDMN,high,rm,0.316,0.554,170
816529,SNtaxx,mechanosensory_tactile,vnc_sensory,SNtaxx,MesoLN,R,leg,,rm,tactile,cls,,annotated,high,rm,0.765,0.767,161
816532,SNta39,mechanosensory_tactile,vnc_sensory,SNta,MetaLN,L,mechanosensory bristle,,lh,tactile,cls,,annotated,high,lh,0.843,0.945,163
816536,SNpp46,mechanosensory_proprioceptive,vnc_sensory,SNpp,MetaLN,R,chordotonal organ,,rh,proprio,cls,co_unclassified,annotated,high,rh,0.454,0.656,307
816542,SNta29,mechanosensory_tactile,vnc_sensory,SNta,MetaLN,R,mechanosensory bristle,,rh,tactile,cls,,annotated,high,rh,0.815,0.857,265
816546,"SNta02,SNta09",mechanosensory_tactile,vnc_sensory,SNta,PDMN,R,notum,,,tactile,cls,,not_leg:PDMN,high,rm,0.355,0.606,134
816548,SNpp03,mechanosensory_proprioceptive,vnc_sensory,SNpp,AbN3,L,abdomen,,,proprio,cls,untyped,not_leg:AbN3,high,lh,0.417,0.62,162
816549,SNxx04,unknown_sensory,vnc_sensory,SNxx,AbN4,R,abdomen,,,unknown,none,,not_leg:AbN4,high,rh,0.351,0.634,120
816558,SNta21,mechanosensory_tactile,vnc_sensory,SNta,MetaLN,L,mechanosensory bristle,,lh,tactile,cls,,annotated,high,lh,0.814,0.939,167
816566,LgLG1b,gustatory,vnc_sensory,LgLG,ProLN,L,leg bristle,,lf,gustatory,cls,,annotated,high,lm,0.362,0.564,159
816567,"SNta02,SNta09",mechanosensory_tactile,vnc_sensory,SNta,PDMN,R,mechanosensory bristle,,,tactile,cls,,not_leg:PDMN,high,rm,0.399,0.58,170
816573,SNta20,mechanosensory_tactile,vnc_sensory,SNta,MesoLN,R,leg,,rm,tactile,cls,,annotated,high,rm,0.701,0.735,402
816574,WG2,gustatory,vnc_sensory,WG,ADMN,L,wing bristle,,,gustatory,cls,,not_leg:ADMN,high,lm,0.315,0.452,309
816577,SNxx03,unknown_sensory,vnc_sensory,SNxx,AbN4,L,abdomen,,,unknown,none,,not_leg:AbN4,high,lm,0.448,0.515,241
816578,LgLG1b,gustatory,vnc_sensory,LgLG,MetaLN,R,leg bristle,,rh,gustatory,cls,,annotated,high,rh,0.375,0.501,407
816580,SNpp41,mechanosensory_proprioceptive,vnc_sensory,SNpp,MetaLN,L,chordotonal organ,,lh,proprio,cls,hook_41,annotated,high,lh,0.505,0.71,260
816581,"SNta02,SNta09",mechanosensory_tactile,vnc_sensory,SNta,PDMN,R,notum,,,tactile,cls,,not_leg:PDMN,high,rm,0.308,0.47,187
816582,SNxx03,unknown_sensory,vnc_sensory,SNxx,AbN4,R,abdomen,,,unknown,none,,not_leg:AbN4,high,rh,0.481,0.77,168
816586,SNta31,mechanosensory_tactile,vnc_sensory,SNta,ProLN,R,mechanosensory bristle,,rf,tactile,cls,,annotated,high,rf,0.426,0.463,146
816587,SNxx04,unknown_sensory,vnc_sensory,SNxx,AbN4,L,abdomen,,,unknown,none,,not_leg:AbN4,high,rh,0.339,0.678,153
816588,SNxx03,unknown_sensory,vnc_sensory,SNxx,AbN4,R,abdomen,,,unknown,none,,not_leg:AbN4,high,rh,0.366,0.67,181
816589,LgAG8,gustatory,sensory_ascending,LgAG,MesoLN,L,leg bristle,,lm,gustatory,cls,,annotated,high,lm,0.917,0.929,170
816591,SNxx22,unknown_sensory,vnc_sensory,SNxx,AbN2,R,abdomen,,,unknown,none,,not_leg:AbN2,high,rh,0.565,0.729,227
816593,WG2,gustatory,vnc_sensory,WG,ADMN,R,wing bristle,,,gustatory,cls,,not_leg:ADMN,high,rm,0.348,0.472,271
816596,SNxx25,unknown_sensory,vnc_sensory,SNxx,ADMN,R,wing,,,unknown,none,,not_leg:ADMN,high,rh,0.565,0.708,1461
816604,LgLG1b,gustatory,vnc_sensory,LgLG,MetaLN,L,leg bristle,,lh,gustatory,cls,,annotated,high,lm,0.272,0.443,418
816606,SNxx04,unknown_sensory,vnc_sensory,SNxx,AbN4,R,abdomen,,,unknown,none,,not_leg:AbN4,high,rh,0.336,0.62,126
816614,SNta34,mechanosensory_tactile,vnc_sensory,SNta,MesoLN,R,mechanosensory bristle,,rm,tactile,cls,,annotated,high,rm,0.694,0.733,266
816615,SNta38,mechanosensory_tactile,vnc_sensory,SNta,MetaLN,L,mechanosensory bristle,,lh,tactile,cls,,annotated,high,lh,0.825,0.947,105
816616,SNta37,mechanosensory_tactile,vnc_sensory,SNta,MetaLN,L,mechanosensory bristle,,lh,tactile,cls,,annotated,high,lh,0.61,0.669,475
816618,"SNta02,SNta09",mechanosensory_tactile,vnc_sensory,SNta,PDMN,R,notum,,,tactile,cls,,not_leg:PDMN,high,rm,0.293,0.513,219
816622,"SNta02,SNta09",mechanosensory_tactile,vnc_sensory,SNta,PDMN,R,notum,,,tactile,cls,,not_leg:PDMN,high,rh,0.277,0.444,243
816625,SApp,mechanosensory_proprioceptive,sensory_ascending,SApp,DMetaN,L,haltere,,,proprio,cls,untyped,not_leg:DMetaN,high,rh,0.332,0.617,128
816626,LgLG3,gustatory,vnc_sensory,LgLG,ProLN,R,leg bristle,,rf,gustatory,cls,,annotated,high,rh,0.317,0.411,103
816629,SNta38,mechanosensory_tactile,vnc_sensory,SNta,MetaLN,L,mechanosensory bristle,,lh,tactile,cls,,annotated,high,lh,0.824,0.925,151
816631,SNxx03,unknown_sensory,vnc_sensory,SNxx,AbN4,L,abdomen,,,unknown,none,,not_leg:AbN4,high,lm,0.517,0.603,175
816632,SNta45,mechanosensory_tactile,vnc_sensory,SNta,MetaLN,L,mechanosensory bristle,,lh,tactile,cls,,annotated,high,lh,0.873,0.898,159
816638,SNta26,mechanosensory_tactile,vnc_sensory,SNta,MesoLN,R,mechanosensory bristle,,rm,tactile,cls,,annotated,high,rm,0.861,0.896,303
816641,"SNta02,SNta09",mechanosensory_tactile,vnc_sensory,SNta,PDMN,R,notum,,,tactile,cls,,not_leg:PDMN,high,rh,0.285,0.48,200
816643,WG2,gustatory,vnc_sensory,WG,ADMN,L,wing bristle,,,gustatory,cls,,not_leg:ADMN,high,lm,0.347,0.465,305
816644,SNch10,,vnc_sensory,SNch,MetaLN,R,taste bristle,,rh,chemo,type,,annotated,high,rh,0.646,0.812,245
816645,SNta29,mechanosensory_tactile,vnc_sensory,SNta,ProLN,L,mechanosensory bristle,,lf,tactile,cls,,annotated,high,lf,0.773,0.832,416
816650,WG1,gustatory,vnc_sensory,WG,ADMN,R,wing bristle,,,gustatory,cls,,not_leg:ADMN,high,rm,0.275,0.433,334
816652,WG2,gustatory,vnc_sensory,WG,ADMN,R,wing bristle,,,gustatory,cls,,not_leg:ADMN,high,rh,0.39,0.489,293
816657,SNta30,mechanosensory_tactile,vnc_sensory,SNta,ProLN,R,mechanosensory bristle,,rf,tactile,cls,,annotated,high,rf,0.548,0.61,108
816663,SNxx03,unknown_sensory,vnc_sensory,SNxx,AbN4,R,abdomen,,,unknown,none,,not_leg:AbN4,high,rh,0.464,0.679,171
816664,SNta38,mechanosensory_tactile,vnc_sensory,SNta,MetaLN,L,mechanosensory bristle,,lh,tactile,cls,,annotated,high,lh,0.844,0.879,141
816665,SNpp56,mechanosensory_proprioceptive,vnc_sensory,SNpp,MesoLN,R,chordotonal organ,,rm,proprio,cls,club,annotated,high,lh,0.335,0.506,398
816666,SNta31,mechanosensory_tactile,vnc_sensory,SNta,MesoLN,L,mechanosensory bristle,,lm,tactile,cls,,annotated,high,lm,0.646,0.668,190
816674,SNxx03,unknown_sensory,vnc_sensory,SNxx,AbN4,R,abdomen,,,unknown,none,,not_leg:AbN4,high,rh,0.506,0.71,164
816681,SNxxxx,unknown_sensory,vnc_sensory,SNxxxx,ProLN,L,leg,,lf,unknown,none,,annotated,high,lf,0.967,0.969,33
816684,WG1,gustatory,vnc_sensory,WG,ADMN,R,wing bristle,,,gustatory,cls,,not_leg:ADMN,high,rm,0.263,0.433,298
816687,SNta43,mechanosensory_tactile,vnc_sensory,SNta,MetaLN,L,mechanosensory bristle,,lh,tactile,cls,,annotated,high,lh,0.597,0.735,274
816689,SNta27,mechanosensory_tactile,vnc_sensory,SNta,MesoLN,R,leg,,rm,tactile,cls,,annotated,high,rm,0.782,0.84,251
816690,SNtaxx,mechanosensory_tactile,vnc_sensory,SNtaxx,MetaLN,L,leg,,lh,tactile,cls,,annotated,high,lh,0.892,0.906,210
816691,SNxx03,unknown_sensory,vnc_sensory,SNxx,AbN4,R,abdomen,,,unknown,none,,not_leg:AbN4,high,rh,0.51,0.66,176
816693,SNxx22,unknown_sensory,vnc_sensory,SNxx,AbN2,R,abdomen,,,unknown,none,,not_leg:AbN2,high,rh,0.49,0.639,226
816699,"SNta02,SNta09",mechanosensory_tactile,vnc_sensory,SNta,PDMN,R,notum,,,tactile,cls,,not_leg:PDMN,high,rm,0.277,0.493,237
816700,SNta41,mechanosensory_tactile,vnc_sensory,SNta,ProLN,R,mechanosensory bristle,,rf,tactile,cls,,annotated,high,rf,0.614,0.66,174
816702,SNpp02,mechanosensory_proprioceptive,vnc_sensory,SNpp,AbN3,R,abdomen,,,proprio,cls,untyped,not_leg:AbN3,high,rh,0.375,0.476,313
816704,SNta34,mechanosensory_tactile,vnc_sensory,SNta,MesoLN,L,mechanosensory bristle,,lm,tactile,cls,,annotated,high,lm,0.699,0.769,299
816707,SNta23,mechanosensory_tactile,vnc_sensory,SNta,MetaLN,L,mechanosensory bristle,,lh,tactile,cls,,annotated,high,lh,0.452,0.553,237
816710,LgAG1,gustatory,sensory_ascending,LgAG,ProLN,R,leg bristle,,rf,gustatory,cls,,annotated,medium,rm,0.448,0.559,725
816711,SNta21,mechanosensory_tactile,vnc_sensory,SNta,ProLN,R,mechanosensory bristle,,rf,tactile,cls,,annotated,high,rf,0.906,0.91,16
816714,WG1,gustatory,vnc_sensory,WG,ADMN,R,wing bristle,,,gustatory,cls,,not_leg:ADMN,high,rm,0.258,0.407,315
816716,WG1,gustatory,vnc_sensory,WG,ADMN,L,wing bristle,,,gustatory,cls,,not_leg:ADMN,high,rm,0.271,0.451,329
816719,SNta38,mechanosensory_tactile,vnc_sensory,SNta,MetaLN,L,mechanosensory bristle,,lh,tactile,cls,,annotated,high,lh,0.756,0.856,177
816720,SNpp23,mechanosensory_proprioceptive,vnc_sensory,SNpp,PDMN,R,notum,,,proprio,cls,untyped,not_leg:PDMN,high,rh,0.818,1.0,127
816721,WG2,gustatory,vnc_sensory,WG,ADMN,R,wing bristle,,,gustatory,cls,,not_leg:ADMN,high,rm,0.395,0.5,225
816724,SNta27,mechanosensory_tactile,vnc_sensory,SNta,MetaLN,L,mechanosensory bristle,,lh,tactile,cls,,annotated,high,lh,0.868,0.898,250
816733,WG1,gustatory,vnc_sensory,WG,ADMN,L,wing bristle,,,gustatory,cls,,not_leg:ADMN,high,rm,0.261,0.456,344
816735,WG2,gustatory,vnc_sensory,WG,ADMN,L,wing bristle,,,gustatory,cls,,not_leg:ADMN,high,lm,0.382,0.531,336
816737,SNta25,mechanosensory_tactile,vnc_sensory,SNta,MetaLN,L,mechanosensory bristle,,lh,tactile,cls,,annotated,high,lh,0.813,0.905,327
816739,SNta42,mechanosensory_tactile,vnc_sensory,SNta,MesoLN,L,mechanosensory bristle,,lm,tactile,cls,,annotated,high,lm,0.743,0.783,262
816740,SNxx22,unknown_sensory,vnc_sensory,SNxx,AbN2,L,abdomen,,,unknown,none,,not_leg:AbN2,high,lh,0.503,0.641,304
816754,LgLG3,gustatory,vnc_sensory,LgLG,MesoLN,R,leg bristle,,rm,gustatory,cls,,annotated,high,rm,0.612,0.673,254
816756,SNta32,mechanosensory_tactile,vnc_sensory,SNta,MetaLN,L,mechanosensory bristle,,lh,tactile,cls,,annotated,high,lh,0.616,0.682,193
816759,LgLG2,gustatory,vnc_sensory,LgLG,ProLN,L,leg bristle,,lf,gustatory,cls,,annotated,high,rm,0.249,0.432,247
816760,WG2,gustatory,vnc_sensory,WG,ADMN,L,wing bristle,,,gustatory,cls,,not_leg:ADMN,high,lm,0.383,0.475,279
816762,SNta37,mechanosensory_tactile,vnc_sensory,SNta,MetaLN,R,mechanosensory bristle,,rh,tactile,cls,,annotated,high,rh,0.774,0.82,462
816764,SNpp42,mechanosensory_proprioceptive,vnc_sensory,SNpp,MetaLN,L,chordotonal organ,,lh,proprio,cls,co_unclassified,annotated,high,lm,0.336,0.535,308
816765,SNta21,mechanosensory_tactile,vnc_sensory,SNta,MesoLN,R,mechanosensory bristle,,rm,tactile,cls,,annotated,high,rm,0.85,0.904,228
816769,"SNta02,SNta09",mechanosensory_tactile,vnc_sensory,SNta,PDMN,R,notum,,,tactile,cls,,not_leg:PDMN,high,rm,0.27,0.491,348
816770,SNxx03,unknown_sensory,vnc_sensory,SNxx,AbN4,R,abdomen,,,unknown,none,,not_leg:AbN4,high,rh,0.492,0.679,159
816772,SNxx03,unknown_sensory,vnc_sensory,SNxx,AbN4,R,abdomen,,,unknown,none,,not_leg:AbN4,high,rh,0.5,0.681,173
816778,WG2,gustatory,vnc_sensory,WG,ADMN,R,wing bristle,,,gustatory,cls,,not_leg:ADMN,high,rh,0.377,0.478,233
816779,WG1,gustatory,vnc_sensory,WG,ADMN,R,wing bristle,,,gustatory,cls,,not_leg:ADMN,high,rm,0.252,0.429,280
816782,SNpp39,mechanosensory_proprioceptive,vnc_sensory,SNpp,ProLN,R,chordotonal organ,,rf,proprio,cls,hook_39,annotated,high,rf,0.621,0.635,212
816783,SNta19,mechanosensory_tactile,vnc_sensory,SNta,ProLN,R,mechanosensory bristle,,rf,tactile,cls,,annotated,high,rf,0.279,0.383,81
816784,"SNta02,SNta09",mechanosensory_tactile,vnc_sensory,SNta,PDMN,R,notum,,,tactile,cls,,not_leg:PDMN,high,rm,0.355,0.57,173
816785,SNxx33,unknown_sensory,vnc_sensory,SNxx,MetaLN,R,leg,,rh,unknown,none,,annotated,high,rh,0.736,0.809,874
816788,WG2,gustatory,vnc_sensory,WG,ADMN,R,wing bristle,,,gustatory,cls,,not_leg:ADMN,high,rh,0.364,0.459,304
816800,SNta32,mechanosensory_tactile,vnc_sensory,SNta,MesoLN,L,leg,,lm,tactile,cls,,annotated,high,lm,0.865,0.874,200
816803,SNpp02,mechanosensory_proprioceptive,vnc_sensory,SNpp,AbN3,R,abdomen,,,proprio,cls,untyped,not_leg:AbN3,high,rh,0.319,0.518,286
816805,SNta41,mechanosensory_tactile,vnc_sensory,SNta,MesoLN,L,mechanosensory bristle,,lm,tactile,cls,,annotated,high,lm,0.831,0.853,252
816806,SNta37,mechanosensory_tactile,vnc_sensory,SNta,MetaLN,R,mechanosensory bristle,,rh,tactile,cls,,annotated,high,rh,0.829,0.874,177
816808,SNxx03,unknown_sensory,vnc_sensory,SNxx,AbN4,L,abdomen,,,unknown,none,,not_leg:AbN4,high,lm,0.429,0.527,162
816809,LgLG3,gustatory,vnc_sensory,LgLG,MetaLN,L,leg bristle,,lh,gustatory,cls,,annotated,high,lh,0.442,0.526,236
816811,SNta31,mechanosensory_tactile,vnc_sensory,SNta,MesoLN,L,leg,,lm,tactile,cls,,annotated,high,lm,0.806,0.839,276
816812,SNxx06,unknown_sensory,vnc_sensory,SNxx,AbN4,R,abdomen,,,unknown,none,,not_leg:AbN4,high,rh,0.477,0.716,155
816820,LgLG3,gustatory,vnc_sensory,LgLG,ProLN,R,leg bristle,,rf,gustatory,cls,,annotated,high,rh,0.322,0.394,163
816823,SNxx04,unknown_sensory,vnc_sensory,SNxx,AbN4,L,abdomen,,,unknown,none,,not_leg:AbN4,high,lh,0.364,0.687,105
816824,SNta23,mechanosensory_tactile,vnc_sensory,SNta,MesoLN,R,mechanosensory bristle,,rm,tactile,cls,,annotated,high,rm,0.56,0.632,237
816825,SNxx03,unknown_sensory,vnc_sensory,SNxx,AbN4,R,abdomen,,,unknown,none,,not_leg:AbN4,high,rh,0.48,0.699,136
816827,"SNta02,SNta09",mechanosensory_tactile,vnc_sensory,SNta,PDMN,R,notum,,,tactile,cls,,not_leg:PDMN,high,rm,0.372,0.59,275
816829,SNxx04,unknown_sensory,vnc_sensory,SNxx,AbN4,R,abdomen,,,unknown,none,,not_leg:AbN4,high,rh,0.519,0.689,162
816831,SNxx22,unknown_sensory,vnc_sensory,SNxx,AbN2,R,abdomen,,,unknown,none,,not_leg:AbN2,high,rh,0.508,0.667,222
816832,SNta38,mechanosensory_tactile,vnc_sensory,SNta,MetaLN,R,mechanosensory bristle,,rh,tactile,cls,,annotated,high,rh,0.876,0.984,137
816834,LgLG3,gustatory,vnc_sensory,LgLG,MesoLN,R,leg bristle,,rm,gustatory,cls,,annotated,high,rm,0.633,0.687,229
816838,WG2,gustatory,vnc_sensory,WG,ADMN,R,wing bristle,,,gustatory,cls,,not_leg:ADMN,high,rm,0.357,0.46,219
816842,SNta19,mechanosensory_tactile,vnc_sensory,SNta,MesoLN,L,mechanosensory bristle,,lm,tactile,cls,,annotated,high,lm,0.732,0.78,354
816844,LgLG2,gustatory,vnc_sensory,LgLG,ProLN,L,leg bristle,,lf,gustatory,cls,,annotated,high,rm,0.265,0.469,202
816845,SNxx22,unknown_sensory,vnc_sensory,SNxx,AbN2,R,abdomen,,,unknown,none,,not_leg:AbN2,high,rh,0.546,0.716,249
816846,SNta28,mechanosensory_tactile,vnc_sensory,SNta,MetaLN,L,mechanosensory bristle,,lh,tactile,cls,,annotated,high,lh,0.842,0.901,202
816852,SNta37,mechanosensory_tactile,vnc_sensory,SNta,MesoLN,R,mechanosensory bristle,,rm,tactile,cls,,annotated,high,rm,0.748,0.773,293
816854,WG2,gustatory,vnc_sensory,WG,ADMN,R,wing bristle,,,gustatory,cls,,not_leg:ADMN,high,rh,0.39,0.487,271
816856,SNta34,mechanosensory_tactile,vnc_sensory,SNta,MetaLN,L,mechanosensory bristle,,lh,tactile,cls,,annotated,high,lh,0.511,0.586,300
816857,SNta32,mechanosensory_tactile,vnc_sensory,SNta,MetaLN,R,mechanosensory bristle,,rh,tactile,cls,,annotated,high,rh,0.863,0.951,166
816858,SNta29,mechanosensory_tactile,vnc_sensory,SNta,MesoLN,L,mechanosensory bristle,,lm,tactile,cls,,annotated,high,lm,0.85,0.872,345
816859,SNxx03,unknown_sensory,vnc_sensory,SNxx,AbN4,L,abdomen,,,unknown,none,,not_leg:AbN4,high,lm,0.438,0.513,180
816862,SNta45,mechanosensory_tactile,vnc_sensory,SNta,MetaLN,L,mechanosensory bristle,,lh,tactile,cls,,annotated,high,lh,0.794,0.873,275
816863,SNxx04,unknown_sensory,vnc_sensory,SNxx,AbN4,R,abdomen,,,unknown,none,,not_leg:AbN4,high,rh,0.48,0.67,175
816864,SNxx06,unknown_sensory,vnc_sensory,SNxx,AbN3,L,abdomen,,,unknown,none,,not_leg:AbN3,high,lh,0.393,0.745,147
816867,SNta29,mechanosensory_tactile,vnc_sensory,SNta,MetaLN,L,mechanosensory bristle,,lh,tactile,cls,,annotated,high,lh,0.772,0.846,161
816869,LgLG3,gustatory,vnc_sensory,LgLG,ProLN,L,leg bristle,,lf,gustatory,cls,,annotated,high,lf,0.386,0.397,181
816871,SNxx03,unknown_sensory,vnc_sensory,SNxx,AbN4,R,abdomen,,,unknown,none,,not_leg:AbN4,high,rh,0.533,0.717,123
816872,WG2,gustatory,vnc_sensory,WG,ADMN,R,wing bristle,,,gustatory,cls,,not_leg:ADMN,high,rh,0.393,0.497,280
816877,"SNta02,SNta09",mechanosensory_tactile,vnc_sensory,SNta,PDMN,R,notum,,,tactile,cls,,not_leg:PDMN,high,rm,0.261,0.476,236
816881,SNta23,mechanosensory_tactile,vnc_sensory,SNta,MetaLN,L,mechanosensory bristle,,lh,tactile,cls,,annotated,high,lh,0.55,0.647,272
816883,"SNta02,SNta09",mechanosensory_tactile,vnc_sensory,SNta,PDMN,L,mechanosensory bristle,,,tactile,cls,,not_leg:PDMN,high,lf,0.276,0.414,224
816885,SNxx04,unknown_sensory,vnc_sensory,SNxx,AbN4,R,abdomen,,,unknown,none,,not_leg:AbN4,high,rh,0.434,0.653,134
816887,SNta29,mechanosensory_tactile,vnc_sensory,SNta,MesoLN,R,mechanosensory bristle,,rm,tactile,cls,,annotated,high,rm,0.897,0.91,365
816889,SNpp01,mechanosensory_proprioceptive,vnc_sensory,SNpp,AbN3,R,abdomen,,,proprio,cls,untyped,not_leg:AbN3,high,lh,0.274,0.453,272
816890,WG2,gustatory,vnc_sensory,WG,ADMN,L,wing bristle,,,gustatory,cls,,not_leg:ADMN,high,lm,0.341,0.441,280
816897,WG2,gustatory,vnc_sensory,WG,ADMN,L,wing bristle,,,gustatory,cls,,not_leg:ADMN,high,lh,0.325,0.428,274
816900,LgLG2,gustatory,vnc_sensory,LgLG,ProLN,L,leg bristle,,lf,gustatory,cls,,annotated,high,lf,0.291,0.426,242
816902,SNxx03,unknown_sensory,vnc_sensory,SNxx,AbN4,L,abdomen,,,unknown,none,,not_leg:AbN4,high,lm,0.356,0.538,218
816907,LgLG1b,gustatory,vnc_sensory,LgLG,ProLN,L,leg bristle,,lf,gustatory,cls,,annotated,high,lm,0.286,0.452,208
816909,SNta23,mechanosensory_tactile,vnc_sensory,SNta,MesoLN,R,mechanosensory bristle,,rm,tactile,cls,,annotated,high,rm,0.587,0.645,246
816910,SNxx03,unknown_sensory,vnc_sensory,SNxx,AbN4,L,abdomen,,,unknown,none,,not_leg:AbN4,high,lm,0.457,0.536,183
816917,LgLG3,gustatory,vnc_sensory,LgLG,MetaLN,R,leg bristle,,rh,gustatory,cls,,annotated,high,rh,0.485,0.56,241
816920,WG2,gustatory,vnc_sensory,WG,ADMN,L,wing bristle,,,gustatory,cls,,not_leg:ADMN,high,lm,0.341,0.465,297
816922,SNxx29,unknown_sensory,vnc_sensory,SNxx,ProLN,L,leg,,lf,unknown,none,,annotated,high,lf,0.642,0.667,488
816927,LgLG1a,gustatory,vnc_sensory,LgLG,ProLN,R,leg bristle,,rf,gustatory,cls,,annotated,high,rm,0.376,0.591,163
816929,SNxx03,unknown_sensory,vnc_sensory,SNxx,AbN4,R,abdomen,,,unknown,none,,not_leg:AbN4,high,rh,0.509,0.693,206
816931,SNxx22,unknown_sensory,vnc_sensory,SNxx,AbN2,R,abdomen,,,unknown,none,,not_leg:AbN2,high,rh,0.419,0.643,193
816933,SNxx03,unknown_sensory,vnc_sensory,SNxx,AbN4,L,abdomen,,,unknown,none,,not_leg:AbN4,high,lm,0.606,0.657,133
816936,SNxx04,unknown_sensory,vnc_sensory,SNxx,AbN4,L,abdomen,,,unknown,none,,not_leg:AbN4,high,lm,0.355,0.477,149
816937,SNta31,mechanosensory_tactile,vnc_sensory,SNta,MetaLN,L,mechanosensory bristle,,lh,tactile,cls,,annotated,high,lh,0.463,0.534,269
816938,SNta20,mechanosensory_tactile,vnc_sensory,SNta,MetaLN,R,mechanosensory bristle,,rh,tactile,cls,,annotated,high,rh,0.76,0.81,234
816939,SNta21,mechanosensory_tactile,vnc_sensory,SNta,ProLN,R,mechanosensory bristle,,rf,tactile,cls,,annotated,high,rf,0.967,0.974,20
816941,SNxx03,unknown_sensory,vnc_sensory,SNxx,AbN4,L,abdomen,,,unknown,none,,not_leg:AbN4,high,lm,0.448,0.548,172
816948,SNta37,mechanosensory_tactile,vnc_sensory,SNta,MetaLN,L,mechanosensory bristle,,lh,tactile,cls,,annotated,high,lh,0.803,0.846,423
816949,SNta29,mechanosensory_tactile,vnc_sensory,SNta,ProLN,R,mechanosensory bristle,,rf,tactile,cls,,annotated,high,rf,0.716,0.746,106
816950,LgLG3,gustatory,vnc_sensory,LgLG,MesoLN,R,leg bristle,,rm,gustatory,cls,,annotated,high,rm,0.636,0.691,287
816954,WG1,gustatory,vnc_sensory,WG,ADMN,L,wing bristle,,,gustatory,cls,,not_leg:ADMN,high,rm,0.292,0.49,269
816955,SNta29,mechanosensory_tactile,vnc_sensory,SNta,MesoLN,R,mechanosensory bristle,,rm,tactile,cls,,annotated,high,rm,0.796,0.809,260
816960,SApp05,mechanosensory_proprioceptive,vnc_sensory,SApp,DMetaN,R,campaniform sensilla,,,proprio,cls,campaniform,not_leg:DMetaN,high,rh,0.317,0.628,128
816963,WG2,gustatory,vnc_sensory,WG,ADMN,L,wing bristle,,,gustatory,cls,,not_leg:ADMN,high,lm,0.354,0.513,245
816968,WG1,gustatory,vnc_sensory,WG,ADMN,L,wing bristle,,,gustatory,cls,,not_leg:ADMN,high,rm,0.288,0.477,292
816969,SNta21,mechanosensory_tactile,vnc_sensory,SNta,ProLN,L,mechanosensory bristle,,lf,tactile,cls,,annotated,high,lf,0.932,0.968,18
816971,SApp,mechanosensory_proprioceptive,sensory_ascending,SApp,DMetaN,L,haltere,,,proprio,cls,untyped,not_leg:DMetaN,high,lh,0.315,0.598,130
816972,LgLG1a,gustatory,vnc_sensory,LgLG,ProLN,R,leg bristle,,rf,gustatory,cls,,annotated,medium,rm,0.444,0.646,159
816973,LgLG1a,gustatory,vnc_sensory,LgLG,MetaLN,R,leg bristle,,rh,gustatory,cls,,annotated,high,rm,0.33,0.52,481
816981,SNta30,mechanosensory_tactile,vnc_sensory,SNta,ProLN,L,mechanosensory bristle,,lf,tactile,cls,,annotated,high,lf,0.775,0.789,150
816985,SNta37,mechanosensory_tactile,vnc_sensory,SNta,MesoLN,R,mechanosensory bristle,,rm,tactile,cls,,annotated,high,rm,0.777,0.798,402
816986,WG2,gustatory,vnc_sensory,WG,ADMN,R,wing bristle,,,gustatory,cls,,not_leg:ADMN,high,rh,0.381,0.464,259
816987,WG2,gustatory,vnc_sensory,WG,ADMN,R,wing bristle,,,gustatory,cls,,not_leg:ADMN,high,rm,0.378,0.483,245
816993,LgLG3,gustatory,vnc_sensory,LgLG,ProLN,R,leg bristle,,rf,gustatory,cls,,annotated,medium,rm,0.401,0.497,83
816994,SNxx03,unknown_sensory,vnc_sensory,SNxx,AbN4,L,abdomen,,,unknown,none,,not_leg:AbN4,high,lm,0.494,0.604,163
816996,SNta21,mechanosensory_tactile,vnc_sensory,SNta,MetaLN,R,mechanosensory bristle,,rh,tactile,cls,,annotated,high,rh,0.909,0.942,351
817003,SNta21,mechanosensory_tactile,vnc_sensory,SNta,MetaLN,R,mechanosensory bristle,,rh,tactile,cls,,annotated,high,rh,0.829,0.914,183
817006,SNta37,mechanosensory_tactile,vnc_sensory,SNta,MesoLN,L,mechanosensory bristle,,lm,tactile,cls,,annotated,high,lm,0.615,0.66,257
817007,LgLG1b,gustatory,vnc_sensory,LgLG,ProLN,L,leg bristle,,lf,gustatory,cls,,annotated,high,lm,0.344,0.51,163
817009,SNta37,mechanosensory_tactile,vnc_sensory,SNta,MetaLN,L,mechanosensory bristle,,lh,tactile,cls,,annotated,high,lh,0.834,0.896,251
817010,SNxx22,unknown_sensory,vnc_sensory,SNxx,AbN2,R,abdomen,,,unknown,none,,not_leg:AbN2,high,rh,0.5,0.638,203
817016,SNta42,mechanosensory_tactile,vnc_sensory,SNta,MesoLN,L,mechanosensory bristle,,lm,tactile,cls,,annotated,high,lm,0.873,0.893,326
817018,LgLG3,gustatory,vnc_sensory,LgLG,ProLN,L,leg bristle,,lf,gustatory,cls,,annotated,high,lf,0.328,0.356,153
817023,LgLG1b,gustatory,vnc_sensory,LgLG,MesoLN,R,leg bristle,,rm,gustatory,cls,,annotated,high,rm,0.419,0.552,344
817024,SNta20,mechanosensory_tactile,vnc_sensory,SNta,MesoLN,L,mechanosensory bristle,,lm,tactile,cls,,annotated,high,lm,0.762,0.793,285
817025,WG1,gustatory,vnc_sensory,WG,ADMN,L,wing bristle,,,gustatory,cls,,not_leg:ADMN,high,rm,0.252,0.454,289
817027,"SNta02,SNta09",mechanosensory_tactile,vnc_sensory,SNta,PDMN,R,notum,,,tactile,cls,,not_leg:PDMN,high,rm,0.308,0.511,144
817031,LgLG4,gustatory,vnc_sensory,LgLG,ProLN,L,leg bristle,,lf,gustatory,cls,,annotated,high,lf,0.554,0.554,144
817033,WG1,gustatory,vnc_sensory,WG,ADMN,R,wing bristle,,,gustatory,cls,,not_leg:ADMN,high,rm,0.271,0.445,319
817034,LgLG2,gustatory,vnc_sensory,LgLG,ProLN,L,leg bristle,,lf,gustatory,cls,,annotated,high,lf,0.337,0.4,271
817036,SNta20,mechanosensory_tactile,vnc_sensory,SNta,MesoLN,L,leg,,lm,tactile,cls,,annotated,high,lm,0.721,0.777,413
817037,SNta26,mechanosensory_tactile,vnc_sensory,SNta,MesoLN,R,mechanosensory bristle,,rm,tactile,cls,,annotated,high,rm,0.758,0.802,237
817038,WG1,gustatory,vnc_sensory,WG,ADMN,R,wing bristle,,,gustatory,cls,,not_leg:ADMN,high,rm,0.292,0.447,320
817041,SNta37,mechanosensory_tactile,vnc_sensory,SNta,MesoLN,L,mechanosensory bristle,,lm,tactile,cls,,annotated,high,lm,0.795,0.839,362
817043,SNta21,mechanosensory_tactile,vnc_sensory,SNta,MesoLN,R,mechanosensory bristle,,rm,tactile,cls,,annotated,high,rm,0.887,0.92,644
817047,SNch10,,vnc_sensory,SNch,MetaLN,L,taste bristle,,lh,chemo,type,,annotated,high,lh,0.734,0.843,150
817048,LgLG3,gustatory,vnc_sensory,LgLG,ProLN,R,leg bristle,,rf,gustatory,cls,,annotated,high,rh,0.294,0.355,173
817050,SNta20,mechanosensory_tactile,vnc_sensory,SNta,MetaLN,R,mechanosensory bristle,,rh,tactile,cls,,annotated,high,rh,0.73,0.785,453
817056,WG1,gustatory,vnc_sensory,WG,ADMN,L,wing bristle,,,gustatory,cls,,not_leg:ADMN,high,rm,0.249,0.429,284
817057,LgLG7,gustatory,vnc_sensory,LgLG,ProLN,R,leg bristle,,rf,gustatory,cls,,annotated,high,rf,0.409,0.763,219
817062,"SNta02,SNta09",mechanosensory_tactile,vnc_sensory,SNta,PDMN,R,notum,,,tactile,cls,,not_leg:PDMN,high,rm,0.304,0.472,217
817068,WG2,gustatory,vnc_sensory,WG,ADMN,R,wing bristle,,,gustatory,cls,,not_leg:ADMN,high,rh,0.428,0.497,266
817071,SApp05,mechanosensory_proprioceptive,vnc_sensory,SApp,DMetaN,R,campaniform sensilla,,,proprio,cls,campaniform,not_leg:DMetaN,high,lh,0.319,0.632,150
817073,SNta20,mechanosensory_tactile,vnc_sensory,SNta,ProLN,L,mechanosensory bristle,,lf,tactile,cls,,annotated,high,lf,0.715,0.741,187
817075,SNta40,mechanosensory_tactile,vnc_sensory,SNta,ProLN,L,mechanosensory bristle,,lf,tactile,cls,,annotated,high,lf,0.809,0.966,63
817076,WG2,gustatory,vnc_sensory,WG,ADMN,L,wing bristle,,,gustatory,cls,,not_leg:ADMN,high,lm,0.348,0.475,287
817078,WG2,gustatory,vnc_sensory,WG,ADMN,L,wing bristle,,,gustatory,cls,,not_leg:ADMN,high,lm,0.329,0.48,273
817083,"SNta02,SNta09",mechanosensory_tactile,vnc_sensory,SNta,PDMN,R,notum,,,tactile,cls,,not_leg:PDMN,high,lm,0.363,0.595,129
817089,SNch10,,vnc_sensory,SNch,MetaLN,R,taste bristle,,rh,chemo,type,,annotated,high,rh,0.761,0.872,175
817091,SApp,mechanosensory_proprioceptive,sensory_ascending,SApp,DMetaN,L,haltere,,,proprio,cls,untyped,not_leg:DMetaN,high,lh,0.427,0.64,116
817096,SNch10,,vnc_sensory,SNch,MetaLN,R,taste bristle,,rh,chemo,type,,annotated,high,rh,0.648,0.828,146
817097,SNta40,unknown_sensory,vnc_sensory,SNta,ProLN,L,mechanosensory bristle,,lf,tactile,type,,annotated,high,lf,0.78,0.868,26
817098,LgLG1b,gustatory,vnc_sensory,LgLG,MetaLN,L,leg bristle,,lh,gustatory,cls,,annotated,high,lh,0.312,0.407,490
817099,SNxx14,unknown_sensory,vnc_sensory,SNxx,AbN4,R,abdomen,,,unknown,none,,not_leg:AbN4,high,rh,0.483,0.812,197
817100,WG1,gustatory,vnc_sensory,WG,ADMN,L,wing bristle,,,gustatory,cls,,not_leg:ADMN,high,rm,0.304,0.5,296
817111,SNta43,mechanosensory_tactile,vnc_sensory,SNta,MesoLN,L,mechanosensory bristle,,lm,tactile,cls,,annotated,high,lm,0.609,0.63,228
817112,SNpp58,mechanosensory_proprioceptive,vnc_sensory,SNpp,MetaLN,L,chordotonal organ,,lh,proprio,cls,club,annotated,high,lh,0.549,0.617,593
817116,SNta29,mechanosensory_tactile,vnc_sensory,SNta,MesoLN,R,mechanosensory bristle,,rm,tactile,cls,,annotated,high,rm,0.879,0.894,193
817117,WG2,gustatory,vnc_sensory,WG,ADMN,L,wing bristle,,,gustatory,cls,,not_leg:ADMN,high,lm,0.323,0.476,234
817118,WG2,gustatory,vnc_sensory,WG,ADMN,R,wing bristle,,,gustatory,cls,,not_leg:ADMN,high,rm,0.347,0.459,246
817126,LgLG2,gustatory,vnc_sensory,LgLG,MesoLN,L,leg bristle,,lm,gustatory,cls,,annotated,high,lm,0.35,0.547,254
817128,LgLG3,gustatory,vnc_sensory,LgLG,MetaLN,L,leg bristle,,lh,gustatory,cls,,annotated,high,lh,0.422,0.506,292
817131,SNta37,mechanosensory_tactile,vnc_sensory,SNta,MesoLN,R,mechanosensory bristle,,rm,tactile,cls,,annotated,high,rm,0.701,0.725,358
817138,"SNta02,SNta09",mechanosensory_tactile,vnc_sensory,SNta,PDMN,R,notum,,,tactile,cls,,not_leg:PDMN,high,rm,0.263,0.478,156
817143,SNpp35,mechanosensory_proprioceptive,vnc_sensory,SNpp,DMetaN,R,haltere,,,proprio,cls,untyped,not_leg:DMetaN,high,rh,0.435,0.828,265
817146,SNta44,mechanosensory_tactile,vnc_sensory,SNta,MetaLN,R,mechanosensory bristle,,rh,tactile,cls,,annotated,high,rh,0.886,0.926,421
817150,SNpp50,mechanosensory_proprioceptive,vnc_sensory,SNpp,MesoLN,L,chordotonal organ,,lm,proprio,cls,claw_50,annotated,high,lm,0.897,0.936,314
817154,SNpp41,mechanosensory_proprioceptive,vnc_sensory,SNpp,ProLN,R,chordotonal organ,,rf,proprio,cls,hook_41,annotated,high,rh,0.274,0.47,50
817157,SNxx03,unknown_sensory,vnc_sensory,SNxx,AbN4,L,abdomen,,,unknown,none,,not_leg:AbN4,high,lm,0.448,0.549,177
817159,WG2,gustatory,vnc_sensory,WG,ADMN,R,wing bristle,,,gustatory,cls,,not_leg:ADMN,high,rm,0.348,0.471,260
817169,SNpp23,mechanosensory_proprioceptive,vnc_sensory,SNpp,PDMN,L,notum,,,proprio,cls,untyped,not_leg:PDMN,high,rh,0.444,0.719,596
817173,LgLG4,gustatory,vnc_sensory,LgLG,ProLN,L,leg bristle,,lf,gustatory,cls,,annotated,high,lf,0.643,0.665,146
817178,SNta25,mechanosensory_tactile,vnc_sensory,SNta,MetaLN,L,mechanosensory bristle,,lh,tactile,cls,,annotated,high,lh,0.635,0.77,294
817180,"SNta19,SNta37",mechanosensory_tactile,vnc_sensory,SNta,MetaLN,L,mechanosensory bristle,,lh,tactile,cls,,annotated,high,lh,0.52,0.585,363
817185,SNta37,mechanosensory_tactile,vnc_sensory,SNta,MesoLN,L,mechanosensory bristle,,lm,tactile,cls,,annotated,high,lm,0.648,0.698,225
817186,LgLG3,gustatory,vnc_sensory,LgLG,MetaLN,R,leg bristle,,rh,gustatory,cls,,annotated,high,rh,0.452,0.518,248
817194,SNta28,mechanosensory_tactile,vnc_sensory,SNta,ProLN,L,mechanosensory bristle,,lf,tactile,cls,,annotated,high,lf,0.8,0.854,103
817195,SNta31,mechanosensory_tactile,vnc_sensory,SNta,MesoLN,L,leg,,lm,tactile,cls,,annotated,high,lm,0.738,0.765,259
817200,WG2,gustatory,vnc_sensory,WG,ADMN,R,wing bristle,,,gustatory,cls,,not_leg:ADMN,high,rh,0.369,0.448,185
817202,WG2,gustatory,vnc_sensory,WG,ADMN,L,wing bristle,,,gustatory,cls,,not_leg:ADMN,high,lm,0.366,0.493,260
817204,SNta40,mechanosensory_tactile,vnc_sensory,SNta,ProLN,L,mechanosensory bristle,,lf,tactile,cls,,annotated,high,lf,0.801,0.927,89
817218,SNch10,,vnc_sensory,SNch,MetaLN,R,taste bristle,,rh,chemo,type,,annotated,high,rh,0.686,0.804,234
817219,SNta29,mechanosensory_tactile,vnc_sensory,SNta,MesoLN,L,mechanosensory bristle,,lm,tactile,cls,,annotated,high,lm,0.828,0.851,417
817221,SNta25,mechanosensory_tactile,vnc_sensory,SNta,MesoLN,L,mechanosensory bristle,,lm,tactile,cls,,annotated,high,lm,0.818,0.856,145
817222,SNpp01,mechanosensory_proprioceptive,vnc_sensory,SNpp,AbN3,R,abdomen,,,proprio,cls,untyped,not_leg:AbN3,high,lh,0.25,0.411,282
817225,"SNta02,SNta09",mechanosensory_tactile,vnc_sensory,SNta,PDMN,R,notum,,,tactile,cls,,not_leg:PDMN,high,rm,0.463,0.577,137
817226,SNxx03,unknown_sensory,vnc_sensory,SNxx,AbN4,L,abdomen,,,unknown,none,,not_leg:AbN4,high,lm,0.475,0.593,101
817228,SNxx03,unknown_sensory,vnc_sensory,SNxx,AbN4,R,abdomen,,,unknown,none,,not_leg:AbN4,high,rh,0.51,0.678,132
817233,SNta27,mechanosensory_tactile,vnc_sensory,SNta,MetaLN,R,mechanosensory bristle,,rh,tactile,cls,,annotated,high,rh,0.788,0.894,142
817238,LgLG1a,gustatory,vnc_sensory,LgLG,MetaLN,R,leg bristle,,rh,gustatory,cls,,annotated,high,rm,0.356,0.503,256
817239,WG1,gustatory,vnc_sensory,WG,ADMN,L,wing bristle,,,gustatory,cls,,not_leg:ADMN,high,rm,0.277,0.483,251
817245,SNpp39,mechanosensory_proprioceptive,vnc_sensory,SNpp,ProLN,R,chordotonal organ,,rf,proprio,cls,hook_39,annotated,high,rf,0.628,0.648,250
817248,SNta37,mechanosensory_tactile,vnc_sensory,SNta,MetaLN,R,mechanosensory bristle,,rh,tactile,cls,,annotated,high,rh,0.838,0.879,254
817250,SNta38,mechanosensory_tactile,vnc_sensory,SNta,MetaLN,R,mechanosensory bristle,,rh,tactile,cls,,annotated,high,rh,0.921,0.967,189
817251,LgLG3,gustatory,vnc_sensory,LgLG,MesoLN,L,leg bristle,,lm,gustatory,cls,,annotated,high,lm,0.649,0.707,240
817253,SNta20,mechanosensory_tactile,vnc_sensory,SNta,ProLN,R,mechanosensory bristle,,rf,tactile,cls,,annotated,high,rf,0.48,0.528,129
817257,SNta32,mechanosensory_tactile,vnc_sensory,SNta,MesoLN,R,leg,,rm,tactile,cls,,annotated,high,rm,0.737,0.752,159
817261,SNch10,,vnc_sensory,SNch,MetaLN,R,taste bristle,,rh,chemo,type,,annotated,high,rh,0.585,0.728,197
817263,SNta42,mechanosensory_tactile,vnc_sensory,SNta,MesoLN,L,mechanosensory bristle,,lm,tactile,cls,,annotated,high,lm,0.386,0.427,109
817264,SNxx22,unknown_sensory,vnc_sensory,SNxx,AbN2,L,abdomen,,,unknown,none,,not_leg:AbN2,high,lh,0.523,0.668,175
817265,SNta38,mechanosensory_tactile,vnc_sensory,SNta,MesoLN,R,mechanosensory bristle,,rm,tactile,cls,,annotated,high,rm,0.761,0.871,221
817267,SNxx03,unknown_sensory,vnc_sensory,SNxx,AbN4,R,abdomen,,,unknown,none,,not_leg:AbN4,high,rh,0.518,0.693,166
817273,WG1,gustatory,vnc_sensory,WG,ADMN,R,wing bristle,,,gustatory,cls,,not_leg:ADMN,high,rm,0.274,0.441,273
817287,WG1,gustatory,vnc_sensory,WG,ADMN,R,wing bristle,,,gustatory,cls,,not_leg:ADMN,high,rm,0.259,0.417,235
817290,SNta27,mechanosensory_tactile,vnc_sensory,SNta,MetaLN,R,mechanosensory bristle,,rh,tactile,cls,,annotated,high,rh,0.881,0.928,280
817292,LgLG3,gustatory,vnc_sensory,LgLG,MesoLN,R,leg bristle,,rm,gustatory,cls,,annotated,high,rm,0.536,0.617,190
817295,SNxx22,unknown_sensory,vnc_sensory,SNxx,AbN2,L,abdomen,,,unknown,none,,not_leg:AbN2,high,lh,0.458,0.646,158
817297,SNta28,mechanosensory_tactile,vnc_sensory,SNta,MetaLN,L,mechanosensory bristle,,lh,tactile,cls,,annotated,high,lh,0.809,0.86,278
817298,SNpp41,mechanosensory_proprioceptive,vnc_sensory,SNpp,ProLN,L,chordotonal organ,,lf,proprio,cls,hook_41,annotated,high,lf,0.369,0.471,175
817299,"SNta02,SNta09",mechanosensory_tactile,vnc_sensory,SNta,PDMN,R,notum,,,tactile,cls,,not_leg:PDMN,high,rm,0.405,0.59,163
817303,SNta27,mechanosensory_tactile,vnc_sensory,SNta,MetaLN,R,mechanosensory bristle,,rh,tactile,cls,,annotated,high,rh,0.866,0.909,199
817304,SNta39,mechanosensory_tactile,vnc_sensory,SNta,MetaLN,L,mechanosensory bristle,,lh,tactile,cls,,annotated,high,lh,0.912,0.929,122
817307,SNta19,mechanosensory_tactile,vnc_sensory,SNta,MesoLN,R,mechanosensory bristle,,rm,tactile,cls,,annotated,high,rm,0.547,0.623,223
817308,SNta40,mechanosensory_tactile,vnc_sensory,SNta,ProLN,L,mechanosensory bristle,,lf,tactile,cls,,annotated,high,lf,0.768,0.862,52
817310,WG2,gustatory,vnc_sensory,WG,ADMN,L,wing bristle,,,gustatory,cls,,not_leg:ADMN,high,lm,0.316,0.448,293
817311,LgLG3,gustatory,vnc_sensory,LgLG,ProLN,R,leg bristle,,rf,gustatory,cls,,annotated,high,rh,0.332,0.408,238
817316,SApp,mechanosensory_proprioceptive,sensory_ascending,SApp,DMetaN,L,haltere,,,proprio,cls,untyped,not_leg:DMetaN,high,rh,0.372,0.627,174
817320,SNpp45,mechanosensory_proprioceptive,vnc_sensory,SNpp,MesoLN,R,hair plate,,rm,proprio,cls,hair_plate_45,annotated,high,rm,0.892,0.923,1053
817331,SNpp47,mechanosensory_proprioceptive,vnc_sensory,SNpp,MetaLN,R,chordotonal organ,FeCO club,rh,proprio,cls,club,annotated,high,rh,0.618,0.818,601
817334,SApp08,mechanosensory_proprioceptive,vnc_sensory,SApp,DMetaN,R,campaniform sensilla,,,proprio,cls,campaniform,not_leg:DMetaN,high,lh,0.451,0.624,75
817337,SNxx03,unknown_sensory,vnc_sensory,SNxx,AbN4,L,abdomen,,,unknown,none,,not_leg:AbN4,high,lm,0.456,0.565,155
817339,SNta21,mechanosensory_tactile,vnc_sensory,SNta,MetaLN,L,mechanosensory bristle,,lh,tactile,cls,,annotated,high,lh,0.857,0.96,165
817341,SNta19,mechanosensory_tactile,vnc_sensory,SNta,MesoLN,L,mechanosensory bristle,,lm,tactile,cls,,annotated,high,lm,0.627,0.696,225
817345,SNxx03,unknown_sensory,vnc_sensory,SNxx,AbN4,L,abdomen,,,unknown,none,,not_leg:AbN4,high,lm,0.517,0.603,166
817349,SNxx04,unknown_sensory,vnc_sensory,SNxx,AbN4,L,abdomen,,,unknown,none,,not_leg:AbN4,high,lm,0.37,0.485,159
817350,SNpp18,mechanosensory_proprioceptive,vnc_sensory,SNpp,ProCN,L,chordotonal organ,"LCN, Gorko Nature 2024",,proprio,cls,co_unclassified,not_leg:ProCN,high,lm,0.35,0.482,219
817352,LgLG1a,gustatory,vnc_sensory,LgLG,ProLN,R,leg bristle,,rf,gustatory,cls,,annotated,high,rm,0.342,0.515,159
817354,SNxx03,unknown_sensory,vnc_sensory,SNxx,AbN4,L,abdomen,,,unknown,none,,not_leg:AbN4,high,lm,0.441,0.562,125
817356,SNpp44,mechanosensory_proprioceptive,vnc_sensory,SNpp,MetaLN,R,chordotonal organ,,rh,proprio,cls,co_unclassified,annotated,high,rh,0.623,0.725,526
817358,LgLG3,gustatory,vnc_sensory,LgLG,MesoLN,R,leg bristle,,rm,gustatory,cls,,annotated,high,rm,0.64,0.687,171
817360,SNxx03,unknown_sensory,vnc_sensory,SNxx,AbN4,R,abdomen,,,unknown,none,,not_leg:AbN4,high,rh,0.407,0.556,121
817367,SNta43,mechanosensory_tactile,vnc_sensory,SNta,MesoLN,L,mechanosensory bristle,,lm,tactile,cls,,annotated,high,lm,0.598,0.618,225
817368,WG1,gustatory,vnc_sensory,WG,ADMN,L,wing bristle,,,gustatory,cls,,not_leg:ADMN,high,rm,0.267,0.458,257
817370,SNta31,mechanosensory_tactile,vnc_sensory,SNta,MetaLN,L,mechanosensory bristle,,lh,tactile,cls,,annotated,high,lh,0.574,0.655,208
817371,SNxx22,unknown_sensory,vnc_sensory,SNxx,AbN2,L,abdomen,,,unknown,none,,not_leg:AbN2,high,lh,0.397,0.527,195
817373,WG1,gustatory,vnc_sensory,WG,ADMN,L,wing bristle,,,gustatory,cls,,not_leg:ADMN,high,rm,0.249,0.466,257
817376,"SApp02,SApp03",mechanosensory_proprioceptive,vnc_sensory,SApp,DMetaN,R,campaniform sensilla,,,proprio,cls,campaniform,not_leg:DMetaN,high,rm,0.45,0.504,58
817378,WG1,gustatory,vnc_sensory,WG,ADMN,R,wing bristle,,,gustatory,cls,,not_leg:ADMN,high,rm,0.258,0.442,262
817379,SNta38,mechanosensory_tactile,vnc_sensory,SNta,MetaLN,L,mechanosensory bristle,,lh,tactile,cls,,annotated,high,lh,0.801,0.939,154
817381,SNta38,mechanosensory_tactile,vnc_sensory,SNta,MetaLN,R,mechanosensory bristle,,rh,tactile,cls,,annotated,high,rh,0.917,0.958,79
817384,LgLG3,gustatory,vnc_sensory,LgLG,ProLN,R,leg bristle,,rf,gustatory,cls,,annotated,high,rh,0.336,0.421,119
817385,SNxx03,unknown_sensory,vnc_sensory,SNxx,AbN3,L,abdomen,,,unknown,none,,not_leg:AbN3,high,lm,0.286,0.505,136
817388,WG1,gustatory,vnc_sensory,WG,ADMN,R,wing bristle,,,gustatory,cls,,not_leg:ADMN,high,rm,0.307,0.466,228
817390,SNxx03,unknown_sensory,vnc_sensory,SNxx,AbN4,R,abdomen,,,unknown,none,,not_leg:AbN4,high,rh,0.472,0.688,133
817396,WG1,gustatory,vnc_sensory,WG,ADMN,R,wing bristle,,,gustatory,cls,,not_leg:ADMN,high,rm,0.269,0.428,282
817399,LgLG3,gustatory,vnc_sensory,LgLG,MesoLN,L,leg bristle,,lm,gustatory,cls,,annotated,high,lm,0.482,0.577,176
817400,SNta21,mechanosensory_tactile,vnc_sensory,SNta,MetaLN,R,mechanosensory bristle,,rh,tactile,cls,,annotated,high,rh,0.909,0.956,139
817402,SNta27,mechanosensory_tactile,vnc_sensory,SNta,MetaLN,L,mechanosensory bristle,,lh,tactile,cls,,annotated,high,lh,0.854,0.888,134
817404,WG2,gustatory,vnc_sensory,WG,ADMN,L,wing bristle,,,gustatory,cls,,not_leg:ADMN,high,lm,0.372,0.519,254
817405,WG1,gustatory,vnc_sensory,WG,ADMN,R,wing bristle,,,gustatory,cls,,not_leg:ADMN,high,rm,0.251,0.442,264
817408,SNta41,mechanosensory_tactile,vnc_sensory,SNta,MesoLN,R,mechanosensory bristle,,rm,tactile,cls,,annotated,high,rm,0.821,0.848,233
817409,SNta34,mechanosensory_tactile,vnc_sensory,SNta,MetaLN,R,mechanosensory bristle,,rh,tactile,cls,,annotated,high,rh,0.559,0.649,209
817410,SNta32,mechanosensory_tactile,vnc_sensory,SNta,MesoLN,L,leg,,lm,tactile,cls,,annotated,high,lm,0.785,0.789,158
817411,SNta20,mechanosensory_tactile,vnc_sensory,SNta,ProLN,R,mechanosensory bristle,,rf,tactile,cls,,annotated,high,rf,0.503,0.609,175
817412,LgLG2,gustatory,vnc_sensory,LgLG,MetaLN,L,leg bristle,,lh,gustatory,cls,,annotated,high,lh,0.279,0.405,214
817417,WG1,gustatory,vnc_sensory,WG,ADMN,L,wing bristle,,,gustatory,cls,,not_leg:ADMN,high,rm,0.283,0.476,224
817418,WG1,gustatory,vnc_sensory,WG,ADMN,L,wing bristle,,,gustatory,cls,,not_leg:ADMN,high,rm,0.267,0.469,300
817420,SNta30,mechanosensory_tactile,vnc_sensory,SNta,MesoLN,L,mechanosensory bristle,,lm,tactile,cls,,annotated,high,lm,0.776,0.806,164
817422,SNxx03,unknown_sensory,vnc_sensory,SNxx,AbN4,R,abdomen,,,unknown,none,,not_leg:AbN4,high,rh,0.447,0.671,121
817425,WG1,gustatory,vnc_sensory,WG,ADMN,R,wing bristle,,,gustatory,cls,,not_leg:ADMN,high,rm,0.325,0.485,242
817428,LgLG2,gustatory,vnc_sensory,LgLG,ProLN,R,leg bristle,,rf,gustatory,cls,,annotated,high,rm,0.258,0.45,126
817429,SNxx19,unknown_sensory,vnc_sensory,SNxx,AbN2,L,abdomen,,,unknown,none,,not_leg:AbN2,high,lh,0.547,0.932,574
817432,WG1,gustatory,vnc_sensory,WG,ADMN,L,wing bristle,,,gustatory,cls,,not_leg:ADMN,high,rm,0.28,0.47,241
817434,SNta28,mechanosensory_tactile,vnc_sensory,SNta,MetaLN,L,mechanosensory bristle,,lh,tactile,cls,,annotated,high,lh,0.81,0.85,292
817436,WG1,gustatory,vnc_sensory,WG,ADMN,L,wing bristle,,,gustatory,cls,,not_leg:ADMN,high,rm,0.263,0.456,270
817439,SNxx03,unknown_sensory,vnc_sensory,SNxx,AbN4,L,abdomen,,,unknown,none,,not_leg:AbN4,high,lm,0.374,0.512,148
817442,SApp05,mechanosensory_proprioceptive,vnc_sensory,SApp,DMetaN,L,campaniform sensilla,,,proprio,cls,campaniform,not_leg:DMetaN,high,lh,0.52,0.769,105
817444,SNxx04,unknown_sensory,vnc_sensory,SNxx,AbN4,L,abdomen,,,unknown,none,,not_leg:AbN4,high,lm,0.306,0.486,138
817445,SNxx22,unknown_sensory,vnc_sensory,SNxx,AbN2,L,abdomen,,,unknown,none,,not_leg:AbN2,high,lh,0.499,0.671,182
817446,"SNta02,SNta09",mechanosensory_tactile,vnc_sensory,SNta,PDMN,R,notum,,,tactile,cls,,not_leg:PDMN,high,rm,0.419,0.731,104
817447,LgLG3,gustatory,vnc_sensory,LgLG,MetaLN,R,leg bristle,,rh,gustatory,cls,,annotated,high,rh,0.581,0.662,257
817450,SNta27,mechanosensory_tactile,vnc_sensory,SNta,MetaLN,R,mechanosensory bristle,,rh,tactile,cls,,annotated,high,rh,0.908,0.973,166
817453,SNch10,,vnc_sensory,SNch,MetaLN,R,taste bristle,,rh,chemo,type,,annotated,high,rh,0.702,0.848,229
817455,WG2,gustatory,vnc_sensory,WG,ADMN,R,wing bristle,,,gustatory,cls,,not_leg:ADMN,high,rm,0.407,0.504,191
817456,"SNta02,SNta09",mechanosensory_tactile,vnc_sensory,SNta,PDMN,R,notum,,,tactile,cls,,not_leg:PDMN,high,rm,0.556,0.748,102
817461,SNpp24,mechanosensory_proprioceptive,vnc_sensory,SNpp,DMetaN,R,campaniform sensilla,,,proprio,cls,campaniform,not_leg:DMetaN,high,rh,0.506,1.0,194
817462,SApp,mechanosensory_proprioceptive,sensory_ascending,SApp,DMetaN,L,haltere,,,proprio,cls,untyped,not_leg:DMetaN,high,rh,0.316,0.625,84
817463,SNxx22,unknown_sensory,vnc_sensory,SNxx,AbN2,R,abdomen,,,unknown,none,,not_leg:AbN2,high,rh,0.498,0.621,173
817468,"SNta02,SNta09",mechanosensory_tactile,vnc_sensory,SNta,PDMN,L,notum,,,tactile,cls,,not_leg:PDMN,high,lf,0.339,0.462,186
817470,"SNta19,SNta37",mechanosensory_tactile,vnc_sensory,SNta,MetaLN,L,mechanosensory bristle,,lh,tactile,cls,,annotated,high,lh,0.559,0.644,208
817472,"SNpp34,SApp16",mechanosensory_proprioceptive,vnc_sensory,SNpp,DMetaN,L,campaniform sensilla,,,proprio,cls,campaniform,not_leg:DMetaN,high,lh,0.462,0.737,136
817475,SNta42,mechanosensory_tactile,vnc_sensory,SNta,ProLN,R,mechanosensory bristle,,rf,tactile,cls,,annotated,high,rf,0.405,0.441,37
817491,WG2,gustatory,vnc_sensory,WG,ADMN,R,wing bristle,,,gustatory,cls,,not_leg:ADMN,high,rh,0.366,0.453,227
817496,WG1,gustatory,vnc_sensory,WG,ADMN,R,wing bristle,,,gustatory,cls,,not_leg:ADMN,high,rm,0.301,0.472,256
817497,WG1,gustatory,vnc_sensory,WG,ADMN,L,wing bristle,,,gustatory,cls,,not_leg:ADMN,high,rm,0.229,0.445,222
817498,WG1,gustatory,vnc_sensory,WG,ADMN,R,wing bristle,,,gustatory,cls,,not_leg:ADMN,high,rm,0.278,0.453,265
817503,LgLG3,gustatory,vnc_sensory,LgLG,MetaLN,L,leg bristle,,lh,gustatory,cls,,annotated,high,lh,0.414,0.515,310
817507,WG1,gustatory,vnc_sensory,WG,ADMN,L,wing bristle,,,gustatory,cls,,not_leg:ADMN,high,rm,0.287,0.47,254
817508,SNta36,mechanosensory_tactile,vnc_sensory,SNta,MetaLN,R,mechanosensory bristle,,rh,tactile,cls,,annotated,high,rh,0.765,0.81,442
817510,WG2,gustatory,vnc_sensory,WG,ADMN,R,wing bristle,,,gustatory,cls,,not_leg:ADMN,high,rh,0.326,0.447,257
817512,SNxx06,unknown_sensory,vnc_sensory,SNxx,AbN3,R,abdomen,,,unknown,none,,not_leg:AbN3,high,rh,0.569,0.721,100
817513,WG1,gustatory,vnc_sensory,WG,ADMN,L,wing bristle,,,gustatory,cls,,not_leg:ADMN,high,rm,0.258,0.435,228
817514,"SNta02,SNta09",mechanosensory_tactile,vnc_sensory,SNta,PDMN,R,notum,,,tactile,cls,,not_leg:PDMN,high,rm,0.347,0.463,157
817517,LgLG2,gustatory,vnc_sensory,LgLG,ProLN,L,leg bristle,,lf,gustatory,cls,,annotated,high,lf,0.34,0.435,134
817520,"SNta02,SNta09",mechanosensory_tactile,vnc_sensory,SNta,PDMN,L,notum,,,tactile,cls,,not_leg:PDMN,high,lf,0.376,0.428,220
817521,WG1,gustatory,vnc_sensory,WG,ADMN,R,wing bristle,,,gustatory,cls,,not_leg:ADMN,high,rm,0.317,0.481,275
817526,"SApp09,SApp22",mechanosensory_proprioceptive,sensory_ascending,SApp,DMetaN,R,campaniform sensilla,,,proprio,cls,campaniform,not_leg:DMetaN,high,rh,0.302,0.566,90
817531,SNta32,mechanosensory_tactile,vnc_sensory,SNta,MesoLN,L,leg,,lm,tactile,cls,,annotated,high,lm,0.826,0.839,148
817532,WG1,gustatory,vnc_sensory,WG,ADMN,L,wing bristle,,,gustatory,cls,,not_leg:ADMN,high,rm,0.283,0.477,262
817533,WG1,gustatory,vnc_sensory,WG,ADMN,L,wing bristle,,,gustatory,cls,,not_leg:ADMN,high,rm,0.262,0.456,303
817534,SNpp01,mechanosensory_proprioceptive,vnc_sensory,SNpp,AbN3,R,abdomen,,,proprio,cls,untyped,not_leg:AbN3,high,lh,0.309,0.513,295
817535,SNxx04,unknown_sensory,vnc_sensory,SNxx,AbN4,L,abdomen,,,unknown,none,,not_leg:AbN4,high,lm,0.456,0.585,136
817537,SNta44,mechanosensory_tactile,vnc_sensory,SNta,MesoLN,R,mechanosensory bristle,,rm,tactile,cls,,annotated,high,rm,0.884,0.902,219
817538,SNta34,mechanosensory_tactile,vnc_sensory,SNta,MesoLN,R,mechanosensory bristle,,rm,tactile,cls,,annotated,high,rm,0.64,0.697,222
817540,SNxx04,unknown_sensory,vnc_sensory,SNxx,AbN4,L,abdomen,,,unknown,none,,not_leg:AbN4,high,lm,0.451,0.555,128
817543,SNxx03,unknown_sensory,vnc_sensory,SNxx,AbN4,R,abdomen,,,unknown,none,,not_leg:AbN4,high,rh,0.452,0.618,142
817548,SNpp01,mechanosensory_proprioceptive,vnc_sensory,SNpp,AbN3,R,abdomen,,,proprio,cls,untyped,not_leg:AbN3,high,lf,0.258,0.464,157
817549,LgLG2,gustatory,vnc_sensory,LgLG,MesoLN,R,leg bristle,,rm,gustatory,cls,,annotated,high,rm,0.38,0.552,194
817550,SNpp52,mechanosensory_proprioceptive,vnc_sensory,SNpp,MesoLN,R,leg,,rm,proprio,cls,hair_plate_52,annotated,high,rm,0.815,0.818,335
817552,SNxx03,unknown_sensory,vnc_sensory,SNxx,AbN4,R,abdomen,,,unknown,none,,not_leg:AbN4,high,rh,0.488,0.761,123
817553,SNxx33,unknown_sensory,vnc_sensory,SNxx,MetaLN,R,leg,,rh,unknown,none,,annotated,high,rh,0.854,0.887,161
817558,SNxx04,unknown_sensory,vnc_sensory,SNxx,AbN4,R,abdomen,,,unknown,none,,not_leg:AbN4,high,rh,0.434,0.604,95
817562,SNta44,mechanosensory_tactile,vnc_sensory,SNta,MetaLN,L,mechanosensory bristle,,lh,tactile,cls,,annotated,high,lh,0.902,0.938,172
817564,SNpp17,mechanosensory_proprioceptive,vnc_sensory,SNpp,ProCN,L,chordotonal organ,"MNC, Gorko Nature 2024",,proprio,cls,co_unclassified,not_leg:ProCN,high,lm,0.339,0.517,245
817565,LgLG4,,vnc_sensory,LgLG,ProLN,L,taste bristle,,lf,gustatory,type,,annotated,high,lf,0.589,0.592,115
817566,WG2,gustatory,vnc_sensory,WG,ADMN,R,wing bristle,,,gustatory,cls,,not_leg:ADMN,high,rm,0.329,0.456,262
817569,SNpp02,mechanosensory_proprioceptive,vnc_sensory,SNpp,AbN3,L,abdomen,,,proprio,cls,untyped,not_leg:AbN3,high,lh,0.349,0.517,113
817570,LgLG1a,gustatory,vnc_sensory,LgLG,ProLN,R,leg bristle,,rf,gustatory,cls,,annotated,high,rm,0.367,0.577,151
817572,WG2,gustatory,vnc_sensory,WG,ADMN,R,wing bristle,,,gustatory,cls,,not_leg:ADMN,high,rm,0.342,0.456,201
817576,"SApp06,SApp15",mechanosensory_proprioceptive,sensory_ascending,SApp,DMetaN,L,campaniform sensilla,,,proprio,cls,campaniform,not_leg:DMetaN,high,rh,0.437,0.653,114
817580,LgLG3,gustatory,vnc_sensory,LgLG,ProLN,R,leg bristle,,rf,gustatory,cls,,annotated,medium,rh,0.448,0.496,124
817581,SNpp02,mechanosensory_proprioceptive,vnc_sensory,SNpp,AbN3,L,abdomen,,,proprio,cls,untyped,not_leg:AbN3,high,lh,0.297,0.45,235
817590,SNxx22,unknown_sensory,vnc_sensory,SNxx,AbN2,R,abdomen,,,unknown,none,,not_leg:AbN2,high,rh,0.393,0.523,161
817594,WG1,gustatory,vnc_sensory,WG,ADMN,L,wing bristle,,,gustatory,cls,,not_leg:ADMN,high,rm,0.244,0.423,248
817599,SNta31,mechanosensory_tactile,vnc_sensory,SNta,MesoLN,R,mechanosensory bristle,,rm,tactile,cls,,annotated,high,rm,0.917,0.924,136
817602,SNta38,mechanosensory_tactile,vnc_sensory,SNta,MesoLN,R,mechanosensory bristle,,rm,tactile,cls,,annotated,high,rm,0.766,0.898,259
817603,SNxx03,unknown_sensory,vnc_sensory,SNxx,AbN4,L,abdomen,,,unknown,none,,not_leg:AbN4,high,lm,0.373,0.49,126
817606,SNxx22,unknown_sensory,vnc_sensory,SNxx,AbN2,R,abdomen,,,unknown,none,,not_leg:AbN2,high,rh,0.579,0.712,183
817612,WG2,gustatory,vnc_sensory,WG,ADMN,L,wing bristle,,,gustatory,cls,,not_leg:ADMN,high,lm,0.387,0.491,217
817615,WG1,gustatory,vnc_sensory,WG,ADMN,R,wing bristle,,,gustatory,cls,,not_leg:ADMN,high,rm,0.278,0.448,256
817617,SNxx22,unknown_sensory,vnc_sensory,SNxx,AbN2,R,abdomen,,,unknown,none,,not_leg:AbN2,high,rh,0.531,0.65,152
817628,SNxx05,unknown_sensory,vnc_sensory,SNxx,AbN4,L,abdomen,,,unknown,none,,not_leg:AbN4,high,rh,0.298,0.557,87
817631,SNta20,mechanosensory_tactile,vnc_sensory,SNta,MesoLN,R,leg,,rm,tactile,cls,,annotated,high,rm,0.658,0.706,209
817634,WG2,gustatory,vnc_sensory,WG,ADMN,R,wing bristle,,,gustatory,cls,,not_leg:ADMN,high,rm,0.343,0.468,178
817644,LgLG1b,gustatory,vnc_sensory,LgLG,ProLN,R,leg bristle,,rf,gustatory,cls,,annotated,high,rh,0.273,0.401,350
817645,SNxxxx,unknown_sensory,vnc_sensory,SNxxxx,ProLN,L,leg,,lf,unknown,none,,annotated,high,lf,0.742,0.776,27
817647,SNxx22,unknown_sensory,vnc_sensory,SNxx,AbN2,R,abdomen,,,unknown,none,,not_leg:AbN2,high,rh,0.552,0.69,168
817648,SNxx22,unknown_sensory,vnc_sensory,SNxx,AbN2,R,abdomen,,,unknown,none,,not_leg:AbN2,high,rh,0.534,0.683,186
817651,SNta23,mechanosensory_tactile,vnc_sensory,SNta,MesoLN,R,mechanosensory bristle,,rm,tactile,cls,,annotated,high,rm,0.826,0.86,174
817656,LgLG2,gustatory,vnc_sensory,LgLG,ProLN,L,leg bristle,,lf,gustatory,cls,,annotated,high,lf,0.327,0.471,170
817657,SNpp42,mechanosensory_proprioceptive,vnc_sensory,SNpp,MetaLN,R,chordotonal organ,,rh,proprio,cls,co_unclassified,annotated,high,rh,0.394,0.494,161
817660,LgLG1b,gustatory,vnc_sensory,LgLG,MetaLN,L,leg bristle,,lh,gustatory,cls,,annotated,high,lm,0.298,0.476,403
817665,SNta30,mechanosensory_tactile,vnc_sensory,SNta,ProLN,R,mechanosensory bristle,,rf,tactile,cls,,annotated,high,rf,0.737,0.837,10
817666,WG1,gustatory,vnc_sensory,WG,ADMN,R,wing bristle,,,gustatory,cls,,not_leg:ADMN,high,rm,0.268,0.429,254
817669,SNta34,mechanosensory_tactile,vnc_sensory,SNta,MetaLN,L,mechanosensory bristle,,lh,tactile,cls,,annotated,high,lh,0.466,0.56,338
817670,SNch10,,vnc_sensory,SNch,MetaLN,R,taste bristle,,rh,chemo,type,,annotated,high,rh,0.806,0.914,202
817671,WG1,gustatory,vnc_sensory,WG,ADMN,L,wing bristle,,,gustatory,cls,,not_leg:ADMN,high,rm,0.291,0.461,242
817673,WG1,gustatory,vnc_sensory,WG,ADMN,L,wing bristle,,,gustatory,cls,,not_leg:ADMN,high,rm,0.28,0.47,213
817677,WG1,gustatory,vnc_sensory,WG,ADMN,L,wing bristle,,,gustatory,cls,,not_leg:ADMN,high,rm,0.266,0.444,204
817678,WG1,gustatory,vnc_sensory,WG,ADMN,L,wing bristle,,,gustatory,cls,,not_leg:ADMN,high,rm,0.243,0.42,218
817680,SNpp51,mechanosensory_proprioceptive,vnc_sensory,SNpp,ProLN,L,chordotonal organ,,lf,proprio,cls,claw_51,annotated,high,lf,0.97,0.973,264
817682,SNta31,mechanosensory_tactile,vnc_sensory,SNta,MesoLN,L,mechanosensory bristle,,lm,tactile,cls,,annotated,high,lm,0.867,0.869,209
817684,SNch10,,vnc_sensory,SNch,ProLN,L,taste bristle,,lf,chemo,type,,annotated,high,lf,0.544,0.855,101
817686,WG1,gustatory,vnc_sensory,WG,ADMN,L,wing bristle,,,gustatory,cls,,not_leg:ADMN,high,rm,0.287,0.476,254
817687,LgLG1b,gustatory,vnc_sensory,LgLG,MetaLN,L,leg bristle,,lh,gustatory,cls,,annotated,high,lm,0.304,0.488,397
817691,SNpp02,mechanosensory_proprioceptive,vnc_sensory,SNpp,AbN3,L,abdomen,,,proprio,cls,untyped,not_leg:AbN3,high,lh,0.257,0.465,355
817692,SNxx03,unknown_sensory,vnc_sensory,SNxx,AbN4,L,abdomen,,,unknown,none,,not_leg:AbN4,high,lm,0.542,0.641,142
817697,SNppxx,mechanosensory_proprioceptive,vnc_sensory,SNppxx,ProLN,L,leg,,lf,proprio,cls,untyped,annotated,high,lf,0.962,0.976,304
817699,SNxx04,unknown_sensory,vnc_sensory,SNxx,AbN4,L,abdomen,,,unknown,none,,not_leg:AbN4,high,lm,0.419,0.572,97
817700,SNta41,mechanosensory_tactile,vnc_sensory,SNta,ProLN,R,mechanosensory bristle,,rf,tactile,cls,,annotated,medium,rm,0.529,0.56,64
817703,SNta37,mechanosensory_tactile,vnc_sensory,SNta,MesoLN,R,mechanosensory bristle,,rm,tactile,cls,,annotated,high,rm,0.84,0.852,226
817704,SNta31,mechanosensory_tactile,vnc_sensory,SNta,MetaLN,R,mechanosensory bristle,,rh,tactile,cls,,annotated,high,rh,0.625,0.671,199
817705,SNta29,mechanosensory_tactile,vnc_sensory,SNta,ProLN,L,mechanosensory bristle,,lf,tactile,cls,,annotated,high,lf,0.813,0.896,70
817706,SNxx33,unknown_sensory,vnc_sensory,SNxx,MetaLN,L,leg,,lh,unknown,none,,annotated,high,lh,0.74,0.852,345
817709,SNta41,mechanosensory_tactile,vnc_sensory,SNta,MesoLN,R,mechanosensory bristle,,rm,tactile,cls,,annotated,high,rm,0.677,0.717,209
817710,WG1,gustatory,vnc_sensory,WG,ADMN,R,wing bristle,,,gustatory,cls,,not_leg:ADMN,high,rm,0.314,0.48,293
817713,WG2,gustatory,vnc_sensory,WG,ADMN,R,wing bristle,,,gustatory,cls,,not_leg:ADMN,high,rh,0.38,0.471,168
817717,SNta27,mechanosensory_tactile,vnc_sensory,SNta,MesoLN,R,leg,,rm,tactile,cls,,annotated,high,rm,0.811,0.849,304
817720,SNxx04,unknown_sensory,vnc_sensory,SNxx,AbN4,L,abdomen,,,unknown,none,,not_leg:AbN4,high,lh,0.338,0.522,125
817721,SNxx03,unknown_sensory,vnc_sensory,SNxx,AbN4,L,abdomen,,,unknown,none,,not_leg:AbN4,high,lh,0.378,0.522,118
817727,SNta35,mechanosensory_tactile,vnc_sensory,SNta,MesoLN,L,mechanosensory bristle,,lm,tactile,cls,,annotated,high,lm,0.643,0.68,300
817738,SNpp34,mechanosensory_proprioceptive,vnc_sensory,SNpp,DMetaN,R,haltere,,,proprio,cls,untyped,not_leg:DMetaN,high,lh,0.402,0.761,121
817742,WG1,gustatory,vnc_sensory,WG,ADMN,L,wing bristle,,,gustatory,cls,,not_leg:ADMN,high,rm,0.288,0.48,227
817743,WG2,gustatory,vnc_sensory,WG,ADMN,R,wing bristle,,,gustatory,cls,,not_leg:ADMN,high,rh,0.344,0.439,192
817746,SNppxx,mechanosensory_proprioceptive,vnc_sensory,SNppxx,MesoLN,L,leg,,lm,proprio,cls,untyped,annotated,high,lm,0.946,0.952,143
817752,SNta44,mechanosensory_tactile,vnc_sensory,SNta,MesoLN,R,mechanosensory bristle,,rm,tactile,cls,,annotated,high,rm,0.885,0.905,211
817754,SNta40,mechanosensory_tactile,vnc_sensory,SNta,ProLN,L,mechanosensory bristle,,lf,tactile,cls,,annotated,high,lf,0.666,0.683,6
817757,SNxx03,unknown_sensory,vnc_sensory,SNxx,AbN4,R,abdomen,,,unknown,none,,not_leg:AbN4,high,rh,0.548,0.737,109
817760,SNxx04,unknown_sensory,vnc_sensory,SNxx,AbN4,L,abdomen,,,unknown,none,,not_leg:AbN4,high,lm,0.396,0.528,108
817768,SNta21,mechanosensory_tactile,vnc_sensory,SNta,MetaLN,L,mechanosensory bristle,,lh,tactile,cls,,annotated,high,lh,0.79,0.931,78
817770,SNxx33,unknown_sensory,vnc_sensory,SNxx,MetaLN,L,leg,,lh,unknown,none,,annotated,high,lh,0.789,0.877,198
817773,LgLG3,gustatory,vnc_sensory,LgLG,ProLN,L,leg bristle,,lf,gustatory,cls,,annotated,high,lh,0.28,0.389,164
817775,SNta33,mechanosensory_tactile,vnc_sensory,SNta,DProN,R,mechanosensory bristle,,rf,tactile,cls,,annotated,low,rm,0.475,0.573,285
817777,WG1,gustatory,vnc_sensory,WG,ADMN,R,wing bristle,,,gustatory,cls,,not_leg:ADMN,high,rm,0.294,0.455,229
817783,WG1,gustatory,vnc_sensory,WG,ADMN,L,wing bristle,,,gustatory,cls,,not_leg:ADMN,high,rm,0.313,0.473,209
817792,SNpp43,mechanosensory_proprioceptive,vnc_sensory,SNpp,MesoLN,L,chordotonal organ,,lm,proprio,cls,club,annotated,high,lm,0.785,0.829,285
817795,SNta43,mechanosensory_tactile,vnc_sensory,SNta,MetaLN,R,mechanosensory bristle,,rh,tactile,cls,,annotated,high,rh,0.823,0.891,382
817799,SNta25,mechanosensory_tactile,vnc_sensory,SNta,MesoLN,L,mechanosensory bristle,,lm,tactile,cls,,annotated,high,lm,0.772,0.831,106
817802,SNta29,mechanosensory_tactile,vnc_sensory,SNta,MesoLN,R,mechanosensory bristle,,rm,tactile,cls,,annotated,high,rm,0.836,0.85,442
817804,SNpp23,mechanosensory_proprioceptive,vnc_sensory,SNpp,PDMN,R,notum,,,proprio,cls,untyped,not_leg:PDMN,high,rh,0.437,0.721,508
817812,LgLG1a,gustatory,vnc_sensory,LgLG,MetaLN,R,leg bristle,,rh,gustatory,cls,,annotated,high,rm,0.336,0.492,209
817816,SNxx03,unknown_sensory,vnc_sensory,SNxx,AbN4,L,abdomen,,,unknown,none,,not_leg:AbN4,high,lm,0.574,0.706,74
817819,SNpp42,mechanosensory_proprioceptive,vnc_sensory,SNpp,MetaLN,L,chordotonal organ,,lh,proprio,cls,co_unclassified,annotated,high,lm,0.388,0.653,224
817820,SNxx03,unknown_sensory,vnc_sensory,SNxx,AbN4,R,abdomen,,,unknown,none,,not_leg:AbN4,high,rh,0.453,0.632,111
817824,SNta20,mechanosensory_tactile,vnc_sensory,SNta,MetaLN,R,mechanosensory bristle,,rh,tactile,cls,,annotated,high,rh,0.82,0.866,257
817825,SNpp57,mechanosensory_proprioceptive,vnc_sensory,SNpp,ProLN,R,chordotonal organ,,rf,proprio,cls,club,annotated,medium,lh,0.633,0.839,237
817827,SNta34,mechanosensory_tactile,vnc_sensory,SNta,MetaLN,L,mechanosensory bristle,,lh,tactile,cls,,annotated,high,lh,0.493,0.59,198
817828,WG1,gustatory,vnc_sensory,WG,ADMN,L,wing bristle,,,gustatory,cls,,not_leg:ADMN,high,rm,0.254,0.441,234
817830,SNxx04,unknown_sensory,vnc_sensory,SNxx,AbN4,R,abdomen,,,unknown,none,,not_leg:AbN4,high,rh,0.44,0.734,67
817832,SNta41,mechanosensory_tactile,vnc_sensory,SNta,MesoLN,L,mechanosensory bristle,,lm,tactile,cls,,annotated,high,lm,0.761,0.772,216
817839,SNpp57,mechanosensory_proprioceptive,vnc_sensory,SNpp,ProLN,L,chordotonal organ,,lf,proprio,cls,club,annotated,medium,lh,0.606,0.685,233
817841,WG1,gustatory,vnc_sensory,WG,ADMN,R,wing bristle,,,gustatory,cls,,not_leg:ADMN,high,rm,0.295,0.472,209
817842,SNxx03,unknown_sensory,vnc_sensory,SNxx,AbN4,L,abdomen,,,unknown,none,,not_leg:AbN4,high,lm,0.438,0.526,119
817844,SNta44,mechanosensory_tactile,vnc_sensory,SNta,MetaLN,R,mechanosensory bristle,,rh,tactile,cls,,annotated,high,rh,0.946,0.966,114
817847,LgLG1b,gustatory,vnc_sensory,LgLG,MetaLN,R,leg bristle,,rh,gustatory,cls,,annotated,high,rm,0.327,0.506,246
817848,SNxx22,unknown_sensory,vnc_sensory,SNxx,AbN2,R,abdomen,,,unknown,none,,not_leg:AbN2,high,rh,0.511,0.707,176
817849,LgLG4,gustatory,vnc_sensory,LgLG,ProLN,L,leg bristle,,lf,gustatory,cls,,annotated,high,lf,0.67,0.67,115
817852,WG1,gustatory,vnc_sensory,WG,ADMN,R,wing bristle,,,gustatory,cls,,not_leg:ADMN,high,rm,0.287,0.449,222
817853,WG1,gustatory,vnc_sensory,WG,ADMN,R,wing bristle,,,gustatory,cls,,not_leg:ADMN,high,rm,0.291,0.443,257
817855,WG1,gustatory,vnc_sensory,WG,ADMN,L,wing bristle,,,gustatory,cls,,not_leg:ADMN,high,rm,0.261,0.45,248
817856,SNxx05,unknown_sensory,vnc_sensory,SNxx,AbN4,L,abdomen,,,unknown,none,,not_leg:AbN4,high,lm,0.505,0.622,119
817861,LgLG1b,gustatory,vnc_sensory,LgLG,MetaLN,L,leg bristle,,lh,gustatory,cls,,annotated,high,lm,0.286,0.443,456
817866,SNxx06,unknown_sensory,vnc_sensory,SNxx,AbN3,R,abdomen,,,unknown,none,,not_leg:AbN3,high,rh,0.518,0.763,184
817868,SNta43,mechanosensory_tactile,vnc_sensory,SNta,MesoLN,R,mechanosensory bristle,,rm,tactile,cls,,annotated,medium,lm,0.672,0.683,180
817870,SApp08,mechanosensory_proprioceptive,vnc_sensory,SApp,DMetaN,R,campaniform sensilla,,,proprio,cls,campaniform,not_leg:DMetaN,high,lh,0.46,0.668,73
817873,LgLG2,gustatory,vnc_sensory,LgLG,ProLN,R,leg bristle,,rf,gustatory,cls,,annotated,high,rm,0.317,0.477,123
817877,SNxx04,unknown_sensory,vnc_sensory,SNxx,AbN4,L,abdomen,,,unknown,none,,not_leg:AbN4,high,lm,0.379,0.501,131
817882,WG1,gustatory,vnc_sensory,WG,ADMN,R,wing bristle,,,gustatory,cls,,not_leg:ADMN,high,rm,0.304,0.476,221
817886,SNxx04,unknown_sensory,vnc_sensory,SNxx,AbN4,R,abdomen,,,unknown,none,,not_leg:AbN4,high,rh,0.511,0.677,101
817887,SNta27,mechanosensory_tactile,vnc_sensory,SNta,MetaLN,R,mechanosensory bristle,,rh,tactile,cls,,annotated,high,rh,0.958,0.978,188
817888,WG1,gustatory,vnc_sensory,WG,ADMN,R,wing bristle,,,gustatory,cls,,not_leg:ADMN,high,rm,0.298,0.458,214
817890,SNta29,mechanosensory_tactile,vnc_sensory,SNta,MesoLN,R,mechanosensory bristle,,rm,tactile,cls,,annotated,high,rm,0.888,0.901,479
817891,SNta30,mechanosensory_tactile,vnc_sensory,SNta,ProLN,L,mechanosensory bristle,,lf,tactile,cls,,annotated,high,lf,0.647,0.661,199
817895,SNta29,mechanosensory_tactile,vnc_sensory,SNta,ProLN,R,mechanosensory bristle,,rf,tactile,cls,,annotated,high,rf,0.848,0.877,68
817901,SApp08,mechanosensory_proprioceptive,vnc_sensory,SApp,DMetaN,L,campaniform sensilla,,,proprio,cls,campaniform,not_leg:DMetaN,high,rh,0.445,0.791,159
817902,LgLG2,gustatory,vnc_sensory,LgLG,MesoLN,L,leg bristle,,lm,gustatory,cls,,annotated,high,lm,0.284,0.528,253
817905,SNxx14,unknown_sensory,vnc_sensory,SNxx,AbN3,L,abdomen,,,unknown,none,,not_leg:AbN3,high,rh,0.357,0.636,170
817907,"SNpp20,SApp02",mechanosensory_proprioceptive,vnc_sensory,SNpp,DMetaN,L,campaniform sensilla,,,proprio,cls,campaniform,not_leg:DMetaN,high,lh,0.386,0.666,109
817908,SNta20,mechanosensory_tactile,vnc_sensory,SNta,ProLN,R,mechanosensory bristle,,rf,tactile,cls,,annotated,high,rf,0.631,0.667,122
817909,SNxx04,unknown_sensory,vnc_sensory,SNxx,AbN4,L,abdomen,,,unknown,none,,not_leg:AbN4,high,lh,0.336,0.538,72
817913,SNpp60,mechanosensory_proprioceptive,vnc_sensory,SNpp,MetaLN,L,chordotonal organ,,lh,proprio,cls,club,annotated,high,lh,0.548,0.679,584
817915,WG1,gustatory,vnc_sensory,WG,ADMN,R,wing bristle,,,gustatory,cls,,not_leg:ADMN,high,rm,0.283,0.455,248
817919,SNta41,mechanosensory_tactile,vnc_sensory,SNta,ProLN,R,mechanosensory bristle,,rf,tactile,cls,,annotated,high,rf,0.507,0.543,81
817926,SNta35,mechanosensory_tactile,vnc_sensory,SNta,MesoLN,L,mechanosensory bristle,,lm,tactile,cls,,annotated,high,lm,0.721,0.748,189
817929,SNxx04,unknown_sensory,vnc_sensory,SNxx,AbN4,R,abdomen,,,unknown,none,,not_leg:AbN4,high,rh,0.341,0.619,89
817934,LgLG3,gustatory,vnc_sensory,LgLG,MetaLN,L,leg bristle,,lh,gustatory,cls,,annotated,high,lh,0.341,0.451,225
817935,WG1,gustatory,vnc_sensory,WG,ADMN,R,wing bristle,,,gustatory,cls,,not_leg:ADMN,high,rm,0.309,0.465,229
817943,SNta33,mechanosensory_tactile,vnc_sensory,SNta,DProN,R,mechanosensory bristle,,rf,tactile,cls,,annotated,low,rm,0.53,0.644,174
817947,WG1,gustatory,vnc_sensory,WG,ADMN,R,wing bristle,,,gustatory,cls,,not_leg:ADMN,high,rm,0.291,0.446,227
817949,WG1,gustatory,vnc_sensory,WG,ADMN,L,wing bristle,,,gustatory,cls,,not_leg:ADMN,high,rm,0.27,0.464,242
817952,SNta23,mechanosensory_tactile,vnc_sensory,SNta,MetaLN,R,mechanosensory bristle,,rh,tactile,cls,,annotated,high,rh,0.58,0.66,194
817954,SNta31,mechanosensory_tactile,vnc_sensory,SNta,MetaLN,L,mechanosensory bristle,,lh,tactile,cls,,annotated,high,lm,0.395,0.458,136
817956,WG1,gustatory,vnc_sensory,WG,ADMN,R,wing bristle,,,gustatory,cls,,not_leg:ADMN,high,rm,0.252,0.417,186
817957,SNta29,mechanosensory_tactile,vnc_sensory,SNta,ProLN,L,mechanosensory bristle,,lf,tactile,cls,,annotated,high,lf,0.711,0.748,317
817962,SNxxxx,mechanosensory_tactile,vnc_sensory,SNxxxx,ProLN,L,leg,,lf,tactile,cls,,annotated,high,lf,0.898,0.904,141
817969,SNppxx,mechanosensory_proprioceptive,vnc_sensory,SNppxx,ProLN,L,leg,,lf,proprio,cls,untyped,annotated,high,lf,0.986,0.987,81
817970,WG1,gustatory,vnc_sensory,WG,ADMN,L,wing bristle,,,gustatory,cls,,not_leg:ADMN,high,rm,0.245,0.468,220
817972,SNxx03,unknown_sensory,vnc_sensory,SNxx,AbN4,L,abdomen,,,unknown,none,,not_leg:AbN4,high,lm,0.477,0.576,139
817973,SNta42,mechanosensory_tactile,vnc_sensory,SNta,VProN,R,mechanosensory bristle,,rf,tactile,cls,,annotated,low,rm,0.459,0.565,46
817974,SNch10,,vnc_sensory,SNch,MetaLN,R,taste bristle,,rh,chemo,type,,annotated,high,rh,0.555,0.795,201
817976,SNpp24,mechanosensory_proprioceptive,vnc_sensory,SNpp,DMetaN,R,campaniform sensilla,,,proprio,cls,campaniform,not_leg:DMetaN,high,lh,0.519,0.981,227
817985,SNta37,mechanosensory_tactile,vnc_sensory,SNta,MetaLN,L,mechanosensory bristle,,lh,tactile,cls,,annotated,high,lh,0.826,0.866,194
817986,SNta37,mechanosensory_tactile,vnc_sensory,SNta,MetaLN,R,mechanosensory bristle,,rh,tactile,cls,,annotated,high,rh,0.787,0.837,189
817988,WG1,gustatory,vnc_sensory,WG,ADMN,R,wing bristle,,,gustatory,cls,,not_leg:ADMN,high,rm,0.306,0.466,202
817989,WG1,gustatory,vnc_sensory,WG,ADMN,L,wing bristle,,,gustatory,cls,,not_leg:ADMN,high,rm,0.263,0.459,224
817992,SNpp51,mechanosensory_proprioceptive,vnc_sensory,SNpp,MesoLN,L,chordotonal organ,,lm,proprio,cls,claw_51,annotated,high,lm,0.917,0.928,399
817993,SNpp40,mechanosensory_proprioceptive,vnc_sensory,SNpp,MesoLN,L,chordotonal organ,,lm,proprio,cls,club,annotated,high,lm,0.69,0.727,610
818000,SNta19,mechanosensory_tactile,vnc_sensory,SNta,MetaLN,R,mechanosensory bristle,,rh,tactile,cls,,annotated,high,rh,0.827,0.862,163
818006,SNta21,mechanosensory_tactile,vnc_sensory,SNta,MesoLN,R,mechanosensory bristle,,rm,tactile,cls,,annotated,high,rm,0.886,0.929,230
818009,SNxx04,unknown_sensory,vnc_sensory,SNxx,AbN4,L,abdomen,,,unknown,none,,not_leg:AbN4,high,lm,0.474,0.589,112
818011,LgLG1a,gustatory,vnc_sensory,LgLG,MesoLN,R,leg bristle,,rm,gustatory,cls,,annotated,high,rm,0.435,0.624,552
818012,"SNta02,SNta09",mechanosensory_tactile,vnc_sensory,SNta,PDMN,R,notum,,,tactile,cls,,not_leg:PDMN,high,rm,0.326,0.561,216
818018,SNta35,mechanosensory_tactile,vnc_sensory,SNta,MesoLN,R,mechanosensory bristle,,rm,tactile,cls,,annotated,high,rm,0.756,0.783,164
818025,SNxx03,unknown_sensory,vnc_sensory,SNxx,AbN4,L,abdomen,,,unknown,none,,not_leg:AbN4,high,lm,0.477,0.578,99
818031,WG1,gustatory,vnc_sensory,WG,ADMN,R,wing bristle,,,gustatory,cls,,not_leg:ADMN,high,rm,0.32,0.473,212
818035,SNppxx,mechanosensory_proprioceptive,vnc_sensory,SNppxx,ProLN,L,leg,,lf,proprio,cls,untyped,annotated,high,lf,0.674,0.834,94
818043,SNta39,mechanosensory_tactile,vnc_sensory,SNta,MetaLN,L,mechanosensory bristle,,lh,tactile,cls,,annotated,high,lh,0.83,0.86,167
818045,WG1,gustatory,vnc_sensory,WG,ADMN,R,wing bristle,,,gustatory,cls,,not_leg:ADMN,high,rm,0.306,0.466,226
818047,SNta37,mechanosensory_tactile,vnc_sensory,SNta,MetaLN,L,mechanosensory bristle,,lh,tactile,cls,,annotated,high,lh,0.801,0.865,112
818049,SNxx03,unknown_sensory,vnc_sensory,SNxx,AbN4,L,abdomen,,,unknown,none,,not_leg:AbN4,high,lm,0.436,0.531,94
818054,SNta38,mechanosensory_tactile,vnc_sensory,SNta,MesoLN,R,mechanosensory bristle,,rm,tactile,cls,,annotated,medium,rh,0.82,0.942,213
818056,WG1,gustatory,vnc_sensory,WG,ADMN,R,wing bristle,,,gustatory,cls,,not_leg:ADMN,high,rm,0.306,0.476,248
818058,SNta28,mechanosensory_tactile,vnc_sensory,SNta,MesoLN,L,mechanosensory bristle,,lm,tactile,cls,,annotated,high,lm,0.809,0.832,217
818061,"SNta25,SNta30",mechanosensory_tactile,vnc_sensory,SNta,MesoLN,R,mechanosensory bristle,,rm,tactile,cls,,annotated,high,rm,0.767,0.78,228
818066,SNta44,unknown_sensory,vnc_sensory,SNta,ProLN,R,mechanosensory bristle,,rf,tactile,type,,annotated,high,rf,0.723,0.759,35
818068,WG1,gustatory,vnc_sensory,WG,ADMN,R,wing bristle,,,gustatory,cls,,not_leg:ADMN,high,rm,0.289,0.461,183
818069,SNxx03,unknown_sensory,vnc_sensory,SNxx,AbN4,R,abdomen,,,unknown,none,,not_leg:AbN4,high,rh,0.472,0.646,116
818070,SNta37,mechanosensory_tactile,vnc_sensory,SNta,MesoLN,L,mechanosensory bristle,,lm,tactile,cls,,annotated,high,lm,0.685,0.732,272
818075,SNta21,mechanosensory_tactile,vnc_sensory,SNta,ProLN,L,mechanosensory bristle,,lf,tactile,cls,,annotated,high,lf,0.941,0.941,5
818076,WG1,gustatory,vnc_sensory,WG,ADMN,R,wing bristle,,,gustatory,cls,,not_leg:ADMN,high,rm,0.329,0.489,191
818080,LgLG4,gustatory,vnc_sensory,LgLG,ProLN,L,leg bristle,,lf,gustatory,cls,,annotated,high,lf,0.795,0.795,167
818082,LgLG3,gustatory,vnc_sensory,LgLG,ProLN,L,leg bristle,,lf,gustatory,cls,,annotated,high,lm,0.294,0.384,113
818085,SNch10,,vnc_sensory,SNch,MetaLN,R,taste bristle,,rh,chemo,type,,annotated,high,rh,0.628,0.801,158
818087,SNta20,mechanosensory_tactile,vnc_sensory,SNta,MesoLN,R,mechanosensory bristle,,rm,tactile,cls,,annotated,high,rm,0.77,0.779,221
818090,SNxx04,unknown_sensory,vnc_sensory,SNxx,AbN4,R,abdomen,,,unknown,none,,not_leg:AbN4,high,rh,0.417,0.651,229
818091,SNxx20,unknown_sensory,vnc_sensory,SNxx,AbN4,R,abdomen,,,unknown,none,,not_leg:AbN4,high,rh,0.463,0.731,332
818092,SNta42,mechanosensory_tactile,vnc_sensory,SNta,VProN,R,mechanosensory bristle,,rf,tactile,cls,,annotated,medium,rh,0.348,0.417,96
818097,SNtaxx,mechanosensory_tactile,vnc_sensory,SNtaxx,MetaLN,L,leg,,lh,tactile,cls,,annotated,high,lh,0.856,0.952,104
818099,"SNta02,SNta09",mechanosensory_tactile,vnc_sensory,SNta,PDMN,R,notum,,,tactile,cls,,not_leg:PDMN,high,rf,0.292,0.472,111
818100,SNta25,mechanosensory_tactile,vnc_sensory,SNta,MesoLN,L,mechanosensory bristle,,lm,tactile,cls,,annotated,high,lm,0.835,0.875,203
818102,LgLG2,gustatory,vnc_sensory,LgLG,MesoLN,L,leg bristle,,lm,gustatory,cls,,annotated,high,lm,0.279,0.517,179
818103,SNta35,mechanosensory_tactile,vnc_sensory,SNta,MesoLN,R,mechanosensory bristle,,rm,tactile,cls,,annotated,high,rm,0.682,0.719,180
818106,SNta20,mechanosensory_tactile,vnc_sensory,SNta,MetaLN,L,mechanosensory bristle,,lh,tactile,cls,,annotated,high,lh,0.605,0.66,216
818114,SNxx03,unknown_sensory,vnc_sensory,SNxx,AbN3,L,abdomen,,,unknown,none,,not_leg:AbN3,high,lm,0.444,0.493,139
818118,SNxx03,unknown_sensory,vnc_sensory,SNxx,AbN4,L,abdomen,,,unknown,none,,not_leg:AbN4,high,lm,0.532,0.591,111
818130,SNpp01,mechanosensory_proprioceptive,vnc_sensory,SNpp,AbN3,R,abdomen,,,proprio,cls,untyped,not_leg:AbN3,high,lf,0.332,0.524,185
818135,SNta44,mechanosensory_tactile,vnc_sensory,SNta,MesoLN,L,mechanosensory bristle,,lm,tactile,cls,,annotated,high,lm,0.908,0.91,186
818139,LgLG3,gustatory,vnc_sensory,LgLG,MetaLN,R,leg bristle,,rh,gustatory,cls,,annotated,high,rh,0.498,0.569,117
818141,SNta37,mechanosensory_tactile,vnc_sensory,SNta,MesoLN,L,mechanosensory bristle,,lm,tactile,cls,,annotated,high,lm,0.915,0.927,213
818142,WG2,gustatory,vnc_sensory,WG,ADMN,R,wing bristle,,,gustatory,cls,,not_leg:ADMN,high,rh,0.366,0.447,201
818144,SNxx21,unknown_sensory,vnc_sensory,SNxx,AbN4,L,abdomen,,,unknown,none,,not_leg:AbN4,high,rh,0.474,0.837,234
818149,LgLG1b,gustatory,vnc_sensory,LgLG,MetaLN,R,leg bristle,,rh,gustatory,cls,,annotated,high,rh,0.367,0.482,288
818155,SNta38,mechanosensory_tactile,vnc_sensory,SNta,MetaLN,R,mechanosensory bristle,,rh,tactile,cls,,annotated,high,rh,0.81,0.948,103
818156,LgLG2,gustatory,vnc_sensory,LgLG,MesoLN,R,leg bristle,,rm,gustatory,cls,,annotated,high,rm,0.297,0.46,178
818162,SNxx22,unknown_sensory,vnc_sensory,SNxx,AbN2,R,abdomen,,,unknown,none,,not_leg:AbN2,high,rh,0.542,0.651,175
818164,"SNta02,SNta09",mechanosensory_tactile,vnc_sensory,SNta,PDMN,R,notum,,,tactile,cls,,not_leg:PDMN,high,rm,0.307,0.5,99
818165,SNta30,mechanosensory_tactile,vnc_sensory,SNta,ProLN,R,mechanosensory bristle,,rf,tactile,cls,,annotated,high,rf,0.401,0.48,111
818170,SNta28,mechanosensory_tactile,vnc_sensory,SNta,MetaLN,R,mechanosensory bristle,,rh,tactile,cls,,annotated,high,rh,0.815,0.864,382
818172,WG1,gustatory,vnc_sensory,WG,ADMN,R,wing bristle,,,gustatory,cls,,not_leg:ADMN,high,rm,0.279,0.426,204
818175,SNta43,mechanosensory_tactile,vnc_sensory,SNta,MetaLN,R,mechanosensory bristle,,rh,tactile,cls,,annotated,high,rh,0.823,0.88,189
818176,SNta19,mechanosensory_tactile,vnc_sensory,SNta,MesoLN,L,mechanosensory bristle,,lm,tactile,cls,,annotated,high,lm,0.67,0.722,194
818180,SNxx22,unknown_sensory,vnc_sensory,SNxx,AbN2,L,abdomen,,,unknown,none,,not_leg:AbN2,high,lm,0.392,0.508,160
818181,SNta40,mechanosensory_tactile,vnc_sensory,SNta,ProLN,L,mechanosensory bristle,,lf,tactile,cls,,annotated,high,lf,0.718,0.895,33
818182,SNpp42,mechanosensory_proprioceptive,vnc_sensory,SNpp,MetaLN,R,chordotonal organ,,rh,proprio,cls,co_unclassified,annotated,high,lm,0.329,0.567,196
818184,WG1,gustatory,vnc_sensory,WG,ADMN,R,wing bristle,,,gustatory,cls,,not_leg:ADMN,high,rm,0.321,0.456,152
818185,WG2,gustatory,vnc_sensory,WG,ADMN,R,wing bristle,,,gustatory,cls,,not_leg:ADMN,high,rh,0.336,0.449,167
818186,SNpp46,mechanosensory_proprioceptive,vnc_sensory,SNpp,MetaLN,L,chordotonal organ,,lh,proprio,cls,co_unclassified,annotated,high,rh,0.26,0.49,450
818187,LgLG2,gustatory,vnc_sensory,LgLG,ProLN,L,leg bristle,,lf,gustatory,cls,,annotated,high,lf,0.303,0.407,176
818196,SNta29,mechanosensory_tactile,vnc_sensory,SNta,ProLN,L,mechanosensory bristle,,lf,tactile,cls,,annotated,high,lf,0.929,0.937,89
818197,LgLG1b,gustatory,vnc_sensory,LgLG,MetaLN,R,leg bristle,,rh,gustatory,cls,,annotated,high,rm,0.334,0.492,302
818201,LgLG2,gustatory,vnc_sensory,LgLG,MetaLN,L,leg bristle,,lh,gustatory,cls,,annotated,high,rm,0.284,0.472,95
818203,SNta29,mechanosensory_tactile,vnc_sensory,SNta,ProLN,L,mechanosensory bristle,,lf,tactile,cls,,annotated,high,lf,0.864,0.872,207
818205,LgLG2,gustatory,vnc_sensory,LgLG,ProLN,L,leg bristle,,lf,gustatory,cls,,annotated,high,rm,0.223,0.425,115
818208,LgLG3,gustatory,vnc_sensory,LgLG,MetaLN,R,leg bristle,,rh,gustatory,cls,,annotated,high,rh,0.619,0.687,309
818210,LgLG3,gustatory,vnc_sensory,LgLG,MesoLN,L,leg bristle,,lm,gustatory,cls,,annotated,high,lm,0.556,0.636,188
818211,WG1,gustatory,vnc_sensory,WG,ADMN,L,wing bristle,,,gustatory,cls,,not_leg:ADMN,high,rm,0.263,0.459,262
818216,SNta37,mechanosensory_tactile,vnc_sensory,SNta,MetaLN,L,mechanosensory bristle,,lh,tactile,cls,,annotated,high,lh,0.806,0.856,274
818221,LgLG1b,gustatory,vnc_sensory,LgLG,ProLN,L,leg bristle,,lf,gustatory,cls,,annotated,high,lm,0.307,0.446,111
818228,SNta40,mechanosensory_tactile,vnc_sensory,SNta,ProLN,L,mechanosensory bristle,,lf,tactile,cls,,annotated,high,lf,0.886,0.946,21
818231,WG2,gustatory,vnc_sensory,WG,ADMN,R,wing bristle,,,gustatory,cls,,not_leg:ADMN,high,rm,0.382,0.481,195
818238,SNpp01,mechanosensory_proprioceptive,vnc_sensory,SNpp,AbN3,L,abdomen,,,proprio,cls,untyped,not_leg:AbN3,high,lh,0.403,0.519,208
818240,LgLG2,gustatory,vnc_sensory,LgLG,MetaLN,L,leg bristle,,lh,gustatory,cls,,annotated,high,rm,0.286,0.476,143
818255,SNta33,mechanosensory_tactile,vnc_sensory,SNta,DProN,R,mechanosensory bristle,,rf,tactile,cls,,annotated,low,rm,0.511,0.645,250
818263,SNta38,mechanosensory_tactile,vnc_sensory,SNta,MetaLN,L,mechanosensory bristle,,lh,tactile,cls,,annotated,high,lh,0.82,0.907,151
818264,SNta21,mechanosensory_tactile,vnc_sensory,SNta,MetaLN,L,mechanosensory bristle,,lh,tactile,cls,,annotated,high,lh,0.85,0.898,174
818266,WG1,gustatory,vnc_sensory,WG,ADMN,R,wing bristle,,,gustatory,cls,,not_leg:ADMN,high,rm,0.313,0.456,188
818272,SNta20,mechanosensory_tactile,vnc_sensory,SNta,MetaLN,R,mechanosensory bristle,,rh,tactile,cls,,annotated,high,rh,0.756,0.805,300
818285,SNta43,mechanosensory_tactile,vnc_sensory,SNta,MesoLN,L,mechanosensory bristle,,lm,tactile,cls,,annotated,high,lm,0.787,0.81,231
818289,SNta32,mechanosensory_tactile,vnc_sensory,SNta,MetaLN,R,mechanosensory bristle,,rh,tactile,cls,,annotated,high,rh,0.867,0.966,152
818291,SNta21,unknown_sensory,vnc_sensory,SNta,MesoLN,L,leg,,lm,tactile,type,,annotated,high,lm,0.865,0.889,158
818292,SApp,mechanosensory_proprioceptive,sensory_ascending,SApp,DMetaN,R,haltere,,,proprio,cls,untyped,not_leg:DMetaN,high,lf,0.374,0.399,46
818304,SNta38,mechanosensory_tactile,vnc_sensory,SNta,MetaLN,R,mechanosensory bristle,,rh,tactile,cls,,annotated,high,rh,0.793,0.901,141
818309,WG1,gustatory,vnc_sensory,WG,ADMN,L,wing bristle,,,gustatory,cls,,not_leg:ADMN,high,rm,0.275,0.458,199
818313,SNxx03,unknown_sensory,vnc_sensory,SNxx,AbN4,R,abdomen,,,unknown,none,,not_leg:AbN4,high,rh,0.482,0.665,136
818317,SNta32,mechanosensory_tactile,vnc_sensory,SNta,MetaLN,R,mechanosensory bristle,,rh,tactile,cls,,annotated,high,rh,0.625,0.689,245
818321,SApp08,mechanosensory_proprioceptive,vnc_sensory,SApp,DMetaN,R,campaniform sensilla,,,proprio,cls,campaniform,not_leg:DMetaN,high,lh,0.481,0.727,159
818325,SNta39,mechanosensory_tactile,vnc_sensory,SNta,MetaLN,L,mechanosensory bristle,,lh,tactile,cls,,annotated,high,lh,0.733,0.803,74
818328,SNta42,mechanosensory_tactile,vnc_sensory,SNta,MesoLN,L,mechanosensory bristle,,lm,tactile,cls,,annotated,high,lm,0.416,0.548,400
818335,SNta20,mechanosensory_tactile,vnc_sensory,SNta,ProLN,L,mechanosensory bristle,,lf,tactile,cls,,annotated,high,lf,0.808,0.829,163
818337,"SApp02,SApp03",mechanosensory_proprioceptive,vnc_sensory,SApp,DMetaN,L,campaniform sensilla,,,proprio,cls,campaniform,not_leg:DMetaN,high,lh,0.485,0.744,85
818339,SNta34,mechanosensory_tactile,vnc_sensory,SNta,MetaLN,L,mechanosensory bristle,,lh,tactile,cls,,annotated,high,lh,0.465,0.526,182
818341,SNta28,mechanosensory_tactile,vnc_sensory,SNta,MetaLN,L,mechanosensory bristle,,lh,tactile,cls,,annotated,high,lh,0.738,0.835,110
818342,SNta42,mechanosensory_tactile,vnc_sensory,SNta,MesoLN,R,mechanosensory bristle,,rm,tactile,cls,,annotated,high,rm,0.77,0.807,354
818347,WG1,gustatory,vnc_sensory,WG,ADMN,R,wing bristle,,,gustatory,cls,,not_leg:ADMN,high,rm,0.304,0.461,184
818348,SNxx03,unknown_sensory,vnc_sensory,SNxx,AbN4,R,abdomen,,,unknown,none,,not_leg:AbN4,high,rh,0.453,0.596,88
818350,SNxx03,unknown_sensory,vnc_sensory,SNxx,AbN4,R,abdomen,,,unknown,none,,not_leg:AbN4,high,rh,0.478,0.68,143
818354,LgLG2,gustatory,vnc_sensory,LgLG,MesoLN,R,leg bristle,,rm,gustatory,cls,,annotated,high,rm,0.462,0.613,198
818355,WG1,gustatory,vnc_sensory,WG,ADMN,R,wing bristle,,,gustatory,cls,,not_leg:ADMN,high,rm,0.312,0.451,167
818361,LgLG2,gustatory,vnc_sensory,LgLG,ProLN,R,leg bristle,,rf,gustatory,cls,,annotated,high,rm,0.277,0.494,120
818362,SNpp42,mechanosensory_proprioceptive,vnc_sensory,SNpp,MetaLN,R,chordotonal organ,,rh,proprio,cls,co_unclassified,annotated,high,lm,0.33,0.632,254
818371,"SNta02,SNta09",mechanosensory_tactile,vnc_sensory,SNta,PDMN,L,notum,,,tactile,cls,,not_leg:PDMN,high,lf,0.263,0.435,110
818376,WG1,gustatory,vnc_sensory,WG,ADMN,R,wing bristle,,,gustatory,cls,,not_leg:ADMN,high,rm,0.297,0.442,182
818378,LgLG2,gustatory,vnc_sensory,LgLG,ProLN,R,leg bristle,,rf,gustatory,cls,,annotated,high,rm,0.315,0.515,102
818384,WG2,gustatory,vnc_sensory,WG,ADMN,R,wing bristle,,,gustatory,cls,,not_leg:ADMN,high,rh,0.346,0.431,171
818385,LgLG2,gustatory,vnc_sensory,LgLG,MetaLN,R,leg bristle,,rh,gustatory,cls,,annotated,high,rh,0.349,0.451,163
818390,SNxx04,unknown_sensory,vnc_sensory,SNxx,AbN4,R,abdomen,,,unknown,none,,not_leg:AbN4,high,rh,0.485,0.678,111
818391,SNta39,mechanosensory_tactile,vnc_sensory,SNta,MetaLN,L,mechanosensory bristle,,lh,tactile,cls,,annotated,high,lh,0.796,0.867,86
818392,SNta25,mechanosensory_tactile,vnc_sensory,SNta,MesoLN,L,mechanosensory bristle,,lm,tactile,cls,,annotated,high,lm,0.889,0.925,94
818394,SNta38,mechanosensory_tactile,vnc_sensory,SNta,MesoLN,R,mechanosensory bristle,,rm,tactile,cls,,annotated,high,rm,0.733,0.812,160
818398,SNxx03,unknown_sensory,vnc_sensory,SNxx,AbN4,R,abdomen,,,unknown,none,,not_leg:AbN4,high,rh,0.498,0.698,99
818406,SNta29,mechanosensory_tactile,vnc_sensory,SNta,ProLN,R,mechanosensory bristle,,rf,tactile,cls,,annotated,high,rf,0.861,0.899,64
818412,LgLG2,gustatory,vnc_sensory,LgLG,MesoLN,R,leg bristle,,rm,gustatory,cls,,annotated,high,rm,0.473,0.596,195
818414,SApp,mechanosensory_proprioceptive,sensory_ascending,SApp,DMetaN,R,haltere,,,proprio,cls,untyped,not_leg:DMetaN,high,lh,0.314,0.546,54
818415,WG1,gustatory,vnc_sensory,WG,ADMN,R,wing bristle,,,gustatory,cls,,not_leg:ADMN,high,rm,0.287,0.45,192
818419,SNxx05,unknown_sensory,vnc_sensory,SNxx,AbN4,L,abdomen,,,unknown,none,,not_leg:AbN4,high,lm,0.433,0.552,93
818425,SNta29,mechanosensory_tactile,vnc_sensory,SNta,ProLN,L,mechanosensory bristle,,lf,tactile,cls,,annotated,high,lf,0.901,0.909,90
818429,SNxx03,unknown_sensory,vnc_sensory,SNxx,AbN4,R,abdomen,,,unknown,none,,not_leg:AbN4,high,rh,0.563,0.691,95
818432,SNxx03,unknown_sensory,vnc_sensory,SNxx,AbN4,R,abdomen,,,unknown,none,,not_leg:AbN4,high,rh,0.429,0.605,79
818436,SNpp01,mechanosensory_proprioceptive,vnc_sensory,SNpp,AbN3,R,abdomen,,,proprio,cls,untyped,not_leg:AbN3,high,rh,0.255,0.46,141
818438,SNpp45,mechanosensory_proprioceptive,vnc_sensory,SNpp,MetaLN,R,hair plate,,rh,proprio,cls,hair_plate_45,annotated,high,rh,0.835,0.894,969
818440,LgLG2,gustatory,vnc_sensory,LgLG,MesoLN,L,leg bristle,,lm,gustatory,cls,,annotated,high,lm,0.337,0.545,188
818445,SNxx03,unknown_sensory,vnc_sensory,SNxx,AbN4,R,abdomen,,,unknown,none,,not_leg:AbN4,high,rh,0.46,0.604,150
818453,SNxx03,unknown_sensory,vnc_sensory,SNxx,AbN4,R,abdomen,,,unknown,none,,not_leg:AbN4,high,rh,0.516,0.725,109
818466,SNpp47,mechanosensory_proprioceptive,vnc_sensory,SNpp,MetaLN,L,chordotonal organ,,lh,proprio,cls,club,annotated,high,lh,0.456,0.522,343
818474,SNta20,mechanosensory_tactile,vnc_sensory,SNta,MetaLN,L,mechanosensory bristle,,lh,tactile,cls,,annotated,high,lh,0.669,0.736,199
818475,LgLG1b,gustatory,vnc_sensory,LgLG,ProLN,L,leg bristle,,lf,gustatory,cls,,annotated,high,lm,0.339,0.513,158
818478,SNpp50,mechanosensory_proprioceptive,vnc_sensory,SNpp,MetaLN,R,chordotonal organ,FeCO claw,rh,proprio,cls,claw_50,annotated,high,rh,0.89,0.946,361
818480,SNta30,mechanosensory_tactile,vnc_sensory,SNta,ProLN,L,mechanosensory bristle,,lf,tactile,cls,,annotated,high,lf,0.668,0.688,110
818482,SNta37,mechanosensory_tactile,vnc_sensory,SNta,MetaLN,R,mechanosensory bristle,,rh,tactile,cls,,annotated,high,rh,0.827,0.863,366
818485,SNppxx,mechanosensory_proprioceptive,vnc_sensory,SNppxx,MesoLN,L,leg,,lm,proprio,cls,untyped,annotated,high,lm,0.868,0.875,426
818488,SNta41,mechanosensory_tactile,vnc_sensory,SNta,ProLN,L,mechanosensory bristle,,lf,tactile,cls,,annotated,high,lf,0.755,0.77,195
818491,SNta28,mechanosensory_tactile,vnc_sensory,SNta,MetaLN,L,mechanosensory bristle,,lh,tactile,cls,,annotated,high,lh,0.844,0.883,103
818494,SNta37,mechanosensory_tactile,vnc_sensory,SNta,MesoLN,L,mechanosensory bristle,,lm,tactile,cls,,annotated,high,lm,0.837,0.862,107
818495,SNta28,mechanosensory_tactile,vnc_sensory,SNta,MetaLN,R,leg,,rh,tactile,cls,,annotated,high,rh,0.873,0.916,172
818516,SNpp45,mechanosensory_proprioceptive,vnc_sensory,SNpp,MesoLN,R,hair plate,,rm,proprio,cls,hair_plate_45,annotated,high,rm,0.982,0.982,92
818519,SNta37,mechanosensory_tactile,vnc_sensory,SNta,MesoLN,L,mechanosensory bristle,,lm,tactile,cls,,annotated,high,lm,0.781,0.812,176
818520,SNxx03,unknown_sensory,vnc_sensory,SNxx,AbN3,R,abdomen,,,unknown,none,,not_leg:AbN3,high,rh,0.622,0.723,72
818523,WG1,gustatory,vnc_sensory,WG,ADMN,R,wing bristle,,,gustatory,cls,,not_leg:ADMN,high,rm,0.239,0.406,180
818528,SNta20,mechanosensory_tactile,vnc_sensory,SNta,MetaLN,L,mechanosensory bristle,,lh,tactile,cls,,annotated,high,lh,0.572,0.612,169
818529,SNta29,mechanosensory_tactile,vnc_sensory,SNta,MesoLN,R,mechanosensory bristle,,rm,tactile,cls,,annotated,high,rm,0.878,0.901,123
818532,SNta32,mechanosensory_tactile,vnc_sensory,SNta,MesoLN,R,leg,,rm,tactile,cls,,annotated,high,rm,0.738,0.76,245
818533,SNxx33,unknown_sensory,vnc_sensory,SNxx,MetaLN,L,leg,,lh,unknown,none,,annotated,high,lh,0.751,0.896,264
818535,SNxx03,unknown_sensory,vnc_sensory,SNxx,AbN4,L,abdomen,,,unknown,none,,not_leg:AbN4,high,lm,0.42,0.546,93
818539,SNtaxx,mechanosensory_tactile,vnc_sensory,SNtaxx,MetaLN,R,leg,,rh,tactile,cls,,annotated,high,rh,0.851,0.86,179
818550,SNxx01,unknown_sensory,vnc_sensory,SNxx,AbN4,L,abdomen,,,unknown,none,,not_leg:AbN4,high,rh,0.33,0.548,110
818560,WG2,gustatory,vnc_sensory,WG,ADMN,R,wing bristle,,,gustatory,cls,,not_leg:ADMN,high,rh,0.368,0.443,160
818567,WG2,gustatory,vnc_sensory,WG,ADMN,R,wing bristle,,,gustatory,cls,,not_leg:ADMN,high,rh,0.368,0.46,136
818572,LgLG2,gustatory,vnc_sensory,LgLG,MesoLN,R,leg bristle,,rm,gustatory,cls,,annotated,high,rm,0.394,0.551,194
818573,LgLG2,gustatory,vnc_sensory,LgLG,MesoLN,R,leg bristle,,rm,gustatory,cls,,annotated,high,rm,0.468,0.609,227
818574,LgLG1a,gustatory,vnc_sensory,LgLG,ProLN,L,leg bristle,,lf,gustatory,cls,,annotated,high,lm,0.3,0.518,168
818575,LgLG2,gustatory,vnc_sensory,LgLG,MesoLN,L,leg bristle,,lm,gustatory,cls,,annotated,high,lm,0.274,0.538,156
818578,SNta28,mechanosensory_tactile,vnc_sensory,SNta,MetaLN,R,leg,,rh,tactile,cls,,annotated,high,rh,0.771,0.926,358
818580,SNppxx,mechanosensory_proprioceptive,vnc_sensory,SNppxx,MesoLN,R,leg,,rm,proprio,cls,untyped,annotated,high,rm,0.992,0.996,228
818583,SNpp03,mechanosensory_proprioceptive,vnc_sensory,SNpp,AbN3,R,abdomen,,,proprio,cls,untyped,not_leg:AbN3,high,rh,0.567,0.694,265
818585,SNxx03,unknown_sensory,vnc_sensory,SNxx,AbN3,L,abdomen,,,unknown,none,,not_leg:AbN3,high,lm,0.428,0.495,153
818591,SNta41,mechanosensory_tactile,vnc_sensory,SNta,MesoLN,L,mechanosensory bristle,,lm,tactile,cls,,annotated,high,lm,0.891,0.901,257
818599,SNta42,mechanosensory_tactile,vnc_sensory,SNta,MesoLN,R,mechanosensory bristle,,rm,tactile,cls,,annotated,high,rm,0.82,0.85,250
818603,LgLG2,gustatory,vnc_sensory,LgLG,MesoLN,R,leg bristle,,rm,gustatory,cls,,annotated,high,rm,0.46,0.599,178
818605,SNta44,mechanosensory_tactile,vnc_sensory,SNta,MesoLN,R,mechanosensory bristle,,rm,tactile,cls,,annotated,high,rm,0.881,0.905,222
818607,LgLG2,gustatory,vnc_sensory,LgLG,ProLN,L,leg bristle,,lf,gustatory,cls,,annotated,high,rm,0.254,0.428,226
818608,SNta37,mechanosensory_tactile,vnc_sensory,SNta,MetaLN,R,mechanosensory bristle,,rh,tactile,cls,,annotated,high,rh,0.803,0.846,276
818610,SApp,mechanosensory_proprioceptive,sensory_ascending,SApp,DMetaN,R,haltere,,,proprio,cls,untyped,not_leg:DMetaN,high,lh,0.427,0.567,93
818613,SNta40,unknown_sensory,vnc_sensory,SNta,ProLN,R,mechanosensory bristle,,rf,tactile,type,,annotated,high,rf,0.636,0.672,22
818617,SNta20,mechanosensory_tactile,vnc_sensory,SNta,ProLN,L,mechanosensory bristle,,lf,tactile,cls,,annotated,high,lf,0.714,0.738,194
818619,SNxx06,unknown_sensory,vnc_sensory,SNxx,AbN3,R,abdomen,,,unknown,none,,not_leg:AbN3,high,rh,0.636,0.774,157
818621,SNxx03,unknown_sensory,vnc_sensory,SNxx,AbN3,L,abdomen,,,unknown,none,,not_leg:AbN3,high,lm,0.477,0.536,101
818622,SNpp25,mechanosensory_proprioceptive,vnc_sensory,SNpp,DMetaN,R,haltere,,,proprio,cls,untyped,not_leg:DMetaN,high,,0.0,0.0,58
818623,SNta35,mechanosensory_tactile,vnc_sensory,SNta,MesoLN,R,mechanosensory bristle,,rm,tactile,cls,,annotated,high,rm,0.82,0.848,209
818626,SNta40,mechanosensory_tactile,vnc_sensory,SNta,ProLN,R,mechanosensory bristle,,rf,tactile,cls,,annotated,high,rf,0.583,0.635,52
818632,SNxx03,unknown_sensory,vnc_sensory,SNxx,AbN3,L,abdomen,,,unknown,none,,not_leg:AbN3,high,lm,0.505,0.57,159
818634,SNta29,mechanosensory_tactile,vnc_sensory,SNta,MesoLN,L,mechanosensory bristle,,lm,tactile,cls,,annotated,high,lm,0.782,0.813,149
818636,LgLG3,gustatory,vnc_sensory,LgLG,MetaLN,L,leg bristle,,lh,gustatory,cls,,annotated,high,lm,0.329,0.446,166
818638,SNpp02,mechanosensory_proprioceptive,vnc_sensory,SNpp,AbN3,R,abdomen,,,proprio,cls,untyped,not_leg:AbN3,high,rh,0.311,0.483,451
818642,SNta35,mechanosensory_tactile,vnc_sensory,SNta,MesoLN,R,mechanosensory bristle,,rm,tactile,cls,,annotated,high,rm,0.889,0.903,136
818643,SNta21,mechanosensory_tactile,vnc_sensory,SNta,MesoLN,R,mechanosensory bristle,,rm,tactile,cls,,annotated,high,rm,0.889,0.927,253
818649,LgLG2,gustatory,vnc_sensory,LgLG,MesoLN,L,leg bristle,,lm,gustatory,cls,,annotated,high,rm,0.231,0.454,185
818656,SNta41,mechanosensory_tactile,vnc_sensory,SNta,ProLN,L,mechanosensory bristle,,lf,tactile,cls,,annotated,high,lf,0.855,0.86,137
818659,SNta42,mechanosensory_tactile,vnc_sensory,SNta,MesoLN,L,mechanosensory bristle,,lm,tactile,cls,,annotated,high,lm,0.627,0.654,116
818676,SNta20,mechanosensory_tactile,vnc_sensory,SNta,MetaLN,R,mechanosensory bristle,,rh,tactile,cls,,annotated,high,rh,0.666,0.715,300
818677,LgLG3,gustatory,vnc_sensory,LgLG,MesoLN,R,leg bristle,,rm,gustatory,cls,,annotated,high,rm,0.619,0.682,226
818679,SNta37,mechanosensory_tactile,vnc_sensory,SNta,MetaLN,R,mechanosensory bristle,,rh,tactile,cls,,annotated,high,rh,0.811,0.834,125
818687,LgLG3,gustatory,vnc_sensory,LgLG,MetaLN,L,leg bristle,,lh,gustatory,cls,,annotated,high,lh,0.343,0.453,212
818692,SNxx04,unknown_sensory,vnc_sensory,SNxx,AbN4,L,abdomen,,,unknown,none,,not_leg:AbN4,high,lm,0.518,0.584,78
818693,SNxx03,unknown_sensory,vnc_sensory,SNxx,AbN3,L,abdomen,,,unknown,none,,not_leg:AbN3,high,lm,0.444,0.507,129
818701,SNta29,mechanosensory_tactile,vnc_sensory,SNta,MesoLN,R,leg,,rm,tactile,cls,,annotated,high,rm,0.706,0.736,185
818704,SNta41,unknown_sensory,vnc_sensory,SNta,ProLN,R,mechanosensory bristle,,rf,tactile,type,,annotated,high,rh,0.255,0.434,7
818707,SNta32,mechanosensory_tactile,vnc_sensory,SNta,MetaLN,R,mechanosensory bristle,,rh,tactile,cls,,annotated,high,rh,0.731,0.836,134
818710,SNta27,mechanosensory_tactile,vnc_sensory,SNta,MesoLN,R,leg,,rm,tactile,cls,,annotated,high,rm,0.751,0.812,336
818712,SNpp48,mechanosensory_proprioceptive,vnc_sensory,SNpp,MetaLN,L,chordotonal organ,,lh,proprio,cls,co_unclassified,annotated,high,lh,0.935,0.962,504
818714,SNpp40,mechanosensory_proprioceptive,vnc_sensory,SNpp,MetaLN,L,chordotonal organ,,lh,proprio,cls,club,annotated,high,lh,0.573,0.698,1229
818716,SNta28,mechanosensory_tactile,vnc_sensory,SNta,MesoLN,R,mechanosensory bristle,,rm,tactile,cls,,annotated,high,rm,0.825,0.839,267
818718,SNxx33,unknown_sensory,vnc_sensory,SNxx,MetaLN,L,leg,,lh,unknown,none,,annotated,high,lh,0.707,0.82,201
818722,SNta36,mechanosensory_tactile,vnc_sensory,SNta,MetaLN,R,mechanosensory bristle,,rh,tactile,cls,,annotated,high,rh,0.736,0.786,359
818723,SNxx04,unknown_sensory,vnc_sensory,SNxx,AbN4,L,abdomen,,,unknown,none,,not_leg:AbN4,high,lm,0.411,0.514,126
818726,SNta26,mechanosensory_tactile,vnc_sensory,SNta,MesoLN,R,mechanosensory bristle,,rm,tactile,cls,,annotated,high,rm,0.808,0.827,174
818727,SNpp03,mechanosensory_proprioceptive,vnc_sensory,SNpp,AbN3,R,abdomen,,,proprio,cls,untyped,not_leg:AbN3,high,rh,0.494,0.723,187
818728,SNta21,mechanosensory_tactile,vnc_sensory,SNta,ProLN,R,mechanosensory bristle,,rf,tactile,cls,,annotated,high,rf,1.0,1.0,15
818731,SNxx14,unknown_sensory,vnc_sensory,SNxx,AbN4,R,abdomen,,,unknown,none,,not_leg:AbN4,high,rh,0.532,0.885,146
818733,SNta38,mechanosensory_tactile,vnc_sensory,SNta,MetaLN,R,mechanosensory bristle,,rh,tactile,cls,,annotated,high,rh,0.935,0.968,159
818740,WG2,gustatory,vnc_sensory,WG,ADMN,R,wing bristle,,,gustatory,cls,,not_leg:ADMN,high,rh,0.418,0.482,120
818746,SNta44,mechanosensory_tactile,vnc_sensory,SNta,ProLN,L,mechanosensory bristle,,lf,tactile,cls,,annotated,high,lf,0.885,0.903,76
818748,SNpp01,mechanosensory_proprioceptive,vnc_sensory,SNpp,AbN3,R,abdomen,,,proprio,cls,untyped,not_leg:AbN3,high,lh,0.386,0.507,125
818751,SNxx03,unknown_sensory,vnc_sensory,SNxx,AbN3,L,abdomen,,,unknown,none,,not_leg:AbN3,high,lm,0.597,0.632,97
818754,SNta29,mechanosensory_tactile,vnc_sensory,SNta,MetaLN,R,mechanosensory bristle,,rh,tactile,cls,,annotated,high,rh,0.76,0.818,163
818756,SNta29,mechanosensory_tactile,vnc_sensory,SNta,MesoLN,R,mechanosensory bristle,,rm,tactile,cls,,annotated,high,rm,0.746,0.786,215
818760,SNta31,mechanosensory_tactile,vnc_sensory,SNta,MetaLN,L,mechanosensory bristle,,lh,tactile,cls,,annotated,high,lh,0.443,0.574,111
818767,SNta25,mechanosensory_tactile,vnc_sensory,SNta,MesoLN,L,mechanosensory bristle,,lm,tactile,cls,,annotated,high,lm,0.933,0.963,206
818770,SNxx14,unknown_sensory,vnc_sensory,SNxx,AbN4,R,abdomen,,,unknown,none,,not_leg:AbN4,high,rh,0.475,0.729,492
818772,SNpp47,mechanosensory_proprioceptive,vnc_sensory,SNpp,MetaLN,L,chordotonal organ,,lh,proprio,cls,club,annotated,high,lh,0.67,0.808,114
818773,SNxxxx,mechanosensory_proprioceptive,vnc_sensory,SNxxxx,MesoLN,R,leg,,rm,proprio,cls,untyped,annotated,high,rm,0.882,0.903,252
818778,SNta37,mechanosensory_tactile,vnc_sensory,SNta,MesoLN,R,mechanosensory bristle,,rm,tactile,cls,,annotated,high,rm,0.798,0.825,272
818782,LgLG2,gustatory,vnc_sensory,LgLG,MetaLN,R,leg bristle,,rh,gustatory,cls,,annotated,high,rm,0.303,0.474,154
818787,SNta37,mechanosensory_tactile,vnc_sensory,SNta,MetaLN,R,mechanosensory bristle,,rh,tactile,cls,,annotated,high,rh,0.819,0.859,159
818794,SNta37,mechanosensory_tactile,vnc_sensory,SNta,ProLN,L,mechanosensory bristle,,lf,tactile,cls,,annotated,high,lf,0.9,0.904,13
818796,SNxx03,unknown_sensory,vnc_sensory,SNxx,AbN4,R,abdomen,,,unknown,none,,not_leg:AbN4,high,rm,0.38,0.506,78
818800,LgLG1b,gustatory,vnc_sensory,LgLG,ProLN,L,leg bristle,,lf,gustatory,cls,,annotated,high,lm,0.364,0.475,111
818816,"SNta02,SNta09",mechanosensory_tactile,vnc_sensory,SNta,PDMN,L,notum,,,tactile,cls,,not_leg:PDMN,high,lf,0.362,0.396,124
818819,SNta32,mechanosensory_tactile,vnc_sensory,SNta,MetaLN,L,mechanosensory bristle,,lh,tactile,cls,,annotated,high,lh,0.771,0.797,71
818823,SNta41,mechanosensory_tactile,vnc_sensory,SNta,ProLN,R,mechanosensory bristle,,rf,tactile,cls,,annotated,high,rf,0.676,0.713,89
818827,LgLG2,gustatory,vnc_sensory,LgLG,MesoLN,R,leg bristle,,rm,gustatory,cls,,annotated,high,rm,0.356,0.531,188
818830,LgLG2,gustatory,vnc_sensory,LgLG,MesoLN,R,leg bristle,,rm,gustatory,cls,,annotated,high,rm,0.496,0.623,158
818835,LgLG2,gustatory,vnc_sensory,LgLG,ProLN,L,leg bristle,,lf,gustatory,cls,,annotated,high,lf,0.259,0.424,211
818840,SNxx03,unknown_sensory,vnc_sensory,SNxx,AbN3,L,abdomen,,,unknown,none,,not_leg:AbN3,high,lh,0.323,0.628,109
818841,SNta40,mechanosensory_tactile,vnc_sensory,SNta,ProLN,L,mechanosensory bristle,,lf,tactile,cls,,annotated,high,lf,0.85,0.946,50
818848,SNxxxx,mechanosensory_tactile,vnc_sensory,SNxxxx,ProLN,L,leg,,lf,tactile,cls,,annotated,high,lf,0.839,0.866,42
818849,SNta41,mechanosensory_tactile,vnc_sensory,SNta,ProLN,L,mechanosensory bristle,,lf,tactile,cls,,annotated,high,lf,0.787,0.804,65
818850,SNta37,mechanosensory_tactile,vnc_sensory,SNta,MesoLN,L,mechanosensory bristle,,lm,tactile,cls,,annotated,high,lm,0.702,0.744,213
818857,SNxx04,unknown_sensory,vnc_sensory,SNxx,AbN4,R,abdomen,,,unknown,none,,not_leg:AbN4,high,lh,0.357,0.685,133
818864,SNxx04,unknown_sensory,vnc_sensory,SNxx,AbN4,L,abdomen,,,unknown,none,,not_leg:AbN4,high,lm,0.373,0.505,105
818867,LgLG5,gustatory,vnc_sensory,LgLG,ProLN,R,leg bristle,,rf,gustatory,cls,,annotated,medium,lf,0.412,0.817,318
818870,LgLG3,gustatory,vnc_sensory,LgLG,ProLN,R,leg bristle,,rf,gustatory,cls,,annotated,high,rh,0.318,0.384,88
818872,SNta29,mechanosensory_tactile,vnc_sensory,SNta,MesoLN,R,mechanosensory bristle,,rm,tactile,cls,,annotated,high,rm,0.751,0.777,238
818878,LgLG3,gustatory,vnc_sensory,LgLG,ProLN,L,leg bristle,,lf,gustatory,cls,,annotated,high,lf,0.384,0.389,130
818881,SNxx03,unknown_sensory,vnc_sensory,SNxx,AbN4,L,abdomen,,,unknown,none,,not_leg:AbN4,high,lm,0.449,0.497,162
818882,SNxx16,unknown_sensory,vnc_sensory,SNxx,AbN4,R,abdomen,,,unknown,none,,not_leg:AbN4,high,rh,0.566,0.834,384
818896,SNpp42,mechanosensory_proprioceptive,vnc_sensory,SNpp,MetaLN,L,chordotonal organ,,lh,proprio,cls,co_unclassified,annotated,high,rh,0.28,0.502,261
818906,SNta23,mechanosensory_tactile,vnc_sensory,SNta,MesoLN,R,mechanosensory bristle,,rm,tactile,cls,,annotated,high,rm,0.713,0.759,227
818911,SNxx33,unknown_sensory,vnc_sensory,SNxx,MesoLN,L,leg,,lm,unknown,none,,annotated,high,lm,0.791,0.838,211
818914,SNta20,mechanosensory_tactile,vnc_sensory,SNta,MesoLN,L,mechanosensory bristle,,lm,tactile,cls,,annotated,high,lm,0.773,0.799,147
818915,SNta44,mechanosensory_tactile,vnc_sensory,SNta,MetaLN,R,mechanosensory bristle,,rh,tactile,cls,,annotated,high,rh,0.934,0.969,111
818919,SNxx03,unknown_sensory,vnc_sensory,SNxx,AbN4,R,abdomen,,,unknown,none,,not_leg:AbN4,high,lh,0.42,0.608,92
818924,SNch10,chemosensory,vnc_sensory,SNch,ProLN,R,leg,,rf,chemo,cls,,annotated,medium,lf,0.54,0.765,41
818925,SNta38,mechanosensory_tactile,vnc_sensory,SNta,MetaLN,L,mechanosensory bristle,,lh,tactile,cls,,annotated,high,lh,0.665,0.91,93
818926,SNta20,mechanosensory_tactile,vnc_sensory,SNta,MetaLN,R,mechanosensory bristle,,rh,tactile,cls,,annotated,high,rh,0.778,0.816,258
818927,SNxx06,unknown_sensory,vnc_sensory,SNxx,AbN3,L,abdomen,,,unknown,none,,not_leg:AbN3,high,lh,0.43,0.754,156
818930,SNpp51,mechanosensory_proprioceptive,vnc_sensory,SNpp,MetaLN,R,chordotonal organ,,rh,proprio,cls,claw_51,annotated,high,rh,0.918,0.943,520
818932,SNta43,mechanosensory_tactile,vnc_sensory,SNta,MetaLN,R,mechanosensory bristle,,rh,tactile,cls,,annotated,high,rh,0.681,0.738,351
818934,LgLG3,gustatory,vnc_sensory,LgLG,ProLN,R,leg bristle,,rf,gustatory,cls,,annotated,high,rh,0.391,0.442,115
818937,LgLG5,gustatory,vnc_sensory,LgLG,ProLN,R,leg bristle,,rf,gustatory,cls,,annotated,high,rf,0.398,0.756,235
818942,SNta37,mechanosensory_tactile,vnc_sensory,SNta,MetaLN,R,mechanosensory bristle,,rh,tactile,cls,,annotated,high,rh,0.784,0.826,163
818944,SNta29,mechanosensory_tactile,vnc_sensory,SNta,MesoLN,R,mechanosensory bristle,,rm,tactile,cls,,annotated,high,rm,0.83,0.84,184
818951,LgLG2,gustatory,vnc_sensory,LgLG,MesoLN,R,leg bristle,,rm,gustatory,cls,,annotated,high,rm,0.395,0.548,195
818954,SNta31,mechanosensory_tactile,vnc_sensory,SNta,MesoLN,L,leg,,lm,tactile,cls,,annotated,high,lm,0.787,0.808,257
818960,"SApp23,SNpp56",mechanosensory_proprioceptive,vnc_sensory,SApp,MetaLN,L,chordotonal organ,,lh,proprio,cls,club,annotated,high,lh,0.427,0.612,374
818961,SNch10,,vnc_sensory,SNch,MetaLN,R,taste bristle,,rh,chemo,type,,annotated,high,rh,0.656,0.826,199
818965,SNxx20,unknown_sensory,vnc_sensory,SNxx,AbN2,L,abdomen,,,unknown,none,,not_leg:AbN2,high,rh,0.474,0.842,296
818968,SNxx20,unknown_sensory,vnc_sensory,SNxx,AbN4,L,abdomen,,,unknown,none,,not_leg:AbN4,high,lh,0.532,0.992,199
818973,SNxx03,unknown_sensory,vnc_sensory,SNxx,AbN3,L,abdomen,,,unknown,none,,not_leg:AbN3,high,lm,0.544,0.618,109
818975,SNta44,mechanosensory_tactile,vnc_sensory,SNta,MetaLN,R,mechanosensory bristle,,rh,tactile,cls,,annotated,high,rh,0.92,0.943,424
818979,SNta29,mechanosensory_tactile,vnc_sensory,SNta,MetaLN,R,mechanosensory bristle,,rh,tactile,cls,,annotated,high,rh,0.806,0.84,197
818981,SNta25,mechanosensory_tactile,vnc_sensory,SNta,MetaLN,L,mechanosensory bristle,,lh,tactile,cls,,annotated,high,lh,0.756,0.906,216
818986,SNxx03,unknown_sensory,vnc_sensory,SNxx,AbN4,L,abdomen,,,unknown,none,,not_leg:AbN4,high,lm,0.401,0.504,100
818987,SNch10,,vnc_sensory,SNch,MetaLN,R,taste bristle,,rh,chemo,type,,annotated,high,rh,0.572,0.826,134
818989,SNta43,mechanosensory_tactile,vnc_sensory,SNta,MetaLN,R,mechanosensory bristle,,rh,tactile,cls,,annotated,high,rh,0.85,0.898,238
818992,SNpp60,mechanosensory_proprioceptive,vnc_sensory,SNpp,MetaLN,R,chordotonal organ,,rh,proprio,cls,club,annotated,high,rh,0.511,0.686,845
818997,SNta43,mechanosensory_tactile,vnc_sensory,SNta,MetaLN,L,mechanosensory bristle,,lh,tactile,cls,,annotated,high,lh,0.634,0.764,232
819000,SNta21,mechanosensory_tactile,vnc_sensory,SNta,MetaLN,R,mechanosensory bristle,,rh,tactile,cls,,annotated,high,rh,0.908,0.931,127
819002,SNxx03,unknown_sensory,vnc_sensory,SNxx,AbN4,R,abdomen,,,unknown,none,,not_leg:AbN4,high,rh,0.305,0.469,81
819004,LgLG1b,gustatory,vnc_sensory,LgLG,MetaLN,R,leg bristle,,rh,gustatory,cls,,annotated,high,rh,0.419,0.526,266
819005,SNpp47,mechanosensory_proprioceptive,vnc_sensory,SNpp,MetaLN,L,chordotonal organ,,lh,proprio,cls,club,annotated,high,lh,0.628,0.705,500
819025,LgLG1b,gustatory,vnc_sensory,LgLG,MetaLN,R,leg bristle,,rh,gustatory,cls,,annotated,high,rh,0.352,0.478,312
819029,LgLG2,gustatory,vnc_sensory,LgLG,MetaLN,L,leg bristle,,lh,gustatory,cls,,annotated,high,lh,0.28,0.421,138
819031,LgLG2,gustatory,vnc_sensory,LgLG,MesoLN,L,leg bristle,,lm,gustatory,cls,,annotated,high,lm,0.382,0.577,194
819034,SNta38,mechanosensory_tactile,vnc_sensory,SNta,MesoLN,L,mechanosensory bristle,,lm,tactile,cls,,annotated,high,lm,0.821,0.857,157
819039,LgLG3,gustatory,vnc_sensory,LgLG,ProLN,L,leg bristle,,lf,gustatory,cls,,annotated,high,lf,0.292,0.362,121
819057,SNta29,unknown_sensory,vnc_sensory,SNta,ProLN,R,mechanosensory bristle,,rf,tactile,type,,annotated,high,rf,0.627,0.669,21
819061,LgLG2,gustatory,vnc_sensory,LgLG,ProLN,L,leg bristle,,lf,gustatory,cls,,annotated,high,lf,0.257,0.455,176
819067,SNpp01,mechanosensory_proprioceptive,vnc_sensory,SNpp,AbN3,L,abdomen,,,proprio,cls,untyped,not_leg:AbN3,high,lh,0.413,0.519,252
819068,SNta29,mechanosensory_tactile,vnc_sensory,SNta,ProLN,L,mechanosensory bristle,,lf,tactile,cls,,annotated,high,lf,0.933,0.944,63
819072,SNta38,mechanosensory_tactile,vnc_sensory,SNta,MetaLN,R,mechanosensory bristle,,rh,tactile,cls,,annotated,high,rh,0.848,0.939,151
819074,SNta26,mechanosensory_tactile,vnc_sensory,SNta,MetaLN,R,mechanosensory bristle,,rh,tactile,cls,,annotated,high,rh,0.906,0.931,150
819079,SNta32,mechanosensory_tactile,vnc_sensory,SNta,MetaLN,L,mechanosensory bristle,,lh,tactile,cls,,annotated,high,lh,0.771,0.857,101
819090,LgLG2,gustatory,vnc_sensory,LgLG,MetaLN,R,leg bristle,,rh,gustatory,cls,,annotated,high,rh,0.301,0.437,132
819092,SNta37,mechanosensory_tactile,vnc_sensory,SNta,ProLN,L,mechanosensory bristle,,lf,tactile,cls,,annotated,high,lf,0.811,0.816,38
819097,SNtaxx,mechanosensory_tactile,vnc_sensory,SNtaxx,MetaLN,L,leg,,lh,tactile,cls,,annotated,high,lh,0.944,0.964,154
819101,SApp08,mechanosensory_proprioceptive,vnc_sensory,SApp,DMetaN,L,campaniform sensilla,,,proprio,cls,campaniform,not_leg:DMetaN,high,lh,0.358,0.588,168
819115,SNta21,mechanosensory_tactile,vnc_sensory,SNta,ProLN,L,mechanosensory bristle,,lf,tactile,cls,,annotated,high,lf,1.0,1.0,25
819123,SNta43,mechanosensory_tactile,vnc_sensory,SNta,MesoLN,L,mechanosensory bristle,,lm,tactile,cls,,annotated,high,lm,0.509,0.533,161
819127,SNta29,mechanosensory_tactile,vnc_sensory,SNta,MesoLN,R,mechanosensory bristle,,rm,tactile,cls,,annotated,high,rm,0.879,0.891,180
819133,SNta40,mechanosensory_tactile,vnc_sensory,SNta,ProLN,L,mechanosensory bristle,,lf,tactile,cls,,annotated,high,lf,0.814,0.899,56
819134,SNpp42,mechanosensory_proprioceptive,vnc_sensory,SNpp,MetaLN,R,chordotonal organ,,rh,proprio,cls,co_unclassified,annotated,high,lm,0.309,0.592,121
819139,SNta26,mechanosensory_tactile,vnc_sensory,SNta,MetaLN,R,mechanosensory bristle,,rh,tactile,cls,,annotated,high,rh,0.927,0.966,126
819144,SNta31,mechanosensory_tactile,vnc_sensory,SNta,MetaLN,R,mechanosensory bristle,,rh,tactile,cls,,annotated,high,rh,0.442,0.529,242
819146,SNta31,mechanosensory_tactile,vnc_sensory,SNta,MetaLN,R,mechanosensory bristle,,rh,tactile,cls,,annotated,high,rh,0.586,0.678,132
819153,SNta38,mechanosensory_tactile,vnc_sensory,SNta,MetaLN,L,mechanosensory bristle,,lh,tactile,cls,,annotated,high,lh,0.852,0.941,233
819159,SNpp23,mechanosensory_proprioceptive,vnc_sensory,SNpp,DMetaN,R,haltere,,,proprio,cls,untyped,not_leg:DMetaN,high,rh,0.535,0.729,854
819165,LgLG6,gustatory,vnc_sensory,LgLG,ProLN,L,leg bristle,,lf,gustatory,cls,,annotated,high,lf,0.754,0.754,65
819170,SNta32,mechanosensory_tactile,vnc_sensory,SNta,MesoLN,L,leg,,lm,tactile,cls,,annotated,high,lm,0.733,0.738,208
819177,LgLG1b,gustatory,vnc_sensory,LgLG,MetaLN,L,leg bristle,,lh,gustatory,cls,,annotated,high,lm,0.317,0.448,269
819181,SNta30,mechanosensory_tactile,vnc_sensory,SNta,MetaLN,L,mechanosensory bristle,,lh,tactile,cls,,annotated,high,lh,0.768,0.832,187
819182,LgLG2,gustatory,vnc_sensory,LgLG,MesoLN,R,leg bristle,,rm,gustatory,cls,,annotated,high,rm,0.322,0.517,202
819184,SNta26,mechanosensory_tactile,vnc_sensory,SNta,MesoLN,R,mechanosensory bristle,,rm,tactile,cls,,annotated,high,rm,0.797,0.842,196
819193,SNpp58,mechanosensory_proprioceptive,vnc_sensory,SNpp,MesoLN,L,chordotonal organ,,lm,proprio,cls,club,annotated,high,lm,0.759,0.807,237
819197,SNxx04,unknown_sensory,vnc_sensory,SNxx,AbN4,R,abdomen,,,unknown,none,,not_leg:AbN4,high,rh,0.438,0.61,87
819200,SNta32,mechanosensory_tactile,vnc_sensory,SNta,MesoLN,L,leg,,lm,tactile,cls,,annotated,high,lm,0.88,0.885,98
819210,SNta29,mechanosensory_tactile,vnc_sensory,SNta,MetaLN,R,mechanosensory bristle,,rh,tactile,cls,,annotated,high,rh,0.83,0.869,660
819214,SNta35,mechanosensory_tactile,vnc_sensory,SNta,MesoLN,L,mechanosensory bristle,,lm,tactile,cls,,annotated,high,lm,0.649,0.671,144
819215,SApp07,mechanosensory_proprioceptive,vnc_sensory,SApp,DMetaN,R,campaniform sensilla,,,proprio,cls,campaniform,not_leg:DMetaN,high,lh,0.326,0.533,77
819219,SNpp50,mechanosensory_proprioceptive,vnc_sensory,SNpp,MetaLN,L,chordotonal organ,,lh,proprio,cls,claw_50,annotated,high,lh,0.902,0.963,323
819226,SNta23,mechanosensory_tactile,vnc_sensory,SNta,MetaLN,L,mechanosensory bristle,,lh,tactile,cls,,annotated,medium,lm,0.43,0.472,198
819240,SNta40,mechanosensory_tactile,vnc_sensory,SNta,ProLN,L,mechanosensory bristle,,lf,tactile,cls,,annotated,high,lf,0.933,0.941,42
819243,LgLG2,gustatory,vnc_sensory,LgLG,MesoLN,R,leg bristle,,rm,gustatory,cls,,annotated,high,rm,0.381,0.52,167
819247,SNxx03,unknown_sensory,vnc_sensory,SNxx,AbN4,L,abdomen,,,unknown,none,,not_leg:AbN4,high,lm,0.474,0.568,114
819249,SNta43,mechanosensory_tactile,vnc_sensory,SNta,MesoLN,R,mechanosensory bristle,,rm,tactile,cls,,annotated,high,rm,0.579,0.595,248
819254,SNta20,mechanosensory_tactile,vnc_sensory,SNta,MesoLN,R,mechanosensory bristle,,rm,tactile,cls,,annotated,high,rm,0.768,0.793,186
819255,SNpp53,mechanosensory_proprioceptive,vnc_sensory,SNpp,MetaLN,L,campaniform sensilla,,lh,proprio,cls,campaniform,annotated,high,rh,0.245,0.467,476
819258,SNta29,mechanosensory_tactile,vnc_sensory,SNta,MesoLN,L,mechanosensory bristle,,lm,tactile,cls,,annotated,high,lm,0.834,0.861,312
819263,LgLG3,gustatory,vnc_sensory,LgLG,ProLN,R,leg bristle,,rf,gustatory,cls,,annotated,high,rh,0.292,0.361,102
819271,SNta44,mechanosensory_tactile,vnc_sensory,SNta,ProLN,L,mechanosensory bristle,,lf,tactile,cls,,annotated,high,lf,0.883,0.918,85
819277,SNxx16,unknown_sensory,vnc_sensory,SNxx,AbN4,R,abdomen,,,unknown,none,,not_leg:AbN4,high,rh,0.486,0.786,220
819281,SNxx05,unknown_sensory,vnc_sensory,SNxx,AbN4,L,abdomen,,,unknown,none,,not_leg:AbN4,high,lm,0.602,0.692,93
819284,SNpp01,mechanosensory_proprioceptive,vnc_sensory,SNpp,AbN3,R,abdomen,,,proprio,cls,untyped,not_leg:AbN3,high,lh,0.404,0.555,114
819287,SNta27,mechanosensory_tactile,vnc_sensory,SNta,MetaLN,L,mechanosensory bristle,,lh,tactile,cls,,annotated,high,lh,0.882,0.897,217
819291,SNpp18,mechanosensory_proprioceptive,vnc_sensory,SNpp,ProCN,R,chordotonal organ,"LCN, Gorko Nature 2024",,proprio,cls,co_unclassified,not_leg:ProCN,high,lm,0.3,0.462,473
819292,SNxx06,unknown_sensory,vnc_sensory,SNxx,AbN3,L,abdomen,,,unknown,none,,not_leg:AbN3,high,lh,0.427,0.687,142
819295,SNta29,mechanosensory_tactile,vnc_sensory,SNta,ProLN,L,mechanosensory bristle,,lf,tactile,cls,,annotated,high,lf,0.86,0.872,102
819297,SNta45,mechanosensory_tactile,vnc_sensory,SNta,MetaLN,L,mechanosensory bristle,,lh,tactile,cls,,annotated,high,lh,0.943,0.955,146
819308,LgLG1b,gustatory,vnc_sensory,LgLG,ProLN,L,leg bristle,,lf,gustatory,cls,,annotated,high,lm,0.296,0.472,144
819311,WG2,gustatory,vnc_sensory,WG,ADMN,L,wing bristle,,,gustatory,cls,,not_leg:ADMN,high,lm,0.296,0.487,167
819314,SNta20,mechanosensory_tactile,vnc_sensory,SNta,MetaLN,R,mechanosensory bristle,,rh,tactile,cls,,annotated,high,rh,0.796,0.835,400
819316,LgLG3,gustatory,vnc_sensory,LgLG,ProLN,L,leg bristle,,lf,gustatory,cls,,annotated,high,lm,0.375,0.494,84
819326,SNpp45,mechanosensory_proprioceptive,vnc_sensory,SNpp,MetaLN,L,hair plate,,lh,proprio,cls,hair_plate_45,annotated,high,lh,0.794,0.885,627
819327,SNtaxx,mechanosensory_tactile,vnc_sensory,SNtaxx,MetaLN,R,leg,,rh,tactile,cls,,annotated,high,rh,0.913,0.919,143
819330,SApp08,mechanosensory_proprioceptive,vnc_sensory,SApp,DMetaN,L,campaniform sensilla,,,proprio,cls,campaniform,not_leg:DMetaN,high,rh,0.542,0.848,57
819334,LgLG2,gustatory,vnc_sensory,LgLG,MetaLN,L,leg bristle,,lh,gustatory,cls,,annotated,high,rm,0.261,0.479,120
819335,LgLG4,gustatory,vnc_sensory,LgLG,MetaLN,R,leg bristle,,rh,gustatory,cls,,annotated,high,rh,0.725,0.741,274
819336,SNta31,mechanosensory_tactile,vnc_sensory,SNta,MetaLN,L,mechanosensory bristle,,lh,tactile,cls,,annotated,high,lh,0.49,0.594,243
819346,SNxx06,unknown_sensory,vnc_sensory,SNxx,AbN3,L,abdomen,,,unknown,none,,not_leg:AbN3,high,lh,0.338,0.669,76
819347,LgLG2,gustatory,vnc_sensory,LgLG,ProLN,R,leg bristle,,rf,gustatory,cls,,annotated,high,rm,0.31,0.531,96
819348,SNta38,mechanosensory_tactile,vnc_sensory,SNta,MetaLN,R,mechanosensory bristle,,rh,tactile,cls,,annotated,high,rh,0.826,0.905,82
819352,SNxx06,unknown_sensory,vnc_sensory,SNxx,AbN3,R,abdomen,,,unknown,none,,not_leg:AbN3,high,rh,0.571,0.721,94
819356,LgLG3,gustatory,vnc_sensory,LgLG,MetaLN,R,leg bristle,,rh,gustatory,cls,,annotated,high,rh,0.431,0.509,215
819357,LgLG2,gustatory,vnc_sensory,LgLG,ProLN,L,leg bristle,,lf,gustatory,cls,,annotated,high,lm,0.261,0.508,143
819359,LgLG1b,gustatory,vnc_sensory,LgLG,MetaLN,L,leg bristle,,lh,gustatory,cls,,annotated,high,lm,0.308,0.467,383
819372,SNta25,mechanosensory_tactile,vnc_sensory,SNta,MetaLN,R,mechanosensory bristle,,rh,tactile,cls,,annotated,high,rh,0.875,0.934,343
819374,SNxx33,unknown_sensory,vnc_sensory,SNxx,MesoLN,L,leg,,lm,unknown,none,,annotated,high,lm,0.841,0.856,169
819379,SNxx14,unknown_sensory,vnc_sensory,SNxx,AbN4,R,abdomen,,,unknown,none,,not_leg:AbN4,high,rh,0.509,0.905,101
819381,SNta37,mechanosensory_tactile,vnc_sensory,SNta,MesoLN,R,mechanosensory bristle,,rm,tactile,cls,,annotated,high,rm,0.825,0.835,166
819387,SNch10,,vnc_sensory,SNch,MetaLN,R,taste bristle,,rh,chemo,type,,annotated,high,rh,0.526,0.695,97
819392,SNta32,mechanosensory_tactile,vnc_sensory,SNta,MetaLN,L,mechanosensory bristle,,lh,tactile,cls,,annotated,high,lh,0.77,0.902,60
819410,SNpp42,mechanosensory_proprioceptive,vnc_sensory,SNpp,MetaLN,L,chordotonal organ,,lh,proprio,cls,co_unclassified,annotated,high,lm,0.364,0.581,213
819414,LgLG2,gustatory,vnc_sensory,LgLG,MesoLN,R,leg bristle,,rm,gustatory,cls,,annotated,high,rm,0.465,0.599,121
819419,SNta30,unknown_sensory,vnc_sensory,SNta,ProLN,L,mechanosensory bristle,,lf,tactile,type,,annotated,high,lf,0.923,0.963,6
819422,SNta21,mechanosensory_tactile,vnc_sensory,SNta,ProLN,R,mechanosensory bristle,,rf,tactile,cls,,annotated,high,rf,1.0,1.0,7
819423,SNxx06,unknown_sensory,vnc_sensory,SNxx,AbN3,L,abdomen,,,unknown,none,,not_leg:AbN3,high,lh,0.548,0.805,26
819430,SNta40,mechanosensory_tactile,vnc_sensory,SNta,ProLN,L,mechanosensory bristle,,lf,tactile,cls,,annotated,high,lf,0.71,0.762,32
819434,SNta35,mechanosensory_tactile,vnc_sensory,SNta,MesoLN,R,mechanosensory bristle,,rm,tactile,cls,,annotated,high,rm,0.704,0.749,220
819439,LgLG3,gustatory,vnc_sensory,LgLG,ProLN,R,leg bristle,,rf,gustatory,cls,,annotated,high,rm,0.307,0.382,71
819443,SNxx03,unknown_sensory,vnc_sensory,SNxx,AbN4,R,abdomen,,,unknown,none,,not_leg:AbN4,high,rh,0.494,0.672,61
819448,SNta38,mechanosensory_tactile,vnc_sensory,SNta,MetaLN,R,mechanosensory bristle,,rh,tactile,cls,,annotated,high,rh,0.889,0.984,311
819449,SNxxxx,unknown_sensory,vnc_sensory,SNxxxx,ProLN,L,leg,,lf,unknown,none,,annotated,high,lf,0.824,0.827,99
819453,SNta34,mechanosensory_tactile,vnc_sensory,SNta,MesoLN,L,mechanosensory bristle,,lm,tactile,cls,,annotated,high,lm,0.739,0.77,295
819456,LgLG2,gustatory,vnc_sensory,LgLG,MesoLN,L,leg bristle,,lm,gustatory,cls,,annotated,high,lm,0.34,0.568,167
819457,LgLG2,gustatory,vnc_sensory,LgLG,MesoLN,R,leg bristle,,rm,gustatory,cls,,annotated,high,rm,0.367,0.552,190
819463,SNta20,mechanosensory_tactile,vnc_sensory,SNta,MetaLN,L,mechanosensory bristle,,lh,tactile,cls,,annotated,high,lh,0.47,0.516,207
819465,SNta37,mechanosensory_tactile,vnc_sensory,SNta,ProLN,L,mechanosensory bristle,,lf,tactile,cls,,annotated,high,lf,0.784,0.798,39
819466,LgLG3,gustatory,vnc_sensory,LgLG,ProLN,R,leg bristle,,rf,gustatory,cls,,annotated,high,rm,0.329,0.406,86
819472,SNta29,mechanosensory_tactile,vnc_sensory,SNta,MetaLN,L,mechanosensory bristle,,lh,tactile,cls,,annotated,high,lh,0.728,0.803,117
819474,SNxx33,unknown_sensory,vnc_sensory,SNxx,MetaLN,L,leg,,lh,unknown,none,,annotated,high,lh,0.734,0.885,383
819486,SNxx06,unknown_sensory,vnc_sensory,SNxx,AbN3,R,abdomen,,,unknown,none,,not_leg:AbN3,high,rh,0.586,0.763,129
819498,LgLG2,gustatory,vnc_sensory,LgLG,MetaLN,L,leg bristle,,lh,gustatory,cls,,annotated,high,rm,0.24,0.437,82
819499,SNta23,mechanosensory_tactile,vnc_sensory,SNta,MetaLN,R,mechanosensory bristle,,rh,tactile,cls,,annotated,high,rh,0.522,0.59,190
819500,SNpp50,mechanosensory_proprioceptive,vnc_sensory,SNpp,MetaLN,L,chordotonal organ,,lh,proprio,cls,claw_50,annotated,high,lh,0.822,0.956,327
819501,SNta29,mechanosensory_tactile,vnc_sensory,SNta,ProLN,L,mechanosensory bristle,,lf,tactile,cls,,annotated,high,lf,0.957,0.969,21
819505,SNxxxx,unknown_sensory,vnc_sensory,SNxxxx,MetaLN,L,leg,,lh,unknown,none,,annotated,high,lh,0.739,0.933,73
819507,SNta40,unknown_sensory,vnc_sensory,SNta,ProLN,R,mechanosensory bristle,,rf,tactile,type,,annotated,high,rf,0.669,0.677,37
819514,SNxx20,unknown_sensory,vnc_sensory,SNxx,AbN4,L,abdomen,,,unknown,none,,not_leg:AbN4,high,lh,0.62,0.993,167
819515,SNta40,mechanosensory_tactile,vnc_sensory,SNta,ProLN,L,mechanosensory bristle,,lf,tactile,cls,,annotated,high,lf,0.916,0.933,38
819516,SNta29,mechanosensory_tactile,vnc_sensory,SNta,ProLN,L,mechanosensory bristle,,lf,tactile,cls,,annotated,high,lf,0.735,0.751,192
819520,SNta21,mechanosensory_tactile,vnc_sensory,SNta,ProLN,R,mechanosensory bristle,,rf,tactile,cls,,annotated,high,,0.0,0.0,0
819524,SNpp41,mechanosensory_proprioceptive,vnc_sensory,SNpp,MetaLN,R,chordotonal organ,FeCO hook,rh,proprio,cls,hook_41,annotated,high,rh,0.731,0.876,546
819525,SNta29,mechanosensory_tactile,vnc_sensory,SNta,ProLN,L,mechanosensory bristle,,lf,tactile,cls,,annotated,high,lf,0.802,0.814,61
819527,SNxx06,unknown_sensory,vnc_sensory,SNxx,AbN3,L,abdomen,,,unknown,none,,not_leg:AbN3,high,lh,0.496,0.727,115
819529,SNta30,mechanosensory_tactile,vnc_sensory,SNta,MesoLN,R,mechanosensory bristle,,rm,tactile,cls,,annotated,high,rm,0.893,0.901,136
819531,SNta20,mechanosensory_tactile,vnc_sensory,SNta,MetaLN,R,mechanosensory bristle,,rh,tactile,cls,,annotated,high,rh,0.684,0.74,343
819535,SNta29,mechanosensory_tactile,vnc_sensory,SNta,MesoLN,L,mechanosensory bristle,,lm,tactile,cls,,annotated,high,lm,0.814,0.835,176
819536,SNpp45,mechanosensory_proprioceptive,vnc_sensory,SNpp,VProN,R,hair plate,,rf,proprio,cls,hair_plate_45,annotated,medium,rf,0.962,0.987,321
819537,LgLG2,gustatory,vnc_sensory,LgLG,MesoLN,L,leg bristle,,lm,gustatory,cls,,annotated,high,lm,0.333,0.568,224
819542,SNta41,unknown_sensory,vnc_sensory,SNta,ProLN,R,mechanosensory bristle,,rf,tactile,type,,annotated,medium,rm,0.832,0.842,14
819545,SNta35,mechanosensory_tactile,vnc_sensory,SNta,MesoLN,L,mechanosensory bristle,,lm,tactile,cls,,annotated,high,lm,0.87,0.874,83
819548,SNta38,mechanosensory_tactile,vnc_sensory,SNta,MesoLN,L,mechanosensory bristle,,lm,tactile,cls,,annotated,high,lm,0.953,0.97,136
819551,SNch10,chemosensory,vnc_sensory,SNch,ProLN,L,leg,,lf,chemo,cls,,annotated,high,lf,0.462,0.723,102
819554,SNxx05,unknown_sensory,vnc_sensory,SNxx,AbN4,L,abdomen,,,unknown,none,,not_leg:AbN4,high,lm,0.585,0.639,101
819558,SNch10,chemosensory,vnc_sensory,SNch,ProLN,R,leg,,rf,chemo,cls,,annotated,high,rf,0.637,0.682,27
819559,SNpp41,mechanosensory_proprioceptive,vnc_sensory,SNpp,MetaLN,R,chordotonal organ,FeCO hook,rh,proprio,cls,hook_41,annotated,high,rh,0.687,0.831,294
819561,SNta43,mechanosensory_tactile,vnc_sensory,SNta,MesoLN,L,mechanosensory bristle,,lm,tactile,cls,,annotated,high,lm,0.788,0.815,118
819565,SNta40,mechanosensory_tactile,vnc_sensory,SNta,ProLN,L,mechanosensory bristle,,lf,tactile,cls,,annotated,high,lf,0.795,0.908,54
819568,LgLG1b,gustatory,vnc_sensory,LgLG,ProLN,L,leg bristle,,lf,gustatory,cls,,annotated,high,lf,0.315,0.431,176
819573,LgLG3,gustatory,vnc_sensory,LgLG,MetaLN,L,leg bristle,,lh,gustatory,cls,,annotated,high,lh,0.366,0.449,179
819576,LgLG2,gustatory,vnc_sensory,LgLG,MesoLN,L,leg bristle,,lm,gustatory,cls,,annotated,high,lm,0.433,0.655,116
819585,SNta32,mechanosensory_tactile,vnc_sensory,SNta,MesoLN,L,leg,,lm,tactile,cls,,annotated,high,lm,0.784,0.799,162
819590,"SNta19,SNta37",mechanosensory_tactile,vnc_sensory,SNta,MetaLN,L,mechanosensory bristle,,lh,tactile,cls,,annotated,high,lh,0.484,0.537,166
819594,LgLG3,gustatory,vnc_sensory,LgLG,ProLN,R,leg bristle,,rf,gustatory,cls,,annotated,high,rf,0.425,0.431,53
819595,SNta42,mechanosensory_tactile,vnc_sensory,SNta,MetaLN,L,mechanosensory bristle,,lh,tactile,cls,,annotated,high,lh,0.866,0.902,146
819601,SNta38,mechanosensory_tactile,vnc_sensory,SNta,MetaLN,R,mechanosensory bristle,,rh,tactile,cls,,annotated,high,rh,0.952,0.976,73
819604,SNta35,mechanosensory_tactile,vnc_sensory,SNta,MesoLN,L,mechanosensory bristle,,lm,tactile,cls,,annotated,high,lm,0.716,0.723,120
819619,SNpp47,mechanosensory_proprioceptive,vnc_sensory,SNpp,MesoLN,L,chordotonal organ,,lm,proprio,cls,club,annotated,high,lm,0.882,0.916,210
819622,LgLG2,gustatory,vnc_sensory,LgLG,MesoLN,L,leg bristle,,lm,gustatory,cls,,annotated,high,lm,0.314,0.541,109
819624,LgLG1b,gustatory,vnc_sensory,LgLG,MesoLN,L,leg bristle,,lm,gustatory,cls,,annotated,high,lm,0.495,0.584,181
819633,SNpp50,mechanosensory_proprioceptive,vnc_sensory,SNpp,MetaLN,L,chordotonal organ,,lh,proprio,cls,claw_50,annotated,high,lh,0.8,0.922,576
819642,LgLG2,gustatory,vnc_sensory,LgLG,MesoLN,R,leg bristle,,rm,gustatory,cls,,annotated,high,rm,0.319,0.486,139
819645,"SApp23,SNpp56",mechanosensory_proprioceptive,vnc_sensory,SApp,MetaLN,L,chordotonal organ,,lh,proprio,cls,club,annotated,high,lh,0.305,0.497,493
819648,SNxx04,unknown_sensory,vnc_sensory,SNxx,AbN4,R,abdomen,,,unknown,none,,not_leg:AbN4,high,rh,0.622,0.777,46
819650,SNta32,mechanosensory_tactile,vnc_sensory,SNta,MesoLN,L,leg,,lm,tactile,cls,,annotated,high,lm,0.764,0.775,162
819655,SNpp50,mechanosensory_proprioceptive,vnc_sensory,SNpp,MesoLN,R,chordotonal organ,,rm,proprio,cls,claw_50,annotated,high,rm,0.694,0.846,80
819656,SNch10,,vnc_sensory,SNch,ProLN,R,taste bristle,,rf,chemo,type,,annotated,medium,lf,0.468,0.806,62
819664,SNta35,mechanosensory_tactile,vnc_sensory,SNta,MesoLN,R,mechanosensory bristle,,rm,tactile,cls,,annotated,high,rm,0.809,0.818,149
819678,SApp,mechanosensory_proprioceptive,sensory_ascending,SApp,DMetaN,L,haltere,,,proprio,cls,untyped,not_leg:DMetaN,high,rh,0.484,0.803,147
819684,SNta29,mechanosensory_tactile,vnc_sensory,SNta,MesoLN,L,mechanosensory bristle,,lm,tactile,cls,,annotated,high,lm,0.912,0.929,124
819694,SNta45,mechanosensory_tactile,vnc_sensory,SNta,MetaLN,R,mechanosensory bristle,,rh,tactile,cls,,annotated,high,rh,0.966,0.984,171
819696,SNta31,mechanosensory_tactile,vnc_sensory,SNta,MetaLN,L,mechanosensory bristle,,lh,tactile,cls,,annotated,high,lh,0.656,0.709,185
819704,SNxx06,unknown_sensory,vnc_sensory,SNxx,AbN3,L,abdomen,,,unknown,none,,not_leg:AbN3,high,lh,0.332,0.529,79
819719,LgLG4,gustatory,vnc_sensory,LgLG,MetaLN,R,leg bristle,,rh,gustatory,cls,,annotated,high,rh,0.587,0.74,119
819730,SNta44,unknown_sensory,vnc_sensory,SNta,ProLN,L,mechanosensory bristle,,lf,tactile,type,,annotated,high,lf,1.0,1.0,13
819743,SNxx05,unknown_sensory,vnc_sensory,SNxx,AbN4,L,abdomen,,,unknown,none,,not_leg:AbN4,high,lm,0.397,0.501,90
819754,SNxx03,unknown_sensory,vnc_sensory,SNxx,AbN4,R,abdomen,,,unknown,none,,not_leg:AbN4,high,lh,0.413,0.736,41
819769,LgLG1b,gustatory,vnc_sensory,LgLG,MetaLN,L,leg bristle,,lh,gustatory,cls,,annotated,high,lm,0.265,0.474,139
819781,LgLG8,gustatory,vnc_sensory,LgLG,ProLN,R,leg bristle,,rf,gustatory,cls,,annotated,medium,lf,0.471,0.852,166
819793,SNta24,mechanosensory_tactile,vnc_sensory,SNta,ProLN,L,leg,,lf,tactile,cls,,annotated,medium,lm,0.491,0.545,49
819794,SNxx06,unknown_sensory,vnc_sensory,SNxx,AbN3,R,abdomen,,,unknown,none,,not_leg:AbN3,high,rh,0.513,0.657,96
819798,SNxx06,unknown_sensory,vnc_sensory,SNxx,AbN3,L,abdomen,,,unknown,none,,not_leg:AbN3,high,lh,0.329,0.579,94
819802,LgLG2,gustatory,vnc_sensory,LgLG,MesoLN,L,leg bristle,,lm,gustatory,cls,,annotated,high,lm,0.322,0.519,224
819804,SNxx03,unknown_sensory,vnc_sensory,SNxx,AbN4,R,abdomen,,,unknown,none,,not_leg:AbN4,high,rh,0.534,0.667,59
819815,LgLG1a,gustatory,vnc_sensory,LgLG,ProLN,R,leg bristle,,rf,gustatory,cls,,annotated,high,rm,0.391,0.581,92
819822,SNpp50,mechanosensory_proprioceptive,vnc_sensory,SNpp,MesoLN,L,chordotonal organ,,lm,proprio,cls,claw_50,annotated,high,lm,0.822,0.923,558
819826,SNtaxx,mechanosensory_tactile,vnc_sensory,SNtaxx,MetaLN,L,leg,,lh,tactile,cls,,annotated,high,lh,0.969,0.979,142
819834,SNta28,mechanosensory_tactile,vnc_sensory,SNta,MesoLN,R,mechanosensory bristle,,rm,tactile,cls,,annotated,high,rm,0.8,0.814,192
819835,SApp,mechanosensory_proprioceptive,sensory_ascending,SApp,DMetaN,L,haltere,,,proprio,cls,untyped,not_leg:DMetaN,high,lh,0.393,0.701,100
819839,SNta41,mechanosensory_tactile,vnc_sensory,SNta,ProLN,L,mechanosensory bristle,,lf,tactile,cls,,annotated,high,lf,0.785,0.789,55
819843,SNta43,mechanosensory_tactile,vnc_sensory,SNta,MesoLN,L,mechanosensory bristle,,lm,tactile,cls,,annotated,high,lm,0.464,0.492,140
819855,SNxx05,unknown_sensory,vnc_sensory,SNxx,AbN4,L,abdomen,,,unknown,none,,not_leg:AbN4,high,lh,0.398,0.575,59
819856,SNta40,unknown_sensory,vnc_sensory,SNta,ProLN,L,mechanosensory bristle,,lf,tactile,type,,annotated,high,lf,0.903,0.918,16
819859,SNta25,mechanosensory_tactile,vnc_sensory,SNta,MesoLN,R,mechanosensory bristle,,rm,tactile,cls,,annotated,high,rm,0.722,0.757,188
819860,SNta40,mechanosensory_tactile,vnc_sensory,SNta,ProLN,R,mechanosensory bristle,,rf,tactile,cls,,annotated,high,rf,0.599,0.62,44
819862,SNxx04,unknown_sensory,vnc_sensory,SNxx,AbN4,L,abdomen,,,unknown,none,,not_leg:AbN4,high,lm,0.479,0.616,79
819863,SNta29,mechanosensory_tactile,vnc_sensory,SNta,MesoLN,L,leg,,lm,tactile,cls,,annotated,high,lm,0.698,0.775,178
819876,SNta23,mechanosensory_tactile,vnc_sensory,SNta,MesoLN,R,mechanosensory bristle,,rm,tactile,cls,,annotated,high,rm,0.854,0.872,146
819879,SNxx32,unknown_sensory,vnc_sensory,SNxx,MesoLN,L,leg,,lm,unknown,none,,annotated,medium,lh,0.593,1.0,1102
819891,SNta45,mechanosensory_tactile,vnc_sensory,SNta,MetaLN,R,mechanosensory bristle,,rh,tactile,cls,,annotated,high,rh,0.969,0.986,42
819898,SNta31,mechanosensory_tactile,vnc_sensory,SNta,MesoLN,R,leg,,rm,tactile,cls,,annotated,high,rm,0.902,0.923,170
819904,SNta37,mechanosensory_tactile,vnc_sensory,SNta,MesoLN,R,mechanosensory bristle,,rm,tactile,cls,,annotated,high,rm,0.666,0.723,299
819905,SNxx33,unknown_sensory,vnc_sensory,SNxx,MetaLN,R,leg,,rh,unknown,none,,annotated,high,rh,0.843,0.936,194
819921,SNta20,mechanosensory_tactile,vnc_sensory,SNta,MesoLN,L,leg,,lm,tactile,cls,,annotated,high,lm,0.675,0.801,98
819928,SNta37,mechanosensory_tactile,vnc_sensory,SNta,MetaLN,R,mechanosensory bristle,,rh,tactile,cls,,annotated,high,rh,0.865,0.92,137
819937,SNta32,mechanosensory_tactile,vnc_sensory,SNta,MetaLN,R,mechanosensory bristle,,rh,tactile,cls,,annotated,high,rh,0.537,0.614,314
819939,SNta28,mechanosensory_tactile,vnc_sensory,SNta,MetaLN,L,mechanosensory bristle,,lh,tactile,cls,,annotated,high,lh,0.729,0.777,159
819944,LgLG2,gustatory,vnc_sensory,LgLG,MetaLN,R,leg bristle,,rh,gustatory,cls,,annotated,high,rm,0.333,0.484,143
819949,LgLG2,gustatory,vnc_sensory,LgLG,MetaLN,R,leg bristle,,rh,gustatory,cls,,annotated,high,rm,0.325,0.475,170
819951,SNpp42,mechanosensory_proprioceptive,vnc_sensory,SNpp,MetaLN,R,chordotonal organ,,rh,proprio,cls,co_unclassified,annotated,high,lm,0.308,0.592,157
819953,SNta28,mechanosensory_tactile,vnc_sensory,SNta,MetaLN,R,mechanosensory bristle,,rh,tactile,cls,,annotated,high,rh,0.816,0.851,159
819955,SNta44,mechanosensory_tactile,vnc_sensory,SNta,MesoLN,R,mechanosensory bristle,,rm,tactile,cls,,annotated,high,rm,0.93,0.937,149
819960,SNta31,mechanosensory_tactile,vnc_sensory,SNta,MetaLN,L,mechanosensory bristle,,lh,tactile,cls,,annotated,high,lh,0.603,0.696,97
819973,SNxx03,unknown_sensory,vnc_sensory,SNxx,AbN4,R,abdomen,,,unknown,none,,not_leg:AbN4,high,rm,0.391,0.504,68
819975,SNxxxx,mechanosensory_proprioceptive,vnc_sensory,SNxxxx,MetaLN,R,leg,,rh,proprio,cls,untyped,annotated,high,rh,1.0,1.0,108
819987,SNta35,mechanosensory_tactile,vnc_sensory,SNta,MesoLN,R,mechanosensory bristle,,rm,tactile,cls,,annotated,high,rm,0.813,0.826,192
819990,SNxx05,unknown_sensory,vnc_sensory,SNxx,AbN4,L,abdomen,,,unknown,none,,not_leg:AbN4,high,lm,0.475,0.574,121
819995,LgLG1a,gustatory,vnc_sensory,LgLG,MesoLN,L,leg bristle,,lm,gustatory,cls,,annotated,high,lm,0.328,0.54,230
820006,SNxxxx,unknown_sensory,vnc_sensory,SNxxxx,MetaLN,L,leg,,lh,unknown,none,,annotated,high,lh,0.821,0.94,63
820007,SNta42,mechanosensory_tactile,vnc_sensory,SNta,MetaLN,R,mechanosensory bristle,,rh,tactile,cls,,annotated,high,rh,0.593,0.694,218
820024,LgLG3,gustatory,vnc_sensory,LgLG,ProLN,R,leg bristle,,rf,gustatory,cls,,annotated,high,rm,0.385,0.486,50
820030,WG2,gustatory,vnc_sensory,WG,ADMN,R,wing bristle,,,gustatory,cls,,not_leg:ADMN,high,rm,0.424,0.515,105
820033,SNta43,mechanosensory_tactile,vnc_sensory,SNta,MetaLN,R,mechanosensory bristle,,rh,tactile,cls,,annotated,high,rh,0.705,0.802,205
820036,SNta43,mechanosensory_tactile,vnc_sensory,SNta,MetaLN,R,mechanosensory bristle,,rh,tactile,cls,,annotated,high,rh,0.67,0.767,321
820042,SNta30,unknown_sensory,vnc_sensory,SNta,ProLN,R,mechanosensory bristle,,rf,tactile,type,,annotated,high,rf,1.0,1.0,8
820056,SNpp52,mechanosensory_proprioceptive,vnc_sensory,SNpp,MetaLN,L,hair plate,,lh,proprio,cls,hair_plate_52,annotated,high,lh,0.846,0.885,684
820060,SNta29,mechanosensory_tactile,vnc_sensory,SNta,MesoLN,L,leg,,lm,tactile,cls,,annotated,high,lm,0.746,0.783,113
820061,SNta35,mechanosensory_tactile,vnc_sensory,SNta,MesoLN,R,mechanosensory bristle,,rm,tactile,cls,,annotated,high,rm,0.749,0.773,193
820068,SNxx03,unknown_sensory,vnc_sensory,SNxx,AbN4,R,abdomen,,,unknown,none,,not_leg:AbN4,high,rm,0.384,0.496,56
820081,LgLG7,gustatory,vnc_sensory,LgLG,ProLN,L,leg bristle,,lf,gustatory,cls,,annotated,high,lf,0.669,0.808,150
820083,SApp08,mechanosensory_proprioceptive,vnc_sensory,SApp,DMetaN,R,campaniform sensilla,,,proprio,cls,campaniform,not_leg:DMetaN,high,lh,0.336,0.624,61
820096,SNta29,mechanosensory_tactile,vnc_sensory,SNta,MesoLN,L,mechanosensory bristle,,lm,tactile,cls,,annotated,high,lm,0.7,0.721,100
820098,SNxxxx,mechanosensory_tactile,vnc_sensory,SNxxxx,ProLN,L,leg,,lf,tactile,cls,,annotated,high,lf,0.503,0.52,61
820115,LgLG1b,gustatory,vnc_sensory,LgLG,MetaLN,R,leg bristle,,rh,gustatory,cls,,annotated,high,rh,0.386,0.48,432
820116,SNta29,mechanosensory_tactile,vnc_sensory,SNta,MetaLN,R,mechanosensory bristle,,rh,tactile,cls,,annotated,high,rh,0.881,0.898,125
820119,SNta36,mechanosensory_tactile,vnc_sensory,SNta,MetaLN,R,mechanosensory bristle,,rh,tactile,cls,,annotated,high,rh,0.648,0.697,184
820120,LgLG2,gustatory,vnc_sensory,LgLG,MetaLN,R,leg bristle,,rh,gustatory,cls,,annotated,high,rh,0.358,0.468,136
820124,LgLG2,gustatory,vnc_sensory,LgLG,MetaLN,R,leg bristle,,rh,gustatory,cls,,annotated,high,rm,0.275,0.46,188
820126,SNta41,mechanosensory_tactile,vnc_sensory,SNta,ProLN,R,mechanosensory bristle,,rf,tactile,cls,,annotated,medium,rm,0.535,0.577,66
820144,SNpp03,mechanosensory_proprioceptive,vnc_sensory,SNpp,AbN3,R,abdomen,,,proprio,cls,untyped,not_leg:AbN3,high,rh,0.512,0.651,214
820146,SNch10,,vnc_sensory,SNch,MetaLN,L,taste bristle,,lh,chemo,type,,annotated,high,lh,0.526,0.664,122
820149,SNxx05,unknown_sensory,vnc_sensory,SNxx,AbN4,R,abdomen,,,unknown,none,,not_leg:AbN4,high,rh,0.434,0.569,75
820151,SNta40,unknown_sensory,vnc_sensory,SNta,ProLN,L,mechanosensory bristle,,lf,tactile,type,,annotated,high,lf,0.923,0.963,7
820152,SNta30,mechanosensory_tactile,vnc_sensory,SNta,MesoLN,L,mechanosensory bristle,,lm,tactile,cls,,annotated,high,lm,0.823,0.853,184
820155,SNta42,mechanosensory_tactile,vnc_sensory,SNta,MetaLN,L,mechanosensory bristle,,lh,tactile,cls,,annotated,high,lh,0.729,0.811,192
820164,SNppxx,mechanosensory_proprioceptive,vnc_sensory,SNppxx,MetaLN,L,leg,,lh,proprio,cls,untyped,annotated,high,lh,0.885,0.925,1683
820165,SNta21,mechanosensory_tactile,vnc_sensory,SNta,ProLN,R,mechanosensory bristle,,rf,tactile,cls,,annotated,high,rf,1.0,1.0,13
820174,SNch10,,vnc_sensory,SNch,MetaLN,R,taste bristle,,rh,chemo,type,,annotated,high,rh,0.541,0.758,166
820176,SNta39,mechanosensory_tactile,vnc_sensory,SNta,MetaLN,R,mechanosensory bristle,,rh,tactile,cls,,annotated,high,rh,0.778,0.874,201
820181,SNpp18,mechanosensory_proprioceptive,vnc_sensory,SNpp,ProCN,R,chordotonal organ,"LCN, Gorko Nature 2024",,proprio,cls,co_unclassified,not_leg:ProCN,high,lm,0.263,0.433,335
820185,LgLG1b,gustatory,vnc_sensory,LgLG,MesoLN,L,leg bristle,,lm,gustatory,cls,,annotated,high,lm,0.31,0.444,202
820188,SNxx05,unknown_sensory,vnc_sensory,SNxx,AbN4,L,abdomen,,,unknown,none,,not_leg:AbN4,high,lm,0.374,0.507,53
820191,SNch10,,vnc_sensory,SNch,MetaLN,L,taste bristle,,lh,chemo,type,,annotated,high,lh,0.58,0.771,95
820196,SNta21,mechanosensory_tactile,vnc_sensory,SNta,MetaLN,R,mechanosensory bristle,,rh,tactile,cls,,annotated,high,rh,0.93,0.961,215
820204,SNxx22,unknown_sensory,vnc_sensory,SNxx,AbN2,R,abdomen,,,unknown,none,,not_leg:AbN2,high,rh,0.414,0.674,116
820207,SNxx14,unknown_sensory,vnc_sensory,SNxx,AbN3,R,abdomen,,,unknown,none,,not_leg:AbN3,high,rh,0.46,0.69,710
820209,SNta27,mechanosensory_tactile,vnc_sensory,SNta,MetaLN,L,leg,,lh,tactile,cls,,annotated,high,lh,0.843,0.897,99
820211,SNxx06,unknown_sensory,vnc_sensory,SNxx,AbN3,L,abdomen,,,unknown,none,,not_leg:AbN3,high,lh,0.493,0.743,36
820215,LgLG3,gustatory,vnc_sensory,LgLG,MetaLN,R,leg bristle,,rh,gustatory,cls,,annotated,high,rh,0.451,0.511,176
820222,LgLG2,gustatory,vnc_sensory,LgLG,MetaLN,L,leg bristle,,lh,gustatory,cls,,annotated,high,lh,0.275,0.417,74
820226,LgLG2,gustatory,vnc_sensory,LgLG,MesoLN,R,leg bristle,,rm,gustatory,cls,,annotated,high,rm,0.384,0.557,182
820228,SNta31,mechanosensory_tactile,vnc_sensory,SNta,MetaLN,L,mechanosensory bristle,,lh,tactile,cls,,annotated,high,lh,0.645,0.736,232
820234,SNta45,mechanosensory_tactile,vnc_sensory,SNta,MetaLN,L,mechanosensory bristle,,lh,tactile,cls,,annotated,high,lh,0.942,0.966,101
820235,SNta43,mechanosensory_tactile,vnc_sensory,SNta,MetaLN,L,mechanosensory bristle,,lh,tactile,cls,,annotated,high,lh,0.784,0.889,151
820252,SNxx03,unknown_sensory,vnc_sensory,SNxx,AbN4,R,abdomen,,,unknown,none,,not_leg:AbN4,high,rh,0.34,0.484,45
820264,SNta41,mechanosensory_tactile,vnc_sensory,SNta,ProLN,L,mechanosensory bristle,,lf,tactile,cls,,annotated,high,lm,0.332,0.353,28
820270,SNta11,mechanosensory_tactile,vnc_sensory,SNta,ADMN,L,mechanosensory bristle,,,tactile,cls,,not_leg:ADMN,high,lh,0.263,0.428,105
820271,SNch10,,vnc_sensory,SNch,ProLN,L,taste bristle,,lf,chemo,type,,annotated,high,lf,0.566,0.818,92
820291,LgLG3,gustatory,vnc_sensory,LgLG,ProLN,L,leg bristle,,lf,gustatory,cls,,annotated,high,lm,0.312,0.429,68
820296,SNta38,mechanosensory_tactile,vnc_sensory,SNta,MesoLN,R,mechanosensory bristle,,rm,tactile,cls,,annotated,high,rm,0.762,0.864,207
820297,SNta20,mechanosensory_tactile,vnc_sensory,SNta,MetaLN,R,mechanosensory bristle,,rh,tactile,cls,,annotated,high,rh,0.764,0.809,457
820313,SNxx03,unknown_sensory,vnc_sensory,SNxx,AbN4,R,abdomen,,,unknown,none,,not_leg:AbN4,high,rh,0.345,0.553,115
820319,SNxx03,unknown_sensory,vnc_sensory,SNxx,AbN4,L,abdomen,,,unknown,none,,not_leg:AbN4,high,lm,0.404,0.481,203
820323,SNch10,,vnc_sensory,SNch,MetaLN,L,taste bristle,,lh,chemo,type,,annotated,high,lh,0.454,0.632,36
820324,SNta26,mechanosensory_tactile,vnc_sensory,SNta,MesoLN,L,mechanosensory bristle,,lm,tactile,cls,,annotated,high,lm,0.819,0.873,206
820328,SNpp50,mechanosensory_proprioceptive,vnc_sensory,SNpp,MetaLN,L,chordotonal organ,,lh,proprio,cls,claw_50,annotated,high,lh,0.935,0.955,284
820330,SNta31,mechanosensory_tactile,vnc_sensory,SNta,MetaLN,L,mechanosensory bristle,,lh,tactile,cls,,annotated,high,lh,0.476,0.588,131
820343,SNta27,mechanosensory_tactile,vnc_sensory,SNta,MesoLN,R,leg,,rm,tactile,cls,,annotated,high,rm,0.913,0.929,122
820346,SNta42,mechanosensory_tactile,vnc_sensory,SNta,MetaLN,R,mechanosensory bristle,,rh,tactile,cls,,annotated,high,rh,0.767,0.814,214
820351,SNxx06,unknown_sensory,vnc_sensory,SNxx,AbN3,L,abdomen,,,unknown,none,,not_leg:AbN3,high,lh,0.595,0.787,84
820361,SNxx03,unknown_sensory,vnc_sensory,SNxx,AbN4,R,abdomen,,,unknown,none,,not_leg:AbN4,high,rh,0.49,0.64,59
820367,SNta41,mechanosensory_tactile,vnc_sensory,SNta,ProLN,R,mechanosensory bristle,,rf,tactile,cls,,annotated,high,rf,0.445,0.482,66
820368,SNxx05,unknown_sensory,vnc_sensory,SNxx,AbN4,R,abdomen,,,unknown,none,,not_leg:AbN4,high,rh,0.299,0.57,37
820371,LgLG5,gustatory,vnc_sensory,LgLG,ProLN,L,leg bristle,,lf,gustatory,cls,,annotated,high,lf,0.898,0.898,93
820375,SNxx05,unknown_sensory,vnc_sensory,SNxx,AbN4,L,abdomen,,,unknown,none,,not_leg:AbN4,high,lm,0.541,0.62,44
820376,SNpp01,mechanosensory_proprioceptive,vnc_sensory,SNpp,AbN3,R,abdomen,,,proprio,cls,untyped,not_leg:AbN3,high,rh,0.324,0.525,252
820386,SNta31,mechanosensory_tactile,vnc_sensory,SNta,MetaLN,R,mechanosensory bristle,,rh,tactile,cls,,annotated,high,rh,0.602,0.64,218
820388,SNta28,mechanosensory_tactile,vnc_sensory,SNta,MetaLN,L,mechanosensory bristle,,lh,tactile,cls,,annotated,high,lh,0.737,0.885,115
820396,SNta40,mechanosensory_tactile,vnc_sensory,SNta,ProLN,R,mechanosensory bristle,,rf,tactile,cls,,annotated,high,rf,0.67,0.703,29
820403,SNxx06,unknown_sensory,vnc_sensory,SNxx,AbN3,L,abdomen,,,unknown,none,,not_leg:AbN3,high,lh,0.446,0.667,114
820407,LgLG1a,gustatory,vnc_sensory,LgLG,MetaLN,L,leg bristle,,lh,gustatory,cls,,annotated,high,lh,0.288,0.453,147
820410,SNxxxx,mechanosensory_tactile,vnc_sensory,SNxxxx,ProAN,R,leg,,rf,tactile,cls,,annotated,medium,rf,0.883,0.886,66
820416,LgLG7,gustatory,vnc_sensory,LgLG,ProLN,R,leg bristle,,rf,gustatory,cls,,annotated,high,lf,0.273,0.535,83
820418,SNpp45,mechanosensory_proprioceptive,vnc_sensory,SNpp,MesoLN,R,hair plate,,rm,proprio,cls,hair_plate_45,annotated,high,rm,0.895,0.933,603
820419,SNta32,mechanosensory_tactile,vnc_sensory,SNta,MetaLN,R,mechanosensory bristle,,rh,tactile,cls,,annotated,high,rh,0.621,0.712,154
820445,SNta40,unknown_sensory,vnc_sensory,SNta,ProLN,L,mechanosensory bristle,,lf,tactile,type,,annotated,high,lf,1.0,1.0,5
820446,SNxx14,unknown_sensory,vnc_sensory,SNxx,AbN3,R,abdomen,,,unknown,none,,not_leg:AbN3,high,lh,0.455,0.753,66
820449,LgLG1a,gustatory,vnc_sensory,LgLG,ProLN,L,leg bristle,,lf,gustatory,cls,,annotated,high,lm,0.317,0.564,77
820450,SNta30,mechanosensory_tactile,vnc_sensory,SNta,MesoLN,L,mechanosensory bristle,,lm,tactile,cls,,annotated,high,lm,0.884,0.894,201
820454,SNta19,mechanosensory_tactile,vnc_sensory,SNta,MesoLN,L,leg,,lm,tactile,cls,,annotated,high,lm,0.7,0.771,114
820459,SNta30,mechanosensory_tactile,vnc_sensory,SNta,MesoLN,L,mechanosensory bristle,,lm,tactile,cls,,annotated,high,lm,0.842,0.893,45
820487,LgLG1b,gustatory,vnc_sensory,LgLG,ProLN,L,leg bristle,,lf,gustatory,cls,,annotated,high,lf,0.305,0.396,106
820489,LgLG2,gustatory,vnc_sensory,LgLG,MetaLN,R,leg bristle,,rh,gustatory,cls,,annotated,high,rm,0.311,0.507,140
820492,SNta41,mechanosensory_tactile,vnc_sensory,SNta,ProLN,L,mechanosensory bristle,,lf,tactile,cls,,annotated,high,lf,0.737,0.771,85
820500,SNta40,unknown_sensory,vnc_sensory,SNta,ProLN,R,mechanosensory bristle,,rf,tactile,type,,annotated,high,,0.0,0.0,0
820507,SNta35,mechanosensory_tactile,vnc_sensory,SNta,MesoLN,L,mechanosensory bristle,,lm,tactile,cls,,annotated,high,lm,0.659,0.686,123
820511,SNxx33,unknown_sensory,vnc_sensory,SNxx,MesoLN,R,leg,,rm,unknown,none,,annotated,high,rm,0.764,0.824,80
820516,SNta29,mechanosensory_tactile,vnc_sensory,SNta,ProLN,L,mechanosensory bristle,,lf,tactile,cls,,annotated,high,lf,0.873,0.917,54
820526,LgLG1a,gustatory,vnc_sensory,LgLG,MetaLN,R,leg bristle,,rh,gustatory,cls,,annotated,high,rh,0.342,0.492,344
820544,SNxx03,unknown_sensory,vnc_sensory,SNxx,AbN4,R,abdomen,,,unknown,none,,not_leg:AbN4,high,rh,0.46,0.714,43
820545,LgLG2,gustatory,vnc_sensory,LgLG,MesoLN,R,leg bristle,,rm,gustatory,cls,,annotated,high,rm,0.323,0.471,202
820562,SNxxxx,mechanosensory_tactile,vnc_sensory,SNxxxx,ProLN,L,leg,,lf,tactile,cls,,annotated,high,lm,0.268,0.382,46
820570,SNxx03,unknown_sensory,vnc_sensory,SNxx,AbN4,L,abdomen,,,unknown,none,,not_leg:AbN4,high,lm,0.537,0.603,174
820596,SNta29,mechanosensory_tactile,vnc_sensory,SNta,ProLN,L,mechanosensory bristle,,lf,tactile,cls,,annotated,high,lf,0.789,0.799,119
820607,SNxxxx,unknown_sensory,vnc_sensory,SNxxxx,ProLN,L,leg,,lf,unknown,none,,annotated,high,lf,1.0,1.0,5
820614,SNta35,mechanosensory_tactile,vnc_sensory,SNta,MesoLN,R,mechanosensory bristle,,rm,tactile,cls,,annotated,high,rm,0.84,0.846,131
820620,LgLG3,gustatory,vnc_sensory,LgLG,ProLN,R,leg bristle,,rf,gustatory,cls,,annotated,high,rh,0.362,0.453,54
820629,SNtaxx,mechanosensory_tactile,vnc_sensory,SNtaxx,MetaLN,L,leg,,lh,tactile,cls,,annotated,high,lh,0.979,0.981,102
820655,SNta21,mechanosensory_tactile,vnc_sensory,SNta,MesoLN,L,mechanosensory bristle,,lm,tactile,cls,,annotated,high,lm,0.877,0.918,693
820667,SNxx16,unknown_sensory,vnc_sensory,SNxx,AbN4,R,abdomen,,,unknown,none,,not_leg:AbN4,high,rh,0.496,0.772,368
820681,SNpp60,mechanosensory_proprioceptive,vnc_sensory,SNpp,MetaLN,L,chordotonal organ,,lh,proprio,cls,club,annotated,high,lh,0.457,0.651,446
820683,SNta28,mechanosensory_tactile,vnc_sensory,SNta,MetaLN,R,leg,,rh,tactile,cls,,annotated,high,rh,0.882,0.961,189
820690,SNxx33,unknown_sensory,vnc_sensory,SNxx,MetaLN,L,leg,,lh,unknown,none,,annotated,high,lh,0.767,0.879,158
820692,SNta21,mechanosensory_tactile,vnc_sensory,SNta,ProLN,R,mechanosensory bristle,,rf,tactile,cls,,annotated,high,,0.0,0.0,0
820694,LgLG2,gustatory,vnc_sensory,LgLG,ProLN,L,leg bristle,,lf,gustatory,cls,,annotated,high,lf,0.418,0.462,85
820700,SNta40,unknown_sensory,vnc_sensory,SNta,ProLN,R,mechanosensory bristle,,rf,tactile,type,,annotated,high,rf,0.665,0.745,11
820705,LgLG2,gustatory,vnc_sensory,LgLG,MetaLN,R,leg bristle,,rh,gustatory,cls,,annotated,high,rh,0.307,0.431,126
820707,LgLG1b,gustatory,vnc_sensory,LgLG,MesoLN,L,leg bristle,,lm,gustatory,cls,,annotated,high,lm,0.396,0.551,103
820708,SNta45,mechanosensory_tactile,vnc_sensory,SNta,ProLN,L,mechanosensory bristle,,lf,tactile,cls,,annotated,high,lf,0.976,0.981,22
820739,SNta32,mechanosensory_tactile,vnc_sensory,SNta,MesoLN,L,leg,,lm,tactile,cls,,annotated,high,lm,0.84,0.85,174
820745,SNxx03,unknown_sensory,vnc_sensory,SNxx,AbN4,R,abdomen,,,unknown,none,,not_leg:AbN4,high,rh,0.515,0.709,41
820746,SNta38,mechanosensory_tactile,vnc_sensory,SNta,MetaLN,L,mechanosensory bristle,,lh,tactile,cls,,annotated,high,lh,0.658,0.924,48
820749,SNta20,mechanosensory_tactile,vnc_sensory,SNta,ProLN,R,mechanosensory bristle,,rf,tactile,cls,,annotated,high,rf,0.796,0.839,46
820754,SNxxxx,unknown_sensory,vnc_sensory,SNxxxx,ProLN,L,leg,,lf,unknown,none,,annotated,high,lf,0.79,0.79,31
820758,SNpp01,mechanosensory_proprioceptive,vnc_sensory,SNpp,AbN3,L,abdomen,,,proprio,cls,untyped,not_leg:AbN3,high,lf,0.377,0.38,239
820762,SNta41,mechanosensory_tactile,vnc_sensory,SNta,ProLN,L,mechanosensory bristle,,lf,tactile,cls,,annotated,high,lf,0.684,0.695,22
820766,SNxx03,unknown_sensory,vnc_sensory,SNxx,AbN4,R,abdomen,,,unknown,none,,not_leg:AbN4,high,lm,0.717,0.805,25
820767,LgLG2,gustatory,vnc_sensory,LgLG,ProLN,R,leg bristle,,rf,gustatory,cls,,annotated,high,rm,0.323,0.501,110
820780,LgLG4,gustatory,vnc_sensory,LgLG,MetaLN,L,leg bristle,,lh,gustatory,cls,,annotated,high,lh,0.565,0.621,158
820805,SNxx29,unknown_sensory,vnc_sensory,SNxx,ProLN,R,leg,,rf,unknown,none,,annotated,high,rf,0.617,0.652,337
820807,SNta29,mechanosensory_tactile,vnc_sensory,SNta,ProLN,L,mechanosensory bristle,,lf,tactile,cls,,annotated,high,lf,0.835,0.97,53
820809,LgLG4,gustatory,vnc_sensory,LgLG,MetaLN,R,leg bristle,,rh,gustatory,cls,,annotated,high,rh,0.81,0.849,129
820815,SNta34,mechanosensory_tactile,vnc_sensory,SNta,MetaLN,L,mechanosensory bristle,,lh,tactile,cls,,annotated,high,lh,0.578,0.656,93
820818,SNpp43,mechanosensory_proprioceptive,vnc_sensory,SNpp,MetaLN,R,chordotonal organ,,rh,proprio,cls,club,annotated,high,rh,0.8,0.883,344
820827,LgLG3,gustatory,vnc_sensory,LgLG,MetaLN,R,leg bristle,,rh,gustatory,cls,,annotated,high,rh,0.474,0.54,281
820836,SNxx01,unknown_sensory,vnc_sensory,SNxx,AbN3,L,abdomen,,,unknown,none,,not_leg:AbN3,high,lh,0.343,0.538,144
820855,SNta19,mechanosensory_tactile,vnc_sensory,SNta,MesoLN,L,mechanosensory bristle,,lm,tactile,cls,,annotated,high,lm,0.575,0.647,94
820866,SNta21,mechanosensory_tactile,vnc_sensory,SNta,ProLN,L,mechanosensory bristle,,lf,tactile,cls,,annotated,high,lf,0.998,0.998,7
820869,SNch10,chemosensory,vnc_sensory,SNch,ProLN,R,leg,,rf,chemo,cls,,annotated,high,rh,0.243,0.473,14
820870,LgLG1a,gustatory,vnc_sensory,LgLG,MetaLN,L,leg bristle,,lh,gustatory,cls,,annotated,high,lh,0.292,0.444,209
820875,SNtaxx,mechanosensory_tactile,vnc_sensory,SNtaxx,MetaLN,R,leg,,rh,tactile,cls,,annotated,high,rh,0.838,0.844,71
820877,LgLG3,gustatory,vnc_sensory,LgLG,MetaLN,R,leg bristle,,rh,gustatory,cls,,annotated,high,rh,0.543,0.681,440
820887,SNpp41,mechanosensory_proprioceptive,vnc_sensory,SNpp,MesoLN,R,chordotonal organ,,rm,proprio,cls,hook_41,annotated,high,rm,0.668,0.849,188
820903,SNpp42,mechanosensory_proprioceptive,vnc_sensory,SNpp,MetaLN,R,chordotonal organ,,rh,proprio,cls,co_unclassified,annotated,high,lm,0.3,0.585,157
820921,LgLG3,gustatory,vnc_sensory,LgLG,MetaLN,R,leg bristle,,rh,gustatory,cls,,annotated,high,rh,0.403,0.463,165
820928,SNta41,unknown_sensory,vnc_sensory,SNta,ProLN,R,mechanosensory bristle,,rf,tactile,type,,annotated,high,rh,0.255,0.434,5
820940,SNta29,mechanosensory_tactile,vnc_sensory,SNta,MesoLN,L,leg,,lm,tactile,cls,,annotated,high,lm,0.503,0.539,71
820943,SNch10,,vnc_sensory,SNch,MetaLN,R,taste bristle,,rh,chemo,type,,annotated,high,rh,0.685,0.833,121
820945,SNxx16,unknown_sensory,vnc_sensory,SNxx,AbN4,L,abdomen,,,unknown,none,,not_leg:AbN4,high,rh,0.638,0.923,420
820949,LgLG7,gustatory,vnc_sensory,LgLG,ProLN,R,leg bristle,,rf,gustatory,cls,,annotated,medium,lf,0.542,0.818,64
820951,SNta43,mechanosensory_tactile,vnc_sensory,SNta,MetaLN,R,mechanosensory bristle,,rh,tactile,cls,,annotated,high,rh,0.66,0.695,100
820958,SNta29,unknown_sensory,vnc_sensory,SNta,ProLN,R,mechanosensory bristle,,rf,tactile,type,,annotated,high,rf,0.896,0.957,8
820968,SNta32,mechanosensory_tactile,vnc_sensory,SNta,MesoLN,R,leg,,rm,tactile,cls,,annotated,high,rm,0.852,0.868,74
820969,SNta40,mechanosensory_tactile,vnc_sensory,SNta,ProLN,L,mechanosensory bristle,,lf,tactile,cls,,annotated,high,lf,0.965,0.97,49
820986,SNxx03,unknown_sensory,vnc_sensory,SNxx,AbN4,R,abdomen,,,unknown,none,,not_leg:AbN4,high,rh,0.29,0.514,25
820987,SNta21,mechanosensory_tactile,vnc_sensory,SNta,ProLN,L,mechanosensory bristle,,lf,tactile,cls,,annotated,high,lf,0.884,0.885,14
820988,SNxx20,unknown_sensory,vnc_sensory,SNxx,AbN4,L,abdomen,,,unknown,none,,not_leg:AbN4,high,lh,0.669,0.989,105
821000,LgLG3,gustatory,vnc_sensory,LgLG,ProLN,L,leg bristle,,lf,gustatory,cls,,annotated,high,lm,0.327,0.438,81
821004,LgLG1a,gustatory,vnc_sensory,LgLG,MesoLN,L,leg bristle,,lm,gustatory,cls,,annotated,high,lm,0.35,0.591,131
821028,SNta30,unknown_sensory,vnc_sensory,SNta,ProLN,R,mechanosensory bristle,,rf,tactile,type,,annotated,high,,0.0,0.0,0
821029,LgLG3,gustatory,vnc_sensory,LgLG,MetaLN,L,leg bristle,,lh,gustatory,cls,,annotated,high,lh,0.374,0.454,123
821036,SNta37,mechanosensory_tactile,vnc_sensory,SNta,MesoLN,L,mechanosensory bristle,,lm,tactile,cls,,annotated,high,lm,0.702,0.747,255
821037,LgLG1b,gustatory,vnc_sensory,LgLG,ProLN,L,leg bristle,,lf,gustatory,cls,,annotated,medium,lm,0.404,0.503,54
821047,SNpp52,mechanosensory_proprioceptive,vnc_sensory,SNpp,MesoLN,L,hair plate,,lm,proprio,cls,hair_plate_52,annotated,high,lm,0.845,0.847,263
821050,LgLG2,gustatory,vnc_sensory,LgLG,MetaLN,R,leg bristle,,rh,gustatory,cls,,annotated,high,rm,0.285,0.468,165
821058,SNch10,,vnc_sensory,SNch,MetaLN,L,taste bristle,,lh,chemo,type,,annotated,high,lh,0.592,0.711,207
821064,SNpp45,mechanosensory_proprioceptive,vnc_sensory,SNpp,MetaLN,L,hair plate,,lh,proprio,cls,hair_plate_45,annotated,high,lh,0.924,0.95,357
821070,SNta21,mechanosensory_tactile,vnc_sensory,SNta,ProLN,R,mechanosensory bristle,,rf,tactile,cls,,annotated,high,rf,1.0,1.0,9
821071,SNxxxx,unknown_sensory,vnc_sensory,SNxxxx,ProLN,L,leg,,lf,unknown,none,,annotated,high,,0.0,0.0,0
821076,SNta30,mechanosensory_tactile,vnc_sensory,SNta,MesoLN,L,mechanosensory bristle,,lm,tactile,cls,,annotated,high,lm,0.883,0.916,35
821080,SNta35,mechanosensory_tactile,vnc_sensory,SNta,MesoLN,L,mechanosensory bristle,,lm,tactile,cls,,annotated,high,lm,0.721,0.729,74
821083,LgLG4,gustatory,vnc_sensory,LgLG,ProLN,R,leg bristle,,rf,gustatory,cls,,annotated,high,rf,0.513,0.561,23
821087,SNta37,mechanosensory_tactile,vnc_sensory,SNta,MetaLN,L,mechanosensory bristle,,lh,tactile,cls,,annotated,high,lh,0.894,0.915,144
821097,LgLG1b,gustatory,vnc_sensory,LgLG,ProLN,R,leg bristle,,rf,gustatory,cls,,annotated,high,rm,0.314,0.472,118
821099,SNta27,mechanosensory_tactile,vnc_sensory,SNta,MesoLN,R,leg,,rm,tactile,cls,,annotated,high,rm,0.694,0.766,81
821104,SNta35,mechanosensory_tactile,vnc_sensory,SNta,MesoLN,L,mechanosensory bristle,,lm,tactile,cls,,annotated,high,lm,0.797,0.828,63
821117,SNta23,mechanosensory_tactile,vnc_sensory,SNta,MesoLN,R,mechanosensory bristle,,rm,tactile,cls,,annotated,high,rm,0.611,0.689,131
821121,LgLG1b,gustatory,vnc_sensory,LgLG,ProLN,L,leg bristle,,lf,gustatory,cls,,annotated,high,lm,0.363,0.477,76
821138,LgLG2,gustatory,vnc_sensory,LgLG,ProLN,R,leg bristle,,rf,gustatory,cls,,annotated,high,rm,0.353,0.534,39
821149,SNta38,mechanosensory_tactile,vnc_sensory,SNta,MetaLN,L,leg,,lh,tactile,cls,,annotated,high,lh,0.927,0.961,42
821160,SNta38,mechanosensory_tactile,vnc_sensory,SNta,MetaLN,R,mechanosensory bristle,,rh,tactile,cls,,annotated,high,rh,0.906,0.976,224
821165,SNpp45,mechanosensory_proprioceptive,vnc_sensory,SNpp,ProLN,L,hair plate,,lf,proprio,cls,hair_plate_45,annotated,medium,rf,0.865,0.889,35
821172,SNtaxx,mechanosensory_tactile,vnc_sensory,SNtaxx,MetaLN,R,leg,,rh,tactile,cls,,annotated,high,rh,0.99,0.994,68
821201,SNch10,,vnc_sensory,SNch,MetaLN,R,taste bristle,,rh,chemo,type,,annotated,high,rh,0.536,0.781,198
821217,SNxxxx,unknown_sensory,vnc_sensory,SNxxxx,ProLN,R,leg,,rf,unknown,none,,annotated,high,,0.0,0.0,0
821221,SNta42,mechanosensory_tactile,vnc_sensory,SNta,MesoLN,R,mechanosensory bristle,,rm,tactile,cls,,annotated,high,rm,0.642,0.69,150
821236,SNch10,,vnc_sensory,SNch,MetaLN,R,taste bristle,,rh,chemo,type,,annotated,high,rh,0.761,0.931,76
821238,LgLG2,gustatory,vnc_sensory,LgLG,ProLN,L,leg bristle,,lf,gustatory,cls,,annotated,high,rm,0.279,0.476,116
821240,SNpp48,mechanosensory_proprioceptive,vnc_sensory,SNpp,MesoLN,R,chordotonal organ,,rm,proprio,cls,co_unclassified,annotated,high,rm,0.956,0.965,424
821252,SNta42,unknown_sensory,vnc_sensory,SNta,MesoLN,L,mechanosensory bristle,,lm,tactile,type,,annotated,high,lm,0.846,0.864,29
821268,SNta29,mechanosensory_tactile,vnc_sensory,SNta,MesoLN,L,mechanosensory bristle,,lm,tactile,cls,,annotated,high,lm,0.745,0.779,118
821271,LgLG2,gustatory,vnc_sensory,LgLG,ProLN,R,leg bristle,,rf,gustatory,cls,,annotated,high,rm,0.258,0.48,28
821277,SApp08,mechanosensory_proprioceptive,vnc_sensory,SApp,DMetaN,R,campaniform sensilla,,,proprio,cls,campaniform,not_leg:DMetaN,high,lh,0.437,0.666,77
821279,SNpp22,mechanosensory_proprioceptive,vnc_sensory,SNpp,ProCN,L,chordotonal organ,"MNC, Gorko Nature 2024",,proprio,cls,co_unclassified,not_leg:ProCN,high,lh,0.471,0.731,156
821281,SNta43,mechanosensory_tactile,vnc_sensory,SNta,MetaLN,L,mechanosensory bristle,,lh,tactile,cls,,annotated,high,lh,0.757,0.854,192
821300,LgLG2,gustatory,vnc_sensory,LgLG,ProLN,R,leg bristle,,rf,gustatory,cls,,annotated,high,lm,0.249,0.496,49
821306,SNppxx,mechanosensory_proprioceptive,vnc_sensory,SNppxx,ProLN,L,leg,,lf,proprio,cls,untyped,annotated,high,lf,0.93,0.955,172
821308,LgLG1b,gustatory,vnc_sensory,LgLG,MesoLN,R,leg bristle,,rm,gustatory,cls,,annotated,high,rm,0.452,0.554,231
821311,SNch10,,vnc_sensory,SNch,ProLN,L,taste bristle,,lf,chemo,type,,annotated,high,lf,0.559,0.615,62
821320,SNta20,mechanosensory_tactile,vnc_sensory,SNta,MetaLN,L,leg,,lh,tactile,cls,,annotated,high,lh,0.808,0.836,45
821324,SNta38,mechanosensory_tactile,vnc_sensory,SNta,MetaLN,L,mechanosensory bristle,,lh,tactile,cls,,annotated,high,lh,0.788,0.932,117
821345,"SNta44,SNta45",mechanosensory_tactile,vnc_sensory,SNta,MetaLN,R,mechanosensory bristle,,rh,tactile,cls,,annotated,high,rh,0.959,0.978,65
821358,SNta41,unknown_sensory,vnc_sensory,SNta,ProLN,R,mechanosensory bristle,,rf,tactile,type,,annotated,high,rf,0.807,0.843,12
821363,SNpp50,mechanosensory_proprioceptive,vnc_sensory,SNpp,MetaLN,R,chordotonal organ,,rh,proprio,cls,claw_50,annotated,high,rh,0.99,0.993,95
821365,LgLG3,gustatory,vnc_sensory,LgLG,ProLN,R,leg bristle,,rf,gustatory,cls,,annotated,medium,rh,0.401,0.475,48
821373,SNta41,mechanosensory_tactile,vnc_sensory,SNta,ProLN,R,mechanosensory bristle,,rf,tactile,cls,,annotated,high,rf,0.782,0.813,81
821374,SNch10,chemosensory,vnc_sensory,SNch,ProLN,L,leg,,lf,chemo,cls,,annotated,high,lf,0.406,0.52,40
821385,SNch10,chemosensory,vnc_sensory,SNch,ProLN,L,leg,,lf,chemo,cls,,annotated,high,lf,0.452,0.492,46
821418,LgLG1b,gustatory,vnc_sensory,LgLG,ProLN,R,leg bristle,,rf,gustatory,cls,,annotated,high,rm,0.35,0.503,60
821419,SNta29,mechanosensory_tactile,vnc_sensory,SNta,MesoLN,L,mechanosensory bristle,,lm,tactile,cls,,annotated,high,lm,0.927,0.954,66
821422,SNta29,mechanosensory_tactile,vnc_sensory,SNta,MesoLN,R,mechanosensory bristle,,rm,tactile,cls,,annotated,high,rm,0.759,0.857,61
821441,SNta29,mechanosensory_tactile,vnc_sensory,SNta,MetaLN,L,mechanosensory bristle,,lh,tactile,cls,,annotated,high,lh,0.723,0.777,618
821442,SNta42,mechanosensory_tactile,vnc_sensory,SNta,MesoLN,R,mechanosensory bristle,,rm,tactile,cls,,annotated,high,rm,0.822,0.865,208
821459,SNta21,mechanosensory_tactile,vnc_sensory,SNta,ProLN,R,mechanosensory bristle,,rf,tactile,cls,,annotated,high,rf,1.0,1.0,6
821461,SNpp47,mechanosensory_proprioceptive,vnc_sensory,SNpp,MetaLN,R,chordotonal organ,,rh,proprio,cls,club,annotated,high,rh,0.57,0.795,685
821469,LgLG1a,gustatory,vnc_sensory,LgLG,MetaLN,R,leg bristle,,rh,gustatory,cls,,annotated,high,rh,0.344,0.497,129
821479,SNxx06,unknown_sensory,vnc_sensory,SNxx,AbN3,L,abdomen,,,unknown,none,,not_leg:AbN3,high,lh,0.401,0.668,78
821509,SNta42,mechanosensory_tactile,vnc_sensory,SNta,MetaLN,L,mechanosensory bristle,,lh,tactile,cls,,annotated,high,lh,0.712,0.79,143
821512,SNta43,unknown_sensory,vnc_sensory,SNta,MetaLN,R,mechanosensory bristle,,rh,tactile,type,,annotated,high,rh,0.774,0.774,31
821522,SNta41,mechanosensory_tactile,vnc_sensory,SNta,ProLN,L,mechanosensory bristle,,lf,tactile,cls,,annotated,high,lf,0.904,0.912,67
821523,SNta42,mechanosensory_tactile,vnc_sensory,SNta,MesoLN,L,mechanosensory bristle,,lm,tactile,cls,,annotated,high,lm,0.632,0.667,313
821529,SNxx14,unknown_sensory,vnc_sensory,SNxx,AbN3,R,abdomen,,,unknown,none,,not_leg:AbN3,high,lh,0.468,0.849,76
821572,SNta29,mechanosensory_tactile,vnc_sensory,SNta,MesoLN,L,leg,,lm,tactile,cls,,annotated,high,lm,0.538,0.625,43
821580,LgLG2,gustatory,vnc_sensory,LgLG,MetaLN,R,leg bristle,,rh,gustatory,cls,,annotated,high,lm,0.243,0.46,71
821588,LgLG2,gustatory,vnc_sensory,LgLG,MetaLN,L,leg bristle,,lh,gustatory,cls,,annotated,high,rm,0.315,0.501,52
821594,SNta38,mechanosensory_tactile,vnc_sensory,SNta,MesoLN,L,mechanosensory bristle,,lm,tactile,cls,,annotated,high,lm,0.922,0.941,172
821613,SNta41,mechanosensory_tactile,vnc_sensory,SNta,ProLN,L,mechanosensory bristle,,lf,tactile,cls,,annotated,high,lf,0.606,0.613,27
821654,SNpp47,mechanosensory_proprioceptive,vnc_sensory,SNpp,MesoLN,L,chordotonal organ,,lm,proprio,cls,club,annotated,high,lm,0.903,0.923,139
821664,LgLG1a,gustatory,vnc_sensory,LgLG,MesoLN,L,leg bristle,,lm,gustatory,cls,,annotated,high,lm,0.396,0.577,212
821678,SNta29,unknown_sensory,vnc_sensory,SNta,ProLN,L,mechanosensory bristle,,lf,tactile,type,,annotated,high,lf,0.923,0.963,5
821708,LgLG8,gustatory,vnc_sensory,LgLG,ProLN,L,leg bristle,,lf,gustatory,cls,,annotated,high,lf,0.653,0.783,186
821712,SNta40,mechanosensory_tactile,vnc_sensory,SNta,ProLN,L,mechanosensory bristle,,lf,tactile,cls,,annotated,high,lf,0.803,0.937,42
821720,SNppxx,mechanosensory_proprioceptive,vnc_sensory,SNppxx,MetaLN,L,leg,,lh,proprio,cls,untyped,annotated,high,lh,0.843,0.898,801
821729,SNch10,,vnc_sensory,SNch,MetaLN,R,taste bristle,,rh,chemo,type,,annotated,high,rh,0.445,0.709,143
821730,"SNta02,SNta09",mechanosensory_tactile,vnc_sensory,SNta,PDMN,L,notum,,,tactile,cls,,not_leg:PDMN,high,lf,0.284,0.394,55
821744,LgLG1b,gustatory,vnc_sensory,LgLG,MetaLN,L,leg bristle,,lh,gustatory,cls,,annotated,high,lm,0.301,0.505,126
821747,SNta39,mechanosensory_tactile,vnc_sensory,SNta,MetaLN,L,leg,,lh,tactile,cls,,annotated,high,lh,0.968,0.977,54
821748,LgLG2,gustatory,vnc_sensory,LgLG,MetaLN,L,leg bristle,,lh,gustatory,cls,,annotated,high,rm,0.255,0.402,110
821751,SNta29,mechanosensory_tactile,vnc_sensory,SNta,MesoLN,R,leg,,rm,tactile,cls,,annotated,high,rm,0.767,0.798,199
821754,SNch10,,vnc_sensory,SNch,MetaLN,R,taste bristle,,rh,chemo,type,,annotated,high,rh,0.817,0.883,73
821760,LgLG1b,gustatory,vnc_sensory,LgLG,ProLN,R,leg bristle,,rf,gustatory,cls,,annotated,high,rm,0.295,0.47,75
821762,SNta21,mechanosensory_tactile,vnc_sensory,SNta,ProLN,R,mechanosensory bristle,,rf,tactile,cls,,annotated,high,rf,1.0,1.0,5
821805,LgLG1a,gustatory,vnc_sensory,LgLG,ProLN,L,leg bristle,,lf,gustatory,cls,,annotated,high,lm,0.344,0.552,190
821807,"SNta22,SNta23",mechanosensory_tactile,vnc_sensory,SNta,MesoLN,R,mechanosensory bristle,,rm,tactile,cls,,annotated,high,rm,0.753,0.787,90
821817,LgLG3,gustatory,vnc_sensory,LgLG,ProLN,R,leg bristle,,rf,gustatory,cls,,annotated,medium,rm,0.414,0.485,29
821818,SNta38,mechanosensory_tactile,vnc_sensory,SNta,MetaLN,R,mechanosensory bristle,,rh,tactile,cls,,annotated,high,rh,0.897,0.993,107
821832,SNta43,mechanosensory_tactile,vnc_sensory,SNta,MesoLN,R,mechanosensory bristle,,rm,tactile,cls,,annotated,high,rm,0.485,0.53,232
821837,SNxx14,unknown_sensory,vnc_sensory,SNxx,AbN3,R,abdomen,,,unknown,none,,not_leg:AbN3,high,rh,0.4,0.663,460
821864,SNta29,mechanosensory_tactile,vnc_sensory,SNta,MetaLN,L,mechanosensory bristle,,lh,tactile,cls,,annotated,high,lh,0.719,0.753,52
821869,LgLG2,gustatory,vnc_sensory,LgLG,MetaLN,R,leg bristle,,rh,gustatory,cls,,annotated,high,rh,0.3,0.446,129
821882,SNch10,,vnc_sensory,SNch,MetaLN,R,taste bristle,,rh,chemo,type,,annotated,high,rh,0.744,0.858,222
821892,SNch10,,vnc_sensory,SNch,MetaLN,L,taste bristle,,lh,chemo,type,,annotated,high,lh,0.589,0.773,158
821896,SNta25,mechanosensory_tactile,vnc_sensory,SNta,MetaLN,L,mechanosensory bristle,,lh,tactile,cls,,annotated,high,lh,0.915,0.942,168
821904,SNta29,mechanosensory_tactile,vnc_sensory,SNta,MesoLN,R,mechanosensory bristle,,rm,tactile,cls,,annotated,high,rm,0.708,0.748,123
821913,SNta42,mechanosensory_tactile,vnc_sensory,SNta,MesoLN,R,mechanosensory bristle,,rm,tactile,cls,,annotated,high,rm,0.868,0.902,95
821935,SNta39,mechanosensory_tactile,vnc_sensory,SNta,MetaLN,L,mechanosensory bristle,,lh,tactile,cls,,annotated,high,lh,0.78,0.857,35
821938,SNpp18,mechanosensory_proprioceptive,vnc_sensory,SNpp,ProCN,R,chordotonal organ,"LCN, Gorko Nature 2024",,proprio,cls,co_unclassified,not_leg:ProCN,high,lf,0.268,0.402,180
821947,SNpp51,mechanosensory_proprioceptive,vnc_sensory,SNpp,MetaLN,L,chordotonal organ,,lh,proprio,cls,claw_51,annotated,high,lh,0.83,0.873,177
821956,SNta20,mechanosensory_tactile,vnc_sensory,SNta,MesoLN,L,mechanosensory bristle,,lm,tactile,cls,,annotated,high,lm,0.817,0.841,137
822027,SNta29,mechanosensory_tactile,vnc_sensory,SNta,MetaLN,R,mechanosensory bristle,,rh,tactile,cls,,annotated,high,rh,0.866,0.901,170
822046,SNta20,mechanosensory_tactile,vnc_sensory,SNta,MetaLN,L,mechanosensory bristle,,lh,tactile,cls,,annotated,high,lh,0.576,0.605,112
822074,SNta31,mechanosensory_tactile,vnc_sensory,SNta,MetaLN,L,mechanosensory bristle,,lh,tactile,cls,,annotated,high,lh,0.58,0.717,203
822111,SNta29,mechanosensory_tactile,vnc_sensory,SNta,MesoLN,L,mechanosensory bristle,,lm,tactile,cls,,annotated,high,lm,0.819,0.844,210
822140,SNta31,mechanosensory_tactile,vnc_sensory,SNta,MesoLN,L,leg,,lm,tactile,cls,,annotated,high,lm,0.671,0.716,148
822155,SNta20,mechanosensory_tactile,vnc_sensory,SNta,MetaLN,L,mechanosensory bristle,,lh,tactile,cls,,annotated,high,lh,0.744,0.784,62
822157,LgLG2,gustatory,vnc_sensory,LgLG,MetaLN,R,leg bristle,,rh,gustatory,cls,,annotated,high,rm,0.27,0.417,159
822184,SNta23,mechanosensory_tactile,vnc_sensory,SNta,MesoLN,L,mechanosensory bristle,,lm,tactile,cls,,annotated,high,lm,0.726,0.736,105
822195,SNxxxx,mechanosensory_tactile,vnc_sensory,SNxxxx,ProLN,L,leg,,lf,tactile,cls,,annotated,high,lm,0.311,0.388,41
822225,SNta30,mechanosensory_tactile,vnc_sensory,SNta,ProLN,L,mechanosensory bristle,,lf,tactile,cls,,annotated,medium,lm,0.769,0.77,13
822227,SNta37,mechanosensory_tactile,vnc_sensory,SNta,MetaLN,L,mechanosensory bristle,,lh,tactile,cls,,annotated,high,lh,0.514,0.557,102
822234,SNxx03,unknown_sensory,vnc_sensory,SNxx,AbN3,R,abdomen,,,unknown,none,,not_leg:AbN3,high,rh,0.67,0.774,36
822237,SNta42,mechanosensory_tactile,vnc_sensory,SNta,MetaLN,L,mechanosensory bristle,,lh,tactile,cls,,annotated,high,lh,0.697,0.754,161
822244,SNta23,mechanosensory_tactile,vnc_sensory,SNta,MesoLN,R,mechanosensory bristle,,rm,tactile,cls,,annotated,high,rm,0.85,0.882,38
822245,SNta38,mechanosensory_tactile,vnc_sensory,SNta,MetaLN,R,mechanosensory bristle,,rh,tactile,cls,,annotated,high,rh,0.944,0.973,158
822246,LgLG4,gustatory,vnc_sensory,LgLG,MetaLN,L,leg bristle,,lh,gustatory,cls,,annotated,high,lh,0.42,0.452,85
822264,LgLG1a,gustatory,vnc_sensory,LgLG,MesoLN,R,leg bristle,,rm,gustatory,cls,,annotated,high,rm,0.495,0.622,150
822284,SNxx03,unknown_sensory,vnc_sensory,SNxx,AbN3,R,abdomen,,,unknown,none,,not_leg:AbN3,high,rh,0.451,0.636,60
822285,SNpp41,mechanosensory_proprioceptive,vnc_sensory,SNpp,MesoLN,R,chordotonal organ,,rm,proprio,cls,hook_41,annotated,high,rm,0.635,0.815,166
822321,SNpp40,mechanosensory_proprioceptive,vnc_sensory,SNpp,MesoLN,R,chordotonal organ,,rm,proprio,cls,club,annotated,high,rm,0.595,0.758,133
822324,LgLG2,gustatory,vnc_sensory,LgLG,MetaLN,R,leg bristle,,rh,gustatory,cls,,annotated,high,rh,0.251,0.414,168
822327,SNta29,mechanosensory_tactile,vnc_sensory,SNta,MesoLN,L,mechanosensory bristle,,lm,tactile,cls,,annotated,high,lm,0.845,0.863,152
822336,SNpp47,mechanosensory_proprioceptive,vnc_sensory,SNpp,MesoLN,L,chordotonal organ,,lm,proprio,cls,club,annotated,high,lm,0.928,0.961,126
822361,WG1,gustatory,vnc_sensory,WG,ADMN,L,wing bristle,,,gustatory,cls,,not_leg:ADMN,high,rm,0.25,0.466,223
822362,LgLG2,gustatory,vnc_sensory,LgLG,ProLN,L,leg bristle,,lf,gustatory,cls,,annotated,medium,rm,0.488,0.568,15
822364,SNxx19,unknown_sensory,vnc_sensory,SNxx,AbN4,L,abdomen,,,unknown,none,,not_leg:AbN4,high,lh,0.344,0.493,68
822366,SNta41,mechanosensory_tactile,vnc_sensory,SNta,MesoLN,R,mechanosensory bristle,,rm,tactile,cls,,annotated,high,rm,0.949,0.965,51
822372,LgLG2,gustatory,vnc_sensory,LgLG,MetaLN,L,leg bristle,,lh,gustatory,cls,,annotated,high,rm,0.293,0.464,164
822377,SNta21,mechanosensory_tactile,vnc_sensory,SNta,ProLN,R,mechanosensory bristle,,rf,tactile,cls,,annotated,high,,0.0,0.0,0
822382,SNxx01,unknown_sensory,vnc_sensory,SNxx,AbN4,L,abdomen,,,unknown,none,,not_leg:AbN4,high,,0.0,0.0,0
822384,SNxx16,unknown_sensory,vnc_sensory,SNxx,AbN4,L,abdomen,,,unknown,none,,not_leg:AbN4,high,lh,0.647,1.0,58
822403,LgLG2,gustatory,vnc_sensory,LgLG,MesoLN,L,leg bristle,,lm,gustatory,cls,,annotated,high,rm,0.278,0.467,52
822431,SNta43,mechanosensory_tactile,vnc_sensory,SNta,MetaLN,R,mechanosensory bristle,,rh,tactile,cls,,annotated,high,rh,0.82,0.841,75
822465,SNta29,mechanosensory_tactile,vnc_sensory,SNta,MetaLN,L,leg,,lh,tactile,cls,,annotated,high,lh,0.807,0.85,238
822481,SNta30,mechanosensory_tactile,vnc_sensory,SNta,MesoLN,L,mechanosensory bristle,,lm,tactile,cls,,annotated,high,lm,0.856,0.884,76
822497,SNpp18,mechanosensory_proprioceptive,vnc_sensory,SNpp,ProCN,L,chordotonal organ,"LCN, Gorko Nature 2024",,proprio,cls,co_unclassified,not_leg:ProCN,high,lm,0.303,0.423,392
822523,SNpp51,mechanosensory_proprioceptive,vnc_sensory,SNpp,MetaLN,R,chordotonal organ,,rh,proprio,cls,claw_51,annotated,high,rh,0.94,0.963,381
822551,LgLG1a,gustatory,vnc_sensory,LgLG,MetaLN,R,leg bristle,,rh,gustatory,cls,,annotated,high,rh,0.404,0.485,393
822562,SNxx20,unknown_sensory,vnc_sensory,SNxx,AbN3,R,abdomen,,,unknown,none,,not_leg:AbN3,high,lh,0.571,0.885,148
822566,SNxxxx,unknown_sensory,vnc_sensory,SNxxxx,ProLN,R,leg,,rf,unknown,none,,annotated,high,,0.0,0.0,0
822614,SNppxx,mechanosensory_proprioceptive,vnc_sensory,SNppxx,VProN,R,leg,,rf,proprio,cls,untyped,annotated,medium,rf,0.962,0.962,130
822625,SNxx33,unknown_sensory,vnc_sensory,SNxx,MesoLN,L,leg,,lm,unknown,none,,annotated,high,lm,0.642,0.694,49
822639,SNta37,mechanosensory_tactile,vnc_sensory,SNta,MetaLN,L,leg,,lh,tactile,cls,,annotated,high,lh,0.603,0.662,95
822689,SNta42,mechanosensory_tactile,vnc_sensory,SNta,MetaLN,R,mechanosensory bristle,,rh,tactile,cls,,annotated,high,rh,0.797,0.831,216
822703,SNta31,mechanosensory_tactile,vnc_sensory,SNta,MetaLN,L,mechanosensory bristle,,lh,tactile,cls,,annotated,high,lh,0.636,0.742,213
822725,SNxx20,unknown_sensory,vnc_sensory,SNxx,AbN4,R,abdomen,,,unknown,none,,not_leg:AbN4,high,lh,0.442,0.88,132
822728,SNch10,,vnc_sensory,SNch,MetaLN,R,taste bristle,,rh,chemo,type,,annotated,high,rh,0.686,0.819,65
822736,SNta40,unknown_sensory,vnc_sensory,SNta,ProLN,R,mechanosensory bristle,,rf,tactile,type,,annotated,high,rf,0.896,0.957,7
822741,SNta37,mechanosensory_tactile,vnc_sensory,SNta,MesoLN,R,mechanosensory bristle,,rm,tactile,cls,,annotated,high,rm,0.913,0.923,107
822745,SNxx33,unknown_sensory,vnc_sensory,SNxx,MetaLN,R,leg,,rh,unknown,none,,annotated,high,rh,0.788,0.864,204
822772,SNch10,,vnc_sensory,SNch,MetaLN,R,taste bristle,,rh,chemo,type,,annotated,high,rh,0.574,0.71,238
822777,LgLG2,gustatory,vnc_sensory,LgLG,MetaLN,R,leg bristle,,rh,gustatory,cls,,annotated,high,rm,0.308,0.48,106
822784,LgLG2,gustatory,vnc_sensory,LgLG,MesoLN,R,leg bristle,,rm,gustatory,cls,,annotated,high,rm,0.378,0.545,173
822797,SNta42,mechanosensory_tactile,vnc_sensory,SNta,MetaLN,R,mechanosensory bristle,,rh,tactile,cls,,annotated,high,rh,0.659,0.749,345
822804,SNta42,mechanosensory_tactile,vnc_sensory,SNta,MesoLN,L,mechanosensory bristle,,lm,tactile,cls,,annotated,high,lm,0.659,0.694,102
822812,LgLG3,gustatory,vnc_sensory,LgLG,ProLN,R,leg bristle,,rf,gustatory,cls,,annotated,medium,rm,0.416,0.499,49
822832,LgLG2,gustatory,vnc_sensory,LgLG,MesoLN,L,leg bristle,,lm,gustatory,cls,,annotated,high,rm,0.246,0.446,91
822850,SNta20,mechanosensory_tactile,vnc_sensory,SNta,MesoLN,L,leg,,lm,tactile,cls,,annotated,high,lm,0.682,0.717,146
822889,SNta32,mechanosensory_tactile,vnc_sensory,SNta,MetaLN,R,mechanosensory bristle,,rh,tactile,cls,,annotated,high,rh,0.926,0.939,35
822959,SNxx05,unknown_sensory,vnc_sensory,SNxx,AbN4,L,abdomen,,,unknown,none,,not_leg:AbN4,high,lm,0.586,0.638,24
822975,SNpp51,mechanosensory_proprioceptive,vnc_sensory,SNpp,MetaLN,R,chordotonal organ,FeCO claw,rh,proprio,cls,claw_51,annotated,high,rh,0.969,0.993,300
822976,LgLG1b,gustatory,vnc_sensory,LgLG,ProLN,L,leg bristle,,lf,gustatory,cls,,annotated,high,lm,0.299,0.482,84
822982,SNta42,mechanosensory_tactile,vnc_sensory,SNta,MesoLN,R,mechanosensory bristle,,rm,tactile,cls,,annotated,high,rm,0.755,0.788,134
822985,SNch10,chemosensory,vnc_sensory,SNch,ProLN,L,leg,,lf,chemo,cls,,annotated,high,lf,0.579,0.656,21
823005,SNta44,unknown_sensory,vnc_sensory,SNta,ProLN,L,mechanosensory bristle,,lf,tactile,type,,annotated,medium,lm,0.45,0.461,9
823014,SNta29,unknown_sensory,vnc_sensory,SNta,ProLN,R,mechanosensory bristle,,rf,tactile,type,,annotated,high,rf,0.81,0.893,13
823027,LgLG1a,gustatory,vnc_sensory,LgLG,MetaLN,L,leg bristle,,lh,gustatory,cls,,annotated,high,lh,0.25,0.434,240
823059,SNta41,mechanosensory_tactile,vnc_sensory,SNta,ProLN,R,mechanosensory bristle,,rf,tactile,cls,,annotated,medium,rm,1.0,1.0,10
823060,SNxx01,unknown_sensory,vnc_sensory,SNxx,AbN4,L,abdomen,,,unknown,none,,not_leg:AbN4,high,lm,0.441,0.524,64
823065,SNta44,unknown_sensory,vnc_sensory,SNta,MetaLN,R,leg,,rh,tactile,type,,annotated,high,rh,0.629,0.913,150
823067,SNta42,mechanosensory_tactile,vnc_sensory,SNta,MetaLN,R,mechanosensory bristle,,rh,tactile,cls,,annotated,high,rh,0.749,0.791,109
823075,SNta41,unknown_sensory,vnc_sensory,SNta,ProLN,R,mechanosensory bristle,,rf,tactile,type,,annotated,high,rf,0.684,0.684,5
823088,LgLG3,gustatory,vnc_sensory,LgLG,MesoLN,L,leg bristle,,lm,gustatory,cls,,annotated,high,lh,0.362,0.432,71
823116,LgLG1a,gustatory,vnc_sensory,LgLG,MesoLN,L,leg bristle,,lm,gustatory,cls,,annotated,high,lm,0.341,0.555,132
823124,SNta38,mechanosensory_tactile,vnc_sensory,SNta,MetaLN,L,leg,,lh,tactile,cls,,annotated,high,lh,0.732,0.831,66
823147,SNta34,mechanosensory_tactile,vnc_sensory,SNta,MetaLN,L,mechanosensory bristle,,lh,tactile,cls,,annotated,high,lh,0.756,0.796,101
823153,SNppxx,mechanosensory_proprioceptive,vnc_sensory,SNppxx,MetaLN,L,leg,,lh,proprio,cls,untyped,annotated,medium,rh,0.893,0.926,551
823161,SNta45,mechanosensory_tactile,vnc_sensory,SNta,MetaLN,L,mechanosensory bristle,,lh,tactile,cls,,annotated,high,lh,0.936,0.955,22
823172,SNxxxx,unknown_sensory,vnc_sensory,SNxxxx,MetaLN,L,leg,,lh,unknown,none,,annotated,high,lh,0.874,0.887,22
823205,SNch10,,vnc_sensory,SNch,MetaLN,L,taste bristle,,lh,chemo,type,,annotated,high,lh,0.549,0.65,147
823209,SNch10,chemosensory,vnc_sensory,SNch,ProLN,L,leg,,lf,chemo,cls,,annotated,high,lf,0.563,0.745,39
823246,SNta28,mechanosensory_tactile,vnc_sensory,SNta,MetaLN,R,mechanosensory bristle,,rh,tactile,cls,,annotated,high,rh,0.939,0.971,126
823262,SNch10,,vnc_sensory,SNch,MetaLN,R,taste bristle,,rh,chemo,type,,annotated,high,rh,0.539,0.825,97
823263,SNta37,mechanosensory_tactile,vnc_sensory,SNta,MetaLN,L,mechanosensory bristle,,lh,tactile,cls,,annotated,high,lh,0.775,0.832,61
823267,SNpp60,mechanosensory_proprioceptive,vnc_sensory,SNpp,MesoLN,R,chordotonal organ,,rm,proprio,cls,club,annotated,high,rm,0.296,0.406,203
823271,"SNta04,SNta11",mechanosensory_tactile,vnc_sensory,SNta,ADMN,L,mechanosensory bristle,,,tactile,cls,,not_leg:ADMN,high,lm,0.282,0.403,28
823278,LgLG1a,gustatory,vnc_sensory,LgLG,ProLN,R,leg bristle,,rf,gustatory,cls,,annotated,high,rm,0.365,0.617,40
823332,SNppxx,mechanosensory_proprioceptive,vnc_sensory,SNppxx,MetaLN,L,leg,,lh,proprio,cls,untyped,annotated,medium,rh,0.854,0.889,395
823345,SNta32,mechanosensory_tactile,vnc_sensory,SNta,MetaLN,L,mechanosensory bristle,,lh,tactile,cls,,annotated,high,lh,0.812,0.831,56
823347,SNpp39,mechanosensory_proprioceptive,vnc_sensory,SNpp,MetaLN,R,chordotonal organ,,rh,proprio,cls,hook_39,annotated,high,rh,0.723,0.735,219
823361,LgLG2,gustatory,vnc_sensory,LgLG,MesoLN,L,leg bristle,,lm,gustatory,cls,,annotated,high,lf,0.281,0.361,46
823399,LgLG2,gustatory,vnc_sensory,LgLG,MesoLN,L,leg bristle,,lm,gustatory,cls,,annotated,high,rm,0.268,0.481,78
823433,SAxx01,unknown_sensory,sensory_ascending,SAxx,AbN4,L,abdomen,,,unknown,none,,not_leg:AbN4,high,rh,0.496,0.973,311
823459,SNta29,mechanosensory_tactile,vnc_sensory,SNta,MesoLN,L,leg,,lm,tactile,cls,,annotated,high,lm,0.633,0.652,43
823479,SNta40,mechanosensory_tactile,vnc_sensory,SNta,MetaLN,L,mechanosensory bristle,,lh,tactile,cls,,annotated,high,lh,0.651,0.718,110
823510,SNta43,mechanosensory_tactile,vnc_sensory,SNta,ProLN,L,mechanosensory bristle,,lf,tactile,cls,,annotated,high,lf,0.568,0.822,37
823555,LgLG1a,gustatory,vnc_sensory,LgLG,ProLN,R,leg bristle,,rf,gustatory,cls,,annotated,high,rm,0.349,0.559,67
823557,SNta37,mechanosensory_tactile,vnc_sensory,SNta,MesoLN,R,mechanosensory bristle,,rm,tactile,cls,,annotated,high,rm,0.74,0.76,72
823594,SNta39,mechanosensory_tactile,vnc_sensory,SNta,ProLN,L,mechanosensory bristle,,lf,tactile,cls,,annotated,medium,lm,0.515,0.526,16
823598,SNch10,,vnc_sensory,SNch,MetaLN,L,taste bristle,,lh,chemo,type,,annotated,high,lh,0.604,0.714,183
823628,SNta40,unknown_sensory,vnc_sensory,SNta,MetaLN,R,mechanosensory bristle,,rh,tactile,type,,annotated,high,rh,0.766,0.778,52
823637,SNxx03,unknown_sensory,vnc_sensory,SNxx,AbN3,L,abdomen,,,unknown,none,,not_leg:AbN3,high,lh,0.352,0.556,370
823645,SNta38,mechanosensory_tactile,vnc_sensory,SNta,MetaLN,L,mechanosensory bristle,,lh,tactile,cls,,annotated,high,lh,0.818,0.93,193
823727,SNta29,mechanosensory_tactile,vnc_sensory,SNta,ProLN,L,mechanosensory bristle,,lf,tactile,cls,,annotated,high,lf,0.731,0.74,38
823728,LgLG1b,gustatory,vnc_sensory,LgLG,MetaLN,L,leg bristle,,lh,gustatory,cls,,annotated,high,lm,0.301,0.454,246
823785,SNtaxx,mechanosensory_tactile,vnc_sensory,SNtaxx,MetaLN,L,leg,,lh,tactile,cls,,annotated,high,lh,0.941,1.0,66
823799,SNta21,mechanosensory_tactile,vnc_sensory,SNta,MetaLN,L,mechanosensory bristle,,lh,tactile,cls,,annotated,high,lh,0.904,0.96,77
823825,SNch10,chemosensory,vnc_sensory,SNch,ProLN,R,leg,,rf,chemo,cls,,annotated,high,,0.0,0.0,0
823827,SNpp43,mechanosensory_proprioceptive,vnc_sensory,SNpp,ProLN,R,leg,,rf,proprio,cls,club,annotated,high,,0.0,0.0,0
823857,SNta20,mechanosensory_tactile,vnc_sensory,SNta,MetaLN,L,mechanosensory bristle,,lh,tactile,cls,,annotated,high,lh,0.706,0.723,77
823869,SNch10,,vnc_sensory,SNch,MetaLN,L,taste bristle,,lh,chemo,type,,annotated,high,lh,0.63,0.746,100
823888,SNta20,mechanosensory_tactile,vnc_sensory,SNta,MetaLN,L,mechanosensory bristle,,lh,tactile,cls,,annotated,high,lh,0.662,0.706,56
823890,SNta29,mechanosensory_tactile,vnc_sensory,SNta,MesoLN,L,mechanosensory bristle,,lm,tactile,cls,,annotated,high,lm,0.844,0.861,56
823893,SNppxx,mechanosensory_proprioceptive,vnc_sensory,SNppxx,MetaLN,R,leg,,rh,proprio,cls,untyped,annotated,high,rh,0.923,0.939,852
823908,SNxxxx,unknown_sensory,vnc_sensory,SNxxxx,ProLN,L,leg,,lf,unknown,none,,annotated,high,lf,0.461,0.776,5
823935,SNpp51,mechanosensory_proprioceptive,vnc_sensory,SNpp,MesoLN,R,chordotonal organ,,rm,proprio,cls,claw_51,annotated,high,rm,0.892,0.901,125
823944,SNta21,mechanosensory_tactile,vnc_sensory,SNta,MesoLN,R,mechanosensory bristle,,rm,tactile,cls,,annotated,high,rm,0.926,0.952,220
823949,LgLG1b,gustatory,vnc_sensory,LgLG,ProLN,L,leg bristle,,lf,gustatory,cls,,annotated,high,lm,0.336,0.465,161
823972,SNpp22,mechanosensory_proprioceptive,vnc_sensory,SNpp,ProCN,L,chordotonal organ,"MNC, Gorko Nature 2024",,proprio,cls,co_unclassified,not_leg:ProCN,high,lh,0.482,0.593,74
824034,SNch10,,vnc_sensory,SNch,MetaLN,L,taste bristle,,lh,chemo,type,,annotated,high,lh,0.696,0.804,157
824042,SNta39,mechanosensory_tactile,vnc_sensory,SNta,MetaLN,R,mechanosensory bristle,,rh,tactile,cls,,annotated,high,rh,0.956,0.975,205
824059,SNta29,mechanosensory_tactile,vnc_sensory,SNta,MesoLN,L,mechanosensory bristle,,lm,tactile,cls,,annotated,high,lm,0.738,0.766,107
824061,SNxx25,unknown_sensory,vnc_sensory,SNxx,DMetaN,R,haltere,,,unknown,none,,not_leg:DMetaN,high,rh,0.401,0.715,171
824066,SNppxx,unknown_sensory,vnc_sensory,SNppxx,MesoLN,L,leg,,lm,proprio,type,untyped,annotated,high,lm,0.956,0.966,21
824107,SNpp41,mechanosensory_proprioceptive,vnc_sensory,SNpp,MetaLN,R,chordotonal organ,,rh,proprio,cls,hook_41,annotated,medium,lh,0.613,0.807,198
824111,SNpp55,mechanosensory_proprioceptive,vnc_sensory,SNpp,MetaLN,L,leg,,lh,proprio,cls,untyped,annotated,high,lh,0.367,0.529,285
824112,SNta31,mechanosensory_tactile,vnc_sensory,SNta,MesoLN,R,mechanosensory bristle,,rm,tactile,cls,,annotated,high,rm,0.817,0.834,24
824119,SNxxxx,unknown_sensory,vnc_sensory,SNxxxx,MetaLN,R,leg,,rh,unknown,none,,annotated,high,rh,0.928,0.939,50
824124,SNta38,mechanosensory_tactile,vnc_sensory,SNta,MetaLN,R,mechanosensory bristle,,rh,tactile,cls,,annotated,high,rh,0.902,0.983,28
824134,SNta39,mechanosensory_tactile,vnc_sensory,SNta,ProLN,L,mechanosensory bristle,,lf,tactile,cls,,annotated,medium,lm,0.515,0.526,16
824165,SNta28,mechanosensory_tactile,vnc_sensory,SNta,MetaLN,R,mechanosensory bristle,,rh,tactile,cls,,annotated,high,rh,0.938,0.962,108
824226,SNch10,chemosensory,vnc_sensory,SNch,ProLN,R,leg,,rf,chemo,cls,,annotated,medium,rm,0.639,0.675,16
824232,SNta37,mechanosensory_tactile,vnc_sensory,SNta,MesoLN,L,mechanosensory bristle,,lm,tactile,cls,,annotated,high,lm,0.9,0.913,57
824235,SNta36,mechanosensory_tactile,vnc_sensory,SNta,MetaLN,R,mechanosensory bristle,,rh,tactile,cls,,annotated,high,rh,0.798,0.843,234
824237,SNta30,unknown_sensory,vnc_sensory,SNta,ProLN,R,mechanosensory bristle,,rf,tactile,type,,annotated,high,rf,0.822,0.901,15
824254,SNpp43,mechanosensory_proprioceptive,vnc_sensory,SNpp,MetaLN,L,chordotonal organ,,lh,proprio,cls,club,annotated,high,lh,0.796,0.81,27
824258,LgLG1a,gustatory,vnc_sensory,LgLG,MesoLN,L,leg bristle,,lm,gustatory,cls,,annotated,high,lm,0.389,0.578,65
824273,SNpp52,mechanosensory_proprioceptive,vnc_sensory,SNpp,MetaLN,R,hair plate,,rh,proprio,cls,hair_plate_52,annotated,high,rh,0.825,0.838,833
824288,SNta32,mechanosensory_tactile,vnc_sensory,SNta,ProLN,R,mechanosensory bristle,,rf,tactile,cls,,annotated,high,rf,1.0,1.0,5
824303,SNxxxx,unknown_sensory,vnc_sensory,SNxxxx,ProLN,R,leg,,rf,unknown,none,,annotated,high,,0.0,0.0,0
824332,SNpp60,mechanosensory_proprioceptive,vnc_sensory,SNpp,MesoLN,L,chordotonal organ,,lm,proprio,cls,club,annotated,high,lm,0.504,0.557,143
824336,SNppxx,mechanosensory_proprioceptive,vnc_sensory,SNppxx,MesoLN,R,leg,,rm,proprio,cls,untyped,annotated,high,rm,0.901,0.916,63
824367,SNpp43,mechanosensory_proprioceptive,vnc_sensory,SNpp,MesoLN,R,chordotonal organ,,rm,proprio,cls,club,annotated,high,rm,0.75,0.819,82
824405,SNch10,chemosensory,vnc_sensory,SNch,ProLN,R,leg,,rf,chemo,cls,,annotated,medium,rm,0.733,0.733,6
824431,SNpp51,mechanosensory_proprioceptive,vnc_sensory,SNpp,MesoLN,L,chordotonal organ,,lm,proprio,cls,claw_51,annotated,high,lm,0.985,0.989,325
824447,SNxx03,unknown_sensory,vnc_sensory,SNxx,AbN4,L,abdomen,,,unknown,none,,not_leg:AbN4,high,lm,0.498,0.617,59
824470,SNta43,mechanosensory_tactile,vnc_sensory,SNta,MetaLN,R,mechanosensory bristle,,rh,tactile,cls,,annotated,high,rh,0.847,0.899,91
824477,SNxxxx,unknown_sensory,vnc_sensory,SNxxxx,ProLN,R,leg,,rf,unknown,none,,annotated,high,,0.0,0.0,0
824526,SNta42,mechanosensory_tactile,vnc_sensory,SNta,MesoLN,L,mechanosensory bristle,,lm,tactile,cls,,annotated,high,lm,0.779,0.806,182
824527,SNta23,mechanosensory_tactile,vnc_sensory,SNta,MetaLN,R,mechanosensory bristle,,rh,tactile,cls,,annotated,high,rh,0.689,0.737,118
824535,SNxxxx,unknown_sensory,vnc_sensory,SNxxxx,MetaLN,L,leg,,lh,unknown,none,,annotated,high,lh,0.824,0.882,14
824556,LgLG2,gustatory,vnc_sensory,LgLG,MetaLN,R,leg bristle,,rh,gustatory,cls,,annotated,medium,rm,0.469,0.555,30
824567,SNta35,mechanosensory_tactile,vnc_sensory,SNta,MesoLN,R,mechanosensory bristle,,rm,tactile,cls,,annotated,high,rm,0.619,0.653,99
824577,SNta20,mechanosensory_tactile,vnc_sensory,SNta,MetaLN,R,mechanosensory bristle,,rh,tactile,cls,,annotated,high,rh,0.655,0.699,91
824609,SNxx33,unknown_sensory,vnc_sensory,SNxx,MesoLN,L,leg,,lm,unknown,none,,annotated,high,lm,0.98,0.981,20
824616,LgLG3,gustatory,vnc_sensory,LgLG,MesoLN,L,leg bristle,,lm,gustatory,cls,,annotated,high,lm,0.661,0.736,100
824691,SNxx33,unknown_sensory,vnc_sensory,SNxx,MesoLN,L,leg,,lm,unknown,none,,annotated,high,lm,0.878,0.904,299
824696,SNta41,mechanosensory_tactile,vnc_sensory,SNta,ProLN,R,mechanosensory bristle,,rf,tactile,cls,,annotated,medium,rm,0.425,0.458,40
824702,SNta31,mechanosensory_tactile,vnc_sensory,SNta,MesoLN,R,leg,,rm,tactile,cls,,annotated,high,rm,0.805,0.829,140
824706,SNta20,mechanosensory_tactile,vnc_sensory,SNta,MetaLN,L,mechanosensory bristle,,lh,tactile,cls,,annotated,high,lh,0.788,0.82,286
824710,LgLG2,gustatory,vnc_sensory,LgLG,ProLN,L,leg bristle,,lf,gustatory,cls,,annotated,high,rm,0.29,0.514,159
824738,SNta23,mechanosensory_tactile,vnc_sensory,SNta,MesoLN,R,mechanosensory bristle,,rm,tactile,cls,,annotated,high,rm,0.809,0.829,139
824758,SNta25,mechanosensory_tactile,vnc_sensory,SNta,MesoLN,R,mechanosensory bristle,,rm,tactile,cls,,annotated,high,rm,0.869,0.92,30
824777,SNxx03,unknown_sensory,vnc_sensory,SNxx,AbN3,R,abdomen,,,unknown,none,,not_leg:AbN3,high,,0.0,0.0,0
824789,SNta39,mechanosensory_tactile,vnc_sensory,SNta,MetaLN,R,mechanosensory bristle,,rh,tactile,cls,,annotated,high,rh,0.825,0.882,52
824814,SNta41,mechanosensory_tactile,vnc_sensory,SNta,ProLN,L,mechanosensory bristle,,lf,tactile,cls,,annotated,high,lf,0.979,0.987,32
824848,SNxxxx,gustatory,vnc_sensory,SNxxxx,ProLN,R,leg bristle,,rf,gustatory,cls,,annotated,high,rm,0.29,0.489,54
824864,LgLG3,gustatory,vnc_sensory,LgLG,MetaLN,L,leg bristle,,lh,gustatory,cls,,annotated,high,lm,0.39,0.505,68
824903,SNta31,mechanosensory_tactile,vnc_sensory,SNta,MetaLN,L,mechanosensory bristle,,lh,tactile,cls,,annotated,high,lh,0.573,0.647,138
824909,SNta30,unknown_sensory,vnc_sensory,SNta,ProLN,R,mechanosensory bristle,,rf,tactile,type,,annotated,high,rf,0.896,0.957,5
824934,LgLG1a,gustatory,vnc_sensory,LgLG,ProLN,L,leg bristle,,lf,gustatory,cls,,annotated,high,lm,0.301,0.503,148
824940,SNpp50,mechanosensory_proprioceptive,vnc_sensory,SNpp,MesoLN,R,chordotonal organ,,rm,proprio,cls,claw_50,annotated,high,rm,0.966,0.968,241
824966,SNxxxx,mechanosensory_tactile,vnc_sensory,SNxxxx,ProLN,L,leg,,lf,tactile,cls,,annotated,high,lf,0.825,0.828,33
825043,SNta29,mechanosensory_tactile,vnc_sensory,SNta,MesoLN,R,mechanosensory bristle,,rm,tactile,cls,,annotated,high,rm,0.834,0.874,72
825066,SNxx03,unknown_sensory,vnc_sensory,SNxx,AbN4,L,abdomen,,,unknown,none,,not_leg:AbN4,high,rm,0.286,0.511,6
825098,LgLG2,gustatory,vnc_sensory,LgLG,MetaLN,R,leg bristle,,rh,gustatory,cls,,annotated,high,rh,0.299,0.436,116
825122,SNta40,unknown_sensory,vnc_sensory,SNta,ProLN,R,mechanosensory bristle,,rf,tactile,type,,annotated,high,rf,0.537,0.591,32
825171,SNta30,unknown_sensory,vnc_sensory,SNta,ProLN,R,mechanosensory bristle,,rf,tactile,type,,annotated,high,rf,0.474,0.541,12
825175,LgLG2,gustatory,vnc_sensory,LgLG,MetaLN,R,leg bristle,,rh,gustatory,cls,,annotated,high,rm,0.3,0.456,178
825184,SNch10,,vnc_sensory,SNch,MetaLN,L,taste bristle,,lh,chemo,type,,annotated,high,lh,0.645,0.765,216
825192,SNta20,mechanosensory_tactile,vnc_sensory,SNta,MetaLN,L,mechanosensory bristle,,lh,tactile,cls,,annotated,high,lh,0.598,0.641,92
825237,SNta29,mechanosensory_tactile,vnc_sensory,SNta,MetaLN,L,mechanosensory bristle,,lh,tactile,cls,,annotated,high,lh,0.738,0.843,121
825244,SNta34,mechanosensory_tactile,vnc_sensory,SNta,MesoLN,L,mechanosensory bristle,,lm,tactile,cls,,annotated,high,lm,0.884,0.913,32
825254,SNta29,unknown_sensory,vnc_sensory,SNta,ProLN,L,mechanosensory bristle,,lf,tactile,type,,annotated,high,lf,0.908,0.929,35
825265,SNta40,mechanosensory_tactile,vnc_sensory,SNta,MetaLN,L,mechanosensory bristle,,lh,tactile,cls,,annotated,high,lh,0.66,0.713,129
825267,SNta21,mechanosensory_tactile,vnc_sensory,SNta,MesoLN,L,mechanosensory bristle,,lm,tactile,cls,,annotated,high,lm,0.89,0.921,44
825276,SNxx03,unknown_sensory,vnc_sensory,SNxx,AbN3,R,abdomen,,,unknown,none,,not_leg:AbN3,high,rh,0.385,0.557,17
825288,SNxxxx,unknown_sensory,vnc_sensory,SNxxxx,ProLN,R,leg,,rf,unknown,none,,annotated,high,rf,0.896,0.957,6
825311,SNta38,mechanosensory_tactile,vnc_sensory,SNta,MetaLN,L,mechanosensory bristle,,lh,tactile,cls,,annotated,high,lh,0.708,0.968,17
825347,SNpp52,mechanosensory_proprioceptive,vnc_sensory,SNpp,MesoLN,R,leg,,rm,proprio,cls,hair_plate_52,annotated,high,rm,0.706,0.706,17
825350,SNppxx,mechanosensory_proprioceptive,vnc_sensory,SNppxx,MetaLN,L,leg,,lh,proprio,cls,untyped,annotated,high,lh,0.592,0.842,235
825386,SNta25,mechanosensory_tactile,vnc_sensory,SNta,MesoLN,R,leg,,rm,tactile,cls,,annotated,high,rm,0.664,0.718,38
825395,SNta37,mechanosensory_tactile,vnc_sensory,SNta,MetaLN,L,leg,,lh,tactile,cls,,annotated,high,lh,0.841,0.875,60
825410,SNta40,mechanosensory_tactile,vnc_sensory,SNta,MetaLN,L,mechanosensory bristle,,lh,tactile,cls,,annotated,high,lh,0.816,0.869,105
825411,LgLG1b,gustatory,vnc_sensory,LgLG,MesoLN,L,leg bristle,,lm,gustatory,cls,,annotated,high,lm,0.327,0.427,78
825425,SNta31,mechanosensory_tactile,vnc_sensory,SNta,MesoLN,R,leg,,rm,tactile,cls,,annotated,high,rm,0.705,0.747,115
825426,SNta25,mechanosensory_tactile,vnc_sensory,SNta,MesoLN,L,mechanosensory bristle,,lm,tactile,cls,,annotated,high,lm,0.871,0.934,34
825449,SNpp47,mechanosensory_proprioceptive,vnc_sensory,SNpp,MesoLN,R,chordotonal organ,,rm,proprio,cls,club,annotated,high,rm,0.605,0.854,114
825461,LgLG1a,gustatory,vnc_sensory,LgLG,MesoLN,L,leg bristle,,lm,gustatory,cls,,annotated,high,lm,0.379,0.576,52
825486,SNta29,mechanosensory_tactile,vnc_sensory,SNta,MesoLN,L,mechanosensory bristle,,lm,tactile,cls,,annotated,high,lm,0.712,0.747,119
825524,LgLG4,gustatory,vnc_sensory,LgLG,MesoLN,R,leg bristle,,rm,gustatory,cls,,annotated,high,rm,0.722,0.742,195
825532,SNta41,mechanosensory_tactile,vnc_sensory,SNta,ProLN,L,mechanosensory bristle,,lf,tactile,cls,,annotated,high,lf,0.807,0.85,142
825541,SNta42,mechanosensory_tactile,vnc_sensory,SNta,MesoLN,R,mechanosensory bristle,,rm,tactile,cls,,annotated,high,rm,0.775,0.803,163
825552,SNxx03,unknown_sensory,vnc_sensory,SNxx,AbN3,R,abdomen,,,unknown,none,,not_leg:AbN3,high,rh,0.419,0.541,5
825555,LgLG2,gustatory,vnc_sensory,LgLG,ProLN,R,leg bristle,,rf,gustatory,cls,,annotated,high,rm,0.322,0.509,116
825572,SNta20,mechanosensory_tactile,vnc_sensory,SNta,ProLN,R,mechanosensory bristle,,rf,tactile,cls,,annotated,high,rf,0.604,0.701,110
825601,SNxx03,unknown_sensory,vnc_sensory,SNxx,AbN3,R,abdomen,,,unknown,none,,not_leg:AbN3,high,rh,0.597,0.768,5
825637,SNta42,mechanosensory_tactile,vnc_sensory,SNta,MetaLN,L,mechanosensory bristle,,lh,tactile,cls,,annotated,high,lh,0.677,0.732,251
825650,SNta29,unknown_sensory,vnc_sensory,SNta,ProLN,L,mechanosensory bristle,,lf,tactile,type,,annotated,high,lf,0.935,0.943,18
825671,SNxxxx,unknown_sensory,vnc_sensory,SNxxxx,ProLN,R,leg,,rf,unknown,none,,annotated,high,,0.0,0.0,0
825688,SNta37,mechanosensory_tactile,vnc_sensory,SNta,MetaLN,L,leg,,lh,tactile,cls,,annotated,high,lh,0.774,0.825,59
825714,SNta37,mechanosensory_tactile,vnc_sensory,SNta,MetaLN,R,mechanosensory bristle,,rh,tactile,cls,,annotated,high,rh,0.751,0.815,189
825725,SNta39,mechanosensory_tactile,vnc_sensory,SNta,MetaLN,L,mechanosensory bristle,,lh,tactile,cls,,annotated,high,lh,0.94,0.973,143
825736,SNta40,unknown_sensory,vnc_sensory,SNta,ProLN,L,mechanosensory bristle,,lf,tactile,type,,annotated,high,lf,0.854,0.878,12
825749,SNpp47,mechanosensory_proprioceptive,vnc_sensory,SNpp,MetaLN,L,chordotonal organ,,lh,proprio,cls,club,annotated,high,lh,0.662,0.723,198
825771,SNta32,mechanosensory_tactile,vnc_sensory,SNta,ProLN,R,mechanosensory bristle,,rf,tactile,cls,,annotated,high,,0.0,0.0,0
825839,LgLG1b,gustatory,vnc_sensory,LgLG,MetaLN,L,leg bristle,,lh,gustatory,cls,,annotated,high,lm,0.392,0.566,74
825841,SNppxx,mechanosensory_proprioceptive,vnc_sensory,SNppxx,MesoLN,L,leg,,lm,proprio,cls,untyped,annotated,high,lm,0.903,0.921,160
825877,SNxxxx,unknown_sensory,vnc_sensory,SNxxxx,ProLN,L,leg,,lf,unknown,none,,annotated,high,,0.0,0.0,0
826036,SNxxxx,unknown_sensory,vnc_sensory,SNxxxx,ProLN,R,leg,,rf,unknown,none,,annotated,high,,0.0,0.0,0
826042,SNpp47,mechanosensory_proprioceptive,vnc_sensory,SNpp,ProLN,R,chordotonal organ,,rf,proprio,cls,club,annotated,high,rf,0.462,0.535,29
826044,SNta37,mechanosensory_tactile,vnc_sensory,SNta,MesoLN,R,mechanosensory bristle,,rm,tactile,cls,,annotated,high,rm,0.887,0.9,52
826051,"SNta28,SNta40",mechanosensory_tactile,vnc_sensory,SNta,MetaLN,L,leg,,lh,tactile,cls,,annotated,high,lh,0.663,0.728,220
826162,SNta38,mechanosensory_tactile,vnc_sensory,SNta,MetaLN,L,mechanosensory bristle,,lh,tactile,cls,,annotated,high,lh,0.821,0.985,126
826223,SNta31,mechanosensory_tactile,vnc_sensory,SNta,MesoLN,L,leg,,lm,tactile,cls,,annotated,high,lm,0.876,0.884,166
826233,LgLG3,gustatory,vnc_sensory,LgLG,ProLN,R,leg bristle,,rf,gustatory,cls,,annotated,medium,rm,0.422,0.501,24
826279,SNta20,mechanosensory_tactile,vnc_sensory,SNta,MetaLN,L,leg,,lh,tactile,cls,,annotated,high,lh,0.805,0.865,45
826290,SNxxxx,unknown_sensory,vnc_sensory,SNxxxx,ProLN,L,leg,,lf,unknown,none,,annotated,medium,lm,0.433,0.602,7
826307,LgLG2,gustatory,vnc_sensory,LgLG,ProLN,R,leg bristle,,rf,gustatory,cls,,annotated,high,,0.0,0.0,5
826324,SNpp51,mechanosensory_proprioceptive,vnc_sensory,SNpp,MetaLN,L,chordotonal organ,,lh,proprio,cls,claw_51,annotated,high,lh,0.916,0.951,320
826349,SNxx33,unknown_sensory,vnc_sensory,SNxx,MetaLN,L,leg,,lh,unknown,none,,annotated,high,lh,0.74,0.897,68
826362,SNxxxx,unknown_sensory,vnc_sensory,SNxxxx,ProLN,L,leg,,lf,unknown,none,,annotated,high,,0.0,0.0,0
826374,LgLG2,gustatory,vnc_sensory,LgLG,ProLN,R,leg bristle,,rf,gustatory,cls,,annotated,high,lm,0.27,0.503,20
826386,SNpp41,mechanosensory_proprioceptive,vnc_sensory,SNpp,MesoLN,R,chordotonal organ,,rm,proprio,cls,hook_41,annotated,high,rm,0.536,0.778,60
826414,SNxxxx,unknown_sensory,vnc_sensory,SNxxxx,ProLN,L,leg,,lf,unknown,none,,annotated,high,lf,0.923,0.963,5
826417,SNtaxx,mechanosensory_tactile,vnc_sensory,SNtaxx,MesoLN,R,leg,,rm,tactile,cls,,annotated,medium,rh,0.532,0.538,48
826448,SNxxxx,unknown_sensory,vnc_sensory,SNxxxx,ProLN,L,leg,,lf,unknown,none,,annotated,high,lf,0.694,0.694,14
826498,SNta40,unknown_sensory,vnc_sensory,SNta,ProLN,R,mechanosensory bristle,,rf,tactile,type,,annotated,high,rf,0.491,0.553,5
826503,SNch10,,vnc_sensory,SNch,ProLN,L,taste bristle,,lf,chemo,type,,annotated,medium,rf,0.536,0.73,29
826507,LgLG2,gustatory,vnc_sensory,LgLG,MetaLN,L,leg bristle,,lh,gustatory,cls,,annotated,high,rm,0.288,0.499,103
826548,SNta30,mechanosensory_tactile,vnc_sensory,SNta,ProLN,R,mechanosensory bristle,,rf,tactile,cls,,annotated,high,rf,0.333,0.374,66
826550,LgLG3,gustatory,vnc_sensory,LgLG,ProLN,R,leg bristle,,rf,gustatory,cls,,annotated,high,rh,0.397,0.489,38
826578,LgLG1b,gustatory,vnc_sensory,LgLG,ProLN,R,leg bristle,,rf,gustatory,cls,,annotated,high,rm,0.312,0.521,60
826592,SNta29,unknown_sensory,vnc_sensory,SNta,MetaLN,L,mechanosensory bristle,,lh,tactile,type,,annotated,high,lh,0.778,0.823,55
826631,SNta25,mechanosensory_tactile,vnc_sensory,SNta,MetaLN,L,mechanosensory bristle,,lh,tactile,cls,,annotated,high,lh,0.613,0.79,89
826659,SNta36,mechanosensory_tactile,vnc_sensory,SNta,MetaLN,L,mechanosensory bristle,,lh,tactile,cls,,annotated,high,lh,0.628,0.659,134
826697,SNta20,mechanosensory_tactile,vnc_sensory,SNta,MetaLN,R,mechanosensory bristle,,rh,tactile,cls,,annotated,high,rh,0.656,0.743,36
826699,SNta34,mechanosensory_tactile,vnc_sensory,SNta,MetaLN,R,mechanosensory bristle,,rh,tactile,cls,,annotated,high,rh,0.482,0.552,48
826735,SNta21,mechanosensory_tactile,vnc_sensory,SNta,MetaLN,R,mechanosensory bristle,,rh,tactile,cls,,annotated,high,rh,0.958,0.973,58
826813,SNta39,mechanosensory_tactile,vnc_sensory,SNta,MetaLN,R,leg,,rh,tactile,cls,,annotated,high,rh,0.991,0.993,52
826834,SNta20,mechanosensory_tactile,vnc_sensory,SNta,MetaLN,L,mechanosensory bristle,,lh,tactile,cls,,annotated,high,lh,0.695,0.75,55
826948,SNta45,mechanosensory_tactile,vnc_sensory,SNta,MesoLN,R,mechanosensory bristle,,rm,tactile,cls,,annotated,high,rm,0.916,0.968,60
826976,SNta21,mechanosensory_tactile,vnc_sensory,SNta,MetaLN,R,mechanosensory bristle,,rh,tactile,cls,,annotated,high,rh,0.983,0.992,44
827041,SNxx03,unknown_sensory,vnc_sensory,SNxx,AbN4,L,abdomen,,,unknown,none,,not_leg:AbN4,high,lm,0.609,0.687,90
827075,SNta21,mechanosensory_tactile,vnc_sensory,SNta,ProLN,R,mechanosensory bristle,,rf,tactile,cls,,annotated,high,,0.0,0.0,0
827110,SNta29,mechanosensory_tactile,vnc_sensory,SNta,MetaLN,R,mechanosensory bristle,,rh,tactile,cls,,annotated,high,rh,0.884,0.897,203
827154,LgLG4,gustatory,vnc_sensory,LgLG,MesoLN,L,leg bristle,,lm,gustatory,cls,,annotated,high,lm,0.854,0.854,125
827243,LgLG2,gustatory,vnc_sensory,LgLG,ProLN,L,leg bristle,,lf,gustatory,cls,,annotated,high,,0.0,0.0,0
827256,SNta41,unknown_sensory,vnc_sensory,SNta,ProLN,R,mechanosensory bristle,,rf,tactile,type,,annotated,medium,rm,0.574,0.596,24
827354,LgLG2,gustatory,vnc_sensory,LgLG,MetaLN,R,leg bristle,,rh,gustatory,cls,,annotated,high,rm,0.285,0.435,67
827367,SNppxx,unknown_sensory,vnc_sensory,SNppxx,MesoLN,L,leg,,lm,proprio,type,untyped,annotated,high,lm,0.903,0.903,15
827439,SNta27,mechanosensory_tactile,vnc_sensory,SNta,MetaLN,R,leg,,rh,tactile,cls,,annotated,high,rh,0.963,0.987,34
827446,LgLG3,gustatory,vnc_sensory,LgLG,ProLN,R,leg bristle,,rf,gustatory,cls,,annotated,medium,rh,0.4,0.463,81
827465,LgLG1a,gustatory,vnc_sensory,LgLG,MetaLN,L,leg bristle,,lh,gustatory,cls,,annotated,high,lh,0.363,0.482,95
827481,SNta37,mechanosensory_tactile,vnc_sensory,SNta,MesoLN,R,mechanosensory bristle,,rm,tactile,cls,,annotated,high,rm,0.924,0.941,87
827495,SNta34,mechanosensory_tactile,vnc_sensory,SNta,MetaLN,R,mechanosensory bristle,,rh,tactile,cls,,annotated,high,rh,0.492,0.57,153
827502,SNch10,,vnc_sensory,SNch,MetaLN,L,taste bristle,,lh,chemo,type,,annotated,high,lh,0.752,0.879,59
827571,SNta27,mechanosensory_tactile,vnc_sensory,SNta,MetaLN,R,mechanosensory bristle,,rh,tactile,cls,,annotated,high,rh,0.912,0.959,50
827671,SNta29,unknown_sensory,vnc_sensory,SNta,MetaLN,L,mechanosensory bristle,,lh,tactile,type,,annotated,high,lh,0.782,0.828,96
827678,SNch10,,vnc_sensory,SNch,MetaLN,L,taste bristle,,lh,chemo,type,,annotated,high,lh,0.668,0.789,121
827683,SNch10,,vnc_sensory,SNch,MetaLN,L,taste bristle,,lh,chemo,type,,annotated,high,lh,0.654,0.974,36
827712,SNta44,mechanosensory_tactile,vnc_sensory,SNta,MesoLN,L,mechanosensory bristle,,lm,tactile,cls,,annotated,high,lm,0.856,0.887,290
827735,SNpp52,mechanosensory_proprioceptive,vnc_sensory,SNpp,MesoLN,L,hair plate,,lm,proprio,cls,hair_plate_52,annotated,high,lm,0.845,0.88,15
827769,SNta19,mechanosensory_tactile,vnc_sensory,SNta,MesoLN,R,mechanosensory bristle,,rm,tactile,cls,,annotated,high,rm,0.644,0.708,184
827773,SNpp42,mechanosensory_proprioceptive,vnc_sensory,SNpp,MetaLN,L,chordotonal organ,,lh,proprio,cls,co_unclassified,annotated,high,lm,0.33,0.537,25
827839,SNta29,unknown_sensory,vnc_sensory,SNta,ProLN,L,mechanosensory bristle,,lf,tactile,type,,annotated,high,lf,0.913,0.939,25
827865,SNxx03,unknown_sensory,vnc_sensory,SNxx,AbN3,R,abdomen,,,unknown,none,,not_leg:AbN3,high,rm,0.449,0.479,28
827874,SNta21,mechanosensory_tactile,vnc_sensory,SNta,MesoLN,R,mechanosensory bristle,,rm,tactile,cls,,annotated,high,rm,0.874,0.888,75
827965,SNta41,unknown_sensory,vnc_sensory,SNta,ProLN,R,mechanosensory bristle,,rf,tactile,type,,annotated,high,,0.0,0.0,0
828028,SNta21,mechanosensory_tactile,vnc_sensory,SNta,MetaLN,R,mechanosensory bristle,,rh,tactile,cls,,annotated,high,rh,0.988,0.995,15
828046,SNta40,mechanosensory_tactile,vnc_sensory,SNta,ProLN,L,mechanosensory bristle,,lf,tactile,cls,,annotated,high,lf,0.835,0.975,30
828072,SNxxxx,unknown_sensory,vnc_sensory,SNxxxx,MetaLN,R,leg,,rh,unknown,none,,annotated,high,rh,1.0,1.0,27
828090,LgLG3,gustatory,vnc_sensory,LgLG,MetaLN,L,leg bristle,,lh,gustatory,cls,,annotated,high,lh,0.478,0.615,130
828126,SNch10,,vnc_sensory,SNch,MetaLN,R,taste bristle,,rh,chemo,type,,annotated,high,rh,0.78,0.854,87
828130,SNta29,mechanosensory_tactile,vnc_sensory,SNta,ProLN,R,mechanosensory bristle,,rf,tactile,cls,,annotated,high,rf,0.666,0.705,102
828160,SNta21,mechanosensory_tactile,vnc_sensory,SNta,ProLN,R,mechanosensory bristle,,rf,tactile,cls,,annotated,high,rf,1.0,1.0,7
828206,SNta37,mechanosensory_tactile,vnc_sensory,SNta,MesoLN,L,mechanosensory bristle,,lm,tactile,cls,,annotated,high,lm,0.938,0.944,60
828209,SNta21,mechanosensory_tactile,vnc_sensory,SNta,MetaLN,R,mechanosensory bristle,,rh,tactile,cls,,annotated,high,rh,0.956,0.969,174
828224,SNta28,mechanosensory_tactile,vnc_sensory,SNta,MetaLN,R,leg,,rh,tactile,cls,,annotated,high,rh,0.757,0.919,67
828294,SNta35,mechanosensory_tactile,vnc_sensory,SNta,MesoLN,L,leg,,lm,tactile,cls,,annotated,high,lm,0.789,0.801,126
828321,SNpp52,mechanosensory_proprioceptive,vnc_sensory,SNpp,DProN,L,hair plate,,lf,proprio,cls,hair_plate_52,annotated,medium,lf,0.938,0.945,731
828327,SNppxx,mechanosensory_proprioceptive,vnc_sensory,SNppxx,MetaLN,L,leg,,lh,proprio,cls,untyped,annotated,high,lh,0.774,0.8,61
828345,SNta29,mechanosensory_tactile,vnc_sensory,SNta,ProLN,L,mechanosensory bristle,,lf,tactile,cls,,annotated,high,lf,0.837,0.847,33
828384,SNta38,mechanosensory_tactile,vnc_sensory,SNta,MetaLN,R,mechanosensory bristle,,rh,tactile,cls,,annotated,high,rh,0.974,0.993,48
828434,SNpp50,mechanosensory_proprioceptive,vnc_sensory,SNpp,MetaLN,R,chordotonal organ,,rh,proprio,cls,claw_50,annotated,high,rh,1.0,1.0,55
828465,SNta37,mechanosensory_tactile,vnc_sensory,SNta,MetaLN,L,mechanosensory bristle,,lh,tactile,cls,,annotated,high,lh,0.933,0.94,12
828491,SNta43,mechanosensory_tactile,vnc_sensory,SNta,MetaLN,R,mechanosensory bristle,,rh,tactile,cls,,annotated,high,rh,0.575,0.699,323
828496,SNppxx,mechanosensory_proprioceptive,vnc_sensory,SNppxx,MesoLN,R,leg,,rm,proprio,cls,untyped,annotated,high,rm,0.981,0.986,187
828585,SNch05,gustatory,vnc_sensory,SNch,MetaLN,L,leg bristle,,lh,gustatory,cls,,annotated,high,lm,0.362,0.438,39
828600,SNta25,mechanosensory_tactile,vnc_sensory,SNta,MesoLN,R,leg,,rm,tactile,cls,,annotated,high,rm,0.705,0.749,35
828620,LgLG8,gustatory,vnc_sensory,LgLG,ProLN,R,leg bristle,,rf,gustatory,cls,,annotated,medium,lf,0.558,0.992,137
828643,SNta37,mechanosensory_tactile,vnc_sensory,SNta,MetaLN,R,mechanosensory bristle,,rh,tactile,cls,,annotated,high,rh,0.863,0.918,68
828667,SNpp59,mechanosensory_proprioceptive,vnc_sensory,SNpp,MetaLN,L,chordotonal organ,,lh,proprio,cls,club,annotated,high,lh,0.367,0.576,230
828689,SNpp52,mechanosensory_proprioceptive,vnc_sensory,SNpp,MesoLN,R,hair plate,,rm,proprio,cls,hair_plate_52,annotated,high,rm,0.87,0.873,107
828756,SNxxxx,unknown_sensory,vnc_sensory,SNxxxx,ProLN,R,leg,,rf,unknown,none,,annotated,high,,0.0,0.0,0
828787,SNxxxx,unknown_sensory,vnc_sensory,SNxxxx,MetaLN,R,leg,,rh,unknown,none,,annotated,high,rh,0.813,0.838,121
828811,SNpp51,mechanosensory_proprioceptive,vnc_sensory,SNpp,MesoLN,L,chordotonal organ,,lm,proprio,cls,claw_51,annotated,high,lm,0.961,0.969,105
828813,SNta21,mechanosensory_tactile,vnc_sensory,SNta,MetaLN,L,mechanosensory bristle,,lh,tactile,cls,,annotated,high,lh,0.844,0.889,72
828868,SNpp43,mechanosensory_proprioceptive,vnc_sensory,SNpp,MetaLN,L,chordotonal organ,,lh,proprio,cls,club,annotated,high,lh,0.757,0.812,102
828914,LgLG1a,gustatory,vnc_sensory,LgLG,MesoLN,R,leg bristle,,rm,gustatory,cls,,annotated,high,rm,0.635,0.741,94
828916,SNta27,mechanosensory_tactile,vnc_sensory,SNta,MetaLN,L,mechanosensory bristle,,lh,tactile,cls,,annotated,high,lh,0.939,0.96,49
828957,SNta43,mechanosensory_tactile,vnc_sensory,SNta,MetaLN,L,mechanosensory bristle,,lh,tactile,cls,,annotated,high,lh,0.885,0.989,138
828976,SNpp45,mechanosensory_proprioceptive,vnc_sensory,SNpp,MesoLN,L,hair plate,,lm,proprio,cls,hair_plate_45,annotated,high,lm,0.942,0.978,37
829017,LgLG1b,gustatory,vnc_sensory,LgLG,MetaLN,R,leg bristle,,rh,gustatory,cls,,annotated,high,rm,0.348,0.496,66
829120,LgLG8,gustatory,vnc_sensory,LgLG,ProLN,R,leg bristle,,rf,gustatory,cls,,annotated,medium,lf,0.408,0.792,134
829156,SNpp19,mechanosensory_proprioceptive,vnc_sensory,SNpp,PrN,R,hair plate,,,proprio,cls,hair_plate_xx,not_leg:PrN,high,rh,0.295,0.447,261
829170,SNxxxx,unknown_sensory,vnc_sensory,SNxxxx,ProLN,L,leg,,lf,unknown,none,,annotated,high,lf,1.0,1.0,5
829341,SNch10,,vnc_sensory,SNch,MetaLN,R,taste bristle,,rh,chemo,type,,annotated,high,rh,0.694,0.796,340
829346,SNta20,mechanosensory_tactile,vnc_sensory,SNta,MetaLN,R,mechanosensory bristle,,rh,tactile,cls,,annotated,high,rh,0.651,0.716,287
829377,SNpp52,mechanosensory_proprioceptive,vnc_sensory,SNpp,MesoLN,L,hair plate,,lm,proprio,cls,hair_plate_52,annotated,high,lm,0.754,0.785,53
829386,SNpp42,mechanosensory_proprioceptive,vnc_sensory,SNpp,MetaLN,L,chordotonal organ,,lh,proprio,cls,co_unclassified,annotated,medium,lm,0.446,0.648,280
829388,SNpp45,unknown_sensory,vnc_sensory,SNpp,MetaLN,R,leg,,rh,proprio,type,hair_plate_45,annotated,high,rh,0.917,0.943,40
829420,SNta29,unknown_sensory,vnc_sensory,SNta,ProLN,R,mechanosensory bristle,,rf,tactile,type,,annotated,high,rf,0.393,0.437,25
829451,SNta29,mechanosensory_tactile,vnc_sensory,SNta,MesoLN,L,mechanosensory bristle,,lm,tactile,cls,,annotated,high,lm,0.675,0.689,36
829493,"SNta27,SNta28",mechanosensory_tactile,vnc_sensory,SNta,MesoLN,L,mechanosensory bristle,,lm,tactile,cls,,annotated,high,lm,0.77,0.806,95
829504,SNppxx,mechanosensory_proprioceptive,vnc_sensory,SNppxx,MesoLN,L,leg,,lm,proprio,cls,untyped,annotated,high,lm,0.973,0.977,43
829514,SNta39,mechanosensory_tactile,vnc_sensory,SNta,MetaLN,R,mechanosensory bristle,,rh,tactile,cls,,annotated,high,rh,0.766,0.989,31
829538,SNta20,mechanosensory_tactile,vnc_sensory,SNta,MetaLN,L,leg,,lh,tactile,cls,,annotated,high,lh,0.567,0.587,46
829562,SNxx05,unknown_sensory,vnc_sensory,SNxx,AbN4,L,abdomen,,,unknown,none,,not_leg:AbN4,high,lm,0.67,0.7,22
829590,LgLG1b,gustatory,vnc_sensory,LgLG,MetaLN,R,leg bristle,,rh,gustatory,cls,,annotated,high,rm,0.269,0.453,138
829598,SNta29,unknown_sensory,vnc_sensory,SNta,MetaLN,L,mechanosensory bristle,,lh,tactile,type,,annotated,high,lh,0.787,0.82,39
829606,SNpp18,mechanosensory_proprioceptive,vnc_sensory,SNpp,ProCN,R,chordotonal organ,"LCN, Gorko Nature 2024",,proprio,cls,co_unclassified,not_leg:ProCN,high,rh,0.252,0.462,398
829608,SNta40,unknown_sensory,vnc_sensory,SNta,MetaLN,L,mechanosensory bristle,,lh,tactile,type,,annotated,high,lh,0.64,0.689,19
829673,LgLG3,gustatory,vnc_sensory,LgLG,ProLN,R,leg bristle,,rf,gustatory,cls,,annotated,medium,rh,0.413,0.478,48
829714,SNch10,,vnc_sensory,SNch,MetaLN,L,taste bristle,,lh,chemo,type,,annotated,high,lh,0.826,0.904,80
829777,SNta31,mechanosensory_tactile,vnc_sensory,SNta,MetaLN,L,mechanosensory bristle,,lh,tactile,cls,,annotated,high,lh,0.462,0.548,175
829784,SNppxx,mechanosensory_proprioceptive,vnc_sensory,SNppxx,MesoLN,L,leg,,lm,proprio,cls,untyped,annotated,high,lm,0.896,0.947,192
829830,SNxx33,unknown_sensory,vnc_sensory,SNxx,MetaLN,L,leg,,lh,unknown,none,,annotated,high,lh,0.736,0.875,297
829857,"SNta27,SNta28",mechanosensory_tactile,vnc_sensory,SNta,MesoLN,L,mechanosensory bristle,,lm,tactile,cls,,annotated,high,lm,0.863,0.871,109
829860,SNpp52,mechanosensory_proprioceptive,vnc_sensory,SNpp,MetaLN,L,hair plate,,lh,proprio,cls,hair_plate_52,annotated,high,lh,0.848,0.933,550
829872,SNpp50,mechanosensory_proprioceptive,vnc_sensory,SNpp,MesoLN,R,leg,,rm,proprio,cls,claw_50,annotated,high,rm,0.659,0.659,22
829880,SNta20,mechanosensory_tactile,vnc_sensory,SNta,MetaLN,L,mechanosensory bristle,,lh,tactile,cls,,annotated,high,lh,0.61,0.719,44
829902,SNta23,mechanosensory_tactile,vnc_sensory,SNta,MetaLN,L,leg,,lh,tactile,cls,,annotated,high,lh,0.438,0.529,75
829972,SNppxx,mechanosensory_proprioceptive,vnc_sensory,SNppxx,MesoLN,L,leg,,lm,proprio,cls,untyped,annotated,high,lm,0.42,0.491,25
830025,SNch10,,vnc_sensory,SNch,ProLN,R,taste bristle,,rf,chemo,type,,annotated,medium,lf,0.763,0.975,5
830051,LgLG2,gustatory,vnc_sensory,LgLG,ProLN,R,leg bristle,,rf,gustatory,cls,,annotated,high,lm,0.242,0.479,10
830133,SNta38,mechanosensory_tactile,vnc_sensory,SNta,MesoLN,R,mechanosensory bristle,,rm,tactile,cls,,annotated,high,rm,0.609,1.0,8
830333,SNch10,,vnc_sensory,SNch,MetaLN,L,taste bristle,,lh,chemo,type,,annotated,high,lh,0.634,0.746,121
830384,LgLG1b,gustatory,vnc_sensory,LgLG,ProLN,R,leg bristle,,rf,gustatory,cls,,annotated,high,rm,0.271,0.484,71
830398,SNta29,mechanosensory_tactile,vnc_sensory,SNta,MesoLN,L,mechanosensory bristle,,lm,tactile,cls,,annotated,high,lm,0.902,0.909,112
830453,SNta35,mechanosensory_tactile,vnc_sensory,SNta,MesoLN,L,mechanosensory bristle,,lm,tactile,cls,,annotated,high,lm,0.557,0.57,76
830502,SNta29,unknown_sensory,vnc_sensory,SNta,MesoLN,L,mechanosensory bristle,,lm,tactile,type,,annotated,high,lm,0.965,0.978,34
830558,SNpp60,mechanosensory_proprioceptive,vnc_sensory,SNpp,MetaLN,L,chordotonal organ,,lh,proprio,cls,club,annotated,high,lh,0.563,0.693,147
830692,LgLG1b,gustatory,vnc_sensory,LgLG,MesoLN,L,leg bristle,,lm,gustatory,cls,,annotated,high,lm,0.401,0.541,103
830719,SNta21,mechanosensory_tactile,vnc_sensory,SNta,MetaLN,R,mechanosensory bristle,,rh,tactile,cls,,annotated,high,rh,0.876,0.958,679
830766,SNch10,,vnc_sensory,SNch,MetaLN,R,taste bristle,,rh,chemo,type,,annotated,high,rh,0.373,0.575,101
830770,SNxxxx,unknown_sensory,vnc_sensory,SNxxxx,ProLN,R,leg,,rf,unknown,none,,annotated,high,,0.0,0.0,0
830771,SNxx22,unknown_sensory,vnc_sensory,SNxx,AbN2,R,abdomen,,,unknown,none,,not_leg:AbN2,high,rh,0.518,0.665,169
830804,SNpp52,mechanosensory_proprioceptive,vnc_sensory,SNpp,MetaLN,R,hair plate,,rh,proprio,cls,hair_plate_52,annotated,high,rh,0.784,0.862,129
830818,SNta20,mechanosensory_tactile,vnc_sensory,SNta,MesoLN,L,mechanosensory bristle,,lm,tactile,cls,,annotated,high,lm,0.7,0.74,54
830858,SNta43,mechanosensory_tactile,vnc_sensory,SNta,MetaLN,L,mechanosensory bristle,,lh,tactile,cls,,annotated,high,lh,0.579,0.641,52
830865,"SNta20,SNta29",mechanosensory_tactile,vnc_sensory,SNta,MetaLN,L,mechanosensory bristle,,lh,tactile,cls,,annotated,high,lh,0.922,0.945,45
830907,SNpp56,mechanosensory_proprioceptive,vnc_sensory,SNpp,MesoLN,R,chordotonal organ,,rm,proprio,cls,club,annotated,high,lh,0.382,0.533,104
831045,SNxxxx,unknown_sensory,vnc_sensory,SNxxxx,ProLN,R,leg,,rf,unknown,none,,annotated,high,,0.0,0.0,0
831163,SNta42,mechanosensory_tactile,vnc_sensory,SNta,MetaLN,R,mechanosensory bristle,,rh,tactile,cls,,annotated,high,rh,0.797,0.814,41
831243,SNta21,mechanosensory_tactile,vnc_sensory,SNta,MesoLN,R,mechanosensory bristle,,rm,tactile,cls,,annotated,high,rm,0.826,0.878,31
831248,SNta31,mechanosensory_tactile,vnc_sensory,SNta,MesoLN,R,leg,,rm,tactile,cls,,annotated,high,rm,0.905,0.924,79
831358,SNta37,mechanosensory_tactile,vnc_sensory,SNta,MesoLN,R,mechanosensory bristle,,rm,tactile,cls,,annotated,high,rm,0.922,0.927,21
831563,SNta42,mechanosensory_tactile,vnc_sensory,SNta,MetaLN,R,mechanosensory bristle,,rh,tactile,cls,,annotated,high,rh,0.876,0.922,93
831584,LgLG1b,gustatory,vnc_sensory,LgLG,MetaLN,R,leg bristle,,rh,gustatory,cls,,annotated,high,rh,0.34,0.478,301
831621,SNch10,,vnc_sensory,SNch,MetaLN,R,taste bristle,,rh,chemo,type,,annotated,high,rh,0.704,0.861,170
831626,SNta28,mechanosensory_tactile,vnc_sensory,SNta,MetaLN,L,mechanosensory bristle,,lh,tactile,cls,,annotated,high,lh,0.826,0.842,33
831656,"SNta28,SNta29",mechanosensory_tactile,vnc_sensory,SNta,MetaLN,R,mechanosensory bristle,,rh,tactile,cls,,annotated,high,rh,0.707,0.714,13
831891,SNpp52,mechanosensory_proprioceptive,vnc_sensory,SNpp,MesoLN,L,leg,,lm,proprio,cls,hair_plate_52,annotated,high,lm,0.905,0.905,63
831894,SNta27,mechanosensory_tactile,vnc_sensory,SNta,MetaLN,R,leg,,rh,tactile,cls,,annotated,high,rh,0.845,0.96,72
831998,SNta35,mechanosensory_tactile,vnc_sensory,SNta,MesoLN,R,mechanosensory bristle,,rm,tactile,cls,,annotated,high,rm,0.613,0.654,60
832037,SNta45,unknown_sensory,vnc_sensory,SNta,ProLN,L,mechanosensory bristle,,lf,tactile,type,,annotated,high,,0.0,0.0,0
832048,LgLG7,gustatory,vnc_sensory,LgLG,ProLN,L,leg bristle,,lf,gustatory,cls,,annotated,high,lf,0.764,0.855,23
832069,SNta29,mechanosensory_tactile,vnc_sensory,SNta,ProLN,L,mechanosensory bristle,,lf,tactile,cls,,annotated,high,lf,0.857,0.862,92
832107,SNta30,unknown_sensory,vnc_sensory,SNta,MesoLN,R,mechanosensory bristle,,rm,tactile,type,,annotated,high,rm,0.778,0.794,21
832136,SNta20,mechanosensory_tactile,vnc_sensory,SNta,ProLN,L,mechanosensory bristle,,lf,tactile,cls,,annotated,high,lf,0.725,0.742,168
832162,SNpp50,mechanosensory_proprioceptive,vnc_sensory,SNpp,MesoLN,R,chordotonal organ,,rm,proprio,cls,claw_50,annotated,high,rm,0.891,0.947,270
832186,SNxxxx,unknown_sensory,vnc_sensory,SNxxxx,ProLN,L,leg,,lf,unknown,none,,annotated,high,,0.0,0.0,0
832266,SNta34,mechanosensory_tactile,vnc_sensory,SNta,MetaLN,L,mechanosensory bristle,,lh,tactile,cls,,annotated,high,lh,0.609,0.667,33
832315,SNta34,mechanosensory_tactile,vnc_sensory,SNta,MesoLN,R,mechanosensory bristle,,rm,tactile,cls,,annotated,high,rm,0.709,0.746,129
832415,SNpp47,mechanosensory_proprioceptive,vnc_sensory,SNpp,MesoLN,R,chordotonal organ,,rm,proprio,cls,club,annotated,high,rm,0.658,0.788,27
832650,LgLG7,gustatory,vnc_sensory,LgLG,ProLN,R,leg bristle,,rf,gustatory,cls,,annotated,medium,lf,0.515,0.924,71
832667,LgLG3,gustatory,vnc_sensory,LgLG,MetaLN,R,leg bristle,,rh,gustatory,cls,,annotated,high,rh,0.474,0.538,285
832815,SNxxxx,unknown_sensory,vnc_sensory,SNxxxx,MetaLN,R,leg,,rh,unknown,none,,annotated,high,rh,0.901,0.938,304
832851,SNta31,mechanosensory_tactile,vnc_sensory,SNta,MesoLN,R,leg,,rm,tactile,cls,,annotated,high,rm,0.903,0.92,50
832921,SNpp53,mechanosensory_proprioceptive,vnc_sensory,SNpp,MesoLN,R,campaniform sensilla,,rm,proprio,cls,campaniform,annotated,medium,lf,0.58,0.602,132
832947,SNta29,mechanosensory_tactile,vnc_sensory,SNta,MetaLN,R,mechanosensory bristle,,rh,tactile,cls,,annotated,high,rh,0.776,0.818,105
833176,SNta43,mechanosensory_tactile,vnc_sensory,SNta,MesoLN,L,mechanosensory bristle,,lm,tactile,cls,,annotated,high,lm,0.783,0.796,51
833287,SNta37,mechanosensory_tactile,vnc_sensory,SNta,MetaLN,L,leg,,lh,tactile,cls,,annotated,high,lh,0.676,0.755,12
833354,SNpp45,mechanosensory_proprioceptive,vnc_sensory,SNpp,MetaLN,R,hair plate,,rh,proprio,cls,hair_plate_45,annotated,high,rh,1.0,1.0,40
833439,SNpp39,mechanosensory_proprioceptive,vnc_sensory,SNpp,ProLN,R,chordotonal organ,,rf,proprio,cls,hook_39,annotated,high,,0.0,0.0,0
833614,SNta20,mechanosensory_tactile,vnc_sensory,SNta,MetaLN,R,mechanosensory bristle,,rh,tactile,cls,,annotated,high,rh,0.949,0.964,34
833740,SNxxxx,unknown_sensory,vnc_sensory,SNxxxx,ProLN,R,leg,,rf,unknown,none,,annotated,high,rf,0.896,0.957,5
833974,LgLG3,gustatory,vnc_sensory,LgLG,ProLN,R,leg bristle,,rf,gustatory,cls,,annotated,medium,rh,0.462,0.475,10
834000,SNpp18,mechanosensory_proprioceptive,vnc_sensory,SNpp,ProCN,R,chordotonal organ,,,proprio,cls,co_unclassified,not_leg:ProCN,high,rm,0.271,0.437,41
834049,SNxxxx,unknown_sensory,vnc_sensory,SNxxxx,ProLN,R,leg,,rf,unknown,none,,annotated,high,,0.0,0.0,0
834142,SNxxxx,unknown_sensory,vnc_sensory,SNxxxx,ProLN,L,leg,,lf,unknown,none,,annotated,high,lf,0.925,0.939,32
834279,LgLG1a,gustatory,vnc_sensory,LgLG,MetaLN,L,leg bristle,,lh,gustatory,cls,,annotated,high,lh,0.285,0.459,164
834294,LgLG3,gustatory,vnc_sensory,LgLG,MetaLN,L,leg bristle,,lh,gustatory,cls,,annotated,high,lh,0.351,0.437,109
834429,SNta41,unknown_sensory,vnc_sensory,SNta,ProLN,R,mechanosensory bristle,,rf,tactile,type,,annotated,medium,rm,1.0,1.0,5
834571,SNta42,mechanosensory_tactile,vnc_sensory,SNta,MetaLN,R,mechanosensory bristle,,rh,tactile,cls,,annotated,high,rh,0.644,0.703,48
834577,SNxxxx,unknown_sensory,vnc_sensory,SNxxxx,ProLN,R,leg,,rf,unknown,none,,annotated,high,rf,1.0,1.0,5
834651,LgLG2,gustatory,vnc_sensory,LgLG,MesoLN,R,leg bristle,,rm,gustatory,cls,,annotated,high,rm,0.32,0.508,36
834738,SNxxxx,unknown_sensory,vnc_sensory,SNxxxx,ProLN,L,leg,,lf,unknown,none,,annotated,high,,0.0,0.0,0
834858,SNta31,mechanosensory_tactile,vnc_sensory,SNta,MesoLN,R,leg,,rm,tactile,cls,,annotated,high,rm,0.717,0.76,124
834861,LgAG3,gustatory,sensory_ascending,LgAG,MetaLN,R,leg bristle,,rh,gustatory,cls,,annotated,high,rh,0.382,0.494,365
834985,SNpp51,mechanosensory_proprioceptive,vnc_sensory,SNpp,MesoLN,L,leg,,lm,proprio,cls,claw_51,annotated,high,lm,0.928,0.97,281
835386,SNtaxx,mechanosensory_tactile,vnc_sensory,SNtaxx,MetaLN,L,leg,,lh,tactile,cls,,annotated,high,lh,0.998,1.0,25
835920,SNxxxx,unknown_sensory,vnc_sensory,SNxxxx,MesoLN,L,leg,,lm,unknown,none,,annotated,high,,0.0,0.0,0
836008,SNta19,mechanosensory_tactile,vnc_sensory,SNta,ProLN,R,mechanosensory bristle,,rf,tactile,cls,,annotated,high,rm,0.331,0.544,39
836029,SNta29,unknown_sensory,vnc_sensory,SNta,ProLN,L,mechanosensory bristle,,lf,tactile,type,,annotated,high,lf,0.923,0.963,5
836247,SNpp45,mechanosensory_proprioceptive,vnc_sensory,SNpp,MetaLN,L,hair plate,,lh,proprio,cls,hair_plate_45,annotated,high,lh,0.763,0.794,165
836281,SNta31,mechanosensory_tactile,vnc_sensory,SNta,MetaLN,L,mechanosensory bristle,,lh,tactile,cls,,annotated,high,lh,0.593,0.675,99
836401,SNxxxx,mechanosensory_tactile,vnc_sensory,SNxxxx,ProLN,R,leg,,rf,tactile,cls,,annotated,medium,rh,0.462,0.475,12
836429,SNta40,unknown_sensory,vnc_sensory,SNta,ProLN,R,mechanosensory bristle,,rf,tactile,type,,annotated,high,rf,0.896,0.957,6
836742,SNta31,mechanosensory_tactile,vnc_sensory,SNta,MesoLN,L,leg,,lm,tactile,cls,,annotated,high,lm,0.866,0.871,88
836986,SNxx03,unknown_sensory,vnc_sensory,SNxx,AbN4,L,abdomen,,,unknown,none,,not_leg:AbN4,high,lm,0.382,0.502,248
837452,SNxxxx,unknown_sensory,vnc_sensory,SNxxxx,ProLN,L,leg,,lf,unknown,none,,annotated,high,lf,0.631,0.643,24
837848,LgLG2,gustatory,vnc_sensory,LgLG,ProLN,R,leg bristle,,rf,gustatory,cls,,annotated,high,,0.0,0.0,0
838808,SNxxxx,gustatory,vnc_sensory,SNxxxx,ProLN,R,leg bristle,,rf,gustatory,cls,,annotated,medium,rm,0.431,0.672,17
838832,SNxxxx,unknown_sensory,vnc_sensory,SNxxxx,ProAN,L,leg,,lf,unknown,none,,annotated,medium,lf,0.972,0.975,41
839102,SNta29,mechanosensory_tactile,vnc_sensory,SNta,MetaLN,L,mechanosensory bristle,,lh,tactile,cls,,annotated,high,lh,0.746,0.799,201
839186,LgLG3,gustatory,vnc_sensory,LgLG,MesoLN,R,leg bristle,,rm,gustatory,cls,,annotated,high,rm,0.84,0.861,74
839214,LgLG2,gustatory,vnc_sensory,LgLG,MesoLN,L,leg bristle,,lm,gustatory,cls,,annotated,high,lm,0.407,0.625,182
839470,SNxxxx,unknown_sensory,vnc_sensory,SNxxxx,ProLN,R,leg,,rf,unknown,none,,annotated,high,rf,0.896,0.957,5
839490,SNch05,gustatory,vnc_sensory,SNch,MesoLN,L,leg bristle,,lm,gustatory,cls,,annotated,high,lh,0.391,0.41,16
839612,SNch10,,vnc_sensory,SNch,MetaLN,L,taste bristle,,lh,chemo,type,,annotated,high,lh,1.0,1.0,6
839681,SNppxx,mechanosensory_proprioceptive,vnc_sensory,SNppxx,VProN,R,leg,,rf,proprio,cls,untyped,annotated,medium,rf,1.0,1.0,31
839907,LgLG2,gustatory,vnc_sensory,LgLG,MetaLN,L,leg bristle,,lh,gustatory,cls,,annotated,high,rm,0.312,0.533,84
840028,SNxxxx,unknown_sensory,vnc_sensory,SNxxxx,ProLN,R,leg,,rf,unknown,none,,annotated,medium,lf,0.608,0.931,8
840212,SNta40,mechanosensory_tactile,vnc_sensory,SNta,MetaLN,L,mechanosensory bristle,,lh,tactile,cls,,annotated,high,lh,0.598,0.624,58
840733,SNta29,unknown_sensory,vnc_sensory,SNta,ProLN,R,mechanosensory bristle,,rf,tactile,type,,annotated,high,rf,0.468,0.513,23
840861,SNxxxx,unknown_sensory,vnc_sensory,SNxxxx,ProLN,L,leg,,lf,unknown,none,,annotated,high,lf,0.847,0.986,26
841125,SNta34,mechanosensory_tactile,vnc_sensory,SNta,MetaLN,L,mechanosensory bristle,,lh,tactile,cls,,annotated,high,lh,0.509,0.565,57
842076,SNta21,mechanosensory_tactile,vnc_sensory,SNta,MetaLN,L,mechanosensory bristle,,lh,tactile,cls,,annotated,high,,0.0,0.0,0
842203,SNpp45,mechanosensory_proprioceptive,vnc_sensory,SNpp,MesoLN,L,hair plate,,lm,proprio,cls,hair_plate_45,annotated,high,lm,0.886,0.902,569
842254,SNch10,,vnc_sensory,SNch,MetaLN,R,taste bristle,,rh,chemo,type,,annotated,high,rh,0.694,0.943,56
842364,SNta20,mechanosensory_tactile,vnc_sensory,SNta,MetaLN,L,mechanosensory bristle,,lh,tactile,cls,,annotated,high,lh,0.543,0.593,42
842385,LgLG2,gustatory,vnc_sensory,LgLG,MetaLN,L,leg bristle,,lh,gustatory,cls,,annotated,high,rm,0.295,0.475,160
842520,SNch10,,vnc_sensory,SNch,MetaLN,R,taste bristle,,rh,chemo,type,,annotated,high,lh,0.298,0.461,6
843507,LgLG3,gustatory,vnc_sensory,LgLG,MesoLN,L,leg bristle,,lm,gustatory,cls,,annotated,high,lm,0.466,0.579,138
843529,LgLG1a,gustatory,vnc_sensory,LgLG,MetaLN,L,leg bristle,,lh,gustatory,cls,,annotated,high,lh,0.519,0.575,35
843622,LgLG7,gustatory,vnc_sensory,LgLG,ProLN,L,leg bristle,,lf,gustatory,cls,,annotated,high,lf,0.811,0.879,44
844312,LgLG4,gustatory,vnc_sensory,LgLG,MesoLN,L,leg bristle,,lm,gustatory,cls,,annotated,high,lm,0.96,0.96,48
844397,LgLG2,gustatory,vnc_sensory,LgLG,ProLN,R,leg bristle,,rf,gustatory,cls,,annotated,high,rm,0.347,0.488,41
844446,LgLG1b,gustatory,vnc_sensory,LgLG,MesoLN,L,leg bristle,,lm,gustatory,cls,,annotated,high,lm,0.339,0.493,104
844522,LgLG5,gustatory,vnc_sensory,LgLG,ProLN,R,leg bristle,,rf,gustatory,cls,,annotated,high,rf,1.0,1.0,110
844794,SNta23,mechanosensory_tactile,vnc_sensory,SNta,MetaLN,R,mechanosensory bristle,,rh,tactile,cls,,annotated,high,rh,0.595,0.692,22
845016,SNxx33,unknown_sensory,vnc_sensory,SNxx,MesoLN,L,leg,,lm,unknown,none,,annotated,high,lm,0.834,0.875,15
845178,SNxx03,unknown_sensory,vnc_sensory,SNxx,AbN3,R,abdomen,,,unknown,none,,not_leg:AbN3,high,rh,0.45,0.611,56
845210,SNta40,mechanosensory_tactile,vnc_sensory,SNta,ProLN,L,mechanosensory bristle,,lf,tactile,cls,,annotated,high,lf,0.942,0.953,37
846010,SNta21,mechanosensory_tactile,vnc_sensory,SNta,ProLN,R,mechanosensory bristle,,rf,tactile,cls,,annotated,high,,0.0,0.0,0
846026,LgLG2,gustatory,vnc_sensory,LgLG,MetaLN,L,leg bristle,,lh,gustatory,cls,,annotated,high,rm,0.369,0.514,26
846128,SNxxxx,unknown_sensory,vnc_sensory,SNxxxx,ProLN,L,leg,,lf,unknown,none,,annotated,high,,0.0,0.0,0
846186,LgLG1b,gustatory,vnc_sensory,LgLG,ProLN,R,leg bristle,,rf,gustatory,cls,,annotated,medium,rh,0.404,0.494,35
846218,SNppxx,mechanosensory_proprioceptive,vnc_sensory,SNppxx,MesoLN,L,leg,,lm,proprio,cls,untyped,annotated,high,lm,0.954,0.957,222
846679,SNpp56,mechanosensory_proprioceptive,vnc_sensory,SNpp,MetaLN,L,chordotonal organ,,lh,proprio,cls,club,annotated,high,lh,0.517,0.806,265
846740,SNta29,unknown_sensory,vnc_sensory,SNta,ProLN,R,mechanosensory bristle,,rf,tactile,type,,annotated,high,rf,0.896,0.957,5
847034,SNpp50,mechanosensory_proprioceptive,vnc_sensory,SNpp,MetaLN,R,chordotonal organ,,rh,proprio,cls,claw_50,annotated,high,rh,0.812,0.934,146
847127,SNta45,mechanosensory_tactile,vnc_sensory,SNta,MesoLN,R,mechanosensory bristle,,rm,tactile,cls,,annotated,high,rm,0.949,0.952,59
847564,LgLG1b,gustatory,vnc_sensory,LgLG,MetaLN,L,leg bristle,,lh,gustatory,cls,,annotated,high,lm,0.3,0.503,325
848264,SNch10,,vnc_sensory,SNch,MetaLN,L,taste bristle,,lh,chemo,type,,annotated,high,,0.0,0.0,0
848741,SNppxx,mechanosensory_proprioceptive,vnc_sensory,SNppxx,MesoLN,L,leg,,lm,proprio,cls,untyped,annotated,high,lm,0.884,0.925,1743
848955,SNch10,,vnc_sensory,SNch,MetaLN,R,taste bristle,,rh,chemo,type,,annotated,high,rh,0.968,0.993,19
849272,SNch10,,vnc_sensory,SNch,MetaLN,L,taste bristle,,lh,chemo,type,,annotated,high,lh,0.562,0.758,45
849719,"SNta31,SNta34",mechanosensory_tactile,vnc_sensory,SNta,MetaLN,R,mechanosensory bristle,,rh,tactile,cls,,annotated,high,rh,0.576,0.657,96
850165,SNch05,gustatory,vnc_sensory,SNch,MetaLN,L,leg bristle,,lh,gustatory,cls,,annotated,high,lm,0.26,0.389,59
850230,SNch05,gustatory,vnc_sensory,SNch,MetaLN,L,leg bristle,,lh,gustatory,cls,,annotated,high,lm,0.333,0.538,24
850668,LgLG2,gustatory,vnc_sensory,LgLG,ProLN,R,leg bristle,,rf,gustatory,cls,,annotated,high,lm,0.242,0.479,5
851046,SNta29,unknown_sensory,vnc_sensory,SNta,ProLN,L,mechanosensory bristle,,lf,tactile,type,,annotated,high,,0.0,0.0,0
851108,SNxxxx,unknown_sensory,vnc_sensory,SNxxxx,ProLN,R,leg,,rf,unknown,none,,annotated,high,,0.0,0.0,0
851260,SNta31,mechanosensory_tactile,vnc_sensory,SNta,MesoLN,R,leg,,rm,tactile,cls,,annotated,high,rm,0.884,0.906,121
851699,SNxxxx,unknown_sensory,vnc_sensory,SNxxxx,ProLN,L,leg,,lf,unknown,none,,annotated,high,,0.0,0.0,0
851941,SNta40,unknown_sensory,vnc_sensory,SNta,ProLN,L,mechanosensory bristle,,lf,tactile,type,,annotated,high,lf,0.966,0.966,21
852242,SNta20,mechanosensory_tactile,vnc_sensory,SNta,ProLN,L,mechanosensory bristle,,lf,tactile,cls,,annotated,high,,0.0,0.0,0
852311,SNxxxx,unknown_sensory,vnc_sensory,SNxxxx,ProLN,R,leg,,rf,unknown,none,,annotated,high,,0.0,0.0,0
852572,SNta43,mechanosensory_tactile,vnc_sensory,SNta,MetaLN,R,mechanosensory bristle,,rh,tactile,cls,,annotated,high,rh,0.544,0.698,193
852637,SNta19,mechanosensory_tactile,vnc_sensory,SNta,MesoLN,L,mechanosensory bristle,,lm,tactile,cls,,annotated,high,lm,0.638,0.693,118
852779,SNta42,mechanosensory_tactile,vnc_sensory,SNta,MesoLN,L,mechanosensory bristle,,lm,tactile,cls,,annotated,high,lm,0.734,0.762,85
852904,SNtaxx,mechanosensory_tactile,vnc_sensory,SNtaxx,MetaLN,R,leg,,rh,tactile,cls,,annotated,high,rh,0.993,0.997,81
853059,SNta23,mechanosensory_tactile,vnc_sensory,SNta,MetaLN,L,mechanosensory bristle,,lh,tactile,cls,,annotated,high,lh,0.63,0.687,143
853982,LgLG6,gustatory,vnc_sensory,LgLG,ProLN,L,leg bristle,,lf,gustatory,cls,,annotated,high,lf,0.499,0.499,79
855317,SNpp42,mechanosensory_proprioceptive,vnc_sensory,SNpp,MetaLN,R,chordotonal organ,,rh,proprio,cls,co_unclassified,annotated,high,rm,0.309,0.617,220
855805,SNta34,mechanosensory_tactile,vnc_sensory,SNta,MetaLN,R,mechanosensory bristle,,rh,tactile,cls,,annotated,high,rh,0.688,0.733,75
856036,SNpp45,mechanosensory_proprioceptive,vnc_sensory,SNpp,MetaLN,L,hair plate,,lh,proprio,cls,hair_plate_45,annotated,high,lh,0.79,0.88,933
856129,SNpp55,mechanosensory_proprioceptive,vnc_sensory,SNpp,MetaLN,L,leg,,lh,proprio,cls,untyped,annotated,medium,rh,0.408,0.73,91
856840,SNxx05,unknown_sensory,vnc_sensory,SNxx,AbN4,L,abdomen,,,unknown,none,,not_leg:AbN4,high,rm,0.286,0.511,5
856983,LgLG3,gustatory,vnc_sensory,LgLG,MesoLN,R,leg bristle,,rm,gustatory,cls,,annotated,high,rm,0.473,0.579,119
857165,SNpp45,mechanosensory_proprioceptive,vnc_sensory,SNpp,MesoLN,L,hair plate,,lm,proprio,cls,hair_plate_45,annotated,high,lm,0.793,0.796,256
857232,SNta20,mechanosensory_tactile,vnc_sensory,SNta,MetaLN,L,leg,,lh,tactile,cls,,annotated,high,lh,0.591,0.686,10
858472,SNxxxx,mechanosensory_proprioceptive,vnc_sensory,SNxxxx,ProAN,L,leg,,lf,proprio,cls,untyped,annotated,medium,lf,0.85,0.89,866
858698,LgAG4,gustatory,sensory_ascending,LgAG,MetaLN,R,leg bristle,,rh,gustatory,cls,,annotated,high,rh,0.323,0.396,305
859509,SNta29,unknown_sensory,vnc_sensory,SNta,ProLN,R,mechanosensory bristle,,rf,tactile,type,,annotated,high,rf,0.704,0.736,25
860276,SNxxxx,unknown_sensory,vnc_sensory,SNxxxx,ProLN,L,leg,,lf,unknown,none,,annotated,high,lf,0.435,0.496,30
860479,SNpp52,mechanosensory_proprioceptive,vnc_sensory,SNpp,MesoLN,R,hair plate,,rm,proprio,cls,hair_plate_52,annotated,high,rm,0.963,0.97,16
860788,SNpp45,mechanosensory_proprioceptive,vnc_sensory,SNpp,VProN,L,hair plate,,lf,proprio,cls,hair_plate_45,annotated,medium,lf,1.0,1.0,7
861290,SNch10,,vnc_sensory,SNch,MetaLN,R,taste bristle,,rh,chemo,type,,annotated,high,rh,0.777,0.868,23
861448,LgLG3,gustatory,vnc_sensory,LgLG,ProLN,R,leg bristle,,rf,gustatory,cls,,annotated,medium,rm,0.449,0.54,25
862184,SNxxxx,unknown_sensory,vnc_sensory,SNxxxx,ProLN,R,leg,,rf,unknown,none,,annotated,high,rf,0.896,0.957,6
862744,SNch10,chemosensory,vnc_sensory,SNch,ProLN,R,leg,,rf,chemo,cls,,annotated,high,,0.0,0.0,0
863213,LgLG2,gustatory,vnc_sensory,LgLG,ProLN,R,leg bristle,,rf,gustatory,cls,,annotated,high,,0.0,0.0,0
863321,LgLG4,gustatory,vnc_sensory,LgLG,ProLN,L,leg bristle,,lf,gustatory,cls,,annotated,high,lf,1.0,1.0,6
863366,SNtaxx,mechanosensory_tactile,vnc_sensory,SNtaxx,MetaLN,L,leg,,lh,tactile,cls,,annotated,high,lh,0.953,0.957,53
863752,SNch05,gustatory,vnc_sensory,SNch,MetaLN,L,leg bristle,,lh,gustatory,cls,,annotated,medium,lm,0.411,0.577,38
864071,LgLG3,gustatory,vnc_sensory,LgLG,MetaLN,L,leg bristle,,lh,gustatory,cls,,annotated,high,lh,0.415,0.527,117
864655,LgLG2,,vnc_sensory,LgLG,MetaLN,R,taste bristle,,rh,gustatory,type,,annotated,high,rh,0.575,0.651,10
865051,SNxxxx,unknown_sensory,vnc_sensory,SNxxxx,ProLN,R,leg,,rf,unknown,none,,annotated,high,,0.0,0.0,0
865270,SNta40,unknown_sensory,vnc_sensory,SNta,ProLN,L,mechanosensory bristle,,lf,tactile,type,,annotated,high,,0.0,0.0,0
865716,SNta29,mechanosensory_tactile,vnc_sensory,SNta,MetaLN,L,leg,,lh,tactile,cls,,annotated,high,lh,0.742,0.786,177
865802,SNta32,mechanosensory_tactile,vnc_sensory,SNta,MesoLN,R,leg,,rm,tactile,cls,,annotated,high,,0.0,0.0,0
865833,SNta44,mechanosensory_tactile,vnc_sensory,SNta,ProLN,L,mechanosensory bristle,,lf,tactile,cls,,annotated,high,lf,0.952,0.966,31
866396,SNta23,mechanosensory_tactile,vnc_sensory,SNta,MetaLN,R,mechanosensory bristle,,rh,tactile,cls,,annotated,high,rh,0.576,0.679,242
867046,SNxxxx,unknown_sensory,vnc_sensory,SNxxxx,ProLN,R,leg,,rf,unknown,none,,annotated,high,,0.0,0.0,0
867528,SNxxxx,unknown_sensory,vnc_sensory,SNxxxx,ProLN,L,leg,,lf,unknown,none,,annotated,high,,0.0,0.0,0
868112,LgLG2,gustatory,vnc_sensory,LgLG,MetaLN,L,leg bristle,,lh,gustatory,cls,,annotated,medium,rm,0.599,0.662,25
869072,LgLG7,gustatory,vnc_sensory,LgLG,ProLN,R,leg bristle,,rf,gustatory,cls,,annotated,medium,lf,0.451,0.804,42
869259,SNta19,mechanosensory_tactile,vnc_sensory,SNta,ProLN,R,mechanosensory bristle,,rf,tactile,cls,,annotated,high,,0.0,0.0,0
869499,SNch10,,vnc_sensory,SNch,MetaLN,L,taste bristle,,lh,chemo,type,,annotated,high,lh,0.518,0.633,118
869707,SNxxxx,unknown_sensory,vnc_sensory,SNxxxx,ProLN,R,leg,,rf,unknown,none,,annotated,high,,0.0,0.0,0
869772,SNta21,mechanosensory_tactile,vnc_sensory,SNta,ProLN,R,mechanosensory bristle,,rf,tactile,cls,,annotated,high,rf,1.0,1.0,5
871963,SNtaxx,mechanosensory_tactile,vnc_sensory,SNtaxx,MesoLN,R,leg,,rm,tactile,cls,,annotated,high,rm,0.545,0.855,11
872960,SNta19,mechanosensory_tactile,vnc_sensory,SNta,ProLN,R,mechanosensory bristle,,rf,tactile,cls,,annotated,medium,rm,0.432,0.505,5
873387,SNch10,,vnc_sensory,SNch,ProLN,L,taste bristle,,lf,chemo,type,,annotated,high,lf,0.277,0.486,19
873450,SNta29,mechanosensory_tactile,vnc_sensory,SNta,MesoLN,L,mechanosensory bristle,,lm,tactile,cls,,annotated,high,lm,0.83,0.851,192
874278,SNta29,unknown_sensory,vnc_sensory,SNta,ProLN,L,mechanosensory bristle,,lf,tactile,type,,annotated,high,lf,0.913,0.919,29
875125,SNpp52,mechanosensory_proprioceptive,vnc_sensory,SNpp,MesoLN,R,hair plate,,rm,proprio,cls,hair_plate_52,annotated,high,rm,0.822,0.837,152
875542,SNpp51,mechanosensory_proprioceptive,vnc_sensory,SNpp,MesoLN,R,chordotonal organ,,rm,proprio,cls,claw_51,annotated,high,rm,0.992,0.994,77
876858,LgLG7,gustatory,vnc_sensory,LgLG,ProLN,R,leg bristle,,rf,gustatory,cls,,annotated,medium,lf,0.411,0.773,50
877104,LgLG2,gustatory,vnc_sensory,LgLG,MetaLN,L,leg bristle,,lh,gustatory,cls,,annotated,high,,0.0,0.0,0
877244,SNpp53,mechanosensory_proprioceptive,vnc_sensory,SNpp,ProLN,R,campaniform sensilla,,rf,proprio,cls,campaniform,annotated,high,rh,0.273,0.531,5
878310,SNta32,mechanosensory_tactile,vnc_sensory,SNta,ProLN,R,mechanosensory bristle,,rf,tactile,cls,,annotated,high,,0.0,0.0,0
878716,SNta21,mechanosensory_tactile,vnc_sensory,SNta,MetaLN,L,mechanosensory bristle,,lh,tactile,cls,,annotated,high,lh,0.71,0.906,26
878799,SNxx33,unknown_sensory,vnc_sensory,SNxx,MetaLN,L,leg,,lh,unknown,none,,annotated,high,lh,0.54,0.643,168
879926,SNpp02,mechanosensory_proprioceptive,vnc_sensory,SNpp,AbN3,L,abdomen,,,proprio,cls,untyped,not_leg:AbN3,high,lh,0.238,0.469,353
880296,SNta19,mechanosensory_tactile,vnc_sensory,SNta,ProLN,R,mechanosensory bristle,,rf,tactile,cls,,annotated,high,,0.0,0.0,0
881126,LgLG4,gustatory,vnc_sensory,LgLG,MesoLN,L,leg bristle,,lm,gustatory,cls,,annotated,high,lm,0.906,0.906,90
881519,LgLG4,gustatory,vnc_sensory,LgLG,ProLN,R,leg bristle,,rf,gustatory,cls,,annotated,high,rf,0.326,0.434,25
881673,SNch05,gustatory,vnc_sensory,SNch,ProLN,R,leg bristle,,rf,gustatory,cls,,annotated,high,rh,0.398,0.473,19
885131,LgLG2,gustatory,vnc_sensory,LgLG,ProLN,R,leg bristle,,rf,gustatory,cls,,annotated,high,lm,0.242,0.479,10
890169,LgLG6,gustatory,vnc_sensory,LgLG,ProLN,R,leg bristle,,rf,gustatory,cls,,annotated,high,lf,0.289,0.521,177
890497,SNpp52,mechanosensory_proprioceptive,vnc_sensory,SNpp,MesoLN,R,leg,,rm,proprio,cls,hair_plate_52,annotated,high,rm,0.875,0.877,430
893632,SNta29,unknown_sensory,vnc_sensory,SNta,ProLN,L,mechanosensory bristle,,lf,tactile,type,,annotated,high,lf,0.923,0.963,5
894474,LgLG3,gustatory,vnc_sensory,LgLG,MesoLN,L,leg bristle,,lm,gustatory,cls,,annotated,high,lm,0.713,0.771,73
896616,SNxxxx,unknown_sensory,vnc_sensory,SNxxxx,ProLN,R,leg,,rf,unknown,none,,annotated,high,,0.0,0.0,0
899926,SNpp53,mechanosensory_proprioceptive,vnc_sensory,SNpp,ProLN,L,campaniform sensilla,,lf,proprio,cls,campaniform,annotated,high,,0.0,0.0,0
902298,SNta31,mechanosensory_tactile,vnc_sensory,SNta,MesoLN,L,leg,,lm,tactile,cls,,annotated,high,lm,0.793,0.812,244
902301,SNppxx,mechanosensory_proprioceptive,vnc_sensory,SNppxx,MetaLN,L,leg,,lh,proprio,cls,untyped,annotated,high,lh,0.838,0.912,1191
902316,SNpp51,mechanosensory_proprioceptive,vnc_sensory,SNpp,MesoLN,L,chordotonal organ,,lm,proprio,cls,claw_51,annotated,high,lm,0.932,0.953,637
902320,SNpp18,mechanosensory_proprioceptive,vnc_sensory,SNpp,ProCN,L,chordotonal organ,"LCN, Gorko Nature 2024",,proprio,cls,co_unclassified,not_leg:ProCN,high,lm,0.306,0.439,311
902324,SNpp43,mechanosensory_proprioceptive,vnc_sensory,SNpp,ProLN,L,chordotonal organ,,lf,proprio,cls,club,annotated,high,lf,0.349,0.377,77
902351,SNpp17,mechanosensory_proprioceptive,vnc_sensory,SNpp,ProCN,L,chordotonal organ,"MCN, Gorko Nature 2024",,proprio,cls,co_unclassified,not_leg:ProCN,high,rh,0.305,0.45,250
902352,SNpp17,mechanosensory_proprioceptive,vnc_sensory,SNpp,ProCN,L,chordotonal organ,"MNC, Gorko Nature 2024",,proprio,cls,co_unclassified,not_leg:ProCN,high,lh,0.227,0.439,227
902353,SNpp17,mechanosensory_proprioceptive,vnc_sensory,SNpp,ProCN,L,chordotonal organ,"MNC, Gorko Nature 2024",,proprio,cls,co_unclassified,not_leg:ProCN,high,rh,0.301,0.428,200
902357,SNpp18,mechanosensory_proprioceptive,vnc_sensory,SNpp,ProCN,L,chordotonal organ,"LCN, Gorko Nature 2024",,proprio,cls,co_unclassified,not_leg:ProCN,high,lm,0.27,0.443,394
902359,SNpp60,mechanosensory_proprioceptive,vnc_sensory,SNpp,ProLN,L,chordotonal organ,,lf,proprio,cls,club,annotated,medium,lh,0.422,0.486,958
902397,SNpp18,mechanosensory_proprioceptive,vnc_sensory,SNpp,ProCN,L,chordotonal organ,"LCN, Gorko Nature 2024",,proprio,cls,co_unclassified,not_leg:ProCN,high,lm,0.266,0.374,300
902402,SNpp18,mechanosensory_proprioceptive,vnc_sensory,SNpp,ProCN,L,chordotonal organ,"LCN, Gorko Nature 2024",,proprio,cls,co_unclassified,not_leg:ProCN,high,lm,0.29,0.441,399
902403,SNpp18,mechanosensory_proprioceptive,vnc_sensory,SNpp,ProCN,L,chordotonal organ,"LCN, Gorko Nature 2024",,proprio,cls,co_unclassified,not_leg:ProCN,high,lm,0.316,0.434,249
902425,SNppxx,mechanosensory_proprioceptive,vnc_sensory,SNppxx,MesoLN,L,leg,,lm,proprio,cls,untyped,annotated,high,lm,0.948,0.961,317
902440,SNta11,mechanosensory_tactile,vnc_sensory,SNta,ADMN,L,mechanosensory bristle,,,tactile,cls,,not_leg:ADMN,high,lm,0.26,0.447,720
902447,SNta32,mechanosensory_tactile,vnc_sensory,SNta,MetaLN,L,leg,,lh,tactile,cls,,annotated,high,lh,0.516,0.57,817
902448,SNta32,mechanosensory_tactile,vnc_sensory,SNta,MetaLN,L,mechanosensory bristle,,lh,tactile,cls,,annotated,high,lh,0.678,0.723,383
902460,SNpp52,mechanosensory_proprioceptive,vnc_sensory,SNpp,DProN,L,hair plate,,lf,proprio,cls,hair_plate_52,annotated,medium,lf,0.917,0.92,897
902507,"SNta04,SNta11",mechanosensory_tactile,vnc_sensory,SNta,ADMN,L,mechanosensory bristle,,,tactile,cls,,not_leg:ADMN,high,lh,0.315,0.456,684
902509,SNta07,mechanosensory_tactile,vnc_sensory,SNta,ADMN,R,mechanosensory bristle,,,tactile,cls,,not_leg:ADMN,high,rm,0.239,0.462,597
902549,SNta41,mechanosensory_tactile,vnc_sensory,SNta,MesoLN,R,mechanosensory bristle,,rm,tactile,cls,,annotated,high,rm,0.666,0.713,272
902550,SNpp60,mechanosensory_proprioceptive,vnc_sensory,SNpp,MesoLN,R,chordotonal organ,,rm,proprio,cls,club,annotated,high,rm,0.257,0.452,600
902565,SNta10,mechanosensory_tactile,vnc_sensory,SNta,PDMN,L,mechanosensory bristle,,,tactile,cls,,not_leg:PDMN,high,rm,0.245,0.457,2303
902599,SNta04,mechanosensory_tactile,vnc_sensory,SNta,ADMN,R,mechanosensory bristle,,,tactile,cls,,not_leg:ADMN,high,rh,0.38,0.542,893
902605,"SNta11,SNta14",mechanosensory_tactile,vnc_sensory,SNta,ADMN,R,mechanosensory bristle,,,tactile,cls,,not_leg:ADMN,high,lm,0.271,0.501,855
902627,SNxx06,unknown_sensory,vnc_sensory,SNxx,AbN3,L,abdomen,,,unknown,none,,not_leg:AbN3,high,lh,0.478,0.682,48
902628,SNpp32,mechanosensory_proprioceptive,vnc_sensory,SNpp,ADMN,L,campaniform sensilla,,,proprio,cls,campaniform,not_leg:ADMN,high,lh,0.515,0.697,3271
902629,SNxx03,unknown_sensory,vnc_sensory,SNxx,AbN3,L,abdomen,,,unknown,none,,not_leg:AbN3,high,lm,0.343,0.534,138
902687,SNxx11,unknown_sensory,vnc_sensory,SNxx,AbNT,L,abdomen,,,unknown,none,,not_leg:AbNT,high,rh,0.251,0.478,1173
902698,SNxx23,unknown_sensory,vnc_sensory,SNxx,AbNT,R,abdomen,,,unknown,none,,not_leg:AbNT,high,lh,0.236,0.358,407
902709,"SNta28,SNta44",mechanosensory_tactile,vnc_sensory,SNta,MesoLN,R,mechanosensory bristle,,rm,tactile,cls,,annotated,high,rm,0.797,0.825,395
902731,SNta45,mechanosensory_tactile,vnc_sensory,SNta,MetaLN,L,mechanosensory bristle,,lh,tactile,cls,,annotated,high,lh,0.908,0.939,207
902734,SNxx03,unknown_sensory,vnc_sensory,SNxx,AbN4,R,abdomen,,,unknown,none,,not_leg:AbN4,high,rh,0.486,0.658,86
902813,SNta20,mechanosensory_tactile,vnc_sensory,SNta,MesoLN,R,leg,,rm,tactile,cls,,annotated,high,rm,0.712,0.767,477
902895,"SNta11,SNta14",mechanosensory_tactile,vnc_sensory,SNta,ADMN,L,mechanosensory bristle,,,tactile,cls,,not_leg:ADMN,high,lh,0.234,0.418,1096
902898,LgLG3,gustatory,vnc_sensory,LgLG,ProLN,L,leg bristle,,lf,gustatory,cls,,annotated,high,lm,0.338,0.443,84
902918,SNta07,mechanosensory_tactile,vnc_sensory,SNta,ADMN,R,mechanosensory bristle,,,tactile,cls,,not_leg:ADMN,high,rh,0.265,0.448,647
902929,SNch01,chemosensory,vnc_sensory,SNch,AbN4,R,abdomen,,,chemo,cls,,not_leg:AbN4,high,rh,0.493,0.728,1618
902945,SNta35,mechanosensory_tactile,vnc_sensory,SNta,MesoLN,L,mechanosensory bristle,,lm,tactile,cls,,annotated,high,lm,0.784,0.796,163
902946,SNta44,mechanosensory_tactile,vnc_sensory,SNta,MesoLN,L,mechanosensory bristle,,lm,tactile,cls,,annotated,high,lm,0.933,0.94,298
902991,SNxx29,unknown_sensory,vnc_sensory,SNxx,MetaLN,L,leg,,lh,unknown,none,,annotated,high,lh,0.5,0.744,2010
903076,SNta42,mechanosensory_tactile,vnc_sensory,SNta,MesoLN,R,mechanosensory bristle,,rm,tactile,cls,,annotated,high,rm,0.563,0.63,245
903100,SNta29,mechanosensory_tactile,vnc_sensory,SNta,MesoLN,L,mechanosensory bristle,,lm,tactile,cls,,annotated,high,lm,0.792,0.827,543
903101,SNxx03,unknown_sensory,vnc_sensory,SNxx,AbN4,L,abdomen,,,unknown,none,,not_leg:AbN4,high,lm,0.429,0.54,110
903102,WG1,gustatory,vnc_sensory,WG,ADMN,L,wing bristle,,,gustatory,cls,,not_leg:ADMN,high,rm,0.298,0.489,324
903119,SNta14,mechanosensory_tactile,vnc_sensory,SNta,ADMN,L,mechanosensory bristle,,,tactile,cls,,not_leg:ADMN,high,lh,0.35,0.525,1687
903120,SNta18,mechanosensory_tactile,vnc_sensory,SNta,ADMN,L,mechanosensory bristle,,,tactile,cls,,not_leg:ADMN,high,lh,0.344,0.492,721
903122,SNta29,mechanosensory_tactile,vnc_sensory,SNta,ProLN,L,mechanosensory bristle,,lf,tactile,cls,,annotated,high,lf,0.741,0.793,751
903151,WG2,gustatory,vnc_sensory,WG,ADMN,L,wing bristle,,,gustatory,cls,,not_leg:ADMN,high,lm,0.326,0.453,226
903173,SNta18,mechanosensory_tactile,vnc_sensory,SNta,ADMN,L,mechanosensory bristle,,,tactile,cls,,not_leg:ADMN,high,lh,0.356,0.543,762
903209,SNpp39,mechanosensory_proprioceptive,vnc_sensory,SNpp,MetaLN,L,chordotonal organ,,lh,proprio,cls,hook_39,annotated,high,lh,0.7,0.736,339
903221,SNta04,mechanosensory_tactile,vnc_sensory,SNta,ADMN,R,mechanosensory bristle,,,tactile,cls,,not_leg:ADMN,high,rh,0.358,0.523,1621
903377,SNpp50,mechanosensory_proprioceptive,vnc_sensory,SNpp,MetaLN,L,chordotonal organ,,lh,proprio,cls,claw_50,annotated,high,lh,0.855,0.959,450
903386,"SNta04,SNta11",mechanosensory_tactile,vnc_sensory,SNta,ADMN,R,mechanosensory bristle,,,tactile,cls,,not_leg:ADMN,high,rh,0.292,0.456,795
903423,SNpp62,mechanosensory_proprioceptive,vnc_sensory,SNpp,ADMN,R,wing,,,proprio,cls,untyped,not_leg:ADMN,high,rh,0.359,0.572,840
903437,"SNta04,SNta11",mechanosensory_tactile,vnc_sensory,SNta,ADMN,R,mechanosensory bristle,,,tactile,cls,,not_leg:ADMN,high,rh,0.308,0.465,317
903440,SNxx03,unknown_sensory,vnc_sensory,SNxx,AbN4,R,abdomen,,,unknown,none,,not_leg:AbN4,high,rh,0.495,0.679,205
903447,SNta27,mechanosensory_tactile,vnc_sensory,SNta,MetaLN,R,mechanosensory bristle,,rh,tactile,cls,,annotated,high,rh,0.827,0.922,152
903449,SNta21,mechanosensory_tactile,vnc_sensory,SNta,MetaLN,R,mechanosensory bristle,,rh,tactile,cls,,annotated,high,rh,0.902,0.948,275
903450,SNch10,,vnc_sensory,SNch,MetaLN,R,taste bristle,,rh,chemo,type,,annotated,high,rh,0.786,0.924,189
903471,SNpp50,mechanosensory_proprioceptive,vnc_sensory,SNpp,MetaLN,R,chordotonal organ,FeCO claw,rh,proprio,cls,claw_50,annotated,high,rh,0.868,0.948,519
903475,LgLG1b,gustatory,vnc_sensory,LgLG,ProLN,L,leg bristle,,lf,gustatory,cls,,annotated,high,lf,0.3,0.424,631
903476,LgLG3,gustatory,vnc_sensory,LgLG,MetaLN,L,leg bristle,,lh,gustatory,cls,,annotated,high,lh,0.381,0.52,238
903512,SNta38,mechanosensory_tactile,vnc_sensory,SNta,MesoLN,R,mechanosensory bristle,,rm,tactile,cls,,annotated,high,rm,0.785,0.829,886
903552,"SNta02,SNta09",mechanosensory_tactile,vnc_sensory,SNta,PDMN,R,notum,,,tactile,cls,,not_leg:PDMN,high,rm,0.324,0.559,374
903577,SNta20,mechanosensory_tactile,vnc_sensory,SNta,MetaLN,R,mechanosensory bristle,,rh,tactile,cls,,annotated,high,rh,0.732,0.789,727
903588,SNta23,mechanosensory_tactile,vnc_sensory,SNta,MesoLN,R,mechanosensory bristle,,rm,tactile,cls,,annotated,high,rm,0.584,0.616,299
903627,SNxxxx,unknown_sensory,vnc_sensory,SNxxxx,ProLN,L,leg,,lf,unknown,none,,annotated,high,lf,0.554,0.561,12
903637,"SNta02,SNta09",mechanosensory_tactile,vnc_sensory,SNta,PDMN,L,notum,,,tactile,cls,,not_leg:PDMN,high,lm,0.263,0.446,337
903641,SNta29,mechanosensory_tactile,vnc_sensory,SNta,MetaLN,L,mechanosensory bristle,,lh,tactile,cls,,annotated,high,lh,0.757,0.803,454
903666,SNta07,mechanosensory_tactile,vnc_sensory,SNta,ADMN,L,mechanosensory bristle,,,tactile,cls,,not_leg:ADMN,high,lm,0.256,0.435,686
903669,SNta33,mechanosensory_tactile,vnc_sensory,SNta,DProN,R,mechanosensory bristle,,rf,tactile,cls,,annotated,low,rm,0.402,0.58,188
903690,SNxx23,unknown_sensory,vnc_sensory,SNxx,AbNT,R,abdomen,,,unknown,none,,not_leg:AbNT,high,rm,0.279,0.533,373
903691,SNxx11,unknown_sensory,vnc_sensory,SNxx,AbNT,R,abdomen,,,unknown,none,,not_leg:AbNT,high,rh,0.308,0.608,798
903726,SNpp42,mechanosensory_proprioceptive,vnc_sensory,SNpp,MetaLN,R,chordotonal organ,,rh,proprio,cls,co_unclassified,annotated,high,lm,0.281,0.544,211
903735,SNppxx,mechanosensory_proprioceptive,vnc_sensory,SNppxx,MesoLN,R,leg,,rm,proprio,cls,untyped,annotated,high,rm,0.794,0.826,1696
903737,LgLG3,gustatory,vnc_sensory,LgLG,MesoLN,R,leg bristle,,rm,gustatory,cls,,annotated,high,rm,0.572,0.628,542
903738,SNta25,mechanosensory_tactile,vnc_sensory,SNta,MesoLN,R,mechanosensory bristle,,rm,tactile,cls,,annotated,high,rm,0.828,0.859,625
903742,SNpp02,mechanosensory_proprioceptive,vnc_sensory,SNpp,AbN3,L,abdomen,,,proprio,cls,untyped,not_leg:AbN3,high,rh,0.266,0.515,260
903745,SNxx05,unknown_sensory,vnc_sensory,SNxx,AbN4,L,abdomen,,,unknown,none,,not_leg:AbN4,high,,0.0,0.0,0
903749,SNxx19,unknown_sensory,vnc_sensory,SNxx,AbN4,L,abdomen,,,unknown,none,,not_leg:AbN4,high,lh,0.525,0.942,860
903750,SNch01,chemosensory,vnc_sensory,SNch,AbN4,L,abdomen,,,chemo,cls,,not_leg:AbN4,high,lh,0.399,0.722,1422
903763,SNxx19,unknown_sensory,vnc_sensory,SNxx,AbN3,L,abdomen,,,unknown,none,,not_leg:AbN3,high,lh,0.554,0.886,599
903793,WG2,gustatory,vnc_sensory,WG,ADMN,R,wing bristle,,,gustatory,cls,,not_leg:ADMN,high,rh,0.372,0.523,468
903814,SNta43,mechanosensory_tactile,vnc_sensory,SNta,MetaLN,L,mechanosensory bristle,,lh,tactile,cls,,annotated,high,lh,0.649,0.745,501
903831,SNpp50,mechanosensory_proprioceptive,vnc_sensory,SNpp,MesoLN,R,chordotonal organ,,rm,proprio,cls,claw_50,annotated,high,rm,0.841,0.905,537
903843,SNpp39,mechanosensory_proprioceptive,vnc_sensory,SNpp,ProLN,L,chordotonal organ,,lf,proprio,cls,hook_39,annotated,high,lf,0.88,0.885,68
903867,SNxx23,unknown_sensory,vnc_sensory,SNxx,AbNT,L,abdomen,,,unknown,none,,not_leg:AbNT,high,rm,0.284,0.475,627
903982,SNxx03,unknown_sensory,vnc_sensory,SNxx,AbN4,R,abdomen,,,unknown,none,,not_leg:AbN4,high,rh,0.509,0.751,216
903986,SNpp60,mechanosensory_proprioceptive,vnc_sensory,SNpp,MetaLN,L,chordotonal organ,,lh,proprio,cls,club,annotated,high,lh,0.544,0.697,209
904025,SNta20,mechanosensory_tactile,vnc_sensory,SNta,ProLN,R,mechanosensory bristle,,rf,tactile,cls,,annotated,high,rf,0.441,0.489,174
904029,SNta45,mechanosensory_tactile,vnc_sensory,SNta,MetaLN,R,mechanosensory bristle,,rh,tactile,cls,,annotated,high,rh,0.926,0.957,207
904030,SNta44,mechanosensory_tactile,vnc_sensory,SNta,MetaLN,R,mechanosensory bristle,,rh,tactile,cls,,annotated,high,rh,0.882,0.929,120
904031,SNta45,mechanosensory_tactile,vnc_sensory,SNta,MetaLN,R,mechanosensory bristle,,rh,tactile,cls,,annotated,high,rh,0.907,0.953,201
904083,LgLG2,gustatory,vnc_sensory,LgLG,ProLN,R,leg bristle,,rf,gustatory,cls,,annotated,medium,rm,0.422,0.593,38
904110,SNxx04,unknown_sensory,vnc_sensory,SNxx,AbN4,L,abdomen,,,unknown,none,,not_leg:AbN4,high,lh,0.446,0.677,101
904120,SNxx21,unknown_sensory,vnc_sensory,SNxx,AbN4,L,abdomen,,,unknown,none,,not_leg:AbN4,high,rh,0.568,0.812,346
904178,SNta11,mechanosensory_tactile,vnc_sensory,SNta,ADMN,R,mechanosensory bristle,,,tactile,cls,,not_leg:ADMN,high,rm,0.271,0.499,468
904201,SNta14,mechanosensory_tactile,vnc_sensory,SNta,ADMN,R,mechanosensory bristle,,,tactile,cls,,not_leg:ADMN,high,rh,0.346,0.523,1276
904216,SNta03,mechanosensory_tactile,vnc_sensory,SNta,DMetaN,R,mechanosensory bristle,,,tactile,cls,,not_leg:DMetaN,high,rh,0.772,0.897,925
904274,SNpp01,mechanosensory_proprioceptive,vnc_sensory,SNpp,AbN3,L,abdomen,,,proprio,cls,untyped,not_leg:AbN3,high,lh,0.245,0.458,317
904276,SNpp02,mechanosensory_proprioceptive,vnc_sensory,SNpp,AbN3,L,abdomen,,,proprio,cls,untyped,not_leg:AbN3,high,lh,0.288,0.549,209
904283,SNta43,mechanosensory_tactile,vnc_sensory,SNta,MesoLN,R,mechanosensory bristle,,rm,tactile,cls,,annotated,high,rm,0.687,0.709,475
904402,SNxx03,unknown_sensory,vnc_sensory,SNxx,AbN4,L,abdomen,,,unknown,none,,not_leg:AbN4,high,lm,0.415,0.538,88
904455,SNxx04,unknown_sensory,vnc_sensory,SNxx,AbNT,L,abdomen,,,unknown,none,,not_leg:AbNT,high,lh,0.395,0.713,589
904557,SNxx06,unknown_sensory,vnc_sensory,SNxx,AbN3,R,abdomen,,,unknown,none,,not_leg:AbN3,high,rh,0.532,0.682,32
904571,SNta18,mechanosensory_tactile,vnc_sensory,SNta,ADMN,R,mechanosensory bristle,,,tactile,cls,,not_leg:ADMN,high,rh,0.424,0.604,377
904666,SNxx04,unknown_sensory,vnc_sensory,SNxx,AbN4,L,abdomen,,,unknown,none,,not_leg:AbN4,high,lm,0.355,0.529,201
904667,SNta04,mechanosensory_tactile,vnc_sensory,SNta,ADMN,L,mechanosensory bristle,,,tactile,cls,,not_leg:ADMN,high,lm,0.314,0.422,798
904681,SNta38,mechanosensory_tactile,vnc_sensory,SNta,MetaLN,R,mechanosensory bristle,,rh,tactile,cls,,annotated,high,rh,0.924,0.947,172
904682,SNta38,mechanosensory_tactile,vnc_sensory,SNta,MetaLN,R,mechanosensory bristle,,rh,tactile,cls,,annotated,high,rh,0.837,0.944,344
904684,SNta38,mechanosensory_tactile,vnc_sensory,SNta,MetaLN,R,mechanosensory bristle,,rh,tactile,cls,,annotated,high,rh,0.933,0.969,202
904724,WG4,gustatory,vnc_sensory,WG,ADMN,R,wing bristle,,,gustatory,cls,,not_leg:ADMN,high,rm,0.483,0.663,538
904740,SNpp43,mechanosensory_proprioceptive,vnc_sensory,SNpp,MesoLN,L,chordotonal organ,,lm,proprio,cls,club,annotated,high,lm,0.749,0.791,391
904753,"SNta11,SNta14",mechanosensory_tactile,vnc_sensory,SNta,ADMN,R,mechanosensory bristle,,,tactile,cls,,not_leg:ADMN,high,rh,0.272,0.46,867
904776,WG4,gustatory,vnc_sensory,WG,ADMN,R,wing bristle,,,gustatory,cls,,not_leg:ADMN,high,rm,0.496,0.657,429
904777,WG4,gustatory,vnc_sensory,WG,ADMN,R,wing bristle,,,gustatory,cls,,not_leg:ADMN,high,rm,0.521,0.684,745
904779,SNpp45,mechanosensory_proprioceptive,vnc_sensory,SNpp,VProN,L,hair plate,,lf,proprio,cls,hair_plate_45,annotated,medium,lf,0.966,0.98,827
904789,SNta13,mechanosensory_tactile,vnc_sensory,SNta,PDMN,R,mechanosensory bristle,,,tactile,cls,,not_leg:PDMN,high,rh,0.288,0.449,905
904803,SNta11,mechanosensory_tactile,vnc_sensory,SNta,ADMN,R,mechanosensory bristle,,,tactile,cls,,not_leg:ADMN,high,rm,0.326,0.471,301
904815,"SNta04,SNta11",mechanosensory_tactile,vnc_sensory,SNta,ADMN,L,mechanosensory bristle,,,tactile,cls,,not_leg:ADMN,high,lh,0.349,0.499,438
904818,SNta44,mechanosensory_tactile,vnc_sensory,SNta,MesoLN,L,mechanosensory bristle,,lm,tactile,cls,,annotated,high,lm,0.872,0.892,378
904820,SNta28,mechanosensory_tactile,vnc_sensory,SNta,MetaLN,L,mechanosensory bristle,,lh,tactile,cls,,annotated,high,lh,0.734,0.82,193
904824,WG4,gustatory,vnc_sensory,WG,ADMN,L,wing bristle,,,gustatory,cls,,not_leg:ADMN,high,lm,0.358,0.589,814
904849,"SNta11,SNta14",mechanosensory_tactile,vnc_sensory,SNta,ADMN,L,mechanosensory bristle,,,tactile,cls,,not_leg:ADMN,high,lm,0.26,0.495,1002
904850,SNta04,mechanosensory_tactile,vnc_sensory,SNta,ADMN,L,mechanosensory bristle,,,tactile,cls,,not_leg:ADMN,high,lh,0.402,0.521,479
904892,SApp07,mechanosensory_proprioceptive,vnc_sensory,SApp,DMetaN,L,campaniform sensilla,,,proprio,cls,campaniform,not_leg:DMetaN,high,rh,0.362,0.638,223
904925,"SNta11,SNta14",mechanosensory_tactile,vnc_sensory,SNta,ADMN,L,mechanosensory bristle,,,tactile,cls,,not_leg:ADMN,high,lm,0.26,0.463,1098
904954,SNpp09,mechanosensory_proprioceptive,vnc_sensory,SNpp,ADMN,R,campaniform sensilla,,,proprio,cls,campaniform,not_leg:ADMN,high,rh,0.478,0.797,1450
904997,SNpp09,mechanosensory_proprioceptive,vnc_sensory,SNpp,ADMN,L,campaniform sensilla,,,proprio,cls,campaniform,not_leg:ADMN,high,lh,0.39,0.702,1760
904998,SNta07,mechanosensory_tactile,vnc_sensory,SNta,ADMN,R,mechanosensory bristle,,,tactile,cls,,not_leg:ADMN,high,rh,0.284,0.469,1137
905002,SNxx29,unknown_sensory,vnc_sensory,SNxx,MesoLN,R,leg,,rm,unknown,none,,annotated,high,rm,0.447,0.52,2839
905037,SNpp40,mechanosensory_proprioceptive,vnc_sensory,SNpp,ProLN,L,chordotonal organ,,lf,proprio,cls,club,annotated,medium,lh,0.507,0.642,311
905040,SNppxx,mechanosensory_proprioceptive,vnc_sensory,SNppxx,MetaLN,R,leg,,rh,proprio,cls,untyped,annotated,high,rh,0.702,0.915,978
905052,SNpp57,mechanosensory_proprioceptive,vnc_sensory,SNpp,MesoLN,R,chordotonal organ,,rm,proprio,cls,club,annotated,high,rm,0.289,0.387,402
905074,SNxx25,unknown_sensory,vnc_sensory,SNxx,ADMN,R,wing,,,unknown,none,,not_leg:ADMN,high,rh,0.477,0.709,1635
905111,SNta29,mechanosensory_tactile,vnc_sensory,SNta,ProLN,R,mechanosensory bristle,,rf,tactile,cls,,annotated,high,rf,0.677,0.704,272
905112,SNta29,unknown_sensory,vnc_sensory,SNta,ProLN,R,mechanosensory bristle,,rf,tactile,type,,annotated,high,rf,0.728,0.761,42
905113,SNxxxx,unknown_sensory,vnc_sensory,SNxxxx,ProLN,R,leg,,rf,unknown,none,,annotated,high,rf,0.896,0.957,5
905133,SNta35,mechanosensory_tactile,vnc_sensory,SNta,MesoLN,R,mechanosensory bristle,,rm,tactile,cls,,annotated,high,rm,0.682,0.714,635
905142,SNpp32,mechanosensory_proprioceptive,vnc_sensory,SNpp,ADMN,R,campaniform sensilla,,,proprio,cls,campaniform,not_leg:ADMN,high,rh,0.446,0.682,1742
905158,SNpp17,mechanosensory_proprioceptive,vnc_sensory,SNpp,ProCN,L,chordotonal organ,"MCN, Gorko Nature 2024",,proprio,cls,co_unclassified,not_leg:ProCN,high,rh,0.29,0.514,178
905162,SNxx23,unknown_sensory,vnc_sensory,SNxx,AbNT,R,abdomen,,,unknown,none,,not_leg:AbNT,high,rm,0.318,0.542,580
905216,SNta18,mechanosensory_tactile,vnc_sensory,SNta,ADMN,L,mechanosensory bristle,,,tactile,cls,,not_leg:ADMN,high,lh,0.339,0.553,746
905218,SNpp39,mechanosensory_proprioceptive,vnc_sensory,SNpp,MesoLN,L,chordotonal organ,,lm,proprio,cls,hook_39,annotated,high,lm,0.854,0.895,533
905219,SNpp50,mechanosensory_proprioceptive,vnc_sensory,SNpp,MesoLN,L,chordotonal organ,,lm,proprio,cls,claw_50,annotated,high,lm,0.906,0.929,327
905239,SNpp47,mechanosensory_proprioceptive,vnc_sensory,SNpp,MesoLN,L,chordotonal organ,,lm,proprio,cls,club,annotated,high,lm,0.716,0.751,530
905242,SNpp47,mechanosensory_proprioceptive,vnc_sensory,SNpp,MesoLN,L,chordotonal organ,,lm,proprio,cls,club,annotated,high,lm,0.764,0.803,607
905243,SNpp40,mechanosensory_proprioceptive,vnc_sensory,SNpp,MesoLN,L,chordotonal organ,,lm,proprio,cls,club,annotated,high,lm,0.575,0.628,1025
905265,LgLG1b,gustatory,vnc_sensory,LgLG,ProLN,R,leg bristle,,rf,gustatory,cls,,annotated,high,rm,0.269,0.467,97
905269,SNxx10,unknown_sensory,vnc_sensory,SNxx,AbNT,L,abdomen,,,unknown,none,,not_leg:AbNT,high,lh,0.296,0.505,526
905293,SNta29,unknown_sensory,vnc_sensory,SNta,ProLN,R,mechanosensory bristle,,rf,tactile,type,,annotated,high,,0.0,0.0,0
905298,SNpp02,mechanosensory_proprioceptive,vnc_sensory,SNpp,AbN3,L,abdomen,,,proprio,cls,untyped,not_leg:AbN3,high,lm,0.264,0.411,349
905335,SNpp40,mechanosensory_proprioceptive,vnc_sensory,SNpp,ProLN,L,chordotonal organ,,lf,proprio,cls,club,annotated,medium,lh,0.538,0.669,301
905339,SNpp59,mechanosensory_proprioceptive,vnc_sensory,SNpp,ProLN,L,chordotonal organ,,lf,proprio,cls,club,annotated,high,lm,0.249,0.399,298
905340,SNpp59,mechanosensory_proprioceptive,vnc_sensory,SNpp,ProLN,L,chordotonal organ,,lf,proprio,cls,club,annotated,high,lf,0.406,0.422,168
905352,SNta04,mechanosensory_tactile,vnc_sensory,SNta,ADMN,L,mechanosensory bristle,,,tactile,cls,,not_leg:ADMN,high,lh,0.361,0.476,1313
905407,SNpp41,mechanosensory_proprioceptive,vnc_sensory,SNpp,ProLN,R,leg,,rf,proprio,cls,hook_41,annotated,high,rf,0.352,0.458,21
905433,SNpp52,mechanosensory_proprioceptive,vnc_sensory,SNpp,MesoLN,R,leg,,rm,proprio,cls,hair_plate_52,annotated,high,rm,0.947,0.953,2244
905455,SNta37,mechanosensory_tactile,vnc_sensory,SNta,MetaLN,L,mechanosensory bristle,,lh,tactile,cls,,annotated,high,lh,0.731,0.794,126
905460,SNpp19,mechanosensory_proprioceptive,vnc_sensory,SNpp,PrN,R,hair plate,,,proprio,cls,hair_plate_xx,not_leg:PrN,high,rh,0.235,0.438,660
905490,SNta35,mechanosensory_tactile,vnc_sensory,SNta,MesoLN,L,mechanosensory bristle,,lm,tactile,cls,,annotated,high,lm,0.68,0.716,593
905509,SNxx08,unknown_sensory,vnc_sensory,SNxx,AbNT,R,abdomen,,,unknown,none,,not_leg:AbNT,high,rh,0.338,0.602,1376
905513,SNppxx,mechanosensory_proprioceptive,vnc_sensory,SNppxx,MetaLN,R,leg,,rh,proprio,cls,untyped,annotated,high,rh,0.938,0.982,1888
905526,SNpp60,mechanosensory_proprioceptive,vnc_sensory,SNpp,MetaLN,R,chordotonal organ,FeCO club,rh,proprio,cls,club,annotated,high,rh,0.497,0.689,741
905533,SNxx14,unknown_sensory,vnc_sensory,SNxx,AbN4,L,abdomen,,,unknown,none,,not_leg:AbN4,high,rh,0.373,0.743,769
905549,LgLG3,gustatory,vnc_sensory,LgLG,MetaLN,R,leg bristle,,rh,gustatory,cls,,annotated,high,rh,0.508,0.588,287
905561,SNpp10,mechanosensory_proprioceptive,vnc_sensory,SNpp,ADMN,R,campaniform sensilla,,,proprio,cls,campaniform,not_leg:ADMN,high,rm,0.36,0.508,669
905588,SNta38,mechanosensory_tactile,vnc_sensory,SNta,ProLN,L,mechanosensory bristle,,lf,tactile,cls,,annotated,high,lf,0.881,0.956,92
905611,"SNta22,SNta33",mechanosensory_tactile,vnc_sensory,SNta,MesoLN,R,mechanosensory bristle,,rm,tactile,cls,,annotated,high,rm,0.384,0.519,1336
905633,SNpp57,mechanosensory_proprioceptive,vnc_sensory,SNpp,MetaLN,R,chordotonal organ,FeCO club,rh,proprio,cls,club,annotated,high,rh,0.445,0.71,512
905668,SNpp39,mechanosensory_proprioceptive,vnc_sensory,SNpp,ProLN,R,chordotonal organ,,rf,proprio,cls,hook_39,annotated,high,rf,0.565,0.584,158
905684,SNta21,mechanosensory_tactile,vnc_sensory,SNta,ProLN,R,mechanosensory bristle,,rf,tactile,cls,,annotated,high,,0.0,0.0,0
905719,SNta37,mechanosensory_tactile,vnc_sensory,SNta,MetaLN,R,mechanosensory bristle,,rh,tactile,cls,,annotated,high,rh,0.772,0.82,451
905721,SNta28,mechanosensory_tactile,vnc_sensory,SNta,MetaLN,R,mechanosensory bristle,,rh,tactile,cls,,annotated,high,rh,0.829,0.878,459
905725,LgLG1a,gustatory,vnc_sensory,LgLG,ProLN,L,leg bristle,,lf,gustatory,cls,,annotated,high,lm,0.323,0.54,168
905748,SNta18,mechanosensory_tactile,vnc_sensory,SNta,ADMN,R,mechanosensory bristle,,,tactile,cls,,not_leg:ADMN,high,rh,0.396,0.567,362
905769,"SNta19,SNta37",mechanosensory_tactile,vnc_sensory,SNta,MetaLN,R,mechanosensory bristle,,rh,tactile,cls,,annotated,high,rh,0.709,0.785,370
905796,SNpp47,mechanosensory_proprioceptive,vnc_sensory,SNpp,MesoLN,R,chordotonal organ,,rm,proprio,cls,club,annotated,high,rm,0.56,0.782,491
905819,SNpp52,mechanosensory_proprioceptive,vnc_sensory,SNpp,MetaLN,L,leg,,lh,proprio,cls,hair_plate_52,annotated,high,lh,0.863,0.918,714
905839,SNta28,mechanosensory_tactile,vnc_sensory,SNta,MetaLN,R,mechanosensory bristle,,rh,tactile,cls,,annotated,high,rh,0.851,0.905,470
905841,SNta14,mechanosensory_tactile,vnc_sensory,SNta,ADMN,R,mechanosensory bristle,,,tactile,cls,,not_leg:ADMN,high,rh,0.311,0.505,1135
905881,SNch01,chemosensory,vnc_sensory,SNch,AbN2,L,abdomen,,,chemo,cls,,not_leg:AbN2,high,lh,0.388,0.613,1472
905890,SNta11,mechanosensory_tactile,vnc_sensory,SNta,ADMN,L,mechanosensory bristle,,,tactile,cls,,not_leg:ADMN,high,lh,0.229,0.417,1074
905891,SNxx23,unknown_sensory,vnc_sensory,SNxx,AbNT,L,abdomen,,,unknown,none,,not_leg:AbNT,high,rm,0.229,0.372,945
905912,SNxx07,unknown_sensory,vnc_sensory,SNxx,AbNT,L,abdomen,,,unknown,none,,not_leg:AbNT,high,lh,0.276,0.439,839
905917,SNpp02,mechanosensory_proprioceptive,vnc_sensory,SNpp,AbN3,L,abdomen,,,proprio,cls,untyped,not_leg:AbN3,high,lh,0.261,0.469,412
905925,"SNta02,SNta09",mechanosensory_tactile,vnc_sensory,SNta,PDMN,L,notum,,,tactile,cls,,not_leg:PDMN,high,lf,0.241,0.444,2050
905991,"SNta02,SNta09",mechanosensory_tactile,vnc_sensory,SNta,PDMN,L,notum,,,tactile,cls,,not_leg:PDMN,high,rm,0.247,0.465,436
906014,SNxx02,unknown_sensory,vnc_sensory,SNxx,AbNT,L,abdomen,,,unknown,none,,not_leg:AbNT,high,rh,0.373,0.693,335
906018,SNpp50,mechanosensory_proprioceptive,vnc_sensory,SNpp,MesoLN,R,chordotonal organ,,rm,proprio,cls,claw_50,annotated,high,rm,0.971,0.985,204
906066,SNpp40,mechanosensory_proprioceptive,vnc_sensory,SNpp,ProAN,R,leg,,rf,proprio,cls,club,annotated,low,lh,0.472,0.596,275
906067,LgLG1a,gustatory,vnc_sensory,LgLG,MetaLN,R,leg bristle,,rh,gustatory,cls,,annotated,high,rh,0.42,0.492,996
906068,LgLG1b,gustatory,vnc_sensory,LgLG,MetaLN,R,leg bristle,,rh,gustatory,cls,,annotated,high,rh,0.355,0.461,565
906069,LgLG1a,gustatory,vnc_sensory,LgLG,MetaLN,R,leg bristle,,rh,gustatory,cls,,annotated,high,rh,0.409,0.491,683
906073,"SNta02,SNta09",mechanosensory_tactile,vnc_sensory,SNta,PDMN,L,mechanosensory bristle,,,tactile,cls,,not_leg:PDMN,high,lm,0.264,0.451,351
906074,SNta12,mechanosensory_tactile,vnc_sensory,SNta,PDMN,L,mechanosensory bristle,,,tactile,cls,,not_leg:PDMN,high,lf,0.294,0.392,410
906075,"SNta02,SNta09",mechanosensory_tactile,vnc_sensory,SNta,PDMN,L,mechanosensory bristle,,,tactile,cls,,not_leg:PDMN,high,lm,0.283,0.44,350
906079,SNta25,mechanosensory_tactile,vnc_sensory,SNta,MesoLN,L,mechanosensory bristle,,lm,tactile,cls,,annotated,high,lm,0.758,0.814,169
906089,SNxx17,unknown_sensory,vnc_sensory,SNxx,AbNT,L,abdomen,,,unknown,none,,not_leg:AbNT,high,lh,0.617,0.716,1180
906134,SNta05,mechanosensory_tactile,vnc_sensory,SNta,PDMN,L,mechanosensory bristle,,,tactile,cls,,not_leg:PDMN,high,lm,0.244,0.456,2541
906190,SNch01,chemosensory,vnc_sensory,SNch,AbNT,L,abdomen,,,chemo,cls,,not_leg:AbNT,high,lh,0.327,0.636,1425
906212,LgLG3,gustatory,vnc_sensory,LgLG,ProLN,R,leg bristle,,rf,gustatory,cls,,annotated,high,rf,0.335,0.401,173
906251,SNpp19,mechanosensory_proprioceptive,vnc_sensory,SNpp,PrN,L,hair plate,,,proprio,cls,hair_plate_xx,not_leg:PrN,high,lh,0.232,0.422,823
906268,SNta29,mechanosensory_tactile,vnc_sensory,SNta,MesoLN,L,mechanosensory bristle,,lm,tactile,cls,,annotated,high,lm,0.771,0.807,452
906269,SNpp47,mechanosensory_proprioceptive,vnc_sensory,SNpp,MesoLN,L,chordotonal organ,,lm,proprio,cls,club,annotated,high,lm,0.628,0.671,676
906283,SNxx23,unknown_sensory,vnc_sensory,SNxx,AbNT,R,abdomen,,,unknown,none,,not_leg:AbNT,high,rh,0.285,0.421,818
906290,SNpp47,mechanosensory_proprioceptive,vnc_sensory,SNpp,ProLN,L,chordotonal organ,,lf,proprio,cls,club,annotated,medium,lh,0.464,0.489,343
906292,SNxx29,unknown_sensory,vnc_sensory,SNxx,ProLN,R,leg,,rf,unknown,none,,annotated,high,rf,0.39,0.43,1777
906309,SNta43,mechanosensory_tactile,vnc_sensory,SNta,MesoLN,L,mechanosensory bristle,,lm,tactile,cls,,annotated,high,lm,0.667,0.681,454
906312,SNxx17,unknown_sensory,vnc_sensory,SNxx,AbNT,L,abdomen,,,unknown,none,,not_leg:AbNT,high,lh,0.59,0.653,1477
906328,WG2,gustatory,vnc_sensory,WG,ADMN,L,wing bristle,,,gustatory,cls,,not_leg:ADMN,high,lm,0.348,0.502,80
906334,SNxx08,unknown_sensory,vnc_sensory,SNxx,AbNT,L,abdomen,,,unknown,none,,not_leg:AbNT,high,lh,0.352,0.522,678
906348,SNta27,mechanosensory_tactile,vnc_sensory,SNta,MetaLN,R,mechanosensory bristle,,rh,tactile,cls,,annotated,high,rh,0.887,0.95,188
906349,SNta45,mechanosensory_tactile,vnc_sensory,SNta,MetaLN,R,mechanosensory bristle,,rh,tactile,cls,,annotated,high,rh,0.931,0.966,239
906377,SNppxx,mechanosensory_proprioceptive,vnc_sensory,SNppxx,MetaLN,R,leg,hair plate,rh,proprio,cls,hair_plate_xx,annotated,high,rh,0.835,0.895,2303
906448,SNta38,mechanosensory_tactile,vnc_sensory,SNta,MesoLN,L,mechanosensory bristle,,lm,tactile,cls,,annotated,high,lm,0.82,0.865,873
906449,SNxx25,unknown_sensory,vnc_sensory,SNxx,ADMN,L,wing,,,unknown,none,,not_leg:ADMN,high,lh,0.363,0.449,2025
906473,WG4,gustatory,vnc_sensory,WG,ADMN,L,wing bristle,,,gustatory,cls,,not_leg:ADMN,high,lm,0.39,0.602,750
906483,SNpp19,mechanosensory_proprioceptive,vnc_sensory,SNpp,PrN,L,hair plate,,,proprio,cls,hair_plate_xx,not_leg:PrN,high,lh,0.23,0.446,446
906484,SNpp19,mechanosensory_proprioceptive,vnc_sensory,SNpp,PrN,L,hair plate,,,proprio,cls,hair_plate_xx,not_leg:PrN,high,lh,0.218,0.43,625
906485,SNpp19,mechanosensory_proprioceptive,vnc_sensory,SNpp,PrN,L,hair plate,,,proprio,cls,hair_plate_xx,not_leg:PrN,high,lh,0.252,0.479,466
906486,SNch01,chemosensory,vnc_sensory,SNch,AbNT,R,abdomen,,,chemo,cls,,not_leg:AbNT,high,rh,0.482,0.722,1400
906491,SNxx33,unknown_sensory,vnc_sensory,SNxx,MesoLN,L,leg,,lm,unknown,none,,annotated,high,lm,0.808,0.872,628
906498,SNxx30,unknown_sensory,vnc_sensory,SNxx,MetaLN,L,leg,,lh,unknown,none,,annotated,high,lh,0.799,0.829,488
906499,SNpp52,mechanosensory_proprioceptive,vnc_sensory,SNpp,MetaLN,L,leg,,lh,proprio,cls,hair_plate_52,annotated,high,lh,0.865,0.913,862
906507,LgLG1b,gustatory,vnc_sensory,LgLG,MetaLN,R,leg bristle,,rh,gustatory,cls,,annotated,high,rh,0.435,0.525,555
906508,LgLG1a,gustatory,vnc_sensory,LgLG,MetaLN,R,leg bristle,,rh,gustatory,cls,,annotated,high,rh,0.366,0.466,360
906509,LgLG1a,gustatory,vnc_sensory,LgLG,MetaLN,R,leg bristle,,rh,gustatory,cls,,annotated,high,rh,0.337,0.494,435
906510,LgLG3,gustatory,vnc_sensory,LgLG,MetaLN,R,leg bristle,,rh,gustatory,cls,,annotated,high,rh,0.562,0.651,605
906511,LgLG3,gustatory,vnc_sensory,LgLG,MetaLN,R,leg bristle,,rh,gustatory,cls,,annotated,high,rh,0.606,0.663,366
906519,SNch01,chemosensory,vnc_sensory,SNch,AbN2,R,abdomen,,,chemo,cls,,not_leg:AbN2,high,rh,0.523,0.64,1464
906527,WG2,gustatory,vnc_sensory,WG,ADMN,L,wing bristle,,,gustatory,cls,,not_leg:ADMN,high,lm,0.349,0.478,352
906558,SNpp47,mechanosensory_proprioceptive,vnc_sensory,SNpp,ProLN,L,chordotonal organ,,lf,proprio,cls,club,annotated,high,lf,0.403,0.445,305
906616,SNta29,mechanosensory_tactile,vnc_sensory,SNta,ProLN,R,mechanosensory bristle,,rf,tactile,cls,,annotated,high,rf,0.703,0.734,90
906619,LgLG3,gustatory,vnc_sensory,LgLG,ProLN,R,leg bristle,,rf,gustatory,cls,,annotated,high,rm,0.348,0.397,182
906620,SNta29,mechanosensory_tactile,vnc_sensory,SNta,ProLN,R,mechanosensory bristle,,rf,tactile,cls,,annotated,high,rf,0.73,0.772,132
906662,SNxx08,unknown_sensory,vnc_sensory,SNxx,AbNT,L,abdomen,,,unknown,none,,not_leg:AbNT,high,lh,0.412,0.585,1572
906668,SNxx14,unknown_sensory,vnc_sensory,SNxx,AbN4,R,abdomen,,,unknown,none,,not_leg:AbN4,high,rh,0.489,0.742,905
906685,SNta20,mechanosensory_tactile,vnc_sensory,SNta,MetaLN,L,mechanosensory bristle,,lh,tactile,cls,,annotated,high,lh,0.629,0.697,196
906811,SNta18,mechanosensory_tactile,vnc_sensory,SNta,ADMN,R,mechanosensory bristle,,,tactile,cls,,not_leg:ADMN,high,rh,0.384,0.609,461
906823,SNpp43,mechanosensory_proprioceptive,vnc_sensory,SNpp,ProLN,L,chordotonal organ,,lf,proprio,cls,club,annotated,high,lf,0.339,0.347,223
906825,WG1,gustatory,vnc_sensory,WG,ADMN,L,wing bristle,,,gustatory,cls,,not_leg:ADMN,high,rm,0.264,0.474,253
906992,SNpp32,mechanosensory_proprioceptive,vnc_sensory,SNpp,ADMN,L,campaniform sensilla,,,proprio,cls,campaniform,not_leg:ADMN,high,lh,0.478,0.679,2488
907038,SNxx03,unknown_sensory,vnc_sensory,SNxx,AbN4,L,abdomen,,,unknown,none,,not_leg:AbN4,high,lm,0.429,0.549,190
907039,SNxx04,unknown_sensory,vnc_sensory,SNxx,AbNT,L,abdomen,,,unknown,none,,not_leg:AbNT,high,rh,0.336,0.672,583
907191,SNta42,mechanosensory_tactile,vnc_sensory,SNta,MesoLN,R,mechanosensory bristle,,rm,tactile,cls,,annotated,high,rm,0.813,0.842,406
907215,SNta30,unknown_sensory,vnc_sensory,SNta,ProLN,L,mechanosensory bristle,,lf,tactile,type,,annotated,high,lf,0.747,0.761,20
907228,SNpp01,mechanosensory_proprioceptive,vnc_sensory,SNpp,AbN3,L,abdomen,,,proprio,cls,untyped,not_leg:AbN3,high,lm,0.364,0.418,376
907232,SNta20,mechanosensory_tactile,vnc_sensory,SNta,MesoLN,L,mechanosensory bristle,,lm,tactile,cls,,annotated,high,lm,0.817,0.849,1452
907247,SNxx21,unknown_sensory,vnc_sensory,SNxx,AbN4,R,abdomen,,,unknown,none,,not_leg:AbN4,high,rh,0.554,0.849,587
907283,"SNta02,SNta09",mechanosensory_tactile,vnc_sensory,SNta,PDMN,R,notum,,,tactile,cls,,not_leg:PDMN,high,rm,0.27,0.486,196
907323,SNxx04,unknown_sensory,vnc_sensory,SNxx,AbN4,L,abdomen,,,unknown,none,,not_leg:AbN4,high,rh,0.307,0.551,233
907324,SNxx03,unknown_sensory,vnc_sensory,SNxx,AbN4,L,abdomen,,,unknown,none,,not_leg:AbN4,high,rh,0.327,0.618,862
907341,SNxx04,unknown_sensory,vnc_sensory,SNxx,AbNT,L,abdomen,,,unknown,none,,not_leg:AbNT,high,rh,0.427,0.769,600
907349,SNxx04,unknown_sensory,vnc_sensory,SNxx,AbN4,R,abdomen,,,unknown,none,,not_leg:AbN4,high,rh,0.487,0.697,161
907350,SNxx03,unknown_sensory,vnc_sensory,SNxx,AbN4,R,abdomen,,,unknown,none,,not_leg:AbN4,high,rh,0.443,0.619,118
907424,SNta18,mechanosensory_tactile,vnc_sensory,SNta,ADMN,R,mechanosensory bristle,,,tactile,cls,,not_leg:ADMN,high,rh,0.355,0.525,469
907433,SNxxxx,unknown_sensory,vnc_sensory,SNxxxx,ProLN,R,leg,,rf,unknown,none,,annotated,high,rf,0.873,0.873,23
907528,SNxx23,unknown_sensory,vnc_sensory,SNxx,AbNT,L,abdomen,,,unknown,none,,not_leg:AbNT,high,rm,0.231,0.357,896
907578,SNxx23,unknown_sensory,vnc_sensory,SNxx,AbNT,L,abdomen,,,unknown,none,,not_leg:AbNT,high,rm,0.201,0.38,1040
907600,"SNpp34,SApp16",mechanosensory_proprioceptive,vnc_sensory,SNpp,DMetaN,L,campaniform sensilla,,,proprio,cls,campaniform,not_leg:DMetaN,high,rh,0.447,0.743,153
907681,SNta03,mechanosensory_tactile,vnc_sensory,SNta,DMetaN,R,mechanosensory bristle,,,tactile,cls,,not_leg:DMetaN,high,rh,0.653,0.9,710
907697,SNpp17,mechanosensory_proprioceptive,vnc_sensory,SNpp,ProCN,L,chordotonal organ,"MCN, Gorko Nature 2024",,proprio,cls,co_unclassified,not_leg:ProCN,high,rm,0.237,0.467,370
907742,SNpp39,mechanosensory_proprioceptive,vnc_sensory,SNpp,MetaLN,R,chordotonal organ,FeCO hook,rh,proprio,cls,hook_39,annotated,high,rh,0.774,0.786,596
907744,SNpp39,mechanosensory_proprioceptive,vnc_sensory,SNpp,MetaLN,R,chordotonal organ,,rh,proprio,cls,hook_39,annotated,high,rh,0.78,0.795,400
907770,"SNta11,SNta14",mechanosensory_tactile,vnc_sensory,SNta,ADMN,R,mechanosensory bristle,,,tactile,cls,,not_leg:ADMN,high,rh,0.29,0.48,680
907771,SNta20,mechanosensory_tactile,vnc_sensory,SNta,MesoLN,R,mechanosensory bristle,,rm,tactile,cls,,annotated,high,rm,0.816,0.848,755
907806,SNxx04,unknown_sensory,vnc_sensory,SNxx,AbN4,R,abdomen,,,unknown,none,,not_leg:AbN4,high,rh,0.503,0.652,78
907824,SNxx03,unknown_sensory,vnc_sensory,SNxx,AbN4,R,abdomen,,,unknown,none,,not_leg:AbN4,high,rh,0.464,0.668,902
907852,SNta14,mechanosensory_tactile,vnc_sensory,SNta,ADMN,R,mechanosensory bristle,,,tactile,cls,,not_leg:ADMN,high,rh,0.28,0.479,750
907867,LgLG1a,gustatory,vnc_sensory,LgLG,ProLN,R,leg bristle,,rf,gustatory,cls,,annotated,high,rm,0.328,0.505,184
907868,SNta29,mechanosensory_tactile,vnc_sensory,SNta,ProLN,R,mechanosensory bristle,,rf,tactile,cls,,annotated,high,rf,0.606,0.667,300
907953,SNpp19,mechanosensory_proprioceptive,vnc_sensory,SNpp,PrN,R,hair plate,,,proprio,cls,hair_plate_xx,not_leg:PrN,high,rf,0.344,0.501,714
907983,"SNta02,SNta09",mechanosensory_tactile,vnc_sensory,SNta,PDMN,L,notum,,,tactile,cls,,not_leg:PDMN,high,rm,0.246,0.445,629
907984,"SNta02,SNta09",mechanosensory_tactile,vnc_sensory,SNta,PDMN,R,notum,,,tactile,cls,,not_leg:PDMN,high,rm,0.326,0.516,246
907990,SNppxx,mechanosensory_proprioceptive,vnc_sensory,SNppxx,MetaLN,L,leg,,lh,proprio,cls,untyped,annotated,high,lh,0.759,0.85,1175
908012,SNxx07,unknown_sensory,vnc_sensory,SNxx,AbNT,L,abdomen,,,unknown,none,,not_leg:AbNT,high,rm,0.282,0.385,311
908013,SNpp18,mechanosensory_proprioceptive,vnc_sensory,SNpp,ProCN,L,chordotonal organ,"MNC, Gorko Nature 2024",,proprio,cls,co_unclassified,not_leg:ProCN,high,lm,0.313,0.486,391
908037,SNpp38,mechanosensory_proprioceptive,vnc_sensory,SNpp,ADMN,R,campaniform sensilla,,,proprio,cls,campaniform,not_leg:ADMN,high,rh,0.3,0.53,556
908065,SNxx04,unknown_sensory,vnc_sensory,SNxx,AbNT,L,abdomen,,,unknown,none,,not_leg:AbNT,high,lh,0.441,0.833,778
908095,SNxx30,unknown_sensory,vnc_sensory,SNxx,MesoLN,L,leg,,lm,unknown,none,,annotated,high,lm,0.9,0.919,1144
908113,SNta41,mechanosensory_tactile,vnc_sensory,SNta,ProLN,L,mechanosensory bristle,,lf,tactile,cls,,annotated,high,lf,0.515,0.525,21
908135,SNxx04,unknown_sensory,vnc_sensory,SNxx,AbN4,L,abdomen,,,unknown,none,,not_leg:AbN4,high,rh,0.322,0.634,231
908136,SNxx04,unknown_sensory,vnc_sensory,SNxx,AbN4,L,abdomen,,,unknown,none,,not_leg:AbN4,high,lh,0.353,0.685,518
908137,SNta25,mechanosensory_tactile,vnc_sensory,SNta,MetaLN,L,mechanosensory bristle,,lh,tactile,cls,,annotated,high,lh,0.73,0.825,211
908138,SNch01,chemosensory,vnc_sensory,SNch,AbN4,L,abdomen,,,chemo,cls,,not_leg:AbN4,high,lh,0.33,0.652,1922
908146,SNpp59,mechanosensory_proprioceptive,vnc_sensory,SNpp,MesoLN,L,chordotonal organ,,lm,proprio,cls,club,annotated,high,lm,0.541,0.671,427
908166,SNpp59,mechanosensory_proprioceptive,vnc_sensory,SNpp,MesoLN,R,chordotonal organ,,rm,proprio,cls,club,annotated,high,rm,0.362,0.603,472
908177,SNpp45,mechanosensory_proprioceptive,vnc_sensory,SNpp,VProN,L,hair plate,,lf,proprio,cls,hair_plate_45,annotated,medium,lf,0.946,0.973,1057
908214,SNpp40,mechanosensory_proprioceptive,vnc_sensory,SNpp,MesoLN,L,chordotonal organ,,lm,proprio,cls,club,annotated,high,lm,0.539,0.594,1304
908237,SNta37,mechanosensory_tactile,vnc_sensory,SNta,MetaLN,R,mechanosensory bristle,,rh,tactile,cls,,annotated,high,rh,0.8,0.838,240
908238,SNta37,mechanosensory_tactile,vnc_sensory,SNta,MetaLN,R,mechanosensory bristle,,rh,tactile,cls,,annotated,high,rh,0.726,0.802,1105
908258,SNpp52,mechanosensory_proprioceptive,vnc_sensory,SNpp,MetaLN,R,hair plate,,rh,proprio,cls,hair_plate_52,annotated,high,rh,0.901,0.922,1640
908264,SNta31,mechanosensory_tactile,vnc_sensory,SNta,ProLN,L,mechanosensory bristle,,lf,tactile,cls,,annotated,high,lf,0.692,0.703,168
908277,SNpp50,mechanosensory_proprioceptive,vnc_sensory,SNpp,MetaLN,R,chordotonal organ,FeCO claw,rh,proprio,cls,claw_50,annotated,high,rh,0.833,0.93,748
908278,SNpp50,mechanosensory_proprioceptive,vnc_sensory,SNpp,MetaLN,R,chordotonal organ,FeCO claw,rh,proprio,cls,claw_50,annotated,high,rh,0.846,0.942,737
908336,SNxx04,unknown_sensory,vnc_sensory,SNxx,AbN4,L,abdomen,,,unknown,none,,not_leg:AbN4,high,lh,0.289,0.578,285
908337,SNxx04,unknown_sensory,vnc_sensory,SNxx,AbN4,L,abdomen,,,unknown,none,,not_leg:AbN4,high,lm,0.338,0.481,220
908364,WG2,gustatory,vnc_sensory,WG,ADMN,L,wing bristle,,,gustatory,cls,,not_leg:ADMN,high,lh,0.328,0.447,458
908371,SNpp06,mechanosensory_proprioceptive,vnc_sensory,SNpp,ADMN,L,campaniform sensilla,,,proprio,cls,campaniform,not_leg:ADMN,high,lm,0.403,0.554,1053
908372,SNta32,mechanosensory_tactile,vnc_sensory,SNta,MetaLN,R,mechanosensory bristle,,rh,tactile,cls,,annotated,high,rh,0.645,0.69,174
908373,SNta32,mechanosensory_tactile,vnc_sensory,SNta,MetaLN,R,mechanosensory bristle,,rh,tactile,cls,,annotated,high,rh,0.758,0.823,35
908379,SNpp09,mechanosensory_proprioceptive,vnc_sensory,SNpp,ADMN,R,campaniform sensilla,,,proprio,cls,campaniform,not_leg:ADMN,high,rh,0.441,0.833,1488
908398,SNta37,mechanosensory_tactile,vnc_sensory,SNta,MetaLN,L,mechanosensory bristle,,lh,tactile,cls,,annotated,high,lh,0.755,0.825,498
908417,SNta21,mechanosensory_tactile,vnc_sensory,SNta,ProLN,L,mechanosensory bristle,,lf,tactile,cls,,annotated,high,lf,0.689,0.689,29
908426,SNta21,mechanosensory_tactile,vnc_sensory,SNta,ProLN,L,mechanosensory bristle,,lf,tactile,cls,,annotated,high,lf,0.964,0.964,15
908439,SNta25,mechanosensory_tactile,vnc_sensory,SNta,MetaLN,L,mechanosensory bristle,,lh,tactile,cls,,annotated,high,lh,0.801,0.849,462
908459,LgLG1b,gustatory,vnc_sensory,LgLG,ProLN,R,leg bristle,,rf,gustatory,cls,,annotated,high,rm,0.326,0.49,132
908463,SNppxx,mechanosensory_proprioceptive,vnc_sensory,SNppxx,MesoLN,L,leg,,lm,proprio,cls,untyped,annotated,high,lm,0.904,0.917,764
908505,SNxx26,unknown_sensory,vnc_sensory,SNxx,ADMN,L,wing,,,unknown,none,,not_leg:ADMN,high,lh,0.355,0.63,655
908529,SNpp60,mechanosensory_proprioceptive,vnc_sensory,SNpp,MetaLN,L,chordotonal organ,,lh,proprio,cls,club,annotated,high,lh,0.522,0.679,600
908533,SNpp40,mechanosensory_proprioceptive,vnc_sensory,SNpp,MetaLN,L,chordotonal organ,,lh,proprio,cls,club,annotated,high,lh,0.704,0.809,1315
908534,SNpp43,mechanosensory_proprioceptive,vnc_sensory,SNpp,MetaLN,L,chordotonal organ,,lh,proprio,cls,club,annotated,high,lh,0.559,0.68,423
908535,SNpp40,mechanosensory_proprioceptive,vnc_sensory,SNpp,MetaLN,L,chordotonal organ,,lh,proprio,cls,club,annotated,high,lh,0.597,0.735,1290
908537,SNpp56,mechanosensory_proprioceptive,vnc_sensory,SNpp,MetaLN,L,leg,,lh,proprio,cls,club,annotated,high,lh,0.599,0.719,342
908590,SNta32,mechanosensory_tactile,vnc_sensory,SNta,ProLN,R,mechanosensory bristle,,rf,tactile,cls,,annotated,high,rf,1.0,1.0,6
908603,SNpp51,mechanosensory_proprioceptive,vnc_sensory,SNpp,MesoLN,R,chordotonal organ,,rm,proprio,cls,claw_51,annotated,high,rm,0.922,0.935,619
908607,SNxx33,unknown_sensory,vnc_sensory,SNxx,MesoLN,R,leg,,rm,unknown,none,,annotated,high,rm,0.643,0.691,984
908614,WG1,gustatory,vnc_sensory,WG,ADMN,L,wing bristle,,,gustatory,cls,,not_leg:ADMN,high,rm,0.252,0.462,451
908636,SNta37,mechanosensory_tactile,vnc_sensory,SNta,MesoLN,R,mechanosensory bristle,,rm,tactile,cls,,annotated,high,rm,0.716,0.768,484
908637,SNta37,mechanosensory_tactile,vnc_sensory,SNta,MesoLN,R,mechanosensory bristle,,rm,tactile,cls,,annotated,high,rm,0.77,0.793,976
908638,SNta37,mechanosensory_tactile,vnc_sensory,SNta,MesoLN,R,mechanosensory bristle,,rm,tactile,cls,,annotated,high,rm,0.736,0.77,470
908650,SNxx04,unknown_sensory,vnc_sensory,SNxx,AbN4,R,abdomen,,,unknown,none,,not_leg:AbN4,high,rh,0.35,0.627,335
908652,SNxx20,unknown_sensory,vnc_sensory,SNxx,AbN4,R,abdomen,,,unknown,none,,not_leg:AbN4,high,lh,0.52,0.868,1491
908669,SNta31,mechanosensory_tactile,vnc_sensory,SNta,MetaLN,R,mechanosensory bristle,,rh,tactile,cls,,annotated,high,rh,0.553,0.646,282
908670,SNta31,mechanosensory_tactile,vnc_sensory,SNta,MetaLN,R,mechanosensory bristle,,rh,tactile,cls,,annotated,high,rh,0.567,0.61,235
908671,SNta31,mechanosensory_tactile,vnc_sensory,SNta,MetaLN,R,mechanosensory bristle,,rh,tactile,cls,,annotated,high,rh,0.599,0.651,197
908691,SNxx30,unknown_sensory,vnc_sensory,SNxx,MesoLN,R,leg,,rm,unknown,none,,annotated,high,rm,0.911,0.93,919
908695,SNta38,mechanosensory_tactile,vnc_sensory,SNta,MetaLN,R,mechanosensory bristle,,rh,tactile,cls,,annotated,high,rh,0.934,0.948,129
908698,SNta25,mechanosensory_tactile,vnc_sensory,SNta,MetaLN,R,mechanosensory bristle,,rh,tactile,cls,,annotated,high,rh,0.865,0.906,229
908702,SNpp50,mechanosensory_proprioceptive,vnc_sensory,SNpp,MesoLN,L,chordotonal organ,,lm,proprio,cls,claw_50,annotated,high,lm,0.931,0.955,339
908708,SNxx01,unknown_sensory,vnc_sensory,SNxx,AbN4,L,abdomen,,,unknown,none,,not_leg:AbN4,high,lh,0.353,0.673,121
908714,SNxx01,unknown_sensory,vnc_sensory,SNxx,AbN4,R,abdomen,,,unknown,none,,not_leg:AbN4,high,rh,0.454,0.627,309
908723,SNpp50,mechanosensory_proprioceptive,vnc_sensory,SNpp,MetaLN,L,chordotonal organ,,lh,proprio,cls,claw_50,annotated,high,lh,0.812,0.95,621
908734,SNta29,mechanosensory_tactile,vnc_sensory,SNta,ProLN,L,mechanosensory bristle,,lf,tactile,cls,,annotated,high,lf,0.786,0.862,367
908739,SNpp45,mechanosensory_proprioceptive,vnc_sensory,SNpp,MetaLN,R,hair plate,,rh,proprio,cls,hair_plate_45,annotated,high,rh,0.814,0.899,783
908744,SNta37,mechanosensory_tactile,vnc_sensory,SNta,MetaLN,R,mechanosensory bristle,,rh,tactile,cls,,annotated,high,rh,0.781,0.851,397
908745,SNch10,,vnc_sensory,SNch,MetaLN,R,taste bristle,,rh,chemo,type,,annotated,high,rh,0.591,0.736,198
908752,"SNta11,SNta14",mechanosensory_tactile,vnc_sensory,SNta,ADMN,R,mechanosensory bristle,,,tactile,cls,,not_leg:ADMN,high,rh,0.257,0.48,822
908756,SNta29,mechanosensory_tactile,vnc_sensory,SNta,MetaLN,R,mechanosensory bristle,,rh,tactile,cls,,annotated,high,rh,0.854,0.877,533
908757,SNxx03,unknown_sensory,vnc_sensory,SNxx,AbN4,R,abdomen,,,unknown,none,,not_leg:AbN4,high,rh,0.467,0.681,258
908758,SNxx04,unknown_sensory,vnc_sensory,SNxx,AbN4,R,abdomen,,,unknown,none,,not_leg:AbN4,high,rh,0.463,0.689,194
908773,SNpp50,mechanosensory_proprioceptive,vnc_sensory,SNpp,MesoLN,R,chordotonal organ,,rm,proprio,cls,claw_50,annotated,high,rm,0.915,0.946,507
908774,SNpp50,mechanosensory_proprioceptive,vnc_sensory,SNpp,MesoLN,R,chordotonal organ,,rm,proprio,cls,claw_50,annotated,high,rm,0.898,0.947,379
908783,SNta11,mechanosensory_tactile,vnc_sensory,SNta,ADMN,L,mechanosensory bristle,,,tactile,cls,,not_leg:ADMN,high,lh,0.222,0.414,1041
908804,SNpp42,mechanosensory_proprioceptive,vnc_sensory,SNpp,MetaLN,L,chordotonal organ,,lh,proprio,cls,co_unclassified,annotated,high,lm,0.33,0.536,243
908806,SNpp57,mechanosensory_proprioceptive,vnc_sensory,SNpp,MetaLN,L,chordotonal organ,,lh,proprio,cls,club,annotated,high,lh,0.497,0.608,542
908816,SNpp42,mechanosensory_proprioceptive,vnc_sensory,SNpp,MetaLN,L,chordotonal organ,,lh,proprio,cls,co_unclassified,annotated,medium,lm,0.42,0.636,256
908829,SNxx20,unknown_sensory,vnc_sensory,SNxx,AbN4,L,abdomen,,,unknown,none,,not_leg:AbN4,high,lh,0.589,0.947,1170
908831,SNpp52,mechanosensory_proprioceptive,vnc_sensory,SNpp,MetaLN,L,hair plate,,lh,proprio,cls,hair_plate_52,annotated,high,lh,0.865,0.886,1763
908845,SNta33,mechanosensory_tactile,vnc_sensory,SNta,DProN,L,mechanosensory bristle,,lf,tactile,cls,,annotated,medium,lm,0.37,0.494,373
908862,SNpp40,mechanosensory_proprioceptive,vnc_sensory,SNpp,MetaLN,R,chordotonal organ,FeCO club,rh,proprio,cls,club,annotated,high,rh,0.71,0.817,1452
908866,SNxx04,unknown_sensory,vnc_sensory,SNxx,AbN4,L,abdomen,,,unknown,none,,not_leg:AbN4,high,lh,0.315,0.614,828
908879,SNta37,mechanosensory_tactile,vnc_sensory,SNta,MesoLN,R,mechanosensory bristle,,rm,tactile,cls,,annotated,high,rm,0.764,0.782,471
908891,SNxx04,unknown_sensory,vnc_sensory,SNxx,AbNT,R,abdomen,,,unknown,none,,not_leg:AbNT,high,rh,0.438,0.788,1044
908901,SNta18,mechanosensory_tactile,vnc_sensory,SNta,ADMN,R,mechanosensory bristle,,,tactile,cls,,not_leg:ADMN,high,rh,0.389,0.567,489
908911,SNxx06,unknown_sensory,vnc_sensory,SNxx,AbN3,R,abdomen,,,unknown,none,,not_leg:AbN3,high,rh,0.493,0.726,312
908914,SNxx06,unknown_sensory,vnc_sensory,SNxx,AbN3,R,abdomen,,,unknown,none,,not_leg:AbN3,high,rh,0.469,0.735,104
908944,LgLG6,gustatory,vnc_sensory,LgLG,ProLN,L,leg bristle,,lf,gustatory,cls,,annotated,high,lf,0.446,0.517,977
908949,SNta20,mechanosensory_tactile,vnc_sensory,SNta,MetaLN,R,mechanosensory bristle,,rh,tactile,cls,,annotated,high,rh,0.747,0.803,841
908952,SNpp19,mechanosensory_proprioceptive,vnc_sensory,SNpp,PrN,L,hair plate,,,proprio,cls,hair_plate_xx,not_leg:PrN,high,lf,0.332,0.398,416
908964,SNta21,mechanosensory_tactile,vnc_sensory,SNta,ProLN,L,mechanosensory bristle,,lf,tactile,cls,,annotated,high,lf,0.864,0.868,82
909007,SNppxx,mechanosensory_proprioceptive,vnc_sensory,SNppxx,MesoLN,R,leg,,rm,proprio,cls,untyped,annotated,high,rm,0.782,0.816,512
909008,SNppxx,mechanosensory_proprioceptive,vnc_sensory,SNppxx,MesoLN,R,leg,,rm,proprio,cls,untyped,annotated,high,rm,0.889,0.936,161
909011,"SNta11,SNta14",mechanosensory_tactile,vnc_sensory,SNta,ADMN,R,mechanosensory bristle,,,tactile,cls,,not_leg:ADMN,high,rh,0.305,0.503,838
909025,LgLG1b,gustatory,vnc_sensory,LgLG,MetaLN,L,leg bristle,,lh,gustatory,cls,,annotated,high,lh,0.288,0.457,404
909026,LgLG3,gustatory,vnc_sensory,LgLG,MetaLN,L,leg bristle,,lh,gustatory,cls,,annotated,high,lh,0.522,0.616,640
909027,SNta29,mechanosensory_tactile,vnc_sensory,SNta,MetaLN,L,mechanosensory bristle,,lh,tactile,cls,,annotated,high,lh,0.76,0.806,628
909028,LgLG4,gustatory,vnc_sensory,LgLG,MetaLN,L,leg bristle,,lh,gustatory,cls,,annotated,high,lh,0.696,0.766,276
909035,SNpp50,mechanosensory_proprioceptive,vnc_sensory,SNpp,MetaLN,L,chordotonal organ,,lh,proprio,cls,claw_50,annotated,high,lh,0.831,0.963,285
909036,SNpp50,mechanosensory_proprioceptive,vnc_sensory,SNpp,MetaLN,L,chordotonal organ,,lh,proprio,cls,claw_50,annotated,high,lh,0.861,0.938,510
909042,SNpp53,mechanosensory_proprioceptive,vnc_sensory,SNpp,MetaLN,L,campaniform sensilla,,lh,proprio,cls,campaniform,annotated,high,rh,0.282,0.399,350
909072,SNxx04,unknown_sensory,vnc_sensory,SNxx,AbNT,R,abdomen,,,unknown,none,,not_leg:AbNT,high,lh,0.462,0.889,825
909107,SNppxx,mechanosensory_proprioceptive,vnc_sensory,SNppxx,MesoLN,R,leg,,rm,proprio,cls,untyped,annotated,high,rm,0.652,0.738,673
909129,SNxx04,unknown_sensory,vnc_sensory,SNxx,AbN4,R,abdomen,,,unknown,none,,not_leg:AbN4,high,rh,0.488,0.668,175
909131,SNxx04,unknown_sensory,vnc_sensory,SNxx,AbN4,R,abdomen,,,unknown,none,,not_leg:AbN4,high,rh,0.469,0.635,161
909155,SNpp16,mechanosensory_proprioceptive,vnc_sensory,SNpp,ADMN,R,campaniform sensilla,,,proprio,cls,campaniform,not_leg:ADMN,high,rh,0.449,0.764,510
909157,SNta33,mechanosensory_tactile,vnc_sensory,SNta,DProN,R,mechanosensory bristle,,rf,tactile,cls,,annotated,medium,rm,0.32,0.502,1387
909179,LgLG1b,gustatory,vnc_sensory,LgLG,ProLN,R,leg bristle,,rf,gustatory,cls,,annotated,high,rm,0.274,0.482,203
909194,SNta42,mechanosensory_tactile,vnc_sensory,SNta,MetaLN,R,mechanosensory bristle,,rh,tactile,cls,,annotated,high,rh,0.725,0.793,311
909199,SNxx19,unknown_sensory,vnc_sensory,SNxx,AbN4,L,abdomen,,,unknown,none,,not_leg:AbN4,high,rh,0.545,0.929,586
909201,SNppxx,mechanosensory_proprioceptive,vnc_sensory,SNppxx,MetaLN,R,leg,,rh,proprio,cls,untyped,annotated,high,rh,0.726,0.89,745
909213,SNta26,mechanosensory_tactile,vnc_sensory,SNta,MesoLN,L,mechanosensory bristle,,lm,tactile,cls,,annotated,high,lm,0.869,0.894,637
909235,SNppxx,mechanosensory_proprioceptive,vnc_sensory,SNppxx,MetaLN,L,leg,,lh,proprio,cls,untyped,annotated,high,lh,0.767,0.853,561
909240,SNpp50,mechanosensory_proprioceptive,vnc_sensory,SNpp,MetaLN,L,chordotonal organ,,lh,proprio,cls,claw_50,annotated,high,lh,0.822,0.942,778
909241,SNta42,mechanosensory_tactile,vnc_sensory,SNta,MesoLN,L,mechanosensory bristle,,lm,tactile,cls,,annotated,high,lm,0.707,0.759,631
909242,SNta20,mechanosensory_tactile,vnc_sensory,SNta,MesoLN,L,mechanosensory bristle,,lm,tactile,cls,,annotated,high,lm,0.815,0.843,375
909243,SNta29,mechanosensory_tactile,vnc_sensory,SNta,MesoLN,L,mechanosensory bristle,,lm,tactile,cls,,annotated,high,lm,0.852,0.869,401
909251,WG2,gustatory,vnc_sensory,WG,ADMN,R,wing bristle,,,gustatory,cls,,not_leg:ADMN,high,rh,0.456,0.52,175
909252,SNpp19,mechanosensory_proprioceptive,vnc_sensory,SNpp,PrN,L,hair plate,,,proprio,cls,hair_plate_xx,not_leg:PrN,high,lh,0.251,0.462,819
909271,SNpp18,mechanosensory_proprioceptive,vnc_sensory,SNpp,ProCN,R,chordotonal organ,"LCN, Gorko Nature 2024",,proprio,cls,co_unclassified,not_leg:ProCN,high,rm,0.222,0.427,190
909273,"SNta19,SNta37",mechanosensory_tactile,vnc_sensory,SNta,MetaLN,R,mechanosensory bristle,,rh,tactile,cls,,annotated,high,rh,0.686,0.735,434
909274,SNta20,mechanosensory_tactile,vnc_sensory,SNta,MetaLN,R,mechanosensory bristle,,rh,tactile,cls,,annotated,high,rh,0.69,0.764,542
909318,SNpp60,mechanosensory_proprioceptive,vnc_sensory,SNpp,MetaLN,R,chordotonal organ,,rh,proprio,cls,club,annotated,high,rh,0.529,0.737,864
909326,SNta21,mechanosensory_tactile,vnc_sensory,SNta,MesoLN,L,mechanosensory bristle,,lm,tactile,cls,,annotated,high,lm,0.891,0.916,440
909335,SNxx04,unknown_sensory,vnc_sensory,SNxx,AbNT,R,abdomen,,,unknown,none,,not_leg:AbNT,high,rh,0.488,0.802,1085
909349,SNpp62,mechanosensory_proprioceptive,vnc_sensory,SNpp,ADMN,R,wing,,,proprio,cls,untyped,not_leg:ADMN,high,rh,0.376,0.572,792
909350,SNxx03,unknown_sensory,vnc_sensory,SNxx,AbN4,R,abdomen,,,unknown,none,,not_leg:AbN4,high,rh,0.48,0.652,68
909351,SNxx19,unknown_sensory,vnc_sensory,SNxx,AbN4,R,abdomen,,,unknown,none,,not_leg:AbN4,high,lh,0.486,0.944,856
909354,SNxx06,unknown_sensory,vnc_sensory,SNxx,AbN3,L,abdomen,,,unknown,none,,not_leg:AbN3,high,lh,0.421,0.639,120
909355,SNxx06,unknown_sensory,vnc_sensory,SNxx,AbN3,L,abdomen,,,unknown,none,,not_leg:AbN3,high,lh,0.454,0.602,156
909356,SNxx03,unknown_sensory,vnc_sensory,SNxx,AbN3,L,abdomen,,,unknown,none,,not_leg:AbN3,high,lm,0.48,0.599,144
909358,SNxx06,unknown_sensory,vnc_sensory,SNxx,AbN3,L,abdomen,,,unknown,none,,not_leg:AbN3,high,lh,0.38,0.665,220
909365,SNta37,mechanosensory_tactile,vnc_sensory,SNta,MetaLN,L,mechanosensory bristle,,lh,tactile,cls,,annotated,high,lh,0.766,0.812,411
909366,SNta38,mechanosensory_tactile,vnc_sensory,SNta,MetaLN,L,mechanosensory bristle,,lh,tactile,cls,,annotated,high,lh,0.814,0.917,225
909367,SNxxxx,mechanosensory_proprioceptive,vnc_sensory,SNxxxx,MetaLN,L,leg,,lh,proprio,cls,untyped,annotated,high,lh,0.758,0.86,652
909374,SNppxx,mechanosensory_proprioceptive,vnc_sensory,SNppxx,MetaLN,L,leg,,lh,proprio,cls,untyped,annotated,high,lh,0.742,0.85,502
909379,SNpp48,mechanosensory_proprioceptive,vnc_sensory,SNpp,MetaLN,R,chordotonal organ,,rh,proprio,cls,co_unclassified,annotated,high,rh,0.922,0.962,955
909387,LgLG1a,gustatory,vnc_sensory,LgLG,MesoLN,R,leg bristle,,rm,gustatory,cls,,annotated,high,rm,0.424,0.611,733
909388,SNta20,mechanosensory_tactile,vnc_sensory,SNta,MesoLN,R,leg,,rm,tactile,cls,,annotated,high,rm,0.764,0.803,445
909393,SNpp45,mechanosensory_proprioceptive,vnc_sensory,SNpp,MesoLN,L,hair plate,,lm,proprio,cls,hair_plate_45,annotated,high,lm,0.907,0.918,496
909421,SNxx04,unknown_sensory,vnc_sensory,SNxx,AbN4,L,abdomen,,,unknown,none,,not_leg:AbN4,high,lh,0.348,0.523,218
909422,SNxx04,unknown_sensory,vnc_sensory,SNxx,AbN4,L,abdomen,,,unknown,none,,not_leg:AbN4,high,lm,0.338,0.495,279
909436,WG4,gustatory,vnc_sensory,WG,ADMN,L,wing bristle,,,gustatory,cls,,not_leg:ADMN,high,lm,0.342,0.592,590
909437,WG3,gustatory,vnc_sensory,WG,ADMN,L,wing bristle,,,gustatory,cls,,not_leg:ADMN,high,lm,0.345,0.587,700
909438,WG3,gustatory,vnc_sensory,WG,ADMN,L,wing bristle,,,gustatory,cls,,not_leg:ADMN,high,lm,0.381,0.579,509
909445,SNta06,mechanosensory_tactile,vnc_sensory,SNta,ADMN,L,mechanosensory bristle,,,tactile,cls,,not_leg:ADMN,high,lm,0.457,0.564,877
909448,"SNta02,SNta09",mechanosensory_tactile,vnc_sensory,SNta,PDMN,L,notum,,,tactile,cls,,not_leg:PDMN,high,lm,0.319,0.504,314
909449,"SNta02,SNta09",mechanosensory_tactile,vnc_sensory,SNta,PDMN,R,notum,,,tactile,cls,,not_leg:PDMN,high,rm,0.351,0.664,185
909450,"SNta02,SNta09",mechanosensory_tactile,vnc_sensory,SNta,PDMN,R,notum,,,tactile,cls,,not_leg:PDMN,high,lm,0.243,0.451,277
909456,SNta33,mechanosensory_tactile,vnc_sensory,SNta,DProN,L,mechanosensory bristle,,lf,tactile,cls,,annotated,medium,lm,0.356,0.483,339
909477,SNpp39,mechanosensory_proprioceptive,vnc_sensory,SNpp,MesoLN,L,chordotonal organ,,lm,proprio,cls,hook_39,annotated,high,lm,0.829,0.877,718
909478,SNpp39,mechanosensory_proprioceptive,vnc_sensory,SNpp,MesoLN,L,chordotonal organ,,lm,proprio,cls,hook_39,annotated,high,lm,0.796,0.826,474
909506,SNta21,mechanosensory_tactile,vnc_sensory,SNta,ProLN,R,mechanosensory bristle,,rf,tactile,cls,,annotated,high,rf,0.632,0.866,42
909515,SNxx19,unknown_sensory,vnc_sensory,SNxx,AbN4,L,abdomen,,,unknown,none,,not_leg:AbN4,high,lh,0.457,0.892,568
909548,SNpp39,mechanosensory_proprioceptive,vnc_sensory,SNpp,MesoLN,R,chordotonal organ,,rm,proprio,cls,hook_39,annotated,high,rm,0.779,0.826,468
909549,SNpp39,mechanosensory_proprioceptive,vnc_sensory,SNpp,MesoLN,R,chordotonal organ,,rm,proprio,cls,hook_39,annotated,high,rm,0.748,0.789,483
909551,SNta42,mechanosensory_tactile,vnc_sensory,SNta,MetaLN,R,mechanosensory bristle,,rh,tactile,cls,,annotated,high,rh,0.746,0.813,462
909560,SNta38,mechanosensory_tactile,vnc_sensory,SNta,MetaLN,R,mechanosensory bristle,,rh,tactile,cls,,annotated,high,rh,0.902,0.93,398
909562,LgLG3,gustatory,vnc_sensory,LgLG,MetaLN,R,leg bristle,,rh,gustatory,cls,,annotated,high,rh,0.465,0.538,318
909563,LgLG2,gustatory,vnc_sensory,LgLG,MetaLN,R,leg bristle,,rh,gustatory,cls,,annotated,high,rh,0.248,0.417,145
909576,SNta20,mechanosensory_tactile,vnc_sensory,SNta,MesoLN,R,mechanosensory bristle,,rm,tactile,cls,,annotated,high,rm,0.748,0.791,748
909577,SNta20,mechanosensory_tactile,vnc_sensory,SNta,MesoLN,R,leg,,rm,tactile,cls,,annotated,high,rm,0.78,0.821,700
909578,SNta20,mechanosensory_tactile,vnc_sensory,SNta,MesoLN,R,leg,,rm,tactile,cls,,annotated,high,rm,0.726,0.77,550
909580,SNta11,mechanosensory_tactile,vnc_sensory,SNta,ADMN,R,mechanosensory bristle,,,tactile,cls,,not_leg:ADMN,high,rh,0.254,0.477,522
909640,LgLG3,gustatory,vnc_sensory,LgLG,ProLN,L,leg bristle,,lf,gustatory,cls,,annotated,high,lf,0.385,0.416,238
909642,LgLG3,gustatory,vnc_sensory,LgLG,ProLN,L,leg bristle,,lf,gustatory,cls,,annotated,high,lf,0.359,0.395,294
909650,SNxx03,unknown_sensory,vnc_sensory,SNxx,AbN4,L,abdomen,,,unknown,none,,not_leg:AbN4,high,lm,0.315,0.555,366
909712,SNta33,mechanosensory_tactile,vnc_sensory,SNta,DProN,R,mechanosensory bristle,,rf,tactile,cls,,annotated,low,rm,0.505,0.616,269
909726,SNpp47,mechanosensory_proprioceptive,vnc_sensory,SNpp,MetaLN,R,chordotonal organ,,rh,proprio,cls,club,annotated,high,rh,0.683,0.866,250
909729,SNta35,mechanosensory_tactile,vnc_sensory,SNta,MesoLN,L,mechanosensory bristle,,lm,tactile,cls,,annotated,high,lm,0.684,0.722,236
909740,SNta42,mechanosensory_tactile,vnc_sensory,SNta,MetaLN,R,mechanosensory bristle,,rh,tactile,cls,,annotated,high,rh,0.627,0.708,400
909750,SNta20,mechanosensory_tactile,vnc_sensory,SNta,ProLN,R,leg,,rf,tactile,cls,,annotated,high,rf,0.455,0.503,201
909751,SNta20,mechanosensory_tactile,vnc_sensory,SNta,ProLN,R,mechanosensory bristle,,rf,tactile,cls,,annotated,high,rf,0.702,0.738,216
909752,SNta29,mechanosensory_tactile,vnc_sensory,SNta,ProLN,R,mechanosensory bristle,,rf,tactile,cls,,annotated,high,rf,0.675,0.716,162
909753,SNta29,mechanosensory_tactile,vnc_sensory,SNta,ProLN,R,mechanosensory bristle,,rf,tactile,cls,,annotated,high,rf,0.518,0.701,76
909772,SNta34,mechanosensory_tactile,vnc_sensory,SNta,MesoLN,R,mechanosensory bristle,,rm,tactile,cls,,annotated,high,rm,0.706,0.75,263
909776,SNta43,mechanosensory_tactile,vnc_sensory,SNta,MesoLN,L,mechanosensory bristle,,lm,tactile,cls,,annotated,high,lm,0.503,0.58,313
909792,SNta29,mechanosensory_tactile,vnc_sensory,SNta,MetaLN,L,mechanosensory bristle,,lh,tactile,cls,,annotated,high,lh,0.828,0.862,1062
909803,WG4,gustatory,vnc_sensory,WG,ADMN,L,wing bristle,,,gustatory,cls,,not_leg:ADMN,high,lm,0.367,0.594,625
909804,WG4,gustatory,vnc_sensory,WG,ADMN,L,wing bristle,,,gustatory,cls,,not_leg:ADMN,high,lm,0.346,0.587,556
909805,"SNta11,SNta14",mechanosensory_tactile,vnc_sensory,SNta,ADMN,R,mechanosensory bristle,,,tactile,cls,,not_leg:ADMN,high,rh,0.272,0.454,944
909809,SNpp19,mechanosensory_proprioceptive,vnc_sensory,SNpp,PrN,R,hair plate,,,proprio,cls,hair_plate_xx,not_leg:PrN,high,lf,0.224,0.392,532
909819,SNppxx,mechanosensory_proprioceptive,vnc_sensory,SNppxx,MesoLN,R,leg,,rm,proprio,cls,untyped,annotated,high,rm,0.874,0.885,346
909829,SNpp06,mechanosensory_proprioceptive,vnc_sensory,SNpp,ADMN,R,campaniform sensilla,,,proprio,cls,campaniform,not_leg:ADMN,high,rh,0.269,0.499,624
909834,SNppxx,mechanosensory_proprioceptive,vnc_sensory,SNppxx,MetaLN,R,leg,,rh,proprio,cls,untyped,annotated,high,rh,0.909,0.926,622
909836,"SApp23,SNpp56",mechanosensory_proprioceptive,vnc_sensory,SApp,MetaLN,R,chordotonal organ,,rh,proprio,cls,club,annotated,high,lh,0.259,0.509,574
909853,SNpp28,mechanosensory_proprioceptive,vnc_sensory,SNpp,ADMN,L,campaniform sensilla,,,proprio,cls,campaniform,not_leg:ADMN,high,lm,0.362,0.516,777
909871,SNxx14,unknown_sensory,vnc_sensory,SNxx,AbN4,L,abdomen,,,unknown,none,,not_leg:AbN4,high,rh,0.382,0.76,658
909921,SNta33,mechanosensory_tactile,vnc_sensory,SNta,DProN,R,mechanosensory bristle,,rf,tactile,cls,,annotated,low,rm,0.409,0.576,257
909922,SNta33,mechanosensory_tactile,vnc_sensory,SNta,DProN,R,mechanosensory bristle,,rf,tactile,cls,,annotated,low,rm,0.464,0.6,165
909924,SNta40,unknown_sensory,vnc_sensory,SNta,ProLN,R,mechanosensory bristle,,rf,tactile,type,,annotated,high,rf,0.797,0.829,15
909975,SNxx04,unknown_sensory,vnc_sensory,SNxx,AbNT,L,abdomen,,,unknown,none,,not_leg:AbNT,high,rh,0.406,0.729,930
910015,SNpp40,mechanosensory_proprioceptive,vnc_sensory,SNpp,MesoLN,L,chordotonal organ,,lm,proprio,cls,club,annotated,high,lm,0.726,0.789,863
910031,SNxx14,unknown_sensory,vnc_sensory,SNxx,AbN4,R,abdomen,,,unknown,none,,not_leg:AbN4,high,rh,0.575,0.834,418
910032,SNxx03,unknown_sensory,vnc_sensory,SNxx,AbN4,R,abdomen,,,unknown,none,,not_leg:AbN4,high,rh,0.448,0.626,126
910033,SNta30,mechanosensory_tactile,vnc_sensory,SNta,MesoLN,R,mechanosensory bristle,,rm,tactile,cls,,annotated,high,rm,0.795,0.826,1118
910042,SNpp47,mechanosensory_proprioceptive,vnc_sensory,SNpp,MetaLN,R,chordotonal organ,,rh,proprio,cls,club,annotated,high,rh,0.583,0.776,602
910064,SNta32,mechanosensory_tactile,vnc_sensory,SNta,MesoLN,L,mechanosensory bristle,,lm,tactile,cls,,annotated,high,lm,0.619,0.674,420
910068,SNta43,mechanosensory_tactile,vnc_sensory,SNta,MetaLN,L,mechanosensory bristle,,lh,tactile,cls,,annotated,high,lh,0.482,0.697,424
910090,SApp,mechanosensory_proprioceptive,sensory_ascending,SApp,DMetaN,R,haltere,,,proprio,cls,untyped,not_leg:DMetaN,high,lh,0.327,0.61,549
910099,SNxx11,unknown_sensory,vnc_sensory,SNxx,AbNT,R,abdomen,,,unknown,none,,not_leg:AbNT,high,rh,0.281,0.46,1202
910102,SNta43,mechanosensory_tactile,vnc_sensory,SNta,MetaLN,R,mechanosensory bristle,,rh,tactile,cls,,annotated,high,rh,0.772,0.875,297
910104,SNppxx,mechanosensory_proprioceptive,vnc_sensory,SNppxx,MesoLN,R,leg,,rm,proprio,cls,untyped,annotated,high,rm,0.909,0.967,1201
910127,SNxx03,unknown_sensory,vnc_sensory,SNxx,AbN4,L,abdomen,,,unknown,none,,not_leg:AbN4,high,lm,0.396,0.496,505
910147,SNta39,mechanosensory_tactile,vnc_sensory,SNta,MetaLN,L,mechanosensory bristle,,lh,tactile,cls,,annotated,high,lh,0.779,0.815,112
910205,SNpp19,mechanosensory_proprioceptive,vnc_sensory,SNpp,PrN,L,hair plate,,,proprio,cls,hair_plate_xx,not_leg:PrN,high,lf,0.328,0.418,521
910220,SNxx20,unknown_sensory,vnc_sensory,SNxx,AbN4,L,abdomen,,,unknown,none,,not_leg:AbN4,high,lh,0.525,0.84,1078
910233,WG4,gustatory,vnc_sensory,WG,ADMN,L,wing bristle,,,gustatory,cls,,not_leg:ADMN,high,lm,0.359,0.592,682
910285,SNpp17,mechanosensory_proprioceptive,vnc_sensory,SNpp,ProCN,L,chordotonal organ,"MNC, Gorko Nature 2024",,proprio,cls,co_unclassified,not_leg:ProCN,high,lh,0.266,0.519,203
910306,SNpp43,mechanosensory_proprioceptive,vnc_sensory,SNpp,MesoLN,R,chordotonal organ,,rm,proprio,cls,club,annotated,high,rm,0.656,0.754,668
910320,SNxx20,unknown_sensory,vnc_sensory,SNxx,AbN4,R,abdomen,,,unknown,none,,not_leg:AbN4,high,rh,0.567,0.7,1068
910391,SNpp56,mechanosensory_proprioceptive,vnc_sensory,SNpp,MesoLN,R,chordotonal organ,,rm,proprio,cls,club,annotated,high,rm,0.243,0.445,432
910401,SNpp60,mechanosensory_proprioceptive,vnc_sensory,SNpp,MetaLN,L,chordotonal organ,,lh,proprio,cls,club,annotated,high,lh,0.548,0.716,629
910406,SNpp51,mechanosensory_proprioceptive,vnc_sensory,SNpp,MetaLN,L,chordotonal organ,,lh,proprio,cls,claw_51,annotated,high,lh,0.932,0.966,500
910408,SNpp50,mechanosensory_proprioceptive,vnc_sensory,SNpp,MetaLN,L,chordotonal organ,,lh,proprio,cls,claw_50,annotated,high,lh,0.838,0.955,658
910413,SNpp39,mechanosensory_proprioceptive,vnc_sensory,SNpp,MetaLN,L,chordotonal organ,,lh,proprio,cls,hook_39,annotated,high,lh,0.823,0.903,130
910446,SNpp47,mechanosensory_proprioceptive,vnc_sensory,SNpp,MesoLN,L,chordotonal organ,,lm,proprio,cls,club,annotated,high,lm,0.638,0.677,645
910452,SNxx04,unknown_sensory,vnc_sensory,SNxx,AbN4,R,abdomen,,,unknown,none,,not_leg:AbN4,high,rh,0.445,0.673,211
910455,"SNta04,SNta11",mechanosensory_tactile,vnc_sensory,SNta,ADMN,L,mechanosensory bristle,,,tactile,cls,,not_leg:ADMN,high,lh,0.328,0.464,485
910456,SNxx14,unknown_sensory,vnc_sensory,SNxx,AbN4,R,abdomen,,,unknown,none,,not_leg:AbN4,high,rh,0.522,0.781,650
910459,"SNta02,SNta09",mechanosensory_tactile,vnc_sensory,SNta,PDMN,L,notum,,,tactile,cls,,not_leg:PDMN,high,lm,0.381,0.548,497
910460,"SNta02,SNta09",mechanosensory_tactile,vnc_sensory,SNta,PDMN,L,notum,,,tactile,cls,,not_leg:PDMN,high,lm,0.29,0.469,432
910475,SNta37,mechanosensory_tactile,vnc_sensory,SNta,MetaLN,L,mechanosensory bristle,,lh,tactile,cls,,annotated,high,lh,0.718,0.789,577
910480,SNta21,mechanosensory_tactile,vnc_sensory,SNta,MesoLN,L,mechanosensory bristle,,lm,tactile,cls,,annotated,high,lm,0.906,0.93,325
910526,SNta38,mechanosensory_tactile,vnc_sensory,SNta,MetaLN,L,mechanosensory bristle,,lh,tactile,cls,,annotated,high,lh,0.765,0.908,141
910535,SNpp37,mechanosensory_proprioceptive,vnc_sensory,SNpp,ADMN,R,campaniform sensilla,,,proprio,cls,campaniform,not_leg:ADMN,high,rm,0.399,0.464,422
910548,SNpp61,mechanosensory_proprioceptive,vnc_sensory,SNpp,ADMN,L,wing,,,proprio,cls,untyped,not_leg:ADMN,high,lh,0.291,0.514,1105
910566,SNta37,mechanosensory_tactile,vnc_sensory,SNta,MetaLN,L,mechanosensory bristle,,lh,tactile,cls,,annotated,high,lh,0.744,0.808,312
910608,SNta42,mechanosensory_tactile,vnc_sensory,SNta,MesoLN,L,mechanosensory bristle,,lm,tactile,cls,,annotated,high,lm,0.706,0.736,396
910609,SNpp28,mechanosensory_proprioceptive,vnc_sensory,SNpp,ADMN,L,campaniform sensilla,,,proprio,cls,campaniform,not_leg:ADMN,high,lm,0.359,0.488,948
910632,SNpp58,mechanosensory_proprioceptive,vnc_sensory,SNpp,MesoLN,R,chordotonal organ,,rm,proprio,cls,club,annotated,high,rm,0.492,0.653,386
910635,LgLG2,gustatory,vnc_sensory,LgLG,MesoLN,L,leg bristle,,lm,gustatory,cls,,annotated,high,lm,0.34,0.551,234
910683,SNta27,mechanosensory_tactile,vnc_sensory,SNta,MesoLN,R,leg,,rm,tactile,cls,,annotated,high,rm,0.842,0.877,468
910684,SNta37,mechanosensory_tactile,vnc_sensory,SNta,MesoLN,R,mechanosensory bristle,,rm,tactile,cls,,annotated,high,rm,0.779,0.805,338
910704,SNta20,mechanosensory_tactile,vnc_sensory,SNta,MetaLN,R,mechanosensory bristle,,rh,tactile,cls,,annotated,high,rh,0.752,0.799,429
910717,SNpp52,mechanosensory_proprioceptive,vnc_sensory,SNpp,MesoLN,L,leg,,lm,proprio,cls,hair_plate_52,annotated,high,lm,0.973,0.977,292
910744,SNta40,mechanosensory_tactile,vnc_sensory,SNta,ProLN,R,mechanosensory bristle,,rf,tactile,cls,,annotated,medium,rm,0.454,0.484,76
910750,SNpp35,mechanosensory_proprioceptive,vnc_sensory,SNpp,DMetaN,R,haltere,,,proprio,cls,untyped,not_leg:DMetaN,high,rh,0.453,0.818,459
910761,SNxx03,unknown_sensory,vnc_sensory,SNxx,AbN3,R,abdomen,,,unknown,none,,not_leg:AbN3,high,rh,0.551,0.718,135
910789,SNxx06,unknown_sensory,vnc_sensory,SNxx,AbN3,R,abdomen,,,unknown,none,,not_leg:AbN3,high,rh,0.549,0.766,318
910790,SNxx06,unknown_sensory,vnc_sensory,SNxx,AbN3,R,abdomen,,,unknown,none,,not_leg:AbN3,high,rh,0.569,0.741,164
910803,SNta38,mechanosensory_tactile,vnc_sensory,SNta,MetaLN,L,mechanosensory bristle,,lh,tactile,cls,,annotated,high,lh,0.773,0.916,306
910804,SNta38,mechanosensory_tactile,vnc_sensory,SNta,MetaLN,L,mechanosensory bristle,,lh,tactile,cls,,annotated,high,lh,0.882,0.954,296
910809,WG4,gustatory,vnc_sensory,WG,ADMN,R,wing bristle,,,gustatory,cls,,not_leg:ADMN,high,rm,0.471,0.666,628
910819,SNpp47,mechanosensory_proprioceptive,vnc_sensory,SNpp,MetaLN,L,chordotonal organ,,lh,proprio,cls,club,annotated,high,lh,0.631,0.711,600
910825,SNta38,mechanosensory_tactile,vnc_sensory,SNta,MesoLN,R,mechanosensory bristle,,rm,tactile,cls,,annotated,high,rm,0.78,0.846,351
910826,LgLG2,gustatory,vnc_sensory,LgLG,MesoLN,R,leg bristle,,rm,gustatory,cls,,annotated,high,rm,0.487,0.621,236
910829,SNpp60,mechanosensory_proprioceptive,vnc_sensory,SNpp,MesoLN,R,chordotonal organ,,rm,proprio,cls,club,annotated,high,rm,0.298,0.5,591
910830,SNpp47,mechanosensory_proprioceptive,vnc_sensory,SNpp,MesoLN,R,chordotonal organ,,rm,proprio,cls,club,annotated,high,rm,0.639,0.811,272
910835,SNxx04,unknown_sensory,vnc_sensory,SNxx,AbN4,L,abdomen,,,unknown,none,,not_leg:AbN4,high,lh,0.368,0.658,155
910836,SNpp39,mechanosensory_proprioceptive,vnc_sensory,SNpp,MesoLN,L,chordotonal organ,,lm,proprio,cls,hook_39,annotated,high,lm,0.889,0.921,338
910850,SNta37,mechanosensory_tactile,vnc_sensory,SNta,MetaLN,R,mechanosensory bristle,,rh,tactile,cls,,annotated,high,rh,0.804,0.847,415
910851,SNta38,mechanosensory_tactile,vnc_sensory,SNta,MetaLN,R,mechanosensory bristle,,rh,tactile,cls,,annotated,high,rh,0.834,0.949,156
910880,SNxx04,unknown_sensory,vnc_sensory,SNxx,AbNT,R,abdomen,,,unknown,none,,not_leg:AbNT,high,rh,0.472,0.853,763
910881,SNxx04,unknown_sensory,vnc_sensory,SNxx,AbN4,L,abdomen,,,unknown,none,,not_leg:AbN4,high,lm,0.312,0.524,240
910926,SNxx04,unknown_sensory,vnc_sensory,SNxx,AbN4,L,abdomen,,,unknown,none,,not_leg:AbN4,high,rh,0.333,0.654,725
910971,SNta21,mechanosensory_tactile,vnc_sensory,SNta,MesoLN,R,mechanosensory bristle,,rm,tactile,cls,,annotated,high,rm,0.883,0.914,684
911047,SNxx07,unknown_sensory,vnc_sensory,SNxx,AbNT,L,abdomen,,,unknown,none,,not_leg:AbNT,high,rm,0.26,0.395,254
911048,SNta26,mechanosensory_tactile,vnc_sensory,SNta,MesoLN,L,mechanosensory bristle,,lm,tactile,cls,,annotated,high,lm,0.881,0.908,721
911051,SNta32,mechanosensory_tactile,vnc_sensory,SNta,MesoLN,R,leg,,rm,tactile,cls,,annotated,high,rm,0.832,0.842,254
911068,SNpp11,mechanosensory_proprioceptive,vnc_sensory,SNpp,ADMN,R,campaniform sensilla,,,proprio,cls,campaniform,not_leg:ADMN,high,lh,0.417,0.758,218
911075,SNpp47,mechanosensory_proprioceptive,vnc_sensory,SNpp,MesoLN,L,chordotonal organ,,lm,proprio,cls,club,annotated,high,lm,0.931,0.946,139
911139,LgLG1b,gustatory,vnc_sensory,LgLG,MetaLN,R,leg bristle,,rh,gustatory,cls,,annotated,high,rh,0.346,0.47,497
911140,LgLG3,gustatory,vnc_sensory,LgLG,MetaLN,R,leg bristle,,rh,gustatory,cls,,annotated,high,rh,0.534,0.608,410
911141,SNta37,mechanosensory_tactile,vnc_sensory,SNta,MesoLN,L,mechanosensory bristle,,lm,tactile,cls,,annotated,high,lm,0.848,0.869,202
911242,SNxx01,unknown_sensory,vnc_sensory,SNxx,AbN4,R,abdomen,,,unknown,none,,not_leg:AbN4,high,rh,0.441,0.629,620
911276,SNta37,mechanosensory_tactile,vnc_sensory,SNta,MesoLN,R,mechanosensory bristle,,rm,tactile,cls,,annotated,high,rm,0.82,0.839,405
911279,"SNta02,SNta09",mechanosensory_tactile,vnc_sensory,SNta,PDMN,L,notum,,,tactile,cls,,not_leg:PDMN,high,lm,0.264,0.46,591
911291,WG4,gustatory,vnc_sensory,WG,ADMN,L,wing bristle,,,gustatory,cls,,not_leg:ADMN,high,lm,0.384,0.587,693
911307,SNpp51,mechanosensory_proprioceptive,vnc_sensory,SNpp,MesoLN,R,chordotonal organ,,rm,proprio,cls,claw_51,annotated,high,rm,0.907,0.927,566
911311,LgLG3,gustatory,vnc_sensory,LgLG,MesoLN,R,leg bristle,,rm,gustatory,cls,,annotated,high,rm,0.586,0.652,542
911312,LgLG2,gustatory,vnc_sensory,LgLG,MesoLN,R,leg bristle,,rm,gustatory,cls,,annotated,high,rm,0.484,0.606,119
911316,SNpp60,mechanosensory_proprioceptive,vnc_sensory,SNpp,ProLN,L,chordotonal organ,,lf,proprio,cls,club,annotated,medium,lh,0.457,0.536,262
911325,SNta30,mechanosensory_tactile,vnc_sensory,SNta,ProLN,L,mechanosensory bristle,,lf,tactile,cls,,annotated,high,lf,0.709,0.721,172
911351,LgLG4,gustatory,vnc_sensory,LgLG,MetaLN,R,leg bristle,,rh,gustatory,cls,,annotated,high,rh,0.637,0.733,338
911390,SNta25,mechanosensory_tactile,vnc_sensory,SNta,MetaLN,R,mechanosensory bristle,,rh,tactile,cls,,annotated,high,rh,0.778,0.911,169
911391,SNta21,mechanosensory_tactile,vnc_sensory,SNta,MetaLN,R,mechanosensory bristle,,rh,tactile,cls,,annotated,high,rh,0.855,0.939,260
911397,SNta37,mechanosensory_tactile,vnc_sensory,SNta,MesoLN,R,mechanosensory bristle,,rm,tactile,cls,,annotated,high,rm,0.747,0.782,420
911410,SNta29,mechanosensory_tactile,vnc_sensory,SNta,ProLN,R,mechanosensory bristle,,rf,tactile,cls,,annotated,high,rf,0.627,0.757,53
911422,LgLG1b,gustatory,vnc_sensory,LgLG,MesoLN,R,leg bristle,,rm,gustatory,cls,,annotated,high,rm,0.488,0.614,636
911433,SNta37,mechanosensory_tactile,vnc_sensory,SNta,MesoLN,R,mechanosensory bristle,,rm,tactile,cls,,annotated,high,rm,0.767,0.802,473
911543,SNta37,mechanosensory_tactile,vnc_sensory,SNta,MesoLN,L,mechanosensory bristle,,lm,tactile,cls,,annotated,high,lm,0.785,0.802,234
911544,SNxx33,unknown_sensory,vnc_sensory,SNxx,MesoLN,L,leg,,lm,unknown,none,,annotated,high,lm,0.84,0.9,289
911569,LgLG1a,gustatory,vnc_sensory,LgLG,ProLN,L,leg bristle,,lf,gustatory,cls,,annotated,high,lm,0.332,0.523,65
911578,SNta29,mechanosensory_tactile,vnc_sensory,SNta,ProLN,L,mechanosensory bristle,,lf,tactile,cls,,annotated,high,lf,0.874,0.899,69
911587,"SNta02,SNta09",mechanosensory_tactile,vnc_sensory,SNta,PDMN,L,mechanosensory bristle,,,tactile,cls,,not_leg:PDMN,high,lf,0.256,0.414,482
911588,"SNta02,SNta09",mechanosensory_tactile,vnc_sensory,SNta,PDMN,L,notum,,,tactile,cls,,not_leg:PDMN,high,lf,0.245,0.423,387
911597,SNta04,mechanosensory_tactile,vnc_sensory,SNta,ADMN,L,mechanosensory bristle,,,tactile,cls,,not_leg:ADMN,high,lh,0.381,0.504,475
911626,SNta04,mechanosensory_tactile,vnc_sensory,SNta,ADMN,L,mechanosensory bristle,,,tactile,cls,,not_leg:ADMN,high,lh,0.343,0.454,414
911630,LgLG1b,gustatory,vnc_sensory,LgLG,MetaLN,L,leg bristle,,lh,gustatory,cls,,annotated,high,lm,0.292,0.452,394
911631,LgLG1a,gustatory,vnc_sensory,LgLG,MetaLN,L,leg bristle,,lh,gustatory,cls,,annotated,high,lh,0.342,0.443,166
911656,WG3,gustatory,vnc_sensory,WG,ADMN,L,wing bristle,,,gustatory,cls,,not_leg:ADMN,high,lm,0.306,0.514,581
911681,SNta23,mechanosensory_tactile,vnc_sensory,SNta,MesoLN,R,mechanosensory bristle,,rm,tactile,cls,,annotated,high,rm,0.527,0.547,180
911686,SNta11,mechanosensory_tactile,vnc_sensory,SNta,ADMN,R,mechanosensory bristle,,,tactile,cls,,not_leg:ADMN,high,rm,0.281,0.465,453
911707,WG3,gustatory,vnc_sensory,WG,ADMN,L,wing bristle,,,gustatory,cls,,not_leg:ADMN,high,lm,0.382,0.578,503
911719,SNta21,mechanosensory_tactile,vnc_sensory,SNta,MesoLN,L,mechanosensory bristle,,lm,tactile,cls,,annotated,high,lm,0.859,0.879,212
911726,"SNta04,SNta11",mechanosensory_tactile,vnc_sensory,SNta,ADMN,R,mechanosensory bristle,,,tactile,cls,,not_leg:ADMN,high,rh,0.323,0.482,328
911742,SNta29,mechanosensory_tactile,vnc_sensory,SNta,MesoLN,R,mechanosensory bristle,,rm,tactile,cls,,annotated,high,rm,0.873,0.888,583
911743,SNta26,mechanosensory_tactile,vnc_sensory,SNta,MesoLN,R,mechanosensory bristle,,rm,tactile,cls,,annotated,high,rm,0.876,0.904,249
911765,SNta20,mechanosensory_tactile,vnc_sensory,SNta,MetaLN,R,mechanosensory bristle,,rh,tactile,cls,,annotated,high,rh,0.657,0.723,547
911780,SNpp48,mechanosensory_proprioceptive,vnc_sensory,SNpp,MesoLN,R,chordotonal organ,,rm,proprio,cls,co_unclassified,annotated,high,rm,0.961,0.966,799
911784,SNta39,mechanosensory_tactile,vnc_sensory,SNta,MetaLN,L,mechanosensory bristle,,lh,tactile,cls,,annotated,high,lh,0.92,0.933,194
911785,SNta27,mechanosensory_tactile,vnc_sensory,SNta,MetaLN,L,mechanosensory bristle,,lh,tactile,cls,,annotated,high,lh,0.845,0.889,163
911797,LgLG1b,gustatory,vnc_sensory,LgLG,MesoLN,R,leg bristle,,rm,gustatory,cls,,annotated,high,rm,0.37,0.492,518
911799,SNxx33,unknown_sensory,vnc_sensory,SNxx,MesoLN,L,leg,,lm,unknown,none,,annotated,high,lm,0.832,0.875,290
911814,SNta18,mechanosensory_tactile,vnc_sensory,SNta,ADMN,L,mechanosensory bristle,,,tactile,cls,,not_leg:ADMN,high,lh,0.423,0.57,606
911856,SNxx01,unknown_sensory,vnc_sensory,SNxx,AbN4,L,abdomen,,,unknown,none,,not_leg:AbN4,high,rh,0.334,0.56,405
911863,SNta37,mechanosensory_tactile,vnc_sensory,SNta,MetaLN,L,mechanosensory bristle,,lh,tactile,cls,,annotated,high,lh,0.744,0.816,154
911864,SNta38,mechanosensory_tactile,vnc_sensory,SNta,MetaLN,L,mechanosensory bristle,,lh,tactile,cls,,annotated,high,lh,0.864,0.906,251
911874,SNxx01,unknown_sensory,vnc_sensory,SNxx,AbN4,R,abdomen,,,unknown,none,,not_leg:AbN4,high,rh,0.426,0.627,349
911904,"SNta02,SNta09",mechanosensory_tactile,vnc_sensory,SNta,PDMN,L,notum,,,tactile,cls,,not_leg:PDMN,high,rm,0.247,0.442,407
911912,LgLG3,gustatory,vnc_sensory,LgLG,MesoLN,L,leg bristle,,lm,gustatory,cls,,annotated,high,lm,0.517,0.588,669
911920,"SNta02,SNta09",mechanosensory_tactile,vnc_sensory,SNta,PDMN,L,notum,,,tactile,cls,,not_leg:PDMN,high,lf,0.276,0.431,385
911921,"SNta02,SNta09",mechanosensory_tactile,vnc_sensory,SNta,PDMN,L,notum,,,tactile,cls,,not_leg:PDMN,high,lf,0.304,0.449,231
911942,SNpp41,mechanosensory_proprioceptive,vnc_sensory,SNpp,MesoLN,L,chordotonal organ,,lm,proprio,cls,hook_41,annotated,high,lm,0.701,0.803,516
911945,SNta04,mechanosensory_tactile,vnc_sensory,SNta,ADMN,L,mechanosensory bristle,,,tactile,cls,,not_leg:ADMN,high,lh,0.352,0.483,495
911960,SNta20,mechanosensory_tactile,vnc_sensory,SNta,MesoLN,L,leg,,lm,tactile,cls,,annotated,high,lm,0.735,0.76,445
911982,"SNta28,SNta44",mechanosensory_tactile,vnc_sensory,SNta,MesoLN,L,mechanosensory bristle,,lm,tactile,cls,,annotated,high,lm,0.806,0.843,533
911985,SNta25,mechanosensory_tactile,vnc_sensory,SNta,MetaLN,R,mechanosensory bristle,,rh,tactile,cls,,annotated,high,rh,0.864,0.906,700
911990,SNxx33,unknown_sensory,vnc_sensory,SNxx,MesoLN,L,leg,,lm,unknown,none,,annotated,high,lm,0.816,0.872,245
912023,SNta29,mechanosensory_tactile,vnc_sensory,SNta,MetaLN,L,mechanosensory bristle,,lh,tactile,cls,,annotated,high,lh,0.656,0.704,347
912068,SNpp55,mechanosensory_proprioceptive,vnc_sensory,SNpp,MetaLN,L,leg,,lh,proprio,cls,untyped,annotated,high,lh,0.384,0.592,156
912105,SNpp52,mechanosensory_proprioceptive,vnc_sensory,SNpp,DProN,R,hair plate,,rf,proprio,cls,hair_plate_52,annotated,medium,rf,0.991,0.995,127
912106,SNpp45,mechanosensory_proprioceptive,vnc_sensory,SNpp,VProN,R,hair plate,,rf,proprio,cls,hair_plate_45,annotated,medium,rf,0.981,1.0,257
912109,"SNta02,SNta09",mechanosensory_tactile,vnc_sensory,SNta,PDMN,L,notum,,,tactile,cls,,not_leg:PDMN,high,lm,0.379,0.544,238
912110,"SNta02,SNta09",mechanosensory_tactile,vnc_sensory,SNta,PDMN,L,notum,,,tactile,cls,,not_leg:PDMN,high,lm,0.292,0.477,216
912149,LgLG1a,gustatory,vnc_sensory,LgLG,ProLN,L,leg bristle,,lf,gustatory,cls,,annotated,high,lm,0.329,0.562,208
912176,SNta42,mechanosensory_tactile,vnc_sensory,SNta,MesoLN,R,mechanosensory bristle,,rm,tactile,cls,,annotated,high,rm,0.743,0.79,417
912181,SNpp17,mechanosensory_proprioceptive,vnc_sensory,SNpp,ProCN,L,chordotonal organ,"MCN, Gorko Nature 2024",,proprio,cls,co_unclassified,not_leg:ProCN,high,lh,0.306,0.552,218
912192,SNpp55,mechanosensory_proprioceptive,vnc_sensory,SNpp,MetaLN,R,leg,,rh,proprio,cls,untyped,annotated,high,rh,0.433,0.594,219
912195,SNpp55,mechanosensory_proprioceptive,vnc_sensory,SNpp,MetaLN,R,leg,,rh,proprio,cls,untyped,annotated,high,lh,0.259,0.477,300
912197,WG4,gustatory,vnc_sensory,WG,ADMN,R,wing bristle,,,gustatory,cls,,not_leg:ADMN,high,rm,0.465,0.64,437
912205,SNta19,mechanosensory_tactile,vnc_sensory,SNta,MesoLN,L,mechanosensory bristle,,lm,tactile,cls,,annotated,high,lm,0.722,0.773,487
912208,LgLG3,gustatory,vnc_sensory,LgLG,ProLN,L,leg bristle,,lf,gustatory,cls,,annotated,high,lm,0.266,0.348,167
912219,SNta31,mechanosensory_tactile,vnc_sensory,SNta,MesoLN,L,mechanosensory bristle,,lm,tactile,cls,,annotated,high,lm,0.76,0.784,307
912224,"SNta25,SNta30",mechanosensory_tactile,vnc_sensory,SNta,MesoLN,R,mechanosensory bristle,,rm,tactile,cls,,annotated,high,rm,0.776,0.792,467
912242,"SNta02,SNta09",mechanosensory_tactile,vnc_sensory,SNta,PDMN,L,notum,,,tactile,cls,,not_leg:PDMN,high,lf,0.222,0.414,351
912258,SNxx04,unknown_sensory,vnc_sensory,SNxx,AbN4,R,abdomen,,,unknown,none,,not_leg:AbN4,high,rh,0.47,0.625,159
912259,SNta04,mechanosensory_tactile,vnc_sensory,SNta,ADMN,L,mechanosensory bristle,,,tactile,cls,,not_leg:ADMN,high,lh,0.308,0.441,425
912266,"SNta25,SNta30",mechanosensory_tactile,vnc_sensory,SNta,MesoLN,L,mechanosensory bristle,,lm,tactile,cls,,annotated,high,lm,0.819,0.837,441
912272,"SNta04,SNta11",mechanosensory_tactile,vnc_sensory,SNta,ADMN,L,mechanosensory bristle,,,tactile,cls,,not_leg:ADMN,high,lh,0.326,0.443,412
912274,SNxx14,unknown_sensory,vnc_sensory,SNxx,AbN4,R,abdomen,,,unknown,none,,not_leg:AbN4,high,rh,0.479,0.803,362
912279,LgLG3,gustatory,vnc_sensory,LgLG,MetaLN,L,leg bristle,,lh,gustatory,cls,,annotated,high,lh,0.433,0.554,417
912309,SNpp58,mechanosensory_proprioceptive,vnc_sensory,SNpp,MesoLN,L,chordotonal organ,,lm,proprio,cls,club,annotated,high,lm,0.652,0.718,631
912315,SNta27,mechanosensory_tactile,vnc_sensory,SNta,MetaLN,L,mechanosensory bristle,,lh,tactile,cls,,annotated,high,lh,0.845,0.872,188
912317,SNpp50,mechanosensory_proprioceptive,vnc_sensory,SNpp,ProLN,L,chordotonal organ,,lf,proprio,cls,claw_50,annotated,high,lf,0.871,0.947,116
912325,SNxx01,unknown_sensory,vnc_sensory,SNxx,AbN4,L,abdomen,,,unknown,none,,not_leg:AbN4,high,lh,0.396,0.615,187
912333,SNta20,mechanosensory_tactile,vnc_sensory,SNta,MesoLN,R,leg,,rm,tactile,cls,,annotated,high,rm,0.803,0.834,469
912334,"SNta02,SNta09",mechanosensory_tactile,vnc_sensory,SNta,PDMN,L,notum,,,tactile,cls,,not_leg:PDMN,high,lf,0.264,0.45,298
912350,"SNta02,SNta09",mechanosensory_tactile,vnc_sensory,SNta,PDMN,L,notum,,,tactile,cls,,not_leg:PDMN,high,lm,0.245,0.41,371
912353,SNta37,mechanosensory_tactile,vnc_sensory,SNta,MetaLN,R,mechanosensory bristle,,rh,tactile,cls,,annotated,high,rh,0.854,0.914,248
912360,LgLG1b,gustatory,vnc_sensory,LgLG,MetaLN,R,leg bristle,,rh,gustatory,cls,,annotated,high,rh,0.37,0.493,511
912365,SNpp47,mechanosensory_proprioceptive,vnc_sensory,SNpp,ProLN,R,chordotonal organ,,rf,proprio,cls,club,annotated,medium,lh,0.619,0.65,108
912374,LgLG3,gustatory,vnc_sensory,LgLG,MesoLN,R,leg bristle,,rm,gustatory,cls,,annotated,high,rm,0.51,0.573,480
912389,SNta26,mechanosensory_tactile,vnc_sensory,SNta,MesoLN,L,mechanosensory bristle,,lm,tactile,cls,,annotated,high,lm,0.802,0.839,256
912413,SNpp43,mechanosensory_proprioceptive,vnc_sensory,SNpp,MetaLN,R,chordotonal organ,,rh,proprio,cls,club,annotated,high,rh,0.692,0.816,562
912414,SNta29,mechanosensory_tactile,vnc_sensory,SNta,MetaLN,R,mechanosensory bristle,,rh,tactile,cls,,annotated,high,rh,0.772,0.81,263
912420,SNxx03,unknown_sensory,vnc_sensory,SNxx,AbN4,R,abdomen,,,unknown,none,,not_leg:AbN4,high,rh,0.521,0.715,235
912422,"SNta02,SNta09",mechanosensory_tactile,vnc_sensory,SNta,PDMN,L,mechanosensory bristle,,,tactile,cls,,not_leg:PDMN,high,lm,0.259,0.454,344
912444,SNpp50,mechanosensory_proprioceptive,vnc_sensory,SNpp,MetaLN,R,chordotonal organ,FeCO claw,rh,proprio,cls,claw_50,annotated,high,rh,0.814,0.895,266
912478,SNta25,mechanosensory_tactile,vnc_sensory,SNta,MesoLN,R,mechanosensory bristle,,rm,tactile,cls,,annotated,high,rm,0.808,0.843,322
912510,SNpp60,mechanosensory_proprioceptive,vnc_sensory,SNpp,MesoLN,R,chordotonal organ,,rm,proprio,cls,club,annotated,high,rm,0.273,0.489,325
912548,SNta38,mechanosensory_tactile,vnc_sensory,SNta,MetaLN,L,mechanosensory bristle,,lh,tactile,cls,,annotated,high,lh,0.844,0.902,345
912549,SNta45,mechanosensory_tactile,vnc_sensory,SNta,MetaLN,R,mechanosensory bristle,,rh,tactile,cls,,annotated,high,rh,0.858,0.926,315
912626,LgLG3,gustatory,vnc_sensory,LgLG,MesoLN,R,leg bristle,,rm,gustatory,cls,,annotated,high,rm,0.544,0.595,246
912655,SNta37,mechanosensory_tactile,vnc_sensory,SNta,MesoLN,R,mechanosensory bristle,,rm,tactile,cls,,annotated,high,rm,0.756,0.767,381
912664,SNta25,mechanosensory_tactile,vnc_sensory,SNta,MesoLN,R,mechanosensory bristle,,rm,tactile,cls,,annotated,high,rm,0.761,0.788,298
912672,SNxx04,unknown_sensory,vnc_sensory,SNxx,AbN4,R,abdomen,,,unknown,none,,not_leg:AbN4,high,rh,0.37,0.614,214
912673,SNta28,mechanosensory_tactile,vnc_sensory,SNta,MetaLN,R,leg,,rh,tactile,cls,,annotated,high,rh,0.855,0.952,291
912698,"SNta02,SNta09",mechanosensory_tactile,vnc_sensory,SNta,PDMN,R,notum,,,tactile,cls,,not_leg:PDMN,high,rm,0.278,0.524,227
912703,SNpp56,mechanosensory_proprioceptive,vnc_sensory,SNpp,MesoLN,L,chordotonal organ,,lm,proprio,cls,club,annotated,high,lh,0.353,0.556,402
912704,SNpp57,mechanosensory_proprioceptive,vnc_sensory,SNpp,MesoLN,L,chordotonal organ,,lm,proprio,cls,club,annotated,high,lm,0.308,0.463,303
912708,SNpp28,mechanosensory_proprioceptive,vnc_sensory,SNpp,ADMN,R,campaniform sensilla,,,proprio,cls,campaniform,not_leg:ADMN,high,rm,0.461,0.537,566
912718,"SNta02,SNta09",mechanosensory_tactile,vnc_sensory,SNta,PDMN,R,notum,,,tactile,cls,,not_leg:PDMN,high,lm,0.273,0.519,309
912727,SNta37,mechanosensory_tactile,vnc_sensory,SNta,MesoLN,R,mechanosensory bristle,,rm,tactile,cls,,annotated,high,rm,0.807,0.828,365
912734,SNta29,mechanosensory_tactile,vnc_sensory,SNta,ProLN,R,mechanosensory bristle,,rf,tactile,cls,,annotated,high,rf,0.719,0.85,91
912748,SNta38,mechanosensory_tactile,vnc_sensory,SNta,MetaLN,R,mechanosensory bristle,,rh,tactile,cls,,annotated,high,rh,0.92,0.949,230
912749,LgLG3,gustatory,vnc_sensory,LgLG,MesoLN,L,leg bristle,,lm,gustatory,cls,,annotated,high,lm,0.633,0.691,286
912752,SNta32,mechanosensory_tactile,vnc_sensory,SNta,MesoLN,R,leg,,rm,tactile,cls,,annotated,high,rm,0.8,0.817,183
912763,SNpp19,mechanosensory_proprioceptive,vnc_sensory,SNpp,PrN,R,hair plate,,,proprio,cls,hair_plate_xx,not_leg:PrN,high,lf,0.303,0.456,367
912794,LgLG4,gustatory,vnc_sensory,LgLG,MesoLN,R,leg bristle,,rm,gustatory,cls,,annotated,high,rm,0.624,0.643,314
912811,SNxx14,unknown_sensory,vnc_sensory,SNxx,AbN4,L,abdomen,,,unknown,none,,not_leg:AbN4,high,lh,0.395,0.768,373
912816,LgLG1a,gustatory,vnc_sensory,LgLG,MetaLN,L,leg bristle,,lh,gustatory,cls,,annotated,high,lh,0.34,0.44,701
912819,SNta35,mechanosensory_tactile,vnc_sensory,SNta,MesoLN,R,mechanosensory bristle,,rm,tactile,cls,,annotated,high,rm,0.702,0.736,291
912824,SNta34,mechanosensory_tactile,vnc_sensory,SNta,MesoLN,R,mechanosensory bristle,,rm,tactile,cls,,annotated,high,rm,0.723,0.768,415
912826,SNpp24,mechanosensory_proprioceptive,vnc_sensory,SNpp,DMetaN,L,campaniform sensilla,,,proprio,cls,campaniform,not_leg:DMetaN,high,lh,0.889,0.934,258
912852,SNpp42,mechanosensory_proprioceptive,vnc_sensory,SNpp,MetaLN,L,chordotonal organ,,lh,proprio,cls,co_unclassified,annotated,high,lm,0.348,0.605,179
912864,SApp01,mechanosensory_proprioceptive,sensory_ascending,SApp,DMetaN,L,campaniform sensilla,,,proprio,cls,campaniform,not_leg:DMetaN,high,lh,0.334,0.532,334
912865,SNta37,mechanosensory_tactile,vnc_sensory,SNta,MesoLN,R,mechanosensory bristle,,rm,tactile,cls,,annotated,high,rm,0.789,0.808,338
912876,SNpp02,mechanosensory_proprioceptive,vnc_sensory,SNpp,AbN3,L,abdomen,,,proprio,cls,untyped,not_leg:AbN3,high,lh,0.342,0.524,358
912899,"SNta04,SNta11",mechanosensory_tactile,vnc_sensory,SNta,ADMN,R,mechanosensory bristle,,,tactile,cls,,not_leg:ADMN,high,rh,0.346,0.497,340
912917,LgLG3,gustatory,vnc_sensory,LgLG,ProLN,L,leg bristle,,lf,gustatory,cls,,annotated,high,lf,0.422,0.448,312
912923,"SNta02,SNta09",mechanosensory_tactile,vnc_sensory,SNta,PDMN,R,mechanosensory bristle,,,tactile,cls,,not_leg:PDMN,high,rm,0.268,0.526,271
912924,LgLG1b,gustatory,vnc_sensory,LgLG,MesoLN,R,leg bristle,,rm,gustatory,cls,,annotated,high,rm,0.56,0.647,468
912925,SNta28,mechanosensory_tactile,vnc_sensory,SNta,MetaLN,R,mechanosensory bristle,,rh,tactile,cls,,annotated,high,rh,0.879,0.95,482
912926,SNpp60,mechanosensory_proprioceptive,vnc_sensory,SNpp,MesoLN,L,chordotonal organ,,lm,proprio,cls,club,annotated,high,lm,0.251,0.441,389
912927,LgLG2,gustatory,vnc_sensory,LgLG,MesoLN,L,leg bristle,,lm,gustatory,cls,,annotated,high,rm,0.273,0.494,166
912988,SNxx03,unknown_sensory,vnc_sensory,SNxx,AbN4,L,abdomen,,,unknown,none,,not_leg:AbN4,high,lh,0.382,0.636,156
913052,SNpp51,mechanosensory_proprioceptive,vnc_sensory,SNpp,ProLN,R,chordotonal organ,,rf,proprio,cls,claw_51,annotated,high,rf,0.979,1.0,23
913067,SNpp18,mechanosensory_proprioceptive,vnc_sensory,SNpp,ProCN,L,chordotonal organ,,,proprio,cls,co_unclassified,not_leg:ProCN,high,lm,0.278,0.437,526
913073,SNpp02,mechanosensory_proprioceptive,vnc_sensory,SNpp,AbN3,R,abdomen,,,proprio,cls,untyped,not_leg:AbN3,high,rh,0.377,0.499,375
913075,SNta31,mechanosensory_tactile,vnc_sensory,SNta,MesoLN,L,leg,,lm,tactile,cls,,annotated,high,lm,0.747,0.777,310
913076,SNta25,mechanosensory_tactile,vnc_sensory,SNta,MetaLN,L,mechanosensory bristle,,lh,tactile,cls,,annotated,high,lh,0.781,0.867,269
913090,SNta27,mechanosensory_tactile,vnc_sensory,SNta,MetaLN,R,mechanosensory bristle,,rh,tactile,cls,,annotated,high,rh,0.946,0.972,154
913107,SNta33,mechanosensory_tactile,vnc_sensory,SNta,DProN,L,mechanosensory bristle,,lf,tactile,cls,,annotated,medium,lm,0.361,0.481,406
913108,SNta37,mechanosensory_tactile,vnc_sensory,SNta,MesoLN,R,mechanosensory bristle,,rm,tactile,cls,,annotated,high,rm,0.79,0.813,339
913111,SNta32,mechanosensory_tactile,vnc_sensory,SNta,MetaLN,R,mechanosensory bristle,,rh,tactile,cls,,annotated,high,rh,0.569,0.634,158
913132,SNpp02,mechanosensory_proprioceptive,vnc_sensory,SNpp,AbN3,L,abdomen,,,proprio,cls,untyped,not_leg:AbN3,high,lh,0.435,0.566,456
913162,SNxx33,unknown_sensory,vnc_sensory,SNxx,MetaLN,L,leg,,lh,unknown,none,,annotated,high,lh,0.76,0.788,153
913178,SNta36,mechanosensory_tactile,vnc_sensory,SNta,MetaLN,L,mechanosensory bristle,,lh,tactile,cls,,annotated,high,lh,0.665,0.716,177
913195,LgLG4,gustatory,vnc_sensory,LgLG,MetaLN,L,leg bristle,,lh,gustatory,cls,,annotated,high,lh,0.632,0.669,253
913199,SNxxxx,unknown_sensory,vnc_sensory,SNxxxx,MetaLN,R,leg,,rh,unknown,none,,annotated,high,rh,1.0,1.0,5
913224,SNta38,mechanosensory_tactile,vnc_sensory,SNta,MetaLN,R,mechanosensory bristle,,rh,tactile,cls,,annotated,high,rh,0.894,0.933,114
913244,SNta31,mechanosensory_tactile,vnc_sensory,SNta,MetaLN,R,mechanosensory bristle,,rh,tactile,cls,,annotated,high,rh,0.559,0.604,128
913245,LgLG3,gustatory,vnc_sensory,LgLG,ProLN,R,leg bristle,,rf,gustatory,cls,,annotated,high,rh,0.375,0.461,116
913246,"SNta02,SNta09",mechanosensory_tactile,vnc_sensory,SNta,PDMN,R,notum,,,tactile,cls,,not_leg:PDMN,high,rm,0.318,0.522,196
913251,"SNta02,SNta09",mechanosensory_tactile,vnc_sensory,SNta,PDMN,R,mechanosensory bristle,,,tactile,cls,,not_leg:PDMN,high,rm,0.369,0.525,324
913275,SNta37,mechanosensory_tactile,vnc_sensory,SNta,MetaLN,R,mechanosensory bristle,,rh,tactile,cls,,annotated,high,rh,0.843,0.884,202
913276,SNxx04,unknown_sensory,vnc_sensory,SNxx,AbN4,R,abdomen,,,unknown,none,,not_leg:AbN4,high,rh,0.476,0.641,182
913287,SNta37,mechanosensory_tactile,vnc_sensory,SNta,MetaLN,R,mechanosensory bristle,,rh,tactile,cls,,annotated,high,rh,0.809,0.839,178
913292,SNta34,mechanosensory_tactile,vnc_sensory,SNta,MesoLN,L,leg,,lm,tactile,cls,,annotated,high,lm,0.82,0.838,158
913294,SNxx06,unknown_sensory,vnc_sensory,SNxx,AbN3,R,abdomen,,,unknown,none,,not_leg:AbN3,high,rh,0.624,0.8,56
913303,SNxx04,unknown_sensory,vnc_sensory,SNxx,AbN4,R,abdomen,,,unknown,none,,not_leg:AbN4,high,rh,0.458,0.659,115
913323,SNxx03,unknown_sensory,vnc_sensory,SNxx,AbN4,L,abdomen,,,unknown,none,,not_leg:AbN4,high,lm,0.338,0.488,176
913743,SNta20,mechanosensory_tactile,vnc_sensory,SNta,MetaLN,R,mechanosensory bristle,,rh,tactile,cls,,annotated,high,rh,0.751,0.796,481
913786,SApp21,mechanosensory_proprioceptive,sensory_ascending,SApp,ADMN,R,campaniform sensilla,,,proprio,cls,campaniform,not_leg:ADMN,high,rh,0.392,0.574,311
913881,SNpp44,mechanosensory_proprioceptive,vnc_sensory,SNpp,MesoLN,R,chordotonal organ,,rm,proprio,cls,co_unclassified,annotated,high,rm,0.41,0.646,526
913882,SNpp39,mechanosensory_proprioceptive,vnc_sensory,SNpp,MesoLN,R,chordotonal organ,,rm,proprio,cls,hook_39,annotated,high,rm,0.821,0.872,451
913886,SNpp39,mechanosensory_proprioceptive,vnc_sensory,SNpp,MesoLN,R,chordotonal organ,,rm,proprio,cls,hook_39,annotated,high,rm,0.76,0.823,337
913890,SNpp60,mechanosensory_proprioceptive,vnc_sensory,SNpp,MesoLN,R,chordotonal organ,,rm,proprio,cls,club,annotated,high,rm,0.271,0.473,360
913891,SNpp47,mechanosensory_proprioceptive,vnc_sensory,SNpp,MesoLN,R,chordotonal organ,,rm,proprio,cls,club,annotated,high,rm,0.84,0.934,22
914040,SNta29,mechanosensory_tactile,vnc_sensory,SNta,MetaLN,L,mechanosensory bristle,,lh,tactile,cls,,annotated,high,lh,0.773,0.827,1070
914105,SNch01,chemosensory,vnc_sensory,SNch,AbN4,R,abdomen,,,chemo,cls,,not_leg:AbN4,high,rh,0.512,0.756,1464
914116,SNpp60,mechanosensory_proprioceptive,vnc_sensory,SNpp,ProLN,L,chordotonal organ,,lf,proprio,cls,club,annotated,high,lf,0.411,0.469,388
914266,SNxx14,unknown_sensory,vnc_sensory,SNxx,AbN4,R,abdomen,,,unknown,none,,not_leg:AbN4,high,rh,0.602,0.797,205
914267,SNxx04,unknown_sensory,vnc_sensory,SNxx,AbN4,L,abdomen,,,unknown,none,,not_leg:AbN4,high,lh,0.311,0.538,138
914268,LgLG3,gustatory,vnc_sensory,LgLG,MetaLN,L,leg bristle,,lh,gustatory,cls,,annotated,high,lh,0.469,0.551,274
914312,SNta37,mechanosensory_tactile,vnc_sensory,SNta,MetaLN,L,mechanosensory bristle,,lh,tactile,cls,,annotated,high,lh,0.797,0.837,199
914315,LgLG4,gustatory,vnc_sensory,LgLG,ProLN,R,leg bristle,,rf,gustatory,cls,,annotated,high,rf,0.874,0.897,13
914324,WG1,gustatory,vnc_sensory,WG,ADMN,L,wing bristle,,,gustatory,cls,,not_leg:ADMN,high,rm,0.261,0.444,302
914347,SNxx03,unknown_sensory,vnc_sensory,SNxx,AbN4,L,abdomen,,,unknown,none,,not_leg:AbN4,high,lm,0.359,0.557,183
914370,SNpp17,mechanosensory_proprioceptive,vnc_sensory,SNpp,ProCN,L,chordotonal organ,"MCN, Gorko Nature 2024",,proprio,cls,co_unclassified,not_leg:ProCN,high,lh,0.383,0.645,187
914444,SNxx22,unknown_sensory,vnc_sensory,SNxx,AbN2,R,abdomen,,,unknown,none,,not_leg:AbN2,high,rh,0.387,0.533,224
914449,WG2,gustatory,vnc_sensory,WG,ADMN,L,wing bristle,,,gustatory,cls,,not_leg:ADMN,high,lm,0.342,0.431,220
914472,SNta38,mechanosensory_tactile,vnc_sensory,SNta,MetaLN,L,leg,,lh,tactile,cls,,annotated,high,lh,0.788,0.828,23
914476,SNta40,unknown_sensory,vnc_sensory,SNta,ProLN,R,mechanosensory bristle,,rf,tactile,type,,annotated,high,rf,0.576,0.65,13
914493,SNta37,mechanosensory_tactile,vnc_sensory,SNta,MetaLN,L,mechanosensory bristle,,lh,tactile,cls,,annotated,high,lh,0.664,0.719,334
914495,SNxx03,unknown_sensory,vnc_sensory,SNxx,AbN4,L,abdomen,,,unknown,none,,not_leg:AbN4,high,lm,0.373,0.491,125
914499,WG1,gustatory,vnc_sensory,WG,ADMN,R,wing bristle,,,gustatory,cls,,not_leg:ADMN,high,rm,0.333,0.49,177
914537,SNxx04,unknown_sensory,vnc_sensory,SNxx,AbN4,R,abdomen,,,unknown,none,,not_leg:AbN4,high,rh,0.475,0.66,110
914543,SNpp50,mechanosensory_proprioceptive,vnc_sensory,SNpp,MetaLN,R,chordotonal organ,,rh,proprio,cls,claw_50,annotated,high,rh,0.988,0.992,188
914586,SNxx04,unknown_sensory,vnc_sensory,SNxx,AbN4,L,abdomen,,,unknown,none,,not_leg:AbN4,high,lm,0.469,0.577,137
914604,SNxx06,unknown_sensory,vnc_sensory,SNxx,AbN3,R,abdomen,,,unknown,none,,not_leg:AbN3,high,rh,0.554,0.759,161
914646,SNta42,mechanosensory_tactile,vnc_sensory,SNta,ProLN,R,mechanosensory bristle,,rf,tactile,cls,,annotated,high,rf,0.591,0.626,52
914648,SNta42,mechanosensory_tactile,vnc_sensory,SNta,MetaLN,L,mechanosensory bristle,,lh,tactile,cls,,annotated,high,lh,0.752,0.804,341
914652,SNxx05,unknown_sensory,vnc_sensory,SNxx,AbN4,R,abdomen,,,unknown,none,,not_leg:AbN4,high,rh,0.55,0.692,60
914653,SNta41,mechanosensory_tactile,vnc_sensory,SNta,MesoLN,R,mechanosensory bristle,,rm,tactile,cls,,annotated,high,rm,0.87,0.887,137
914681,SNxx21,unknown_sensory,vnc_sensory,SNxx,AbN3,L,abdomen,,,unknown,none,,not_leg:AbN3,high,rh,0.579,0.974,99
914689,SNta36,mechanosensory_tactile,vnc_sensory,SNta,MetaLN,L,mechanosensory bristle,,lh,tactile,cls,,annotated,high,lh,0.573,0.639,277
914732,SNta40,mechanosensory_tactile,vnc_sensory,SNta,ProLN,R,mechanosensory bristle,,rf,tactile,cls,,annotated,high,rf,0.596,0.631,72
914748,LgLG1b,gustatory,vnc_sensory,LgLG,ProLN,R,leg bristle,,rf,gustatory,cls,,annotated,medium,rm,0.401,0.552,105
914755,SNta21,mechanosensory_tactile,vnc_sensory,SNta,MetaLN,R,mechanosensory bristle,,rh,tactile,cls,,annotated,high,rh,0.929,0.963,360
914838,SNta41,mechanosensory_tactile,vnc_sensory,SNta,ProLN,R,mechanosensory bristle,,rf,tactile,cls,,annotated,high,rf,0.552,0.571,64
914839,SNxxxx,unknown_sensory,vnc_sensory,SNxxxx,ProLN,R,leg,,rf,unknown,none,,annotated,high,rf,1.0,1.0,6
914917,SNxx04,unknown_sensory,vnc_sensory,SNxx,AbN4,R,abdomen,,,unknown,none,,not_leg:AbN4,high,rh,0.401,0.643,151
914969,SNta31,mechanosensory_tactile,vnc_sensory,SNta,MesoLN,R,leg,,rm,tactile,cls,,annotated,high,rm,0.919,0.926,46
914984,SNxx04,unknown_sensory,vnc_sensory,SNxx,AbN4,R,abdomen,,,unknown,none,,not_leg:AbN4,high,rh,0.382,0.621,74
914989,LgLG2,gustatory,vnc_sensory,LgLG,ProLN,L,leg bristle,,lf,gustatory,cls,,annotated,high,rm,0.367,0.544,77
915024,SNxx21,unknown_sensory,vnc_sensory,SNxx,AbN4,L,abdomen,,,unknown,none,,not_leg:AbN4,high,lh,0.384,0.755,105
915044,LgLG2,gustatory,vnc_sensory,LgLG,MesoLN,R,leg bristle,,rm,gustatory,cls,,annotated,high,rm,0.388,0.542,76
915047,SNpp42,mechanosensory_proprioceptive,vnc_sensory,SNpp,MetaLN,R,chordotonal organ,,rh,proprio,cls,co_unclassified,annotated,high,lm,0.272,0.495,215
915087,SNta28,mechanosensory_tactile,vnc_sensory,SNta,MetaLN,L,mechanosensory bristle,,lh,tactile,cls,,annotated,high,lh,0.778,0.881,120
915153,SNxx06,unknown_sensory,vnc_sensory,SNxx,AbN3,R,abdomen,,,unknown,none,,not_leg:AbN3,high,rh,0.55,0.647,28
915179,SNta41,unknown_sensory,vnc_sensory,SNta,ProLN,R,mechanosensory bristle,,rf,tactile,type,,annotated,high,,0.0,0.0,0
915216,LgLG2,gustatory,vnc_sensory,LgLG,MetaLN,L,leg bristle,,lh,gustatory,cls,,annotated,high,rm,0.315,0.495,113
919506,SNxx31,unknown_sensory,vnc_sensory,SNxx,PDMN,R,mechanosensory bristle,,,unknown,none,,not_leg:PDMN,high,rh,0.581,0.865,1305
919591,"SNta11,SNta14",mechanosensory_tactile,vnc_sensory,SNta,ADMN,R,mechanosensory bristle,,,tactile,cls,,not_leg:ADMN,high,lm,0.258,0.499,933
919615,"SNta04,SNta11",mechanosensory_tactile,vnc_sensory,SNta,ADMN,L,mechanosensory bristle,,,tactile,cls,,not_leg:ADMN,high,lh,0.353,0.485,519
919643,SNpp60,mechanosensory_proprioceptive,vnc_sensory,SNpp,MesoLN,R,chordotonal organ,,rm,proprio,cls,club,annotated,high,rm,0.247,0.404,371
924232,"SNta11,SNta14",mechanosensory_tactile,vnc_sensory,SNta,ADMN,L,mechanosensory bristle,,,tactile,cls,,not_leg:ADMN,high,lh,0.236,0.448,1031
924420,SNxx14,unknown_sensory,vnc_sensory,SNxx,AbN3,L,abdomen,,,unknown,none,,not_leg:AbN3,high,lh,0.386,0.596,96
924566,SNpp02,mechanosensory_proprioceptive,vnc_sensory,SNpp,AbN3,L,abdomen,,,proprio,cls,untyped,not_leg:AbN3,high,lh,0.539,0.686,209
924807,SNta04,mechanosensory_tactile,vnc_sensory,SNta,ADMN,L,mechanosensory bristle,,,tactile,cls,,not_leg:ADMN,high,lh,0.394,0.523,546
925148,SNta18,mechanosensory_tactile,vnc_sensory,SNta,ADMN,R,mechanosensory bristle,,,tactile,cls,,not_leg:ADMN,high,rh,0.367,0.561,566
927735,"SNta11,SNta14",mechanosensory_tactile,vnc_sensory,SNta,ADMN,R,mechanosensory bristle,,,tactile,cls,,not_leg:ADMN,high,rh,0.276,0.455,866
929502,"SNta21,SNta38",mechanosensory_tactile,vnc_sensory,SNta,MetaLN,R,mechanosensory bristle,,rh,tactile,cls,,annotated,high,rh,0.899,0.957,531
930372,SNxx06,unknown_sensory,vnc_sensory,SNxx,AbN3,L,abdomen,,,unknown,none,,not_leg:AbN3,high,lh,0.568,0.701,40
932315,SNpp59,mechanosensory_proprioceptive,vnc_sensory,SNpp,MetaLN,R,chordotonal organ,,rh,proprio,cls,club,annotated,high,rh,0.548,0.64,429
932791,SNta41,mechanosensory_tactile,vnc_sensory,SNta,ProLN,L,mechanosensory bristle,,lf,tactile,cls,,annotated,high,lf,0.922,0.932,28
932807,SNpp09,mechanosensory_proprioceptive,vnc_sensory,SNpp,ADMN,L,campaniform sensilla,,,proprio,cls,campaniform,not_leg:ADMN,high,lh,0.399,0.697,1852
932861,SNpp57,mechanosensory_proprioceptive,vnc_sensory,SNpp,MetaLN,L,chordotonal organ,,lh,proprio,cls,club,annotated,high,lh,0.538,0.692,680
932975,SNta20,mechanosensory_tactile,vnc_sensory,SNta,MetaLN,L,mechanosensory bristle,,lh,tactile,cls,,annotated,high,lh,0.817,0.845,251
933093,SNta32,mechanosensory_tactile,vnc_sensory,SNta,ProLN,R,mechanosensory bristle,,rf,tactile,cls,,annotated,high,,0.0,0.0,0
933095,SNxxxx,unknown_sensory,vnc_sensory,SNxxxx,ProLN,R,leg,,rf,unknown,none,,annotated,high,,0.0,0.0,0
933097,LgLG1a,gustatory,vnc_sensory,LgLG,ProLN,R,leg bristle,,rf,gustatory,cls,,annotated,medium,rm,0.424,0.631,33
933121,SNpp50,mechanosensory_proprioceptive,vnc_sensory,SNpp,MesoLN,R,chordotonal organ,,rm,proprio,cls,claw_50,annotated,high,rm,0.948,0.967,278
933183,LgLG4,gustatory,vnc_sensory,LgLG,MetaLN,R,leg bristle,,rh,gustatory,cls,,annotated,high,rh,0.662,0.679,125
933250,SNpp60,mechanosensory_proprioceptive,vnc_sensory,SNpp,MetaLN,L,chordotonal organ,,lh,proprio,cls,club,annotated,high,lh,0.523,0.657,810
933318,SNpp53,mechanosensory_proprioceptive,vnc_sensory,SNpp,MetaLN,R,campaniform sensilla,,rh,proprio,cls,campaniform,annotated,high,lm,0.299,0.501,307
933319,SNpp55,mechanosensory_proprioceptive,vnc_sensory,SNpp,MetaLN,R,leg,,rh,proprio,cls,untyped,annotated,high,rh,0.422,0.585,231
933400,SNta39,mechanosensory_tactile,vnc_sensory,SNta,ProLN,L,mechanosensory bristle,,lf,tactile,cls,,annotated,high,lf,0.583,0.605,11
933556,SNpp39,mechanosensory_proprioceptive,vnc_sensory,SNpp,ProLN,R,chordotonal organ,,rf,proprio,cls,hook_39,annotated,high,rf,0.687,0.732,10
933699,SNpp51,unknown_sensory,vnc_sensory,SNpp,MetaLN,L,leg,,lh,proprio,type,claw_51,annotated,high,lh,0.942,0.987,31
934619,SNta35,mechanosensory_tactile,vnc_sensory,SNta,MesoLN,R,mechanosensory bristle,,rm,tactile,cls,,annotated,high,rm,0.717,0.756,66
935007,SNch10,,vnc_sensory,SNch,MetaLN,L,taste bristle,,lh,chemo,type,,annotated,high,lh,0.646,0.747,165
935121,LgLG4,gustatory,vnc_sensory,LgLG,ProLN,R,leg bristle,,rf,gustatory,cls,,annotated,high,,0.0,0.0,21
935251,SNta41,mechanosensory_tactile,vnc_sensory,SNta,ProLN,R,leg,,rf,tactile,cls,,annotated,high,rf,0.429,0.473,29
935383,SNpp51,mechanosensory_proprioceptive,vnc_sensory,SNpp,ProLN,L,chordotonal organ,,lf,proprio,cls,claw_51,annotated,high,lf,0.988,0.99,348
935541,SNpp39,mechanosensory_proprioceptive,vnc_sensory,SNpp,ProLN,L,chordotonal organ,,lf,proprio,cls,hook_39,annotated,high,lf,0.656,0.662,69
935606,SNta39,mechanosensory_tactile,vnc_sensory,SNta,ProLN,L,mechanosensory bristle,,lf,tactile,cls,,annotated,medium,lm,0.569,0.57,13
935808,SNta04,mechanosensory_tactile,vnc_sensory,SNta,ADMN,R,mechanosensory bristle,,,tactile,cls,,not_leg:ADMN,high,rh,0.331,0.489,978
935828,SNta05,mechanosensory_tactile,vnc_sensory,SNta,PDMN,R,mechanosensory bristle,,,tactile,cls,,not_leg:PDMN,high,rm,0.284,0.511,1508
935860,SNpp56,mechanosensory_proprioceptive,vnc_sensory,SNpp,MesoLN,L,leg,,lm,proprio,cls,club,annotated,high,lh,0.264,0.394,357
935915,SNxx29,unknown_sensory,vnc_sensory,SNxx,MesoLN,R,leg,,rm,unknown,none,,annotated,high,rm,0.764,0.804,1294
936028,SNpp50,mechanosensory_proprioceptive,vnc_sensory,SNpp,MesoLN,L,chordotonal organ,,lm,proprio,cls,claw_50,annotated,high,lm,0.862,0.87,91
936031,SNpp41,mechanosensory_proprioceptive,vnc_sensory,SNpp,MesoLN,R,chordotonal organ,,rm,proprio,cls,hook_41,annotated,high,rm,0.774,0.881,155
936037,SNta25,mechanosensory_tactile,vnc_sensory,SNta,MesoLN,L,mechanosensory bristle,,lm,tactile,cls,,annotated,high,lm,0.894,0.917,455
936056,SNta43,mechanosensory_tactile,vnc_sensory,SNta,MesoLN,R,mechanosensory bristle,,rm,tactile,cls,,annotated,high,rm,0.71,0.734,405
936153,SNpp47,mechanosensory_proprioceptive,vnc_sensory,SNpp,MetaLN,R,chordotonal organ,FeCO club,rh,proprio,cls,club,annotated,high,rh,0.569,0.797,535
936168,SNpp40,mechanosensory_proprioceptive,vnc_sensory,SNpp,MesoLN,L,chordotonal organ,,lm,proprio,cls,club,annotated,high,lm,0.729,0.764,92
936290,SNxx15,unknown_sensory,vnc_sensory,SNxx,AbN3,L,abdomen,,,unknown,none,,not_leg:AbN3,high,rh,0.502,0.953,1345
936408,SNpp47,mechanosensory_proprioceptive,vnc_sensory,SNpp,MetaLN,L,chordotonal organ,,lh,proprio,cls,club,annotated,high,lh,0.568,0.588,15
936461,SNxx04,unknown_sensory,vnc_sensory,SNxx,AbN4,R,abdomen,,,unknown,none,,not_leg:AbN4,high,rh,0.457,0.633,119
936485,SNxx20,unknown_sensory,vnc_sensory,SNxx,AbN4,L,abdomen,,,unknown,none,,not_leg:AbN4,high,rh,0.571,0.926,409
936489,SNta43,mechanosensory_tactile,vnc_sensory,SNta,MetaLN,R,mechanosensory bristle,,rh,tactile,cls,,annotated,high,rh,0.556,0.619,92
936491,SNta38,mechanosensory_tactile,vnc_sensory,SNta,MetaLN,L,mechanosensory bristle,,lh,tactile,cls,,annotated,high,lh,0.794,0.928,316
936523,SNxx33,unknown_sensory,vnc_sensory,SNxx,MetaLN,L,leg,,lh,unknown,none,,annotated,high,lh,0.691,0.855,437
936524,SNch10,,vnc_sensory,SNch,MetaLN,L,taste bristle,,lh,chemo,type,,annotated,high,lh,0.64,0.804,58
936568,SNta44,mechanosensory_tactile,vnc_sensory,SNta,MetaLN,R,mechanosensory bristle,,rh,tactile,cls,,annotated,high,rh,0.814,0.855,369
936578,SNta29,mechanosensory_tactile,vnc_sensory,SNta,MetaLN,R,mechanosensory bristle,,rh,tactile,cls,,annotated,high,rh,0.799,0.843,520
936579,SNta29,mechanosensory_tactile,vnc_sensory,SNta,MetaLN,R,mechanosensory bristle,,rh,tactile,cls,,annotated,high,rh,0.876,0.901,226
936580,SNta29,mechanosensory_tactile,vnc_sensory,SNta,MetaLN,R,mechanosensory bristle,,rh,tactile,cls,,annotated,high,rh,0.852,0.888,278
936581,SNta26,mechanosensory_tactile,vnc_sensory,SNta,MetaLN,R,mechanosensory bristle,,rh,tactile,cls,,annotated,high,rh,0.903,0.933,444
936582,SNta21,mechanosensory_tactile,vnc_sensory,SNta,MetaLN,R,mechanosensory bristle,,rh,tactile,cls,,annotated,high,rh,0.927,0.955,559
936595,LgLG3,gustatory,vnc_sensory,LgLG,MetaLN,R,leg bristle,,rh,gustatory,cls,,annotated,high,rh,0.456,0.521,148
936612,SNta20,mechanosensory_tactile,vnc_sensory,SNta,MetaLN,L,mechanosensory bristle,,lh,tactile,cls,,annotated,high,lh,0.598,0.653,142
936625,SNch01,chemosensory,vnc_sensory,SNch,AbNT,R,abdomen,,,chemo,cls,,not_leg:AbNT,high,rh,0.4,0.661,1650
936687,SNta32,mechanosensory_tactile,vnc_sensory,SNta,MetaLN,L,mechanosensory bristle,,lh,tactile,cls,,annotated,high,lh,0.578,0.641,154
936713,SNch10,,vnc_sensory,SNch,MetaLN,L,taste bristle,,lh,chemo,type,,annotated,high,lh,0.643,0.8,98
936785,SNpp43,mechanosensory_proprioceptive,vnc_sensory,SNpp,MetaLN,L,chordotonal organ,,lh,proprio,cls,club,annotated,high,lh,0.738,0.8,280
937492,SNpp42,mechanosensory_proprioceptive,vnc_sensory,SNpp,MetaLN,L,chordotonal organ,,lh,proprio,cls,co_unclassified,annotated,high,lm,0.305,0.504,228
937496,SNta30,unknown_sensory,vnc_sensory,SNta,ProLN,L,mechanosensory bristle,,lf,tactile,type,,annotated,high,lf,0.511,0.521,36
937647,SNta18,mechanosensory_tactile,vnc_sensory,SNta,ADMN,L,mechanosensory bristle,,,tactile,cls,,not_leg:ADMN,high,rh,0.368,0.549,460
937664,SNta42,mechanosensory_tactile,vnc_sensory,SNta,MesoLN,L,mechanosensory bristle,,lm,tactile,cls,,annotated,high,lm,0.807,0.826,346
939462,SNpp50,mechanosensory_proprioceptive,vnc_sensory,SNpp,MetaLN,L,chordotonal organ,,lh,proprio,cls,claw_50,annotated,high,lh,0.851,0.959,448
939699,SNpp01,mechanosensory_proprioceptive,vnc_sensory,SNpp,AbN3,L,abdomen,,,proprio,cls,untyped,not_leg:AbN3,high,lh,0.347,0.423,181
939834,SNta21,mechanosensory_tactile,vnc_sensory,SNta,MetaLN,R,mechanosensory bristle,,rh,tactile,cls,,annotated,high,rh,0.919,0.962,216
940082,SNta37,mechanosensory_tactile,vnc_sensory,SNta,MesoLN,L,mechanosensory bristle,,lm,tactile,cls,,annotated,high,lm,0.904,0.927,187
941022,LgLG4,gustatory,vnc_sensory,LgLG,MesoLN,L,leg bristle,,lm,gustatory,cls,,annotated,high,lm,0.865,0.878,383
942680,SNpp60,mechanosensory_proprioceptive,vnc_sensory,SNpp,MetaLN,L,chordotonal organ,,lh,proprio,cls,club,annotated,high,lh,0.512,0.689,147
942732,SNpp52,mechanosensory_proprioceptive,vnc_sensory,SNpp,MesoLN,R,leg,,rm,proprio,cls,hair_plate_52,annotated,high,rm,0.826,0.844,1213
943313,SNxx03,unknown_sensory,vnc_sensory,SNxx,AbN3,L,abdomen,,,unknown,none,,not_leg:AbN3,high,lm,0.48,0.549,192
944319,SNta21,mechanosensory_tactile,vnc_sensory,SNta,ProLN,L,mechanosensory bristle,,lf,tactile,cls,,annotated,high,lf,0.954,0.963,133
944448,WG1,gustatory,vnc_sensory,WG,ADMN,L,wing bristle,,,gustatory,cls,,not_leg:ADMN,high,rm,0.252,0.449,283
945948,SNta04,mechanosensory_tactile,vnc_sensory,SNta,ADMN,L,mechanosensory bristle,,,tactile,cls,,not_leg:ADMN,high,lh,0.339,0.516,1300
945957,SNta37,mechanosensory_tactile,vnc_sensory,SNta,MetaLN,R,mechanosensory bristle,,rh,tactile,cls,,annotated,high,rh,0.785,0.845,440
946172,SNta04,mechanosensory_tactile,vnc_sensory,SNta,ADMN,L,mechanosensory bristle,,,tactile,cls,,not_leg:ADMN,high,lh,0.352,0.484,892
946174,SNpp12,mechanosensory_proprioceptive,vnc_sensory,SNpp,DMetaN,R,haltere,,,proprio,cls,untyped,not_leg:DMetaN,high,rh,0.63,0.762,2423
946177,SApp13,mechanosensory_proprioceptive,sensory_ascending,SApp,ADMN,R,campaniform sensilla,,,proprio,cls,campaniform,not_leg:ADMN,high,rh,0.319,0.559,507
946204,SNta38,mechanosensory_tactile,vnc_sensory,SNta,MesoLN,L,mechanosensory bristle,,lm,tactile,cls,,annotated,high,lm,0.894,0.922,446
946205,SNxx33,unknown_sensory,vnc_sensory,SNxx,MesoLN,L,leg,,lm,unknown,none,,annotated,high,lm,0.687,0.717,1025
946206,SNta38,mechanosensory_tactile,vnc_sensory,SNta,MesoLN,L,mechanosensory bristle,,lm,tactile,cls,,annotated,high,lm,0.826,0.864,338
946208,SNta37,mechanosensory_tactile,vnc_sensory,SNta,MetaLN,R,mechanosensory bristle,,rh,tactile,cls,,annotated,high,rh,0.814,0.846,198
946313,SNppxx,mechanosensory_proprioceptive,vnc_sensory,SNppxx,MetaLN,L,leg,,lh,proprio,cls,untyped,annotated,high,lh,0.742,0.913,1027
946314,SNta31,mechanosensory_tactile,vnc_sensory,SNta,MetaLN,R,mechanosensory bristle,,rh,tactile,cls,,annotated,high,rh,0.544,0.621,372
118074272,SApp,mechanosensory_proprioceptive,sensory_ascending,SApp,DMetaN,R,haltere,,,proprio,cls,untyped,not_leg:DMetaN,high,lh,0.522,0.597,104
129575132,SApp,mechanosensory_proprioceptive,sensory_ascending,SApp,DMetaN,L,haltere,,,proprio,cls,untyped,not_leg:DMetaN,high,rh,0.318,0.587,200
140573562,SApp10,mechanosensory_proprioceptive,sensory_ascending,SApp,ADMN,L,campaniform sensilla,,,proprio,cls,campaniform,not_leg:ADMN,high,lh,0.342,0.665,638
165036608,SApp,mechanosensory_proprioceptive,sensory_ascending,SApp,DMetaN,R,haltere,,,proprio,cls,untyped,not_leg:DMetaN,high,lf,0.279,0.449,63
175249442,SApp,mechanosensory_proprioceptive,sensory_ascending,SApp,DMetaN,L,haltere,,,proprio,cls,untyped,not_leg:DMetaN,high,lh,0.454,0.771,164
303754631,SApp,mechanosensory_proprioceptive,sensory_ascending,SApp,DMetaN,L,haltere,,,proprio,cls,untyped,not_leg:DMetaN,high,rh,0.342,0.585,250
319464846,SApp,mechanosensory_proprioceptive,sensory_ascending,SApp,DMetaN,L,haltere,,,proprio,cls,untyped,not_leg:DMetaN,high,rh,0.317,0.565,135
344330055,SApp01,mechanosensory_proprioceptive,sensory_ascending,SApp,DMetaN,L,campaniform sensilla,,,proprio,cls,campaniform,not_leg:DMetaN,high,lh,0.606,0.821,160
442398895,SApp,mechanosensory_proprioceptive,sensory_ascending,SApp,DMetaN,R,haltere,,,proprio,cls,untyped,not_leg:DMetaN,high,lh,0.42,0.48,92
565883073,SApp,mechanosensory_proprioceptive,sensory_ascending,SApp,DMetaN,R,haltere,,,proprio,cls,untyped,not_leg:DMetaN,high,lh,0.319,0.541,114
581519998,SApp01,mechanosensory_proprioceptive,sensory_ascending,SApp,DMetaN,L,campaniform sensilla,,,proprio,cls,campaniform,not_leg:DMetaN,high,rh,0.323,0.633,190
721595680,SApp01,mechanosensory_proprioceptive,sensory_ascending,SApp,DMetaN,R,campaniform sensilla,,,proprio,cls,campaniform,not_leg:DMetaN,high,rm,0.322,0.516,107
759238041,SApp,mechanosensory_proprioceptive,sensory_ascending,SApp,DMetaN,L,haltere,,,proprio,cls,untyped,not_leg:DMetaN,high,rh,0.392,0.539,192
835497339,SApp,mechanosensory_proprioceptive,sensory_ascending,SApp,DMetaN,R,haltere,,,proprio,cls,untyped,not_leg:DMetaN,high,lh,0.299,0.495,84
909527113,SAxx01,unknown_sensory,sensory_ascending,SAxx,AbN3,L,abdomen,,,unknown,none,,not_leg:AbN3,high,lh,0.406,0.687,269
1020257299,SApp,mechanosensory_proprioceptive,sensory_ascending,SApp,DMetaN,R,haltere,,,proprio,cls,untyped,not_leg:DMetaN,high,lh,0.394,0.649,79
1050128334,SNta29,unknown_sensory,vnc_sensory,SNta,ProLN,R,mechanosensory bristle,,rf,tactile,type,,annotated,high,rf,0.906,0.95,19
1050145590,SNpp53,mechanosensory_proprioceptive,vnc_sensory,SNpp,MesoLN,R,campaniform sensilla,,rm,proprio,cls,campaniform,annotated,medium,lf,0.693,0.834,170
1050190015,LgLG4,gustatory,vnc_sensory,LgLG,ProLN,R,leg bristle,,rf,gustatory,cls,,annotated,high,,0.0,0.0,0
1050198989,SNta37,mechanosensory_tactile,vnc_sensory,SNta,MetaLN,R,mechanosensory bristle,,rh,tactile,cls,,annotated,high,rh,0.799,0.83,168
1050206135,SNpp53,mechanosensory_proprioceptive,vnc_sensory,SNpp,,unknown,campaniform sensilla,,lh,proprio,cls,campaniform,inferred,medium,lh,0.589,0.881,71
1050213678,SNch01,chemosensory,vnc_sensory,SNch,AbN2,L,abdomen,,,chemo,cls,,not_leg:AbN2,high,rh,0.381,0.745,1176
1050229344,SNta44,mechanosensory_tactile,vnc_sensory,SNta,MetaLN,L,mechanosensory bristle,,lh,tactile,cls,,annotated,high,lh,0.924,0.937,41
1050291528,LgLG6,gustatory,vnc_sensory,LgLG,ProLN,L,leg bristle,,lf,gustatory,cls,,annotated,high,lf,0.511,0.512,251
1050291683,LgLG4,gustatory,vnc_sensory,LgLG,MetaLN,L,leg bristle,,lh,gustatory,cls,,annotated,high,lh,0.844,0.88,163
1050313168,SNxxxx,unknown_sensory,vnc_sensory,SNxxxx,ProLN,R,leg,,rf,unknown,none,,annotated,high,,0.0,0.0,0
1050413944,SNpp53,mechanosensory_proprioceptive,vnc_sensory,SNpp,MesoLN,L,campaniform sensilla,,lm,proprio,cls,campaniform,annotated,medium,lf,0.789,0.909,106
1050416167,SNta40,unknown_sensory,vnc_sensory,SNta,ProLN,R,mechanosensory bristle,,rf,tactile,type,,annotated,high,,0.0,0.0,0
1050496206,SNpp52,mechanosensory_proprioceptive,vnc_sensory,SNpp,MesoLN,L,hair plate,,lm,proprio,cls,hair_plate_52,annotated,high,lm,0.91,0.911,300
1050515057,LgLG3,gustatory,vnc_sensory,LgLG,ProLN,L,leg bristle,,lf,gustatory,cls,,annotated,medium,lm,0.409,0.533,32
1050563064,SNxxxx,unknown_sensory,vnc_sensory,SNxxxx,ProLN,R,leg,,rf,unknown,none,,annotated,high,,0.0,0.0,0
1050731280,LgLG2,gustatory,vnc_sensory,LgLG,MesoLN,L,leg bristle,,lm,gustatory,cls,,annotated,medium,rm,0.572,0.659,24
1050786848,LgLG2,gustatory,vnc_sensory,LgLG,ProLN,R,leg bristle,,rf,gustatory,cls,,annotated,high,,0.0,0.0,0
1050796404,SNxxxx,unknown_sensory,vnc_sensory,SNxxxx,ProLN,R,leg,,rf,unknown,none,,annotated,high,,0.0,0.0,0
1050866915,SNta21,mechanosensory_tactile,vnc_sensory,SNta,ProLN,R,mechanosensory bristle,,rf,tactile,cls,,annotated,high,,0.0,0.0,0
1050880668,SNxxxx,unknown_sensory,vnc_sensory,SNxxxx,ProLN,L,leg,,lf,unknown,none,,annotated,high,lf,0.826,0.84,21
1050931796,SNta29,mechanosensory_tactile,vnc_sensory,SNta,ProLN,L,mechanosensory bristle,,lf,tactile,cls,,annotated,high,lf,0.83,0.924,85
1051168067,SNta30,mechanosensory_tactile,vnc_sensory,SNta,ProLN,R,mechanosensory bristle,,rf,tactile,cls,,annotated,high,rf,0.435,0.515,41
1051322933,SNxx33,unknown_sensory,vnc_sensory,SNxx,MetaLN,L,leg,,lh,unknown,none,,annotated,high,lh,0.691,0.808,334
1051642277,SNxxxx,gustatory,vnc_sensory,SNxxxx,ProLN,L,leg bristle,,lf,gustatory,cls,,annotated,high,,0.0,0.0,7
1051686755,SNxxxx,unknown_sensory,vnc_sensory,SNxxxx,ProLN,L,leg,,lf,unknown,none,,annotated,high,,0.0,0.0,0
1051853325,LgLG7,gustatory,vnc_sensory,LgLG,ProLN,R,leg bristle,,rf,gustatory,cls,,annotated,medium,lf,0.707,0.926,51
1051920571,SNpp52,mechanosensory_proprioceptive,vnc_sensory,SNpp,MesoLN,R,leg,,rm,proprio,cls,hair_plate_52,annotated,high,rm,0.693,0.713,301
1052108723,SNta30,unknown_sensory,vnc_sensory,SNta,ProLN,R,mechanosensory bristle,,rf,tactile,type,,annotated,high,,0.0,0.0,0
1052197204,SNta29,unknown_sensory,vnc_sensory,SNta,ProLN,L,mechanosensory bristle,,lf,tactile,type,,annotated,high,,0.0,0.0,0
1052255101,SNxxxx,unknown_sensory,vnc_sensory,SNxxxx,ProLN,R,leg,,rf,unknown,none,,annotated,high,,0.0,0.0,0
1052290937,SNpp57,mechanosensory_proprioceptive,vnc_sensory,SNpp,MesoLN,L,chordotonal organ,,lm,proprio,cls,club,annotated,high,,0.0,0.0,0
1052308919,SNta29,unknown_sensory,vnc_sensory,SNta,ProLN,L,mechanosensory bristle,,lf,tactile,type,,annotated,high,lf,0.923,0.963,7
1052500762,SNta43,mechanosensory_tactile,vnc_sensory,SNta,MetaLN,L,mechanosensory bristle,,lh,tactile,cls,,annotated,high,lh,0.538,0.691,47
1052878433,SNxxxx,unknown_sensory,vnc_sensory,SNxxxx,ProLN,R,leg,,rf,unknown,none,,annotated,high,,0.0,0.0,0
1053078286,SNxxxx,gustatory,vnc_sensory,SNxxxx,ProLN,R,leg bristle,,rf,gustatory,cls,,annotated,high,,0.0,0.0,0
1053125857,SNta20,mechanosensory_tactile,vnc_sensory,SNta,MetaLN,L,mechanosensory bristle,,lh,tactile,cls,,annotated,high,lh,0.607,0.663,79
1053251763,LgLG1b,gustatory,vnc_sensory,LgLG,MesoLN,R,leg bristle,,rm,gustatory,cls,,annotated,high,rm,0.515,0.621,84
1053563856,SNpp50,mechanosensory_proprioceptive,vnc_sensory,SNpp,MesoLN,L,chordotonal organ,,lm,proprio,cls,claw_50,annotated,high,lm,0.782,0.906,184
1053591873,SNta21,unknown_sensory,vnc_sensory,SNta,ProLN,R,mechanosensory bristle,,rf,tactile,type,,annotated,high,,0.0,0.0,0
1053658959,LgLG2,gustatory,vnc_sensory,LgLG,ProLN,L,leg bristle,,lf,gustatory,cls,,annotated,high,lf,0.358,0.401,101
1053771480,LgLG7,gustatory,vnc_sensory,LgLG,ProLN,L,leg bristle,,lf,gustatory,cls,,annotated,high,lf,0.856,0.923,5
1053952804,SNxxxx,unknown_sensory,vnc_sensory,SNxxxx,ProLN,L,leg,,lf,unknown,none,,annotated,high,,0.0,0.0,0
1054086974,LgLG3,gustatory,vnc_sensory,LgLG,MetaLN,R,leg bristle,,rh,gustatory,cls,,annotated,high,rh,0.483,0.553,227
1054141060,SNta41,unknown_sensory,vnc_sensory,SNta,ProLN,L,mechanosensory bristle,,lf,tactile,type,,annotated,high,,0.0,0.0,0
1054482859,SNxx20,unknown_sensory,vnc_sensory,SNxx,AbN3,L,abdomen,,,unknown,none,,not_leg:AbN3,high,lh,0.487,0.941,204
1054652803,LgLG2,gustatory,vnc_sensory,LgLG,ProLN,R,leg bristle,,rf,gustatory,cls,,annotated,high,lm,0.243,0.473,6
1055052133,SNpp45,mechanosensory_proprioceptive,vnc_sensory,SNpp,MetaLN,R,hair plate,,rh,proprio,cls,hair_plate_45,annotated,high,rh,0.851,0.933,252
1055089765,SNta37,mechanosensory_tactile,vnc_sensory,SNta,MesoLN,R,leg,,rm,tactile,cls,,annotated,high,rm,0.582,0.644,48
1055139746,SNta29,unknown_sensory,vnc_sensory,SNta,MetaLN,L,mechanosensory bristle,,lh,tactile,type,,annotated,high,lh,0.688,0.691,17
1055491165,SNpp53,mechanosensory_proprioceptive,vnc_sensory,SNpp,MesoLN,L,campaniform sensilla,,lm,proprio,cls,campaniform,annotated,high,rh,0.368,0.59,207
1055738183,SNppxx,mechanosensory_proprioceptive,vnc_sensory,SNppxx,MesoLN,L,leg,,lm,proprio,cls,untyped,annotated,high,lm,0.909,0.921,305
1056014752,SNpp52,mechanosensory_proprioceptive,vnc_sensory,SNpp,MesoLN,L,leg,,lm,proprio,cls,hair_plate_52,annotated,high,lm,0.919,0.919,246
1056119318,SNpp52,mechanosensory_proprioceptive,vnc_sensory,SNpp,MetaLN,R,leg,,rh,proprio,cls,hair_plate_52,annotated,high,rh,0.581,0.984,17
1056290909,SNxxxx,unknown_sensory,vnc_sensory,SNxxxx,ProLN,R,leg,,rf,unknown,none,,annotated,high,,0.0,0.0,0
1056561841,SNppxx,mechanosensory_proprioceptive,vnc_sensory,SNppxx,MetaLN,R,leg,,rh,proprio,cls,untyped,annotated,high,rh,0.958,0.989,712
1057259602,SNta29,mechanosensory_tactile,vnc_sensory,SNta,MetaLN,L,mechanosensory bristle,,lh,tactile,cls,,annotated,high,lh,0.782,0.856,175
1057442452,LgLG4,gustatory,vnc_sensory,LgLG,ProLN,L,leg bristle,,lf,gustatory,cls,,annotated,high,,0.0,0.0,0
1058082355,LgLG3,gustatory,vnc_sensory,LgLG,MetaLN,L,leg bristle,,lh,gustatory,cls,,annotated,high,lh,0.429,0.463,23
1058174678,SNpp55,mechanosensory_proprioceptive,vnc_sensory,SNpp,MetaLN,L,leg,,lh,proprio,cls,untyped,annotated,high,lh,0.374,0.634,249
1058211932,LgLG1a,gustatory,vnc_sensory,LgLG,MetaLN,L,leg bristle,,lh,gustatory,cls,,annotated,high,lh,0.317,0.439,668
1058243944,LgLG2,gustatory,vnc_sensory,LgLG,ProLN,R,leg bristle,,rf,gustatory,cls,,annotated,high,rm,0.298,0.448,46
1058841949,SNpp50,mechanosensory_proprioceptive,vnc_sensory,SNpp,MetaLN,L,chordotonal organ,,lh,proprio,cls,claw_50,annotated,high,lh,0.885,0.928,53
1058881154,SNpp52,mechanosensory_proprioceptive,vnc_sensory,SNpp,MetaLN,R,leg,,rh,proprio,cls,hair_plate_52,annotated,high,rh,0.878,0.903,59
1059968252,LgLG2,gustatory,vnc_sensory,LgLG,ProLN,L,leg bristle,,lf,gustatory,cls,,annotated,medium,rm,0.447,0.576,54
1060266212,LgLG1a,gustatory,vnc_sensory,LgLG,MetaLN,L,leg bristle,,lh,gustatory,cls,,annotated,high,lh,0.353,0.451,494
1060436908,LgLG2,gustatory,vnc_sensory,LgLG,ProLN,L,leg bristle,,lf,gustatory,cls,,annotated,high,rm,0.395,0.559,28
1060484465,SNpp18,mechanosensory_proprioceptive,vnc_sensory,SNpp,ProCN,R,chordotonal organ,"LCN, Gorko Nature 2024",,proprio,cls,co_unclassified,not_leg:ProCN,high,lm,0.244,0.422,434
1060570389,SNpp18,mechanosensory_proprioceptive,vnc_sensory,SNpp,ProCN,L,chordotonal organ,"LCN, Gorko Nature 2024",,proprio,cls,co_unclassified,not_leg:ProCN,high,lm,0.298,0.468,403
1061030026,SNpp53,mechanosensory_proprioceptive,vnc_sensory,SNpp,ProLN,L,campaniform sensilla,,lf,proprio,cls,campaniform,annotated,high,,0.0,0.0,0
1061389617,SNta34,mechanosensory_tactile,vnc_sensory,SNta,MetaLN,R,mechanosensory bristle,,rh,tactile,cls,,annotated,high,rh,0.596,0.674,140
1061501467,SNpp51,mechanosensory_proprioceptive,vnc_sensory,SNpp,MesoLN,L,chordotonal organ,,lm,proprio,cls,claw_51,annotated,high,lm,0.935,0.947,148
1061606088,LgLG3,gustatory,vnc_sensory,LgLG,MetaLN,L,leg bristle,,lh,gustatory,cls,,annotated,high,lm,0.359,0.513,65
1062512192,SNpp53,mechanosensory_proprioceptive,vnc_sensory,SNpp,MetaLN,R,campaniform sensilla,,rh,proprio,cls,campaniform,annotated,high,rh,0.28,0.528,478
1063126793,LgLG2,gustatory,vnc_sensory,LgLG,MetaLN,L,leg bristle,,lh,gustatory,cls,,annotated,high,rh,0.269,0.503,18
1063757754,SNta29,mechanosensory_tactile,vnc_sensory,SNta,MetaLN,L,mechanosensory bristle,,lh,tactile,cls,,annotated,high,lh,0.705,0.765,96
1064464421,SNta20,mechanosensory_tactile,vnc_sensory,SNta,ProLN,R,mechanosensory bristle,,rf,tactile,cls,,annotated,high,,0.0,0.0,0
1064623201,SNta36,mechanosensory_tactile,vnc_sensory,SNta,MetaLN,L,mechanosensory bristle,,lh,tactile,cls,,annotated,high,lh,0.559,0.626,316
1064653834,LgLG2,gustatory,vnc_sensory,LgLG,MetaLN,L,leg bristle,,lh,gustatory,cls,,annotated,high,lh,0.246,0.419,115
1064786432,LgLG7,gustatory,vnc_sensory,LgLG,ProLN,L,leg bristle,,lf,gustatory,cls,,annotated,high,lf,0.659,0.743,52
1064876188,SNta28,mechanosensory_tactile,vnc_sensory,SNta,MetaLN,L,mechanosensory bristle,,lh,tactile,cls,,annotated,high,lh,0.799,0.853,213
1065618685,SNpp47,mechanosensory_proprioceptive,vnc_sensory,SNpp,MesoLN,R,chordotonal organ,,rm,proprio,cls,club,annotated,high,rm,0.64,0.778,51
1066208706,LgLG3,gustatory,vnc_sensory,LgLG,ProLN,L,leg bristle,,lf,gustatory,cls,,annotated,high,lf,0.319,0.365,50
1066271676,LgLG1a,gustatory,vnc_sensory,LgLG,MetaLN,R,leg bristle,,rh,gustatory,cls,,annotated,high,rh,0.336,0.487,473
1066481166,SNpp44,mechanosensory_proprioceptive,vnc_sensory,SNpp,MetaLN,L,chordotonal organ,,lh,proprio,cls,co_unclassified,annotated,high,lh,0.562,0.774,144
1066525578,SNxxxx,gustatory,vnc_sensory,SNxxxx,ProLN,R,leg bristle,,rf,gustatory,cls,,annotated,high,,0.0,0.0,0
1066778249,SNta29,mechanosensory_tactile,vnc_sensory,SNta,ProLN,L,mechanosensory bristle,,lf,tactile,cls,,annotated,high,lf,0.627,0.647,40
1068978878,SNxxxx,unknown_sensory,vnc_sensory,SNxxxx,ProLN,L,leg,,lf,unknown,none,,annotated,high,,0.0,0.0,0
1069765108,SNxx22,unknown_sensory,vnc_sensory,SNxx,AbN2,R,abdomen,,,unknown,none,,not_leg:AbN2,high,rh,0.492,0.625,222
1070727397,SNxxxx,unknown_sensory,vnc_sensory,SNxxxx,MetaLN,L,leg,,lh,unknown,none,,annotated,high,lh,0.815,0.853,95
1071635070,SNpp45,mechanosensory_proprioceptive,vnc_sensory,SNpp,MetaLN,R,hair plate,,rh,proprio,cls,hair_plate_45,annotated,high,rh,0.808,0.943,351
1071789182,SNta21,mechanosensory_tactile,vnc_sensory,SNta,MesoLN,L,mechanosensory bristle,,lm,tactile,cls,,annotated,high,lm,0.872,0.903,555
1073128028,SNta40,mechanosensory_tactile,vnc_sensory,SNta,ProLN,L,mechanosensory bristle,,lf,tactile,cls,,annotated,high,lf,0.693,0.712,47
1073191946,SNxxxx,unknown_sensory,vnc_sensory,SNxxxx,ProLN,L,leg,,lf,unknown,none,,annotated,high,,0.0,0.0,0
1073526879,SNta19,mechanosensory_tactile,vnc_sensory,SNta,ProLN,R,mechanosensory bristle,,rf,tactile,cls,,annotated,high,,0.0,0.0,0
1074160161,SNpp45,mechanosensory_proprioceptive,vnc_sensory,SNpp,MetaLN,L,hair plate,,lh,proprio,cls,hair_plate_45,annotated,high,lh,0.925,0.948,223
1074529113,SNxxxx,unknown_sensory,vnc_sensory,SNxxxx,ProLN,R,leg,,rf,unknown,none,,annotated,high,rf,0.896,0.957,7
1076768749,SNta20,mechanosensory_tactile,vnc_sensory,SNta,MetaLN,R,mechanosensory bristle,,rh,tactile,cls,,annotated,high,rh,0.649,0.705,244
1077651596,LgLG1b,gustatory,vnc_sensory,LgLG,MetaLN,R,leg bristle,,rh,gustatory,cls,,annotated,high,rh,0.343,0.461,323
1078099767,SNpp53,mechanosensory_proprioceptive,vnc_sensory,SNpp,ProLN,R,campaniform sensilla,,rf,proprio,cls,campaniform,annotated,medium,lf,0.868,0.893,60
1078333410,SNta37,mechanosensory_tactile,vnc_sensory,SNta,MetaLN,R,mechanosensory bristle,,rh,tactile,cls,,annotated,high,rh,0.624,0.678,193
1079026313,LgLG1a,gustatory,vnc_sensory,LgLG,MesoLN,R,leg bristle,,rm,gustatory,cls,,annotated,high,rm,0.484,0.615,228
1079514751,SNta29,mechanosensory_tactile,vnc_sensory,SNta,MesoLN,R,mechanosensory bristle,,rm,tactile,cls,,annotated,high,rm,0.836,0.858,159
1080143470,LgLG1a,gustatory,vnc_sensory,LgLG,MetaLN,L,leg bristle,,lh,gustatory,cls,,annotated,high,lh,0.45,0.53,52
1082561516,LgLG7,gustatory,vnc_sensory,LgLG,ProLN,L,leg bristle,,lf,gustatory,cls,,annotated,high,lf,0.663,0.781,11
1083604933,SNpp45,mechanosensory_proprioceptive,vnc_sensory,SNpp,MesoLN,L,hair plate,,lm,proprio,cls,hair_plate_45,annotated,high,lm,0.922,0.94,228
1085548045,SNpp56,mechanosensory_proprioceptive,vnc_sensory,SNpp,MesoLN,L,leg,,lm,proprio,cls,club,annotated,high,lh,0.333,0.527,241
1085870101,SNta20,mechanosensory_tactile,vnc_sensory,SNta,ProLN,L,mechanosensory bristle,,lf,tactile,cls,,annotated,high,lf,0.923,0.963,7
1086968590,SNxx22,unknown_sensory,vnc_sensory,SNxx,AbN2,L,abdomen,,,unknown,none,,not_leg:AbN2,high,lh,0.348,0.507,159
1088357292,LgLG2,gustatory,vnc_sensory,LgLG,MetaLN,L,leg bristle,,lh,gustatory,cls,,annotated,high,rm,0.292,0.463,32
1088491057,SNta30,mechanosensory_tactile,vnc_sensory,SNta,ProLN,R,mechanosensory bristle,,rf,tactile,cls,,annotated,high,rf,0.467,0.526,36
1089092673,SNch05,gustatory,vnc_sensory,SNch,MetaLN,L,leg bristle,,lh,gustatory,cls,,annotated,high,lh,0.376,0.461,84
1089996769,SNch10,chemosensory,vnc_sensory,SNch,ProLN,L,leg,,lf,chemo,cls,,annotated,high,lf,0.511,0.541,25
1097885881,SNxxxx,unknown_sensory,vnc_sensory,SNxxxx,ProLN,R,leg,,rf,unknown,none,,annotated,high,,0.0,0.0,0
1101500902,LgLG6,gustatory,vnc_sensory,LgLG,ProLN,L,leg bristle,,lf,gustatory,cls,,annotated,high,,0.0,0.0,0
1102491804,SNxxxx,unknown_sensory,vnc_sensory,SNxxxx,ProLN,L,leg,,lf,unknown,none,,annotated,high,,0.0,0.0,0
1102730313,SNta27,mechanosensory_tactile,vnc_sensory,SNta,MesoLN,R,leg,,rm,tactile,cls,,annotated,high,rm,0.878,0.925,157
1108992347,SNta30,unknown_sensory,vnc_sensory,SNta,ProLN,L,mechanosensory bristle,,lf,tactile,type,,annotated,high,lf,0.811,0.824,17
1110657871,SNch05,gustatory,vnc_sensory,SNch,MesoLN,R,leg bristle,,rm,gustatory,cls,,annotated,high,rm,0.458,0.58,36
1110706007,SNpp45,mechanosensory_proprioceptive,vnc_sensory,SNpp,VProN,L,hair plate,,lf,proprio,cls,hair_plate_45,annotated,medium,lf,0.929,0.968,1223
1115836524,LgLG3,gustatory,vnc_sensory,LgLG,ProLN,L,leg bristle,,lf,gustatory,cls,,annotated,high,lf,0.347,0.399,69
1115917976,SNta29,mechanosensory_tactile,vnc_sensory,SNta,MetaLN,L,mechanosensory bristle,,lh,tactile,cls,,annotated,high,lh,0.744,0.78,54
1127183799,SNta20,mechanosensory_tactile,vnc_sensory,SNta,ProLN,R,mechanosensory bristle,,rf,tactile,cls,,annotated,high,rf,0.896,0.957,9
1135668368,SNxxxx,gustatory,vnc_sensory,SNxxxx,ProLN,L,leg bristle,,lf,gustatory,cls,,annotated,medium,lm,0.438,0.478,5
1152491502,SNxxxx,gustatory,vnc_sensory,SNxxxx,ProLN,L,leg bristle,,lf,gustatory,cls,,annotated,high,lf,1.0,1.0,12
1155010907,LgLG7,gustatory,vnc_sensory,LgLG,ProLN,R,leg bristle,,rf,gustatory,cls,,annotated,high,rf,0.384,0.717,36
1177500143,SNpp52,mechanosensory_proprioceptive,vnc_sensory,SNpp,MetaLN,L,hair plate,,lh,proprio,cls,hair_plate_52,annotated,high,lh,0.869,0.887,128
1208726319,SNxxxx,unknown_sensory,vnc_sensory,SNxxxx,ProLN,R,leg,,rf,unknown,none,,annotated,high,,0.0,0.0,0
1210412951,SNta23,mechanosensory_tactile,vnc_sensory,SNta,MetaLN,L,mechanosensory bristle,,lh,tactile,cls,,annotated,medium,lm,0.425,0.488,65
1210579126,LgLG3,gustatory,vnc_sensory,LgLG,ProLN,L,leg bristle,,lf,gustatory,cls,,annotated,high,lf,0.547,0.572,52
1242820407,SNta29,mechanosensory_tactile,vnc_sensory,SNta,MesoLN,R,mechanosensory bristle,,rm,tactile,cls,,annotated,high,rm,0.807,0.812,97
1255339972,SNta42,unknown_sensory,vnc_sensory,SNta,ProLN,L,mechanosensory bristle,,lf,tactile,type,,annotated,high,lf,0.794,0.802,57
1270395371,SNxxxx,unknown_sensory,vnc_sensory,SNxxxx,MetaLN,L,leg,,lh,unknown,none,,annotated,high,lh,0.374,0.419,10
1273331360,SNxx22,unknown_sensory,vnc_sensory,SNxx,AbN2,L,abdomen,,,unknown,none,,not_leg:AbN2,high,lh,0.36,0.587,150
1310068700,SNpp45,mechanosensory_proprioceptive,vnc_sensory,SNpp,VProN,R,hair plate,,rf,proprio,cls,hair_plate_45,annotated,medium,rf,0.895,0.942,317
1323625268,SNpp45,mechanosensory_proprioceptive,vnc_sensory,SNpp,VProN,R,hair plate,,rf,proprio,cls,hair_plate_45,annotated,medium,rf,0.857,0.916,280
1338931584,LgLG4,gustatory,vnc_sensory,LgLG,MesoLN,L,leg bristle,,lm,gustatory,cls,,annotated,high,lm,0.93,0.93,101
1349927540,SNxx33,unknown_sensory,vnc_sensory,SNxx,MesoLN,L,leg,,lm,unknown,none,,annotated,high,lm,0.957,0.96,30
1387178136,SNpp45,mechanosensory_proprioceptive,vnc_sensory,SNpp,MesoLN,L,hair plate,,lm,proprio,cls,hair_plate_45,annotated,high,,0.0,0.0,0
1399810824,SNta34,mechanosensory_tactile,vnc_sensory,SNta,MetaLN,L,mechanosensory bristle,,lh,tactile,cls,,annotated,high,lh,0.584,0.68,69
1434599043,SNta31,mechanosensory_tactile,vnc_sensory,SNta,MetaLN,R,mechanosensory bristle,,rh,tactile,cls,,annotated,medium,rm,0.495,0.53,5
1471062202,SNpp45,mechanosensory_proprioceptive,vnc_sensory,SNpp,MesoLN,R,hair plate,,rm,proprio,cls,hair_plate_45,annotated,medium,lm,0.816,0.836,67
